customer_id,persona,home_district,primary_device_id,device_age_days,baseline_balance,mean_amount,amount_std,source
cust_00001,rural_retail,Gazipur,dev_cust_00001,144,1762.61,1800,1200,synthetic
cust_00002,small_merchant,Comilla,dev_cust_00002,280,33972.91,1200,1500,synthetic
cust_00003,salaried,Rajshahi,dev_cust_00003,722,47033.39,4200,3500,synthetic
cust_00004,salaried,Noakhali,dev_cust_00004,119,39524.63,4200,3500,synthetic
cust_00005,student,Chittagong,dev_cust_00005,60,781.09,450,300,synthetic
cust_00006,student,Mymensingh,dev_cust_00006,547,2306.06,450,300,synthetic
cust_00007,student,Noakhali,dev_cust_00007,233,2648.06,450,300,synthetic
cust_00008,elderly,Brahmanbaria,dev_cust_00008,588,6873.28,2500,1800,synthetic
cust_00009,salaried,Tangail,dev_cust_00009,633,23909.54,4200,3500,synthetic
cust_00010,salaried,Dhaka,dev_cust_00010,193,44906.97,4200,3500,synthetic
cust_00011,student,Jessore,dev_cust_00011,314,966.44,450,300,synthetic
cust_00012,small_merchant,Jessore,dev_cust_00012,134,22883.4,1200,1500,synthetic
cust_00013,elderly,Rajshahi,dev_cust_00013,397,12864.92,2500,1800,synthetic
cust_00014,student,Cox's Bazar,dev_cust_00014,300,2921.38,450,300,synthetic
cust_00015,student,Tangail,dev_cust_00015,579,874.48,450,300,synthetic
cust_00016,student,Kushtia,dev_cust_00016,110,2156.12,450,300,synthetic
cust_00017,rural_retail,Gazipur,dev_cust_00017,663,10797.24,1800,1200,synthetic
cust_00018,rural_retail,Dinajpur,dev_cust_00018,621,3519.03,1800,1200,synthetic
cust_00019,rural_retail,Sylhet,dev_cust_00019,76,8443.26,1800,1200,synthetic
cust_00020,rural_retail,Bogra,dev_cust_00020,111,10480.84,1800,1200,synthetic
cust_00021,salaried,Rajshahi,dev_cust_00021,419,23898.68,4200,3500,synthetic
cust_00022,student,Gazipur,dev_cust_00022,403,987.96,450,300,synthetic
cust_00023,rural_retail,Dinajpur,dev_cust_00023,244,8536.84,1800,1200,synthetic
cust_00024,rural_retail,Brahmanbaria,dev_cust_00024,729,8304.37,1800,1200,synthetic
cust_00025,rural_retail,Cox's Bazar,dev_cust_00025,680,3296.96,1800,1200,synthetic
cust_00026,salaried,Mymensingh,dev_cust_00026,197,33113.01,4200,3500,synthetic
cust_00027,student,Comilla,dev_cust_00027,685,2564.49,450,300,synthetic
cust_00028,rural_retail,Mymensingh,dev_cust_00028,731,4904.97,1800,1200,synthetic
cust_00029,salaried,Chittagong,dev_cust_00029,264,51090.13,4200,3500,synthetic
cust_00030,student,Jessore,dev_cust_00030,440,1303.22,450,300,synthetic
cust_00031,salaried,Rangpur,dev_cust_00031,610,53818.38,4200,3500,synthetic
cust_00032,student,Jessore,dev_cust_00032,247,2466.32,450,300,synthetic
cust_00033,student,Kushtia,dev_cust_00033,688,1876.56,450,300,synthetic
cust_00034,small_merchant,Comilla,dev_cust_00034,172,35963.34,1200,1500,synthetic
cust_00035,small_merchant,Noakhali,dev_cust_00035,581,37333.04,1200,1500,synthetic
cust_00036,elderly,Feni,dev_cust_00036,468,13569.52,2500,1800,synthetic
cust_00037,rural_retail,Kushtia,dev_cust_00037,400,3802.87,1800,1200,synthetic
cust_00038,student,Khulna,dev_cust_00038,551,1980.55,450,300,synthetic
cust_00039,salaried,Chittagong,dev_cust_00039,142,17642.07,4200,3500,synthetic
cust_00040,rural_retail,Barisal,dev_cust_00040,726,5932.68,1800,1200,synthetic
cust_00041,student,Sylhet,dev_cust_00041,424,1644.86,450,300,synthetic
cust_00042,rural_retail,Tangail,dev_cust_00042,571,4139.85,1800,1200,synthetic
cust_00043,student,Noakhali,dev_cust_00043,41,2540.85,450,300,synthetic
cust_00044,small_merchant,Rajshahi,dev_cust_00044,728,90207.02,1200,1500,synthetic
cust_00045,rural_retail,Comilla,dev_cust_00045,686,5071.84,1800,1200,synthetic
cust_00046,salaried,Bogra,dev_cust_00046,475,17907.89,4200,3500,synthetic
cust_00047,rural_retail,Dhaka,dev_cust_00047,299,11704.83,1800,1200,synthetic
cust_00048,rural_retail,Barisal,dev_cust_00048,549,11082.59,1800,1200,synthetic
cust_00049,rural_retail,Gazipur,dev_cust_00049,335,10337.53,1800,1200,synthetic
cust_00050,student,Jamalpur,dev_cust_00050,653,1096.73,450,300,synthetic
cust_00051,small_merchant,Dinajpur,dev_cust_00051,195,60847.22,1200,1500,synthetic
cust_00052,salaried,Jamalpur,dev_cust_00052,30,39947.23,4200,3500,synthetic
cust_00053,small_merchant,Faridpur,dev_cust_00053,49,24508.76,1200,1500,synthetic
cust_00054,elderly,Dinajpur,dev_cust_00054,344,4352.33,2500,1800,synthetic
cust_00055,salaried,Mymensingh,dev_cust_00055,610,57347.47,4200,3500,synthetic
cust_00056,small_merchant,Sylhet,dev_cust_00056,527,84361.98,1200,1500,synthetic
cust_00057,student,Noakhali,dev_cust_00057,158,885.17,450,300,synthetic
cust_00058,student,Faridpur,dev_cust_00058,592,995.38,450,300,synthetic
cust_00059,student,Jamalpur,dev_cust_00059,651,1769.41,450,300,synthetic
cust_00060,rural_retail,Rangpur,dev_cust_00060,582,9430.28,1800,1200,synthetic
cust_00061,rural_retail,Brahmanbaria,dev_cust_00061,235,8985.96,1800,1200,synthetic
cust_00062,rural_retail,Kushtia,dev_cust_00062,717,8323.72,1800,1200,synthetic
cust_00063,elderly,Tangail,dev_cust_00063,559,7320.81,2500,1800,synthetic
cust_00064,rural_retail,Mymensingh,dev_cust_00064,260,2172.27,1800,1200,synthetic
cust_00065,rural_retail,Dhaka,dev_cust_00065,632,7316.18,1800,1200,synthetic
cust_00066,rural_retail,Feni,dev_cust_00066,255,1575.5,1800,1200,synthetic
cust_00067,student,Brahmanbaria,dev_cust_00067,676,676.62,450,300,synthetic
cust_00068,elderly,Sylhet,dev_cust_00068,62,13034.9,2500,1800,synthetic
cust_00069,student,Sylhet,dev_cust_00069,556,1214.01,450,300,synthetic
cust_00070,small_merchant,Narayanganj,dev_cust_00070,527,33210.13,1200,1500,synthetic
cust_00071,salaried,Khulna,dev_cust_00071,614,38810.58,4200,3500,synthetic
cust_00072,student,Mymensingh,dev_cust_00072,514,2922.49,450,300,synthetic
cust_00073,student,Rangpur,dev_cust_00073,126,790.79,450,300,synthetic
cust_00074,elderly,Pabna,dev_cust_00074,392,6930.1,2500,1800,synthetic
cust_00075,salaried,Tangail,dev_cust_00075,85,43668.23,4200,3500,synthetic
cust_00076,salaried,Gazipur,dev_cust_00076,130,13030.63,4200,3500,synthetic
cust_00077,salaried,Jessore,dev_cust_00077,141,22432.82,4200,3500,synthetic
cust_00078,student,Rangpur,dev_cust_00078,579,1845.84,450,300,synthetic
cust_00079,rural_retail,Pabna,dev_cust_00079,217,4424.72,1800,1200,synthetic
cust_00080,student,Mymensingh,dev_cust_00080,107,1829.39,450,300,synthetic
cust_00081,elderly,Noakhali,dev_cust_00081,130,1708.24,2500,1800,synthetic
cust_00082,salaried,Noakhali,dev_cust_00082,45,58449.81,4200,3500,synthetic
cust_00083,rural_retail,Mymensingh,dev_cust_00083,200,5767.35,1800,1200,synthetic
cust_00084,student,Faridpur,dev_cust_00084,248,3093.95,450,300,synthetic
cust_00085,rural_retail,Chittagong,dev_cust_00085,198,5479.22,1800,1200,synthetic
cust_00086,rural_retail,Kushtia,dev_cust_00086,301,11228.44,1800,1200,synthetic
cust_00087,salaried,Tangail,dev_cust_00087,322,31150.37,4200,3500,synthetic
cust_00088,salaried,Noakhali,dev_cust_00088,707,45920.41,4200,3500,synthetic
cust_00089,elderly,Khulna,dev_cust_00089,224,5153.91,2500,1800,synthetic
cust_00090,rural_retail,Chittagong,dev_cust_00090,623,9225.24,1800,1200,synthetic
cust_00091,student,Chittagong,dev_cust_00091,351,671.5,450,300,synthetic
cust_00092,salaried,Feni,dev_cust_00092,518,35142.52,4200,3500,synthetic
cust_00093,salaried,Jamalpur,dev_cust_00093,191,12843.98,4200,3500,synthetic
cust_00094,salaried,Jamalpur,dev_cust_00094,112,52567.13,4200,3500,synthetic
cust_00095,salaried,Sylhet,dev_cust_00095,639,13398.04,4200,3500,synthetic
cust_00096,rural_retail,Mymensingh,dev_cust_00096,443,2758.81,1800,1200,synthetic
cust_00097,rural_retail,Feni,dev_cust_00097,282,7578.65,1800,1200,synthetic
cust_00098,rural_retail,Chittagong,dev_cust_00098,664,2360.83,1800,1200,synthetic
cust_00099,student,Narayanganj,dev_cust_00099,627,2195.68,450,300,synthetic
cust_00100,student,Jessore,dev_cust_00100,297,1112.78,450,300,synthetic
cust_00101,student,Brahmanbaria,dev_cust_00101,351,1216.06,450,300,synthetic
cust_00102,salaried,Kushtia,dev_cust_00102,164,43584.51,4200,3500,synthetic
cust_00103,rural_retail,Bogra,dev_cust_00103,498,4819.86,1800,1200,synthetic
cust_00104,rural_retail,Sylhet,dev_cust_00104,39,6312.0,1800,1200,synthetic
cust_00105,small_merchant,Feni,dev_cust_00105,132,21227.16,1200,1500,synthetic
cust_00106,student,Rangpur,dev_cust_00106,548,1295.6,450,300,synthetic
cust_00107,rural_retail,Dinajpur,dev_cust_00107,100,10732.34,1800,1200,synthetic
cust_00108,salaried,Dinajpur,dev_cust_00108,321,17887.34,4200,3500,synthetic
cust_00109,student,Noakhali,dev_cust_00109,750,1407.55,450,300,synthetic
cust_00110,student,Gazipur,dev_cust_00110,571,523.47,450,300,synthetic
cust_00111,rural_retail,Noakhali,dev_cust_00111,336,11283.44,1800,1200,synthetic
cust_00112,student,Rajshahi,dev_cust_00112,167,1293.4,450,300,synthetic
cust_00113,small_merchant,Rajshahi,dev_cust_00113,596,28213.07,1200,1500,synthetic
cust_00114,elderly,Bogra,dev_cust_00114,649,3948.82,2500,1800,synthetic
cust_00115,salaried,Jessore,dev_cust_00115,238,44374.86,4200,3500,synthetic
cust_00116,elderly,Comilla,dev_cust_00116,547,7839.45,2500,1800,synthetic
cust_00117,elderly,Chittagong,dev_cust_00117,124,9879.98,2500,1800,synthetic
cust_00118,student,Comilla,dev_cust_00118,75,510.64,450,300,synthetic
cust_00119,elderly,Khulna,dev_cust_00119,682,14717.17,2500,1800,synthetic
cust_00120,rural_retail,Barisal,dev_cust_00120,482,7292.64,1800,1200,synthetic
cust_00121,elderly,Pabna,dev_cust_00121,604,1135.38,2500,1800,synthetic
cust_00122,elderly,Sylhet,dev_cust_00122,737,13655.0,2500,1800,synthetic
cust_00123,rural_retail,Noakhali,dev_cust_00123,66,10263.25,1800,1200,synthetic
cust_00124,student,Feni,dev_cust_00124,595,944.28,450,300,synthetic
cust_00125,student,Khulna,dev_cust_00125,72,1424.78,450,300,synthetic
cust_00126,rural_retail,Chittagong,dev_cust_00126,396,3705.8,1800,1200,synthetic
cust_00127,elderly,Mymensingh,dev_cust_00127,712,2439.11,2500,1800,synthetic
cust_00128,elderly,Noakhali,dev_cust_00128,446,14633.72,2500,1800,synthetic
cust_00129,student,Khulna,dev_cust_00129,272,3093.82,450,300,synthetic
cust_00130,rural_retail,Barisal,dev_cust_00130,452,1760.26,1800,1200,synthetic
cust_00131,rural_retail,Jessore,dev_cust_00131,451,9923.47,1800,1200,synthetic
cust_00132,student,Mymensingh,dev_cust_00132,303,977.59,450,300,synthetic
cust_00133,student,Brahmanbaria,dev_cust_00133,140,1647.63,450,300,synthetic
cust_00134,rural_retail,Chittagong,dev_cust_00134,511,3835.55,1800,1200,synthetic
cust_00135,small_merchant,Tangail,dev_cust_00135,388,40941.22,1200,1500,synthetic
cust_00136,rural_retail,Mymensingh,dev_cust_00136,258,1748.48,1800,1200,synthetic
cust_00137,rural_retail,Rangpur,dev_cust_00137,438,4946.75,1800,1200,synthetic
cust_00138,salaried,Sylhet,dev_cust_00138,315,27557.31,4200,3500,synthetic
cust_00139,rural_retail,Jamalpur,dev_cust_00139,439,8634.94,1800,1200,synthetic
cust_00140,small_merchant,Noakhali,dev_cust_00140,369,94835.16,1200,1500,synthetic
cust_00141,small_merchant,Rajshahi,dev_cust_00141,297,30178.26,1200,1500,synthetic
cust_00142,rural_retail,Comilla,dev_cust_00142,69,2638.23,1800,1200,synthetic
cust_00143,rural_retail,Pabna,dev_cust_00143,383,9149.72,1800,1200,synthetic
cust_00144,rural_retail,Jessore,dev_cust_00144,476,7865.19,1800,1200,synthetic
cust_00145,rural_retail,Jamalpur,dev_cust_00145,148,5544.55,1800,1200,synthetic
cust_00146,student,Feni,dev_cust_00146,224,1264.17,450,300,synthetic
cust_00147,salaried,Brahmanbaria,dev_cust_00147,476,10084.56,4200,3500,synthetic
cust_00148,rural_retail,Noakhali,dev_cust_00148,733,9054.01,1800,1200,synthetic
cust_00149,student,Narayanganj,dev_cust_00149,231,1592.66,450,300,synthetic
cust_00150,rural_retail,Sylhet,dev_cust_00150,710,11168.09,1800,1200,synthetic
cust_00151,small_merchant,Cox's Bazar,dev_cust_00151,351,71387.94,1200,1500,synthetic
cust_00152,student,Rajshahi,dev_cust_00152,337,2021.37,450,300,synthetic
cust_00153,student,Narayanganj,dev_cust_00153,448,1478.55,450,300,synthetic
cust_00154,rural_retail,Brahmanbaria,dev_cust_00154,332,7321.33,1800,1200,synthetic
cust_00155,small_merchant,Rangpur,dev_cust_00155,460,71519.0,1200,1500,synthetic
cust_00156,student,Kushtia,dev_cust_00156,723,2744.4,450,300,synthetic
cust_00157,salaried,Barisal,dev_cust_00157,660,38455.26,4200,3500,synthetic
cust_00158,salaried,Kushtia,dev_cust_00158,591,51686.26,4200,3500,synthetic
cust_00159,student,Bogra,dev_cust_00159,323,1130.55,450,300,synthetic
cust_00160,salaried,Feni,dev_cust_00160,651,42735.28,4200,3500,synthetic
cust_00161,rural_retail,Tangail,dev_cust_00161,482,6142.68,1800,1200,synthetic
cust_00162,salaried,Rangpur,dev_cust_00162,553,33659.31,4200,3500,synthetic
cust_00163,salaried,Barisal,dev_cust_00163,704,14239.78,4200,3500,synthetic
cust_00164,rural_retail,Jamalpur,dev_cust_00164,709,8145.88,1800,1200,synthetic
cust_00165,student,Jessore,dev_cust_00165,125,2955.27,450,300,synthetic
cust_00166,elderly,Mymensingh,dev_cust_00166,718,5345.87,2500,1800,synthetic
cust_00167,rural_retail,Rangpur,dev_cust_00167,180,1756.47,1800,1200,synthetic
cust_00168,student,Mymensingh,dev_cust_00168,516,2333.82,450,300,synthetic
cust_00169,student,Sylhet,dev_cust_00169,496,1743.32,450,300,synthetic
cust_00170,salaried,Gazipur,dev_cust_00170,619,19721.76,4200,3500,synthetic
cust_00171,salaried,Brahmanbaria,dev_cust_00171,423,34718.86,4200,3500,synthetic
cust_00172,student,Mymensingh,dev_cust_00172,181,2468.17,450,300,synthetic
cust_00173,rural_retail,Dhaka,dev_cust_00173,139,9673.41,1800,1200,synthetic
cust_00174,student,Mymensingh,dev_cust_00174,210,2912.33,450,300,synthetic
cust_00175,salaried,Brahmanbaria,dev_cust_00175,560,33227.49,4200,3500,synthetic
cust_00176,student,Noakhali,dev_cust_00176,285,3252.41,450,300,synthetic
cust_00177,salaried,Rajshahi,dev_cust_00177,497,16666.96,4200,3500,synthetic
cust_00178,rural_retail,Tangail,dev_cust_00178,713,7076.88,1800,1200,synthetic
cust_00179,small_merchant,Noakhali,dev_cust_00179,639,41970.33,1200,1500,synthetic
cust_00180,student,Tangail,dev_cust_00180,657,2945.02,450,300,synthetic
cust_00181,rural_retail,Jamalpur,dev_cust_00181,466,10220.98,1800,1200,synthetic
cust_00182,student,Noakhali,dev_cust_00182,486,3191.62,450,300,synthetic
cust_00183,small_merchant,Faridpur,dev_cust_00183,490,37031.28,1200,1500,synthetic
cust_00184,elderly,Mymensingh,dev_cust_00184,682,4882.36,2500,1800,synthetic
cust_00185,rural_retail,Jamalpur,dev_cust_00185,526,8080.86,1800,1200,synthetic
cust_00186,salaried,Comilla,dev_cust_00186,480,13874.17,4200,3500,synthetic
cust_00187,elderly,Bogra,dev_cust_00187,270,4804.01,2500,1800,synthetic
cust_00188,salaried,Jessore,dev_cust_00188,583,14028.88,4200,3500,synthetic
cust_00189,rural_retail,Khulna,dev_cust_00189,266,5521.87,1800,1200,synthetic
cust_00190,student,Khulna,dev_cust_00190,249,692.69,450,300,synthetic
cust_00191,student,Pabna,dev_cust_00191,368,2127.83,450,300,synthetic
cust_00192,elderly,Pabna,dev_cust_00192,93,3895.68,2500,1800,synthetic
cust_00193,small_merchant,Pabna,dev_cust_00193,428,91911.27,1200,1500,synthetic
cust_00194,salaried,Feni,dev_cust_00194,742,10976.6,4200,3500,synthetic
cust_00195,rural_retail,Feni,dev_cust_00195,419,6508.29,1800,1200,synthetic
cust_00196,rural_retail,Dinajpur,dev_cust_00196,335,9411.49,1800,1200,synthetic
cust_00197,salaried,Pabna,dev_cust_00197,581,47375.78,4200,3500,synthetic
cust_00198,elderly,Noakhali,dev_cust_00198,647,13569.36,2500,1800,synthetic
cust_00199,elderly,Faridpur,dev_cust_00199,254,4821.09,2500,1800,synthetic
cust_00200,salaried,Faridpur,dev_cust_00200,59,29442.86,4200,3500,synthetic
cust_00201,salaried,Narayanganj,dev_cust_00201,725,49907.12,4200,3500,synthetic
cust_00202,student,Barisal,dev_cust_00202,508,3258.62,450,300,synthetic
cust_00203,student,Cox's Bazar,dev_cust_00203,576,580.9,450,300,synthetic
cust_00204,elderly,Kushtia,dev_cust_00204,636,8901.49,2500,1800,synthetic
cust_00205,salaried,Dhaka,dev_cust_00205,115,42137.48,4200,3500,synthetic
cust_00206,student,Khulna,dev_cust_00206,502,1045.19,450,300,synthetic
cust_00207,student,Comilla,dev_cust_00207,418,1482.06,450,300,synthetic
cust_00208,salaried,Tangail,dev_cust_00208,364,26875.03,4200,3500,synthetic
cust_00209,student,Kushtia,dev_cust_00209,314,2756.03,450,300,synthetic
cust_00210,student,Pabna,dev_cust_00210,288,3004.73,450,300,synthetic
cust_00211,rural_retail,Faridpur,dev_cust_00211,49,9364.75,1800,1200,synthetic
cust_00212,salaried,Chittagong,dev_cust_00212,388,21211.11,4200,3500,synthetic
cust_00213,salaried,Sylhet,dev_cust_00213,697,12012.91,4200,3500,synthetic
cust_00214,student,Dhaka,dev_cust_00214,283,1098.08,450,300,synthetic
cust_00215,salaried,Dhaka,dev_cust_00215,666,17619.12,4200,3500,synthetic
cust_00216,student,Khulna,dev_cust_00216,514,2508.38,450,300,synthetic
cust_00217,rural_retail,Feni,dev_cust_00217,253,6382.86,1800,1200,synthetic
cust_00218,salaried,Comilla,dev_cust_00218,407,18389.46,4200,3500,synthetic
cust_00219,salaried,Cox's Bazar,dev_cust_00219,147,48889.59,4200,3500,synthetic
cust_00220,elderly,Barisal,dev_cust_00220,348,2513.38,2500,1800,synthetic
cust_00221,salaried,Dhaka,dev_cust_00221,349,38789.84,4200,3500,synthetic
cust_00222,salaried,Kushtia,dev_cust_00222,436,57073.53,4200,3500,synthetic
cust_00223,student,Rangpur,dev_cust_00223,107,2276.29,450,300,synthetic
cust_00224,rural_retail,Gazipur,dev_cust_00224,278,2569.96,1800,1200,synthetic
cust_00225,rural_retail,Bogra,dev_cust_00225,730,7804.32,1800,1200,synthetic
cust_00226,student,Rajshahi,dev_cust_00226,609,2847.91,450,300,synthetic
cust_00227,small_merchant,Dinajpur,dev_cust_00227,575,51412.13,1200,1500,synthetic
cust_00228,rural_retail,Dinajpur,dev_cust_00228,100,6812.59,1800,1200,synthetic
cust_00229,elderly,Jessore,dev_cust_00229,42,12894.06,2500,1800,synthetic
cust_00230,salaried,Faridpur,dev_cust_00230,138,31676.17,4200,3500,synthetic
cust_00231,salaried,Dinajpur,dev_cust_00231,680,54578.75,4200,3500,synthetic
cust_00232,rural_retail,Tangail,dev_cust_00232,186,6072.62,1800,1200,synthetic
cust_00233,salaried,Jamalpur,dev_cust_00233,696,23504.12,4200,3500,synthetic
cust_00234,rural_retail,Noakhali,dev_cust_00234,525,6381.17,1800,1200,synthetic
cust_00235,student,Feni,dev_cust_00235,304,1466.91,450,300,synthetic
cust_00236,salaried,Mymensingh,dev_cust_00236,118,23946.41,4200,3500,synthetic
cust_00237,rural_retail,Tangail,dev_cust_00237,279,9380.0,1800,1200,synthetic
cust_00238,student,Feni,dev_cust_00238,654,2504.57,450,300,synthetic
cust_00239,salaried,Jessore,dev_cust_00239,59,34715.33,4200,3500,synthetic
cust_00240,student,Jessore,dev_cust_00240,216,1962.65,450,300,synthetic
cust_00241,small_merchant,Dinajpur,dev_cust_00241,294,43928.8,1200,1500,synthetic
cust_00242,small_merchant,Cox's Bazar,dev_cust_00242,748,89809.12,1200,1500,synthetic
cust_00243,small_merchant,Noakhali,dev_cust_00243,40,58913.32,1200,1500,synthetic
cust_00244,rural_retail,Rangpur,dev_cust_00244,117,4034.24,1800,1200,synthetic
cust_00245,student,Pabna,dev_cust_00245,530,2165.53,450,300,synthetic
cust_00246,small_merchant,Mymensingh,dev_cust_00246,737,55467.91,1200,1500,synthetic
cust_00247,rural_retail,Brahmanbaria,dev_cust_00247,532,6205.83,1800,1200,synthetic
cust_00248,small_merchant,Dhaka,dev_cust_00248,125,40010.02,1200,1500,synthetic
cust_00249,small_merchant,Kushtia,dev_cust_00249,738,35680.94,1200,1500,synthetic
cust_00250,elderly,Narayanganj,dev_cust_00250,625,6166.29,2500,1800,synthetic
cust_00251,rural_retail,Noakhali,dev_cust_00251,573,5109.45,1800,1200,synthetic
cust_00252,rural_retail,Noakhali,dev_cust_00252,368,5194.01,1800,1200,synthetic
cust_00253,elderly,Tangail,dev_cust_00253,307,5292.72,2500,1800,synthetic
cust_00254,rural_retail,Mymensingh,dev_cust_00254,153,9073.49,1800,1200,synthetic
cust_00255,student,Jessore,dev_cust_00255,152,2728.64,450,300,synthetic
cust_00256,salaried,Brahmanbaria,dev_cust_00256,219,19577.05,4200,3500,synthetic
cust_00257,small_merchant,Faridpur,dev_cust_00257,313,76589.73,1200,1500,synthetic
cust_00258,salaried,Jamalpur,dev_cust_00258,641,24149.94,4200,3500,synthetic
cust_00259,salaried,Rajshahi,dev_cust_00259,228,24812.32,4200,3500,synthetic
cust_00260,student,Dinajpur,dev_cust_00260,213,1406.8,450,300,synthetic
cust_00261,salaried,Brahmanbaria,dev_cust_00261,576,16329.15,4200,3500,synthetic
cust_00262,small_merchant,Chittagong,dev_cust_00262,85,62035.51,1200,1500,synthetic
cust_00263,student,Brahmanbaria,dev_cust_00263,159,2413.61,450,300,synthetic
cust_00264,rural_retail,Faridpur,dev_cust_00264,135,10663.56,1800,1200,synthetic
cust_00265,elderly,Feni,dev_cust_00265,321,7571.56,2500,1800,synthetic
cust_00266,salaried,Tangail,dev_cust_00266,378,19218.18,4200,3500,synthetic
cust_00267,salaried,Chittagong,dev_cust_00267,288,57053.18,4200,3500,synthetic
cust_00268,salaried,Faridpur,dev_cust_00268,146,51105.78,4200,3500,synthetic
cust_00269,rural_retail,Kushtia,dev_cust_00269,533,2277.86,1800,1200,synthetic
cust_00270,rural_retail,Gazipur,dev_cust_00270,732,2062.9,1800,1200,synthetic
cust_00271,elderly,Khulna,dev_cust_00271,606,14287.76,2500,1800,synthetic
cust_00272,elderly,Sylhet,dev_cust_00272,284,2658.32,2500,1800,synthetic
cust_00273,elderly,Pabna,dev_cust_00273,650,9345.78,2500,1800,synthetic
cust_00274,small_merchant,Cox's Bazar,dev_cust_00274,261,80933.95,1200,1500,synthetic
cust_00275,rural_retail,Kushtia,dev_cust_00275,491,11039.3,1800,1200,synthetic
cust_00276,rural_retail,Bogra,dev_cust_00276,632,11895.33,1800,1200,synthetic
cust_00277,salaried,Bogra,dev_cust_00277,612,41051.37,4200,3500,synthetic
cust_00278,salaried,Cox's Bazar,dev_cust_00278,131,57379.51,4200,3500,synthetic
cust_00279,salaried,Rangpur,dev_cust_00279,670,20551.26,4200,3500,synthetic
cust_00280,salaried,Narayanganj,dev_cust_00280,113,17852.85,4200,3500,synthetic
cust_00281,elderly,Barisal,dev_cust_00281,595,2050.91,2500,1800,synthetic
cust_00282,rural_retail,Dhaka,dev_cust_00282,448,6230.29,1800,1200,synthetic
cust_00283,rural_retail,Cox's Bazar,dev_cust_00283,511,4558.22,1800,1200,synthetic
cust_00284,student,Mymensingh,dev_cust_00284,325,2620.87,450,300,synthetic
cust_00285,salaried,Brahmanbaria,dev_cust_00285,494,13558.99,4200,3500,synthetic
cust_00286,student,Mymensingh,dev_cust_00286,300,2863.48,450,300,synthetic
cust_00287,rural_retail,Gazipur,dev_cust_00287,633,8442.42,1800,1200,synthetic
cust_00288,rural_retail,Rangpur,dev_cust_00288,465,2705.15,1800,1200,synthetic
cust_00289,rural_retail,Mymensingh,dev_cust_00289,693,3064.39,1800,1200,synthetic
cust_00290,salaried,Comilla,dev_cust_00290,175,13570.49,4200,3500,synthetic
cust_00291,student,Barisal,dev_cust_00291,344,2285.13,450,300,synthetic
cust_00292,student,Feni,dev_cust_00292,325,1817.46,450,300,synthetic
cust_00293,elderly,Tangail,dev_cust_00293,735,5257.28,2500,1800,synthetic
cust_00294,rural_retail,Kushtia,dev_cust_00294,308,6754.96,1800,1200,synthetic
cust_00295,student,Faridpur,dev_cust_00295,478,741.33,450,300,synthetic
cust_00296,rural_retail,Chittagong,dev_cust_00296,472,9212.61,1800,1200,synthetic
cust_00297,salaried,Cox's Bazar,dev_cust_00297,286,11293.24,4200,3500,synthetic
cust_00298,student,Mymensingh,dev_cust_00298,720,3007.88,450,300,synthetic
cust_00299,salaried,Feni,dev_cust_00299,631,57539.31,4200,3500,synthetic
cust_00300,student,Narayanganj,dev_cust_00300,305,2228.74,450,300,synthetic
cust_00301,student,Barisal,dev_cust_00301,511,2056.89,450,300,synthetic
cust_00302,rural_retail,Tangail,dev_cust_00302,314,3405.64,1800,1200,synthetic
cust_00303,rural_retail,Feni,dev_cust_00303,476,8165.24,1800,1200,synthetic
cust_00304,salaried,Faridpur,dev_cust_00304,123,33500.52,4200,3500,synthetic
cust_00305,salaried,Pabna,dev_cust_00305,371,26052.91,4200,3500,synthetic
cust_00306,small_merchant,Rajshahi,dev_cust_00306,194,43033.31,1200,1500,synthetic
cust_00307,rural_retail,Brahmanbaria,dev_cust_00307,537,4526.29,1800,1200,synthetic
cust_00308,rural_retail,Kushtia,dev_cust_00308,593,1885.32,1800,1200,synthetic
cust_00309,salaried,Sylhet,dev_cust_00309,352,22619.94,4200,3500,synthetic
cust_00310,rural_retail,Rajshahi,dev_cust_00310,443,10581.56,1800,1200,synthetic
cust_00311,rural_retail,Dhaka,dev_cust_00311,703,10628.36,1800,1200,synthetic
cust_00312,student,Tangail,dev_cust_00312,453,662.61,450,300,synthetic
cust_00313,student,Jamalpur,dev_cust_00313,400,2367.9,450,300,synthetic
cust_00314,small_merchant,Faridpur,dev_cust_00314,670,52573.48,1200,1500,synthetic
cust_00315,elderly,Chittagong,dev_cust_00315,238,4738.79,2500,1800,synthetic
cust_00316,salaried,Khulna,dev_cust_00316,324,31905.8,4200,3500,synthetic
cust_00317,rural_retail,Brahmanbaria,dev_cust_00317,526,2774.97,1800,1200,synthetic
cust_00318,student,Gazipur,dev_cust_00318,653,2897.94,450,300,synthetic
cust_00319,student,Brahmanbaria,dev_cust_00319,192,1432.25,450,300,synthetic
cust_00320,rural_retail,Dhaka,dev_cust_00320,595,5783.9,1800,1200,synthetic
cust_00321,rural_retail,Mymensingh,dev_cust_00321,146,6345.2,1800,1200,synthetic
cust_00322,salaried,Rajshahi,dev_cust_00322,693,51607.16,4200,3500,synthetic
cust_00323,salaried,Faridpur,dev_cust_00323,328,35443.6,4200,3500,synthetic
cust_00324,rural_retail,Comilla,dev_cust_00324,455,10264.6,1800,1200,synthetic
cust_00325,small_merchant,Faridpur,dev_cust_00325,279,53826.85,1200,1500,synthetic
cust_00326,salaried,Khulna,dev_cust_00326,422,19530.52,4200,3500,synthetic
cust_00327,salaried,Cox's Bazar,dev_cust_00327,550,47314.63,4200,3500,synthetic
cust_00328,salaried,Khulna,dev_cust_00328,101,23812.37,4200,3500,synthetic
cust_00329,rural_retail,Pabna,dev_cust_00329,378,11309.61,1800,1200,synthetic
cust_00330,student,Jamalpur,dev_cust_00330,303,2961.65,450,300,synthetic
cust_00331,rural_retail,Bogra,dev_cust_00331,335,10293.5,1800,1200,synthetic
cust_00332,salaried,Feni,dev_cust_00332,705,34482.02,4200,3500,synthetic
cust_00333,student,Khulna,dev_cust_00333,487,2115.74,450,300,synthetic
cust_00334,student,Dinajpur,dev_cust_00334,370,2155.75,450,300,synthetic
cust_00335,student,Noakhali,dev_cust_00335,416,1866.03,450,300,synthetic
cust_00336,student,Jessore,dev_cust_00336,223,3442.32,450,300,synthetic
cust_00337,elderly,Mymensingh,dev_cust_00337,615,6361.59,2500,1800,synthetic
cust_00338,salaried,Pabna,dev_cust_00338,74,25908.82,4200,3500,synthetic
cust_00339,rural_retail,Faridpur,dev_cust_00339,420,5553.83,1800,1200,synthetic
cust_00340,student,Narayanganj,dev_cust_00340,697,3442.45,450,300,synthetic
cust_00341,rural_retail,Faridpur,dev_cust_00341,67,2825.59,1800,1200,synthetic
cust_00342,rural_retail,Feni,dev_cust_00342,369,10631.85,1800,1200,synthetic
cust_00343,student,Tangail,dev_cust_00343,132,2077.85,450,300,synthetic
cust_00344,rural_retail,Tangail,dev_cust_00344,45,9085.66,1800,1200,synthetic
cust_00345,rural_retail,Pabna,dev_cust_00345,700,11684.55,1800,1200,synthetic
cust_00346,salaried,Sylhet,dev_cust_00346,510,49076.26,4200,3500,synthetic
cust_00347,salaried,Comilla,dev_cust_00347,376,41162.97,4200,3500,synthetic
cust_00348,student,Kushtia,dev_cust_00348,695,740.95,450,300,synthetic
cust_00349,rural_retail,Jessore,dev_cust_00349,720,10523.09,1800,1200,synthetic
cust_00350,salaried,Kushtia,dev_cust_00350,354,41339.96,4200,3500,synthetic
cust_00351,rural_retail,Faridpur,dev_cust_00351,584,1876.94,1800,1200,synthetic
cust_00352,elderly,Sylhet,dev_cust_00352,270,9836.25,2500,1800,synthetic
cust_00353,salaried,Bogra,dev_cust_00353,262,47338.32,4200,3500,synthetic
cust_00354,student,Pabna,dev_cust_00354,130,2781.11,450,300,synthetic
cust_00355,student,Brahmanbaria,dev_cust_00355,132,1831.04,450,300,synthetic
cust_00356,salaried,Brahmanbaria,dev_cust_00356,336,55171.2,4200,3500,synthetic
cust_00357,student,Chittagong,dev_cust_00357,362,2888.43,450,300,synthetic
cust_00358,salaried,Bogra,dev_cust_00358,397,28742.05,4200,3500,synthetic
cust_00359,small_merchant,Khulna,dev_cust_00359,280,60149.14,1200,1500,synthetic
cust_00360,salaried,Feni,dev_cust_00360,728,49625.97,4200,3500,synthetic
cust_00361,rural_retail,Barisal,dev_cust_00361,209,2329.17,1800,1200,synthetic
cust_00362,salaried,Kushtia,dev_cust_00362,664,44156.73,4200,3500,synthetic
cust_00363,rural_retail,Faridpur,dev_cust_00363,627,3002.74,1800,1200,synthetic
cust_00364,rural_retail,Tangail,dev_cust_00364,683,4166.76,1800,1200,synthetic
cust_00365,small_merchant,Comilla,dev_cust_00365,712,15798.78,1200,1500,synthetic
cust_00366,rural_retail,Tangail,dev_cust_00366,324,8614.91,1800,1200,synthetic
cust_00367,small_merchant,Barisal,dev_cust_00367,105,52547.03,1200,1500,synthetic
cust_00368,small_merchant,Dinajpur,dev_cust_00368,631,40428.11,1200,1500,synthetic
cust_00369,student,Pabna,dev_cust_00369,736,1250.29,450,300,synthetic
cust_00370,student,Bogra,dev_cust_00370,233,3498.12,450,300,synthetic
cust_00371,student,Faridpur,dev_cust_00371,139,1211.62,450,300,synthetic
cust_00372,student,Feni,dev_cust_00372,397,2224.44,450,300,synthetic
cust_00373,student,Brahmanbaria,dev_cust_00373,332,565.82,450,300,synthetic
cust_00374,salaried,Narayanganj,dev_cust_00374,435,23724.02,4200,3500,synthetic
cust_00375,student,Feni,dev_cust_00375,732,2834.93,450,300,synthetic
cust_00376,rural_retail,Chittagong,dev_cust_00376,650,9324.31,1800,1200,synthetic
cust_00377,elderly,Bogra,dev_cust_00377,265,9498.91,2500,1800,synthetic
cust_00378,student,Dinajpur,dev_cust_00378,254,2409.85,450,300,synthetic
cust_00379,elderly,Cox's Bazar,dev_cust_00379,286,10488.7,2500,1800,synthetic
cust_00380,rural_retail,Narayanganj,dev_cust_00380,727,10302.54,1800,1200,synthetic
cust_00381,student,Gazipur,dev_cust_00381,129,3210.21,450,300,synthetic
cust_00382,salaried,Gazipur,dev_cust_00382,70,25446.64,4200,3500,synthetic
cust_00383,salaried,Tangail,dev_cust_00383,64,38978.69,4200,3500,synthetic
cust_00384,elderly,Khulna,dev_cust_00384,122,13734.79,2500,1800,synthetic
cust_00385,salaried,Jessore,dev_cust_00385,455,18782.0,4200,3500,synthetic
cust_00386,elderly,Khulna,dev_cust_00386,582,13270.45,2500,1800,synthetic
cust_00387,rural_retail,Dinajpur,dev_cust_00387,573,6768.85,1800,1200,synthetic
cust_00388,student,Comilla,dev_cust_00388,198,1270.91,450,300,synthetic
cust_00389,salaried,Faridpur,dev_cust_00389,332,47327.97,4200,3500,synthetic
cust_00390,elderly,Jessore,dev_cust_00390,147,7556.64,2500,1800,synthetic
cust_00391,small_merchant,Sylhet,dev_cust_00391,174,79102.88,1200,1500,synthetic
cust_00392,rural_retail,Mymensingh,dev_cust_00392,722,9104.28,1800,1200,synthetic
cust_00393,rural_retail,Kushtia,dev_cust_00393,600,5340.64,1800,1200,synthetic
cust_00394,salaried,Kushtia,dev_cust_00394,44,23222.93,4200,3500,synthetic
cust_00395,rural_retail,Rajshahi,dev_cust_00395,495,5370.15,1800,1200,synthetic
cust_00396,small_merchant,Narayanganj,dev_cust_00396,298,64687.61,1200,1500,synthetic
cust_00397,elderly,Gazipur,dev_cust_00397,410,2516.85,2500,1800,synthetic
cust_00398,rural_retail,Mymensingh,dev_cust_00398,512,1762.76,1800,1200,synthetic
cust_00399,salaried,Noakhali,dev_cust_00399,365,55762.8,4200,3500,synthetic
cust_00400,salaried,Mymensingh,dev_cust_00400,693,13160.85,4200,3500,synthetic
cust_00401,student,Tangail,dev_cust_00401,747,1406.57,450,300,synthetic
cust_00402,small_merchant,Pabna,dev_cust_00402,149,26881.05,1200,1500,synthetic
cust_00403,rural_retail,Chittagong,dev_cust_00403,341,11957.24,1800,1200,synthetic
cust_00404,elderly,Rajshahi,dev_cust_00404,129,4287.2,2500,1800,synthetic
cust_00405,rural_retail,Noakhali,dev_cust_00405,168,5580.78,1800,1200,synthetic
cust_00406,elderly,Dinajpur,dev_cust_00406,716,14291.33,2500,1800,synthetic
cust_00407,rural_retail,Brahmanbaria,dev_cust_00407,583,5900.83,1800,1200,synthetic
cust_00408,student,Khulna,dev_cust_00408,454,2464.77,450,300,synthetic
cust_00409,small_merchant,Faridpur,dev_cust_00409,660,49689.85,1200,1500,synthetic
cust_00410,student,Comilla,dev_cust_00410,63,2570.84,450,300,synthetic
cust_00411,rural_retail,Rangpur,dev_cust_00411,484,6169.31,1800,1200,synthetic
cust_00412,small_merchant,Mymensingh,dev_cust_00412,401,23445.14,1200,1500,synthetic
cust_00413,small_merchant,Narayanganj,dev_cust_00413,406,61279.6,1200,1500,synthetic
cust_00414,salaried,Gazipur,dev_cust_00414,397,13027.5,4200,3500,synthetic
cust_00415,salaried,Comilla,dev_cust_00415,224,58410.34,4200,3500,synthetic
cust_00416,rural_retail,Tangail,dev_cust_00416,123,8459.07,1800,1200,synthetic
cust_00417,rural_retail,Gazipur,dev_cust_00417,684,7770.03,1800,1200,synthetic
cust_00418,rural_retail,Dhaka,dev_cust_00418,81,9761.34,1800,1200,synthetic
cust_00419,salaried,Mymensingh,dev_cust_00419,158,49348.9,4200,3500,synthetic
cust_00420,salaried,Rangpur,dev_cust_00420,100,51490.89,4200,3500,synthetic
cust_00421,salaried,Noakhali,dev_cust_00421,242,39319.15,4200,3500,synthetic
cust_00422,salaried,Mymensingh,dev_cust_00422,366,48718.43,4200,3500,synthetic
cust_00423,student,Cox's Bazar,dev_cust_00423,32,1331.82,450,300,synthetic
cust_00424,rural_retail,Khulna,dev_cust_00424,163,7172.26,1800,1200,synthetic
cust_00425,student,Barisal,dev_cust_00425,142,2483.17,450,300,synthetic
cust_00426,rural_retail,Dhaka,dev_cust_00426,164,1656.03,1800,1200,synthetic
cust_00427,rural_retail,Mymensingh,dev_cust_00427,632,4899.6,1800,1200,synthetic
cust_00428,elderly,Barisal,dev_cust_00428,301,1733.59,2500,1800,synthetic
cust_00429,rural_retail,Pabna,dev_cust_00429,568,2693.32,1800,1200,synthetic
cust_00430,student,Sylhet,dev_cust_00430,517,1844.83,450,300,synthetic
cust_00431,student,Dinajpur,dev_cust_00431,555,2281.0,450,300,synthetic
cust_00432,salaried,Tangail,dev_cust_00432,545,21077.49,4200,3500,synthetic
cust_00433,salaried,Cox's Bazar,dev_cust_00433,74,46362.15,4200,3500,synthetic
cust_00434,student,Narayanganj,dev_cust_00434,563,1404.89,450,300,synthetic
cust_00435,student,Gazipur,dev_cust_00435,61,682.48,450,300,synthetic
cust_00436,salaried,Faridpur,dev_cust_00436,441,31313.68,4200,3500,synthetic
cust_00437,student,Rajshahi,dev_cust_00437,532,2637.2,450,300,synthetic
cust_00438,elderly,Tangail,dev_cust_00438,105,13589.73,2500,1800,synthetic
cust_00439,salaried,Jessore,dev_cust_00439,652,17416.69,4200,3500,synthetic
cust_00440,student,Khulna,dev_cust_00440,311,2372.95,450,300,synthetic
cust_00441,student,Feni,dev_cust_00441,591,2636.46,450,300,synthetic
cust_00442,small_merchant,Kushtia,dev_cust_00442,641,60097.33,1200,1500,synthetic
cust_00443,rural_retail,Tangail,dev_cust_00443,547,7856.98,1800,1200,synthetic
cust_00444,rural_retail,Rajshahi,dev_cust_00444,748,2701.35,1800,1200,synthetic
cust_00445,elderly,Gazipur,dev_cust_00445,696,13287.89,2500,1800,synthetic
cust_00446,small_merchant,Noakhali,dev_cust_00446,250,51555.95,1200,1500,synthetic
cust_00447,small_merchant,Mymensingh,dev_cust_00447,453,43809.19,1200,1500,synthetic
cust_00448,salaried,Tangail,dev_cust_00448,438,30799.48,4200,3500,synthetic
cust_00449,rural_retail,Rajshahi,dev_cust_00449,350,5981.02,1800,1200,synthetic
cust_00450,student,Narayanganj,dev_cust_00450,291,1622.9,450,300,synthetic
cust_00451,salaried,Khulna,dev_cust_00451,733,56149.25,4200,3500,synthetic
cust_00452,salaried,Sylhet,dev_cust_00452,123,51588.59,4200,3500,synthetic
cust_00453,rural_retail,Sylhet,dev_cust_00453,472,2513.93,1800,1200,synthetic
cust_00454,small_merchant,Dinajpur,dev_cust_00454,163,62291.51,1200,1500,synthetic
cust_00455,student,Feni,dev_cust_00455,605,2185.05,450,300,synthetic
cust_00456,rural_retail,Narayanganj,dev_cust_00456,155,5813.49,1800,1200,synthetic
cust_00457,student,Narayanganj,dev_cust_00457,463,3104.28,450,300,synthetic
cust_00458,rural_retail,Chittagong,dev_cust_00458,324,7804.31,1800,1200,synthetic
cust_00459,student,Dinajpur,dev_cust_00459,136,2233.76,450,300,synthetic
cust_00460,student,Rangpur,dev_cust_00460,188,2470.21,450,300,synthetic
cust_00461,student,Mymensingh,dev_cust_00461,140,1550.34,450,300,synthetic
cust_00462,salaried,Noakhali,dev_cust_00462,406,15744.27,4200,3500,synthetic
cust_00463,salaried,Comilla,dev_cust_00463,617,21307.95,4200,3500,synthetic
cust_00464,salaried,Pabna,dev_cust_00464,604,58727.33,4200,3500,synthetic
cust_00465,small_merchant,Cox's Bazar,dev_cust_00465,658,72373.02,1200,1500,synthetic
cust_00466,rural_retail,Noakhali,dev_cust_00466,56,7894.45,1800,1200,synthetic
cust_00467,rural_retail,Narayanganj,dev_cust_00467,740,4308.2,1800,1200,synthetic
cust_00468,elderly,Barisal,dev_cust_00468,309,10837.78,2500,1800,synthetic
cust_00469,student,Bogra,dev_cust_00469,377,1553.07,450,300,synthetic
cust_00470,small_merchant,Barisal,dev_cust_00470,176,63137.29,1200,1500,synthetic
cust_00471,student,Kushtia,dev_cust_00471,101,925.62,450,300,synthetic
cust_00472,small_merchant,Gazipur,dev_cust_00472,61,22799.4,1200,1500,synthetic
cust_00473,student,Jamalpur,dev_cust_00473,250,1628.58,450,300,synthetic
cust_00474,elderly,Tangail,dev_cust_00474,379,3203.73,2500,1800,synthetic
cust_00475,rural_retail,Bogra,dev_cust_00475,362,9656.77,1800,1200,synthetic
cust_00476,small_merchant,Feni,dev_cust_00476,640,22221.35,1200,1500,synthetic
cust_00477,student,Chittagong,dev_cust_00477,189,972.23,450,300,synthetic
cust_00478,salaried,Cox's Bazar,dev_cust_00478,80,43698.44,4200,3500,synthetic
cust_00479,small_merchant,Comilla,dev_cust_00479,483,71264.79,1200,1500,synthetic
cust_00480,rural_retail,Faridpur,dev_cust_00480,651,6141.46,1800,1200,synthetic
cust_00481,salaried,Comilla,dev_cust_00481,250,47747.16,4200,3500,synthetic
cust_00482,salaried,Rajshahi,dev_cust_00482,383,31495.68,4200,3500,synthetic
cust_00483,rural_retail,Bogra,dev_cust_00483,724,8624.11,1800,1200,synthetic
cust_00484,salaried,Faridpur,dev_cust_00484,569,43356.63,4200,3500,synthetic
cust_00485,salaried,Chittagong,dev_cust_00485,255,29763.17,4200,3500,synthetic
cust_00486,small_merchant,Cox's Bazar,dev_cust_00486,86,15653.4,1200,1500,synthetic
cust_00487,student,Bogra,dev_cust_00487,246,2802.05,450,300,synthetic
cust_00488,rural_retail,Comilla,dev_cust_00488,326,4945.28,1800,1200,synthetic
cust_00489,small_merchant,Dhaka,dev_cust_00489,539,78496.2,1200,1500,synthetic
cust_00490,elderly,Barisal,dev_cust_00490,162,6322.9,2500,1800,synthetic
cust_00491,rural_retail,Brahmanbaria,dev_cust_00491,265,6752.75,1800,1200,synthetic
cust_00492,salaried,Narayanganj,dev_cust_00492,392,13603.77,4200,3500,synthetic
cust_00493,rural_retail,Chittagong,dev_cust_00493,476,1696.79,1800,1200,synthetic
cust_00494,student,Sylhet,dev_cust_00494,350,2227.28,450,300,synthetic
cust_00495,rural_retail,Feni,dev_cust_00495,444,8949.74,1800,1200,synthetic
cust_00496,rural_retail,Pabna,dev_cust_00496,326,2709.32,1800,1200,synthetic
cust_00497,salaried,Dhaka,dev_cust_00497,362,18593.66,4200,3500,synthetic
cust_00498,student,Cox's Bazar,dev_cust_00498,501,2996.08,450,300,synthetic
cust_00499,small_merchant,Dinajpur,dev_cust_00499,120,52120.5,1200,1500,synthetic
cust_00500,small_merchant,Rajshahi,dev_cust_00500,279,52032.5,1200,1500,synthetic
cust_00501,salaried,Kushtia,dev_cust_00501,566,13932.35,4200,3500,synthetic
cust_00502,rural_retail,Bogra,dev_cust_00502,377,3826.51,1800,1200,synthetic
cust_00503,rural_retail,Barisal,dev_cust_00503,108,6860.07,1800,1200,synthetic
cust_00504,elderly,Rajshahi,dev_cust_00504,573,8139.33,2500,1800,synthetic
cust_00505,salaried,Dinajpur,dev_cust_00505,389,46368.96,4200,3500,synthetic
cust_00506,student,Gazipur,dev_cust_00506,181,1208.81,450,300,synthetic
cust_00507,small_merchant,Khulna,dev_cust_00507,292,31768.1,1200,1500,synthetic
cust_00508,elderly,Cox's Bazar,dev_cust_00508,186,11643.01,2500,1800,synthetic
cust_00509,small_merchant,Gazipur,dev_cust_00509,107,30057.42,1200,1500,synthetic
cust_00510,salaried,Gazipur,dev_cust_00510,535,33197.65,4200,3500,synthetic
cust_00511,salaried,Feni,dev_cust_00511,623,32445.26,4200,3500,synthetic
cust_00512,rural_retail,Feni,dev_cust_00512,688,8170.63,1800,1200,synthetic
cust_00513,small_merchant,Cox's Bazar,dev_cust_00513,360,88460.98,1200,1500,synthetic
cust_00514,elderly,Gazipur,dev_cust_00514,353,3113.4,2500,1800,synthetic
cust_00515,student,Sylhet,dev_cust_00515,510,1826.62,450,300,synthetic
cust_00516,student,Bogra,dev_cust_00516,311,2274.26,450,300,synthetic
cust_00517,rural_retail,Dinajpur,dev_cust_00517,549,2279.0,1800,1200,synthetic
cust_00518,elderly,Tangail,dev_cust_00518,492,1526.5,2500,1800,synthetic
cust_00519,small_merchant,Dinajpur,dev_cust_00519,323,21522.14,1200,1500,synthetic
cust_00520,student,Sylhet,dev_cust_00520,659,2282.24,450,300,synthetic
cust_00521,salaried,Kushtia,dev_cust_00521,503,39016.47,4200,3500,synthetic
cust_00522,rural_retail,Chittagong,dev_cust_00522,490,11045.02,1800,1200,synthetic
cust_00523,small_merchant,Feni,dev_cust_00523,697,31000.35,1200,1500,synthetic
cust_00524,elderly,Cox's Bazar,dev_cust_00524,517,8019.14,2500,1800,synthetic
cust_00525,elderly,Chittagong,dev_cust_00525,491,2449.03,2500,1800,synthetic
cust_00526,rural_retail,Jessore,dev_cust_00526,116,6797.76,1800,1200,synthetic
cust_00527,rural_retail,Barisal,dev_cust_00527,70,4101.31,1800,1200,synthetic
cust_00528,rural_retail,Tangail,dev_cust_00528,479,7002.72,1800,1200,synthetic
cust_00529,student,Cox's Bazar,dev_cust_00529,192,1591.69,450,300,synthetic
cust_00530,elderly,Bogra,dev_cust_00530,426,6722.77,2500,1800,synthetic
cust_00531,elderly,Jessore,dev_cust_00531,725,9370.4,2500,1800,synthetic
cust_00532,small_merchant,Gazipur,dev_cust_00532,692,43445.19,1200,1500,synthetic
cust_00533,small_merchant,Jessore,dev_cust_00533,126,62426.87,1200,1500,synthetic
cust_00534,salaried,Kushtia,dev_cust_00534,320,22599.79,4200,3500,synthetic
cust_00535,salaried,Narayanganj,dev_cust_00535,647,53663.98,4200,3500,synthetic
cust_00536,small_merchant,Jessore,dev_cust_00536,113,64532.86,1200,1500,synthetic
cust_00537,elderly,Khulna,dev_cust_00537,388,5343.24,2500,1800,synthetic
cust_00538,student,Gazipur,dev_cust_00538,745,2486.41,450,300,synthetic
cust_00539,rural_retail,Khulna,dev_cust_00539,639,8942.76,1800,1200,synthetic
cust_00540,student,Sylhet,dev_cust_00540,347,2176.77,450,300,synthetic
cust_00541,small_merchant,Gazipur,dev_cust_00541,366,84120.71,1200,1500,synthetic
cust_00542,salaried,Narayanganj,dev_cust_00542,749,51447.95,4200,3500,synthetic
cust_00543,student,Narayanganj,dev_cust_00543,569,780.36,450,300,synthetic
cust_00544,salaried,Narayanganj,dev_cust_00544,463,35424.42,4200,3500,synthetic
cust_00545,salaried,Dhaka,dev_cust_00545,401,25443.3,4200,3500,synthetic
cust_00546,rural_retail,Rangpur,dev_cust_00546,379,11450.52,1800,1200,synthetic
cust_00547,student,Faridpur,dev_cust_00547,226,1179.63,450,300,synthetic
cust_00548,salaried,Khulna,dev_cust_00548,188,13858.25,4200,3500,synthetic
cust_00549,rural_retail,Rajshahi,dev_cust_00549,549,9594.18,1800,1200,synthetic
cust_00550,salaried,Jamalpur,dev_cust_00550,68,43096.46,4200,3500,synthetic
cust_00551,rural_retail,Cox's Bazar,dev_cust_00551,164,7771.09,1800,1200,synthetic
cust_00552,elderly,Khulna,dev_cust_00552,196,3531.84,2500,1800,synthetic
cust_00553,salaried,Brahmanbaria,dev_cust_00553,669,50452.19,4200,3500,synthetic
cust_00554,salaried,Barisal,dev_cust_00554,478,12184.62,4200,3500,synthetic
cust_00555,elderly,Dinajpur,dev_cust_00555,722,11074.2,2500,1800,synthetic
cust_00556,rural_retail,Tangail,dev_cust_00556,655,4491.74,1800,1200,synthetic
cust_00557,student,Tangail,dev_cust_00557,269,2102.03,450,300,synthetic
cust_00558,student,Bogra,dev_cust_00558,510,3211.92,450,300,synthetic
cust_00559,salaried,Rangpur,dev_cust_00559,406,43915.34,4200,3500,synthetic
cust_00560,salaried,Feni,dev_cust_00560,481,33084.0,4200,3500,synthetic
cust_00561,salaried,Bogra,dev_cust_00561,421,35145.33,4200,3500,synthetic
cust_00562,student,Pabna,dev_cust_00562,195,2950.67,450,300,synthetic
cust_00563,student,Cox's Bazar,dev_cust_00563,171,3119.01,450,300,synthetic
cust_00564,student,Chittagong,dev_cust_00564,686,1941.77,450,300,synthetic
cust_00565,rural_retail,Dinajpur,dev_cust_00565,597,11310.08,1800,1200,synthetic
cust_00566,salaried,Brahmanbaria,dev_cust_00566,558,52558.3,4200,3500,synthetic
cust_00567,rural_retail,Bogra,dev_cust_00567,115,9512.73,1800,1200,synthetic
cust_00568,rural_retail,Comilla,dev_cust_00568,490,11005.72,1800,1200,synthetic
cust_00569,small_merchant,Khulna,dev_cust_00569,477,22795.65,1200,1500,synthetic
cust_00570,rural_retail,Mymensingh,dev_cust_00570,491,10788.61,1800,1200,synthetic
cust_00571,rural_retail,Dhaka,dev_cust_00571,454,2059.2,1800,1200,synthetic
cust_00572,salaried,Jamalpur,dev_cust_00572,412,21788.9,4200,3500,synthetic
cust_00573,rural_retail,Sylhet,dev_cust_00573,413,3857.66,1800,1200,synthetic
cust_00574,salaried,Jessore,dev_cust_00574,131,51958.81,4200,3500,synthetic
cust_00575,elderly,Gazipur,dev_cust_00575,373,12079.33,2500,1800,synthetic
cust_00576,small_merchant,Khulna,dev_cust_00576,69,39384.75,1200,1500,synthetic
cust_00577,student,Faridpur,dev_cust_00577,742,2993.33,450,300,synthetic
cust_00578,small_merchant,Brahmanbaria,dev_cust_00578,510,53131.13,1200,1500,synthetic
cust_00579,rural_retail,Dhaka,dev_cust_00579,111,1699.54,1800,1200,synthetic
cust_00580,rural_retail,Rangpur,dev_cust_00580,183,7262.44,1800,1200,synthetic
cust_00581,rural_retail,Cox's Bazar,dev_cust_00581,570,5944.17,1800,1200,synthetic
cust_00582,small_merchant,Bogra,dev_cust_00582,273,40597.85,1200,1500,synthetic
cust_00583,rural_retail,Chittagong,dev_cust_00583,274,5908.17,1800,1200,synthetic
cust_00584,rural_retail,Cox's Bazar,dev_cust_00584,498,2159.48,1800,1200,synthetic
cust_00585,salaried,Faridpur,dev_cust_00585,641,36802.69,4200,3500,synthetic
cust_00586,student,Gazipur,dev_cust_00586,557,2225.14,450,300,synthetic
cust_00587,student,Brahmanbaria,dev_cust_00587,177,1373.82,450,300,synthetic
cust_00588,student,Dhaka,dev_cust_00588,659,1558.45,450,300,synthetic
cust_00589,student,Feni,dev_cust_00589,456,1061.94,450,300,synthetic
cust_00590,student,Narayanganj,dev_cust_00590,117,2070.45,450,300,synthetic
cust_00591,student,Dinajpur,dev_cust_00591,99,3360.21,450,300,synthetic
cust_00592,salaried,Noakhali,dev_cust_00592,549,49320.62,4200,3500,synthetic
cust_00593,student,Jamalpur,dev_cust_00593,597,561.0,450,300,synthetic
cust_00594,rural_retail,Faridpur,dev_cust_00594,74,8174.54,1800,1200,synthetic
cust_00595,elderly,Dinajpur,dev_cust_00595,289,11462.43,2500,1800,synthetic
cust_00596,rural_retail,Dinajpur,dev_cust_00596,99,5120.43,1800,1200,synthetic
cust_00597,salaried,Narayanganj,dev_cust_00597,673,15183.19,4200,3500,synthetic
cust_00598,student,Feni,dev_cust_00598,370,900.23,450,300,synthetic
cust_00599,student,Dinajpur,dev_cust_00599,589,1515.64,450,300,synthetic
cust_00600,student,Gazipur,dev_cust_00600,209,2991.15,450,300,synthetic
cust_00601,student,Narayanganj,dev_cust_00601,505,3442.46,450,300,synthetic
cust_00602,rural_retail,Faridpur,dev_cust_00602,676,3413.92,1800,1200,synthetic
cust_00603,student,Khulna,dev_cust_00603,94,2648.14,450,300,synthetic
cust_00604,student,Tangail,dev_cust_00604,67,1380.33,450,300,synthetic
cust_00605,student,Chittagong,dev_cust_00605,234,3157.37,450,300,synthetic
cust_00606,rural_retail,Jessore,dev_cust_00606,347,6911.53,1800,1200,synthetic
cust_00607,student,Noakhali,dev_cust_00607,514,1259.94,450,300,synthetic
cust_00608,rural_retail,Gazipur,dev_cust_00608,225,4504.16,1800,1200,synthetic
cust_00609,rural_retail,Chittagong,dev_cust_00609,701,4985.21,1800,1200,synthetic
cust_00610,salaried,Rajshahi,dev_cust_00610,406,31847.57,4200,3500,synthetic
cust_00611,student,Kushtia,dev_cust_00611,480,3183.91,450,300,synthetic
cust_00612,salaried,Kushtia,dev_cust_00612,377,58686.18,4200,3500,synthetic
cust_00613,salaried,Faridpur,dev_cust_00613,738,34876.17,4200,3500,synthetic
cust_00614,student,Jamalpur,dev_cust_00614,303,2903.44,450,300,synthetic
cust_00615,elderly,Pabna,dev_cust_00615,110,7028.5,2500,1800,synthetic
cust_00616,small_merchant,Barisal,dev_cust_00616,588,39970.15,1200,1500,synthetic
cust_00617,student,Rajshahi,dev_cust_00617,111,1483.76,450,300,synthetic
cust_00618,rural_retail,Bogra,dev_cust_00618,343,6182.12,1800,1200,synthetic
cust_00619,elderly,Brahmanbaria,dev_cust_00619,466,3333.03,2500,1800,synthetic
cust_00620,salaried,Tangail,dev_cust_00620,389,32356.48,4200,3500,synthetic
cust_00621,student,Dinajpur,dev_cust_00621,659,3494.45,450,300,synthetic
cust_00622,student,Comilla,dev_cust_00622,684,3440.08,450,300,synthetic
cust_00623,rural_retail,Chittagong,dev_cust_00623,106,8547.43,1800,1200,synthetic
cust_00624,rural_retail,Kushtia,dev_cust_00624,402,6887.4,1800,1200,synthetic
cust_00625,salaried,Narayanganj,dev_cust_00625,193,57639.47,4200,3500,synthetic
cust_00626,rural_retail,Khulna,dev_cust_00626,652,8619.93,1800,1200,synthetic
cust_00627,rural_retail,Tangail,dev_cust_00627,65,2825.42,1800,1200,synthetic
cust_00628,salaried,Mymensingh,dev_cust_00628,690,28316.42,4200,3500,synthetic
cust_00629,student,Kushtia,dev_cust_00629,610,597.16,450,300,synthetic
cust_00630,rural_retail,Khulna,dev_cust_00630,725,6224.19,1800,1200,synthetic
cust_00631,salaried,Dinajpur,dev_cust_00631,410,32196.96,4200,3500,synthetic
cust_00632,elderly,Sylhet,dev_cust_00632,617,2927.73,2500,1800,synthetic
cust_00633,rural_retail,Dinajpur,dev_cust_00633,437,4801.05,1800,1200,synthetic
cust_00634,rural_retail,Comilla,dev_cust_00634,285,11585.46,1800,1200,synthetic
cust_00635,student,Dhaka,dev_cust_00635,220,1997.13,450,300,synthetic
cust_00636,rural_retail,Kushtia,dev_cust_00636,605,2736.49,1800,1200,synthetic
cust_00637,rural_retail,Comilla,dev_cust_00637,750,6185.87,1800,1200,synthetic
cust_00638,student,Cox's Bazar,dev_cust_00638,322,2581.94,450,300,synthetic
cust_00639,rural_retail,Faridpur,dev_cust_00639,234,2787.69,1800,1200,synthetic
cust_00640,rural_retail,Sylhet,dev_cust_00640,492,3312.89,1800,1200,synthetic
cust_00641,student,Brahmanbaria,dev_cust_00641,485,3491.79,450,300,synthetic
cust_00642,rural_retail,Narayanganj,dev_cust_00642,357,8512.32,1800,1200,synthetic
cust_00643,student,Brahmanbaria,dev_cust_00643,96,2149.99,450,300,synthetic
cust_00644,rural_retail,Bogra,dev_cust_00644,337,10439.3,1800,1200,synthetic
cust_00645,student,Brahmanbaria,dev_cust_00645,747,2413.1,450,300,synthetic
cust_00646,elderly,Dinajpur,dev_cust_00646,550,4139.38,2500,1800,synthetic
cust_00647,salaried,Rangpur,dev_cust_00647,172,21836.81,4200,3500,synthetic
cust_00648,salaried,Faridpur,dev_cust_00648,56,28044.83,4200,3500,synthetic
cust_00649,salaried,Feni,dev_cust_00649,407,33370.29,4200,3500,synthetic
cust_00650,rural_retail,Noakhali,dev_cust_00650,162,7925.46,1800,1200,synthetic
cust_00651,student,Sylhet,dev_cust_00651,97,1427.87,450,300,synthetic
cust_00652,rural_retail,Brahmanbaria,dev_cust_00652,520,7019.8,1800,1200,synthetic
cust_00653,salaried,Pabna,dev_cust_00653,618,13687.54,4200,3500,synthetic
cust_00654,salaried,Jessore,dev_cust_00654,687,13708.25,4200,3500,synthetic
cust_00655,rural_retail,Tangail,dev_cust_00655,726,6932.28,1800,1200,synthetic
cust_00656,student,Khulna,dev_cust_00656,594,2419.38,450,300,synthetic
cust_00657,rural_retail,Barisal,dev_cust_00657,162,6042.49,1800,1200,synthetic
cust_00658,rural_retail,Chittagong,dev_cust_00658,157,6940.07,1800,1200,synthetic
cust_00659,salaried,Bogra,dev_cust_00659,198,18098.35,4200,3500,synthetic
cust_00660,salaried,Brahmanbaria,dev_cust_00660,260,27301.15,4200,3500,synthetic
cust_00661,rural_retail,Jamalpur,dev_cust_00661,320,10382.3,1800,1200,synthetic
cust_00662,small_merchant,Comilla,dev_cust_00662,231,68979.85,1200,1500,synthetic
cust_00663,salaried,Noakhali,dev_cust_00663,311,16258.51,4200,3500,synthetic
cust_00664,student,Bogra,dev_cust_00664,659,2100.43,450,300,synthetic
cust_00665,student,Jamalpur,dev_cust_00665,686,1005.91,450,300,synthetic
cust_00666,student,Feni,dev_cust_00666,187,1013.6,450,300,synthetic
cust_00667,student,Cox's Bazar,dev_cust_00667,649,1512.86,450,300,synthetic
cust_00668,student,Feni,dev_cust_00668,72,2975.71,450,300,synthetic
cust_00669,student,Dhaka,dev_cust_00669,113,636.39,450,300,synthetic
cust_00670,rural_retail,Gazipur,dev_cust_00670,620,4278.89,1800,1200,synthetic
cust_00671,student,Rangpur,dev_cust_00671,615,1749.76,450,300,synthetic
cust_00672,elderly,Gazipur,dev_cust_00672,61,7972.53,2500,1800,synthetic
cust_00673,student,Gazipur,dev_cust_00673,588,1369.01,450,300,synthetic
cust_00674,rural_retail,Bogra,dev_cust_00674,524,4071.22,1800,1200,synthetic
cust_00675,rural_retail,Narayanganj,dev_cust_00675,445,4623.06,1800,1200,synthetic
cust_00676,small_merchant,Sylhet,dev_cust_00676,735,20092.61,1200,1500,synthetic
cust_00677,student,Tangail,dev_cust_00677,455,1952.75,450,300,synthetic
cust_00678,rural_retail,Rangpur,dev_cust_00678,378,7869.93,1800,1200,synthetic
cust_00679,small_merchant,Jessore,dev_cust_00679,356,77406.98,1200,1500,synthetic
cust_00680,elderly,Dinajpur,dev_cust_00680,438,2830.73,2500,1800,synthetic
cust_00681,elderly,Dinajpur,dev_cust_00681,557,8863.12,2500,1800,synthetic
cust_00682,rural_retail,Jessore,dev_cust_00682,277,6397.96,1800,1200,synthetic
cust_00683,student,Comilla,dev_cust_00683,490,1243.76,450,300,synthetic
cust_00684,salaried,Rajshahi,dev_cust_00684,81,24510.6,4200,3500,synthetic
cust_00685,small_merchant,Kushtia,dev_cust_00685,660,50541.45,1200,1500,synthetic
cust_00686,salaried,Barisal,dev_cust_00686,365,56687.58,4200,3500,synthetic
cust_00687,salaried,Jessore,dev_cust_00687,224,48156.07,4200,3500,synthetic
cust_00688,rural_retail,Faridpur,dev_cust_00688,557,6401.56,1800,1200,synthetic
cust_00689,salaried,Bogra,dev_cust_00689,539,11158.81,4200,3500,synthetic
cust_00690,student,Kushtia,dev_cust_00690,547,1871.69,450,300,synthetic
cust_00691,rural_retail,Mymensingh,dev_cust_00691,250,7625.11,1800,1200,synthetic
cust_00692,rural_retail,Chittagong,dev_cust_00692,81,4454.24,1800,1200,synthetic
cust_00693,rural_retail,Cox's Bazar,dev_cust_00693,699,8561.47,1800,1200,synthetic
cust_00694,student,Bogra,dev_cust_00694,579,524.53,450,300,synthetic
cust_00695,student,Rajshahi,dev_cust_00695,471,901.8,450,300,synthetic
cust_00696,salaried,Comilla,dev_cust_00696,404,48192.84,4200,3500,synthetic
cust_00697,rural_retail,Dinajpur,dev_cust_00697,76,5706.11,1800,1200,synthetic
cust_00698,salaried,Feni,dev_cust_00698,605,19732.77,4200,3500,synthetic
cust_00699,student,Noakhali,dev_cust_00699,325,720.6,450,300,synthetic
cust_00700,rural_retail,Jamalpur,dev_cust_00700,491,9526.24,1800,1200,synthetic
cust_00701,rural_retail,Comilla,dev_cust_00701,668,8644.19,1800,1200,synthetic
cust_00702,student,Rajshahi,dev_cust_00702,161,3425.25,450,300,synthetic
cust_00703,rural_retail,Kushtia,dev_cust_00703,412,9846.42,1800,1200,synthetic
cust_00704,student,Jessore,dev_cust_00704,601,3316.85,450,300,synthetic
cust_00705,student,Khulna,dev_cust_00705,233,2307.39,450,300,synthetic
cust_00706,small_merchant,Kushtia,dev_cust_00706,542,18421.67,1200,1500,synthetic
cust_00707,rural_retail,Chittagong,dev_cust_00707,170,8992.71,1800,1200,synthetic
cust_00708,elderly,Faridpur,dev_cust_00708,561,7397.84,2500,1800,synthetic
cust_00709,rural_retail,Cox's Bazar,dev_cust_00709,557,2967.7,1800,1200,synthetic
cust_00710,salaried,Cox's Bazar,dev_cust_00710,356,18125.1,4200,3500,synthetic
cust_00711,salaried,Cox's Bazar,dev_cust_00711,336,39686.23,4200,3500,synthetic
cust_00712,salaried,Jamalpur,dev_cust_00712,551,36616.99,4200,3500,synthetic
cust_00713,rural_retail,Brahmanbaria,dev_cust_00713,606,4647.8,1800,1200,synthetic
cust_00714,rural_retail,Dhaka,dev_cust_00714,407,4978.02,1800,1200,synthetic
cust_00715,rural_retail,Rajshahi,dev_cust_00715,456,7628.87,1800,1200,synthetic
cust_00716,small_merchant,Brahmanbaria,dev_cust_00716,674,17265.01,1200,1500,synthetic
cust_00717,elderly,Faridpur,dev_cust_00717,301,14538.99,2500,1800,synthetic
cust_00718,small_merchant,Feni,dev_cust_00718,621,34341.17,1200,1500,synthetic
cust_00719,student,Chittagong,dev_cust_00719,627,1941.35,450,300,synthetic
cust_00720,salaried,Jamalpur,dev_cust_00720,674,46059.14,4200,3500,synthetic
cust_00721,small_merchant,Kushtia,dev_cust_00721,181,84841.21,1200,1500,synthetic
cust_00722,student,Mymensingh,dev_cust_00722,62,2217.71,450,300,synthetic
cust_00723,student,Brahmanbaria,dev_cust_00723,142,1072.35,450,300,synthetic
cust_00724,salaried,Tangail,dev_cust_00724,351,30939.01,4200,3500,synthetic
cust_00725,salaried,Pabna,dev_cust_00725,737,20194.58,4200,3500,synthetic
cust_00726,elderly,Jamalpur,dev_cust_00726,656,13887.29,2500,1800,synthetic
cust_00727,student,Chittagong,dev_cust_00727,171,2056.05,450,300,synthetic
cust_00728,salaried,Noakhali,dev_cust_00728,362,59906.14,4200,3500,synthetic
cust_00729,student,Faridpur,dev_cust_00729,568,1630.47,450,300,synthetic
cust_00730,student,Barisal,dev_cust_00730,500,3236.37,450,300,synthetic
cust_00731,student,Jessore,dev_cust_00731,589,1562.86,450,300,synthetic
cust_00732,elderly,Narayanganj,dev_cust_00732,688,12251.14,2500,1800,synthetic
cust_00733,salaried,Comilla,dev_cust_00733,654,34209.01,4200,3500,synthetic
cust_00734,rural_retail,Mymensingh,dev_cust_00734,315,7359.91,1800,1200,synthetic
cust_00735,rural_retail,Mymensingh,dev_cust_00735,334,9597.33,1800,1200,synthetic
cust_00736,elderly,Brahmanbaria,dev_cust_00736,242,10663.36,2500,1800,synthetic
cust_00737,rural_retail,Faridpur,dev_cust_00737,354,6537.94,1800,1200,synthetic
cust_00738,elderly,Noakhali,dev_cust_00738,310,5029.05,2500,1800,synthetic
cust_00739,rural_retail,Feni,dev_cust_00739,722,7203.5,1800,1200,synthetic
cust_00740,rural_retail,Kushtia,dev_cust_00740,383,11523.39,1800,1200,synthetic
cust_00741,rural_retail,Khulna,dev_cust_00741,327,1941.7,1800,1200,synthetic
cust_00742,rural_retail,Brahmanbaria,dev_cust_00742,110,5136.82,1800,1200,synthetic
cust_00743,salaried,Tangail,dev_cust_00743,701,22822.2,4200,3500,synthetic
cust_00744,rural_retail,Faridpur,dev_cust_00744,249,3621.71,1800,1200,synthetic
cust_00745,student,Noakhali,dev_cust_00745,307,3299.07,450,300,synthetic
cust_00746,elderly,Brahmanbaria,dev_cust_00746,308,2921.82,2500,1800,synthetic
cust_00747,rural_retail,Cox's Bazar,dev_cust_00747,630,4012.46,1800,1200,synthetic
cust_00748,rural_retail,Chittagong,dev_cust_00748,715,11004.43,1800,1200,synthetic
cust_00749,small_merchant,Mymensingh,dev_cust_00749,683,34791.11,1200,1500,synthetic
cust_00750,salaried,Rajshahi,dev_cust_00750,453,26514.68,4200,3500,synthetic
cust_00751,student,Faridpur,dev_cust_00751,132,2543.58,450,300,synthetic
cust_00752,small_merchant,Khulna,dev_cust_00752,35,96984.1,1200,1500,synthetic
cust_00753,salaried,Barisal,dev_cust_00753,446,42644.64,4200,3500,synthetic
cust_00754,rural_retail,Faridpur,dev_cust_00754,518,8330.66,1800,1200,synthetic
cust_00755,student,Bogra,dev_cust_00755,358,1356.25,450,300,synthetic
cust_00756,salaried,Chittagong,dev_cust_00756,121,42614.94,4200,3500,synthetic
cust_00757,salaried,Mymensingh,dev_cust_00757,577,46934.33,4200,3500,synthetic
cust_00758,rural_retail,Chittagong,dev_cust_00758,209,5887.79,1800,1200,synthetic
cust_00759,elderly,Barisal,dev_cust_00759,67,14960.41,2500,1800,synthetic
cust_00760,salaried,Kushtia,dev_cust_00760,537,19315.58,4200,3500,synthetic
cust_00761,student,Bogra,dev_cust_00761,68,527.8,450,300,synthetic
cust_00762,rural_retail,Feni,dev_cust_00762,647,2626.66,1800,1200,synthetic
cust_00763,student,Jessore,dev_cust_00763,321,1863.05,450,300,synthetic
cust_00764,salaried,Gazipur,dev_cust_00764,586,36215.93,4200,3500,synthetic
cust_00765,student,Khulna,dev_cust_00765,546,1904.06,450,300,synthetic
cust_00766,salaried,Rangpur,dev_cust_00766,145,26534.2,4200,3500,synthetic
cust_00767,salaried,Tangail,dev_cust_00767,693,22863.24,4200,3500,synthetic
cust_00768,elderly,Barisal,dev_cust_00768,44,11312.65,2500,1800,synthetic
cust_00769,rural_retail,Bogra,dev_cust_00769,611,8581.21,1800,1200,synthetic
cust_00770,elderly,Rangpur,dev_cust_00770,209,9553.36,2500,1800,synthetic
cust_00771,student,Gazipur,dev_cust_00771,445,2980.97,450,300,synthetic
cust_00772,elderly,Jamalpur,dev_cust_00772,365,2214.33,2500,1800,synthetic
cust_00773,student,Narayanganj,dev_cust_00773,127,1054.34,450,300,synthetic
cust_00774,rural_retail,Khulna,dev_cust_00774,518,4897.82,1800,1200,synthetic
cust_00775,salaried,Mymensingh,dev_cust_00775,36,23039.26,4200,3500,synthetic
cust_00776,student,Mymensingh,dev_cust_00776,487,2761.27,450,300,synthetic
cust_00777,student,Jessore,dev_cust_00777,339,2247.38,450,300,synthetic
cust_00778,salaried,Feni,dev_cust_00778,41,23077.66,4200,3500,synthetic
cust_00779,salaried,Dinajpur,dev_cust_00779,739,21815.13,4200,3500,synthetic
cust_00780,salaried,Narayanganj,dev_cust_00780,151,33269.75,4200,3500,synthetic
cust_00781,salaried,Barisal,dev_cust_00781,445,44303.68,4200,3500,synthetic
cust_00782,rural_retail,Brahmanbaria,dev_cust_00782,348,8748.05,1800,1200,synthetic
cust_00783,rural_retail,Gazipur,dev_cust_00783,332,5359.21,1800,1200,synthetic
cust_00784,rural_retail,Mymensingh,dev_cust_00784,254,11552.29,1800,1200,synthetic
cust_00785,student,Faridpur,dev_cust_00785,186,1864.94,450,300,synthetic
cust_00786,small_merchant,Cox's Bazar,dev_cust_00786,412,50346.88,1200,1500,synthetic
cust_00787,salaried,Noakhali,dev_cust_00787,512,47867.53,4200,3500,synthetic
cust_00788,rural_retail,Narayanganj,dev_cust_00788,253,9499.53,1800,1200,synthetic
cust_00789,rural_retail,Narayanganj,dev_cust_00789,640,10667.92,1800,1200,synthetic
cust_00790,small_merchant,Sylhet,dev_cust_00790,568,52973.58,1200,1500,synthetic
cust_00791,student,Brahmanbaria,dev_cust_00791,400,734.31,450,300,synthetic
cust_00792,salaried,Feni,dev_cust_00792,144,13087.9,4200,3500,synthetic
cust_00793,rural_retail,Noakhali,dev_cust_00793,547,3622.65,1800,1200,synthetic
cust_00794,salaried,Noakhali,dev_cust_00794,183,18226.86,4200,3500,synthetic
cust_00795,student,Jamalpur,dev_cust_00795,482,848.72,450,300,synthetic
cust_00796,elderly,Rangpur,dev_cust_00796,627,7843.59,2500,1800,synthetic
cust_00797,small_merchant,Jamalpur,dev_cust_00797,486,83738.83,1200,1500,synthetic
cust_00798,salaried,Tangail,dev_cust_00798,165,35662.39,4200,3500,synthetic
cust_00799,salaried,Tangail,dev_cust_00799,607,12886.84,4200,3500,synthetic
cust_00800,small_merchant,Tangail,dev_cust_00800,718,83587.8,1200,1500,synthetic
cust_00801,salaried,Dhaka,dev_cust_00801,435,22722.86,4200,3500,synthetic
cust_00802,student,Dhaka,dev_cust_00802,253,2234.93,450,300,synthetic
cust_00803,salaried,Chittagong,dev_cust_00803,463,27226.44,4200,3500,synthetic
cust_00804,salaried,Sylhet,dev_cust_00804,584,59706.18,4200,3500,synthetic
cust_00805,rural_retail,Sylhet,dev_cust_00805,513,1833.22,1800,1200,synthetic
cust_00806,salaried,Pabna,dev_cust_00806,214,48448.6,4200,3500,synthetic
cust_00807,small_merchant,Gazipur,dev_cust_00807,691,96921.52,1200,1500,synthetic
cust_00808,small_merchant,Dinajpur,dev_cust_00808,421,53125.66,1200,1500,synthetic
cust_00809,rural_retail,Kushtia,dev_cust_00809,414,2342.62,1800,1200,synthetic
cust_00810,student,Narayanganj,dev_cust_00810,582,898.97,450,300,synthetic
cust_00811,small_merchant,Dinajpur,dev_cust_00811,151,30170.26,1200,1500,synthetic
cust_00812,elderly,Noakhali,dev_cust_00812,432,8403.8,2500,1800,synthetic
cust_00813,student,Mymensingh,dev_cust_00813,33,2768.54,450,300,synthetic
cust_00814,small_merchant,Bogra,dev_cust_00814,504,72247.49,1200,1500,synthetic
cust_00815,elderly,Noakhali,dev_cust_00815,464,8447.07,2500,1800,synthetic
cust_00816,rural_retail,Mymensingh,dev_cust_00816,283,6336.57,1800,1200,synthetic
cust_00817,salaried,Khulna,dev_cust_00817,312,19424.02,4200,3500,synthetic
cust_00818,rural_retail,Rajshahi,dev_cust_00818,62,9999.52,1800,1200,synthetic
cust_00819,student,Pabna,dev_cust_00819,659,2798.16,450,300,synthetic
cust_00820,rural_retail,Dhaka,dev_cust_00820,276,3663.86,1800,1200,synthetic
cust_00821,elderly,Rajshahi,dev_cust_00821,638,1470.07,2500,1800,synthetic
cust_00822,student,Cox's Bazar,dev_cust_00822,718,2609.86,450,300,synthetic
cust_00823,rural_retail,Chittagong,dev_cust_00823,280,9275.68,1800,1200,synthetic
cust_00824,rural_retail,Kushtia,dev_cust_00824,479,3960.56,1800,1200,synthetic
cust_00825,rural_retail,Rangpur,dev_cust_00825,87,2971.42,1800,1200,synthetic
cust_00826,small_merchant,Bogra,dev_cust_00826,269,84341.83,1200,1500,synthetic
cust_00827,rural_retail,Feni,dev_cust_00827,356,7563.49,1800,1200,synthetic
cust_00828,rural_retail,Narayanganj,dev_cust_00828,358,3987.49,1800,1200,synthetic
cust_00829,salaried,Khulna,dev_cust_00829,706,36062.55,4200,3500,synthetic
cust_00830,rural_retail,Pabna,dev_cust_00830,337,4389.12,1800,1200,synthetic
cust_00831,student,Noakhali,dev_cust_00831,635,3139.14,450,300,synthetic
cust_00832,rural_retail,Barisal,dev_cust_00832,671,8626.88,1800,1200,synthetic
cust_00833,student,Noakhali,dev_cust_00833,537,640.65,450,300,synthetic
cust_00834,student,Dinajpur,dev_cust_00834,688,2514.03,450,300,synthetic
cust_00835,rural_retail,Jamalpur,dev_cust_00835,356,8811.24,1800,1200,synthetic
cust_00836,rural_retail,Pabna,dev_cust_00836,182,4648.83,1800,1200,synthetic
cust_00837,small_merchant,Barisal,dev_cust_00837,580,55249.1,1200,1500,synthetic
cust_00838,rural_retail,Mymensingh,dev_cust_00838,337,10504.18,1800,1200,synthetic
cust_00839,salaried,Khulna,dev_cust_00839,504,55737.06,4200,3500,synthetic
cust_00840,salaried,Noakhali,dev_cust_00840,452,58389.31,4200,3500,synthetic
cust_00841,student,Noakhali,dev_cust_00841,572,902.28,450,300,synthetic
cust_00842,salaried,Mymensingh,dev_cust_00842,291,20166.84,4200,3500,synthetic
cust_00843,student,Gazipur,dev_cust_00843,110,3266.68,450,300,synthetic
cust_00844,small_merchant,Dinajpur,dev_cust_00844,124,60529.02,1200,1500,synthetic
cust_00845,student,Rangpur,dev_cust_00845,82,1305.38,450,300,synthetic
cust_00846,rural_retail,Narayanganj,dev_cust_00846,649,7830.68,1800,1200,synthetic
cust_00847,student,Sylhet,dev_cust_00847,222,2913.95,450,300,synthetic
cust_00848,small_merchant,Feni,dev_cust_00848,717,62502.29,1200,1500,synthetic
cust_00849,rural_retail,Faridpur,dev_cust_00849,243,10629.48,1800,1200,synthetic
cust_00850,salaried,Jessore,dev_cust_00850,340,57850.99,4200,3500,synthetic
cust_00851,student,Dhaka,dev_cust_00851,246,3311.48,450,300,synthetic
cust_00852,salaried,Rajshahi,dev_cust_00852,520,55722.06,4200,3500,synthetic
cust_00853,student,Brahmanbaria,dev_cust_00853,648,2611.31,450,300,synthetic
cust_00854,elderly,Kushtia,dev_cust_00854,275,8729.11,2500,1800,synthetic
cust_00855,student,Bogra,dev_cust_00855,419,1898.75,450,300,synthetic
cust_00856,student,Gazipur,dev_cust_00856,397,1425.27,450,300,synthetic
cust_00857,student,Dinajpur,dev_cust_00857,555,3148.44,450,300,synthetic
cust_00858,rural_retail,Tangail,dev_cust_00858,130,9929.57,1800,1200,synthetic
cust_00859,salaried,Faridpur,dev_cust_00859,357,55716.52,4200,3500,synthetic
cust_00860,student,Dinajpur,dev_cust_00860,350,1741.79,450,300,synthetic
cust_00861,salaried,Feni,dev_cust_00861,256,47062.62,4200,3500,synthetic
cust_00862,rural_retail,Dhaka,dev_cust_00862,297,7309.77,1800,1200,synthetic
cust_00863,rural_retail,Feni,dev_cust_00863,623,9060.13,1800,1200,synthetic
cust_00864,rural_retail,Bogra,dev_cust_00864,186,3560.01,1800,1200,synthetic
cust_00865,rural_retail,Mymensingh,dev_cust_00865,418,7482.79,1800,1200,synthetic
cust_00866,salaried,Mymensingh,dev_cust_00866,541,37532.13,4200,3500,synthetic
cust_00867,student,Narayanganj,dev_cust_00867,375,1271.98,450,300,synthetic
cust_00868,student,Faridpur,dev_cust_00868,687,2718.78,450,300,synthetic
cust_00869,elderly,Tangail,dev_cust_00869,202,11258.81,2500,1800,synthetic
cust_00870,small_merchant,Dinajpur,dev_cust_00870,203,26896.47,1200,1500,synthetic
cust_00871,rural_retail,Noakhali,dev_cust_00871,530,3432.5,1800,1200,synthetic
cust_00872,rural_retail,Noakhali,dev_cust_00872,687,11550.99,1800,1200,synthetic
cust_00873,salaried,Jamalpur,dev_cust_00873,64,51953.42,4200,3500,synthetic
cust_00874,rural_retail,Sylhet,dev_cust_00874,714,2009.4,1800,1200,synthetic
cust_00875,student,Dhaka,dev_cust_00875,452,912.47,450,300,synthetic
cust_00876,student,Gazipur,dev_cust_00876,266,703.9,450,300,synthetic
cust_00877,salaried,Khulna,dev_cust_00877,39,20935.98,4200,3500,synthetic
cust_00878,salaried,Tangail,dev_cust_00878,412,13022.51,4200,3500,synthetic
cust_00879,student,Gazipur,dev_cust_00879,712,3301.71,450,300,synthetic
cust_00880,student,Faridpur,dev_cust_00880,705,1963.56,450,300,synthetic
cust_00881,student,Dhaka,dev_cust_00881,574,2154.93,450,300,synthetic
cust_00882,salaried,Dhaka,dev_cust_00882,47,36470.88,4200,3500,synthetic
cust_00883,student,Comilla,dev_cust_00883,578,3432.44,450,300,synthetic
cust_00884,student,Dhaka,dev_cust_00884,544,2939.47,450,300,synthetic
cust_00885,salaried,Narayanganj,dev_cust_00885,470,50308.38,4200,3500,synthetic
cust_00886,student,Barisal,dev_cust_00886,139,3254.15,450,300,synthetic
cust_00887,salaried,Jamalpur,dev_cust_00887,182,22048.44,4200,3500,synthetic
cust_00888,student,Cox's Bazar,dev_cust_00888,569,1257.25,450,300,synthetic
cust_00889,student,Dinajpur,dev_cust_00889,303,2884.81,450,300,synthetic
cust_00890,student,Sylhet,dev_cust_00890,412,3377.89,450,300,synthetic
cust_00891,salaried,Tangail,dev_cust_00891,608,22160.39,4200,3500,synthetic
cust_00892,elderly,Brahmanbaria,dev_cust_00892,261,5199.64,2500,1800,synthetic
cust_00893,elderly,Sylhet,dev_cust_00893,699,14883.45,2500,1800,synthetic
cust_00894,rural_retail,Gazipur,dev_cust_00894,62,2481.76,1800,1200,synthetic
cust_00895,salaried,Kushtia,dev_cust_00895,416,37635.07,4200,3500,synthetic
cust_00896,student,Chittagong,dev_cust_00896,682,528.35,450,300,synthetic
cust_00897,rural_retail,Barisal,dev_cust_00897,114,6748.51,1800,1200,synthetic
cust_00898,elderly,Pabna,dev_cust_00898,690,11981.27,2500,1800,synthetic
cust_00899,student,Feni,dev_cust_00899,127,3184.37,450,300,synthetic
cust_00900,student,Chittagong,dev_cust_00900,265,1134.25,450,300,synthetic
cust_00901,student,Brahmanbaria,dev_cust_00901,610,1926.5,450,300,synthetic
cust_00902,student,Chittagong,dev_cust_00902,106,2553.29,450,300,synthetic
cust_00903,student,Comilla,dev_cust_00903,586,2190.53,450,300,synthetic
cust_00904,salaried,Chittagong,dev_cust_00904,213,56438.32,4200,3500,synthetic
cust_00905,rural_retail,Jessore,dev_cust_00905,46,11595.43,1800,1200,synthetic
cust_00906,elderly,Feni,dev_cust_00906,177,11531.56,2500,1800,synthetic
cust_00907,elderly,Brahmanbaria,dev_cust_00907,437,14004.25,2500,1800,synthetic
cust_00908,rural_retail,Bogra,dev_cust_00908,196,7421.56,1800,1200,synthetic
cust_00909,rural_retail,Feni,dev_cust_00909,428,8608.87,1800,1200,synthetic
cust_00910,rural_retail,Noakhali,dev_cust_00910,369,5530.39,1800,1200,synthetic
cust_00911,salaried,Khulna,dev_cust_00911,735,46208.18,4200,3500,synthetic
cust_00912,rural_retail,Jamalpur,dev_cust_00912,384,2063.81,1800,1200,synthetic
cust_00913,salaried,Pabna,dev_cust_00913,267,51933.73,4200,3500,synthetic
cust_00914,rural_retail,Jessore,dev_cust_00914,649,9574.56,1800,1200,synthetic
cust_00915,salaried,Cox's Bazar,dev_cust_00915,436,58446.03,4200,3500,synthetic
cust_00916,rural_retail,Jessore,dev_cust_00916,60,8158.29,1800,1200,synthetic
cust_00917,rural_retail,Tangail,dev_cust_00917,532,3895.45,1800,1200,synthetic
cust_00918,small_merchant,Noakhali,dev_cust_00918,414,51707.08,1200,1500,synthetic
cust_00919,salaried,Narayanganj,dev_cust_00919,629,43033.6,4200,3500,synthetic
cust_00920,student,Sylhet,dev_cust_00920,663,1386.14,450,300,synthetic
cust_00921,elderly,Mymensingh,dev_cust_00921,105,2148.53,2500,1800,synthetic
cust_00922,rural_retail,Khulna,dev_cust_00922,419,8972.61,1800,1200,synthetic
cust_00923,elderly,Gazipur,dev_cust_00923,187,11355.17,2500,1800,synthetic
cust_00924,salaried,Jessore,dev_cust_00924,399,15327.55,4200,3500,synthetic
cust_00925,rural_retail,Dhaka,dev_cust_00925,345,6169.73,1800,1200,synthetic
cust_00926,student,Comilla,dev_cust_00926,134,897.52,450,300,synthetic
cust_00927,rural_retail,Barisal,dev_cust_00927,471,6212.86,1800,1200,synthetic
cust_00928,rural_retail,Noakhali,dev_cust_00928,554,5784.46,1800,1200,synthetic
cust_00929,salaried,Dhaka,dev_cust_00929,121,27695.71,4200,3500,synthetic
cust_00930,rural_retail,Sylhet,dev_cust_00930,641,7779.46,1800,1200,synthetic
cust_00931,student,Jessore,dev_cust_00931,424,537.02,450,300,synthetic
cust_00932,elderly,Pabna,dev_cust_00932,427,11908.37,2500,1800,synthetic
cust_00933,small_merchant,Noakhali,dev_cust_00933,278,63616.64,1200,1500,synthetic
cust_00934,rural_retail,Barisal,dev_cust_00934,731,5497.69,1800,1200,synthetic
cust_00935,student,Khulna,dev_cust_00935,305,1403.39,450,300,synthetic
cust_00936,rural_retail,Faridpur,dev_cust_00936,179,2164.31,1800,1200,synthetic
cust_00937,student,Pabna,dev_cust_00937,312,1763.31,450,300,synthetic
cust_00938,small_merchant,Faridpur,dev_cust_00938,108,45695.62,1200,1500,synthetic
cust_00939,student,Mymensingh,dev_cust_00939,670,1987.41,450,300,synthetic
cust_00940,salaried,Cox's Bazar,dev_cust_00940,230,32893.08,4200,3500,synthetic
cust_00941,rural_retail,Khulna,dev_cust_00941,341,1571.06,1800,1200,synthetic
cust_00942,salaried,Kushtia,dev_cust_00942,370,52080.67,4200,3500,synthetic
cust_00943,salaried,Kushtia,dev_cust_00943,367,32011.15,4200,3500,synthetic
cust_00944,elderly,Pabna,dev_cust_00944,696,14639.16,2500,1800,synthetic
cust_00945,student,Khulna,dev_cust_00945,337,1462.0,450,300,synthetic
cust_00946,student,Brahmanbaria,dev_cust_00946,235,1937.03,450,300,synthetic
cust_00947,student,Barisal,dev_cust_00947,437,3406.18,450,300,synthetic
cust_00948,small_merchant,Bogra,dev_cust_00948,741,68796.71,1200,1500,synthetic
cust_00949,elderly,Feni,dev_cust_00949,278,5562.41,2500,1800,synthetic
cust_00950,salaried,Comilla,dev_cust_00950,432,28250.78,4200,3500,synthetic
cust_00951,salaried,Feni,dev_cust_00951,234,39611.35,4200,3500,synthetic
cust_00952,salaried,Noakhali,dev_cust_00952,214,44085.63,4200,3500,synthetic
cust_00953,student,Noakhali,dev_cust_00953,57,3359.01,450,300,synthetic
cust_00954,small_merchant,Tangail,dev_cust_00954,244,52268.67,1200,1500,synthetic
cust_00955,rural_retail,Bogra,dev_cust_00955,739,2226.17,1800,1200,synthetic
cust_00956,rural_retail,Pabna,dev_cust_00956,719,6742.68,1800,1200,synthetic
cust_00957,rural_retail,Gazipur,dev_cust_00957,340,4041.22,1800,1200,synthetic
cust_00958,student,Narayanganj,dev_cust_00958,187,2645.71,450,300,synthetic
cust_00959,student,Kushtia,dev_cust_00959,105,1847.2,450,300,synthetic
cust_00960,salaried,Cox's Bazar,dev_cust_00960,520,39112.2,4200,3500,synthetic
cust_00961,student,Noakhali,dev_cust_00961,548,3270.49,450,300,synthetic
cust_00962,salaried,Brahmanbaria,dev_cust_00962,458,37182.26,4200,3500,synthetic
cust_00963,student,Dinajpur,dev_cust_00963,748,3186.5,450,300,synthetic
cust_00964,rural_retail,Noakhali,dev_cust_00964,638,8200.89,1800,1200,synthetic
cust_00965,rural_retail,Sylhet,dev_cust_00965,141,9574.02,1800,1200,synthetic
cust_00966,rural_retail,Narayanganj,dev_cust_00966,710,5227.59,1800,1200,synthetic
cust_00967,salaried,Gazipur,dev_cust_00967,657,12214.83,4200,3500,synthetic
cust_00968,rural_retail,Gazipur,dev_cust_00968,723,8290.81,1800,1200,synthetic
cust_00969,salaried,Jessore,dev_cust_00969,470,15297.23,4200,3500,synthetic
cust_00970,rural_retail,Rajshahi,dev_cust_00970,294,3831.01,1800,1200,synthetic
cust_00971,salaried,Jamalpur,dev_cust_00971,601,39025.91,4200,3500,synthetic
cust_00972,small_merchant,Feni,dev_cust_00972,256,52891.18,1200,1500,synthetic
cust_00973,salaried,Kushtia,dev_cust_00973,504,48617.11,4200,3500,synthetic
cust_00974,student,Feni,dev_cust_00974,737,2001.4,450,300,synthetic
cust_00975,student,Dinajpur,dev_cust_00975,55,1948.31,450,300,synthetic
cust_00976,rural_retail,Bogra,dev_cust_00976,455,11165.75,1800,1200,synthetic
cust_00977,salaried,Sylhet,dev_cust_00977,148,51565.89,4200,3500,synthetic
cust_00978,student,Khulna,dev_cust_00978,386,1435.67,450,300,synthetic
cust_00979,rural_retail,Tangail,dev_cust_00979,241,6971.71,1800,1200,synthetic
cust_00980,salaried,Dinajpur,dev_cust_00980,517,14881.15,4200,3500,synthetic
cust_00981,rural_retail,Brahmanbaria,dev_cust_00981,493,4848.55,1800,1200,synthetic
cust_00982,salaried,Bogra,dev_cust_00982,75,50509.3,4200,3500,synthetic
cust_00983,student,Rajshahi,dev_cust_00983,53,3047.54,450,300,synthetic
cust_00984,student,Gazipur,dev_cust_00984,141,2531.42,450,300,synthetic
cust_00985,salaried,Barisal,dev_cust_00985,279,35799.7,4200,3500,synthetic
cust_00986,rural_retail,Noakhali,dev_cust_00986,193,4975.39,1800,1200,synthetic
cust_00987,salaried,Pabna,dev_cust_00987,503,21592.78,4200,3500,synthetic
cust_00988,rural_retail,Kushtia,dev_cust_00988,674,3436.74,1800,1200,synthetic
cust_00989,student,Gazipur,dev_cust_00989,703,1796.4,450,300,synthetic
cust_00990,elderly,Dhaka,dev_cust_00990,658,13363.36,2500,1800,synthetic
cust_00991,salaried,Tangail,dev_cust_00991,636,31477.64,4200,3500,synthetic
cust_00992,salaried,Dhaka,dev_cust_00992,249,20289.22,4200,3500,synthetic
cust_00993,rural_retail,Brahmanbaria,dev_cust_00993,94,7562.15,1800,1200,synthetic
cust_00994,salaried,Noakhali,dev_cust_00994,221,28289.65,4200,3500,synthetic
cust_00995,rural_retail,Rangpur,dev_cust_00995,498,2696.53,1800,1200,synthetic
cust_00996,student,Narayanganj,dev_cust_00996,531,2083.15,450,300,synthetic
cust_00997,small_merchant,Gazipur,dev_cust_00997,350,65742.52,1200,1500,synthetic
cust_00998,student,Cox's Bazar,dev_cust_00998,431,2261.01,450,300,synthetic
cust_00999,small_merchant,Dinajpur,dev_cust_00999,390,86869.01,1200,1500,synthetic
cust_01000,rural_retail,Cox's Bazar,dev_cust_01000,206,10044.25,1800,1200,synthetic
cust_01001,student,Brahmanbaria,dev_cust_01001,334,3256.05,450,300,synthetic
cust_01002,rural_retail,Feni,dev_cust_01002,116,8557.16,1800,1200,synthetic
cust_01003,elderly,Jessore,dev_cust_01003,150,4340.02,2500,1800,synthetic
cust_01004,salaried,Rajshahi,dev_cust_01004,217,28665.3,4200,3500,synthetic
cust_01005,elderly,Khulna,dev_cust_01005,553,6438.49,2500,1800,synthetic
cust_01006,salaried,Cox's Bazar,dev_cust_01006,171,38740.3,4200,3500,synthetic
cust_01007,salaried,Pabna,dev_cust_01007,220,34333.51,4200,3500,synthetic
cust_01008,elderly,Noakhali,dev_cust_01008,740,13868.25,2500,1800,synthetic
cust_01009,student,Barisal,dev_cust_01009,598,1000.6,450,300,synthetic
cust_01010,rural_retail,Bogra,dev_cust_01010,173,3464.54,1800,1200,synthetic
cust_01011,student,Tangail,dev_cust_01011,664,660.83,450,300,synthetic
cust_01012,small_merchant,Dinajpur,dev_cust_01012,39,56191.76,1200,1500,synthetic
cust_01013,small_merchant,Rangpur,dev_cust_01013,423,96925.47,1200,1500,synthetic
cust_01014,student,Jamalpur,dev_cust_01014,698,1984.91,450,300,synthetic
cust_01015,salaried,Narayanganj,dev_cust_01015,533,30781.52,4200,3500,synthetic
cust_01016,small_merchant,Tangail,dev_cust_01016,530,29216.55,1200,1500,synthetic
cust_01017,student,Feni,dev_cust_01017,61,2887.64,450,300,synthetic
cust_01018,salaried,Mymensingh,dev_cust_01018,329,11634.75,4200,3500,synthetic
cust_01019,small_merchant,Mymensingh,dev_cust_01019,580,39536.98,1200,1500,synthetic
cust_01020,student,Tangail,dev_cust_01020,609,2727.55,450,300,synthetic
cust_01021,salaried,Faridpur,dev_cust_01021,592,35540.3,4200,3500,synthetic
cust_01022,rural_retail,Feni,dev_cust_01022,146,4312.83,1800,1200,synthetic
cust_01023,small_merchant,Noakhali,dev_cust_01023,405,61073.69,1200,1500,synthetic
cust_01024,small_merchant,Chittagong,dev_cust_01024,481,61440.03,1200,1500,synthetic
cust_01025,small_merchant,Pabna,dev_cust_01025,134,77559.04,1200,1500,synthetic
cust_01026,rural_retail,Gazipur,dev_cust_01026,283,4625.94,1800,1200,synthetic
cust_01027,elderly,Chittagong,dev_cust_01027,490,4679.41,2500,1800,synthetic
cust_01028,elderly,Sylhet,dev_cust_01028,479,13114.07,2500,1800,synthetic
cust_01029,rural_retail,Rajshahi,dev_cust_01029,272,3703.72,1800,1200,synthetic
cust_01030,elderly,Feni,dev_cust_01030,735,5908.83,2500,1800,synthetic
cust_01031,student,Brahmanbaria,dev_cust_01031,654,2398.31,450,300,synthetic
cust_01032,salaried,Barisal,dev_cust_01032,660,16961.75,4200,3500,synthetic
cust_01033,student,Rangpur,dev_cust_01033,241,2916.32,450,300,synthetic
cust_01034,student,Feni,dev_cust_01034,389,2096.84,450,300,synthetic
cust_01035,student,Cox's Bazar,dev_cust_01035,581,1005.13,450,300,synthetic
cust_01036,salaried,Brahmanbaria,dev_cust_01036,329,24466.66,4200,3500,synthetic
cust_01037,rural_retail,Comilla,dev_cust_01037,556,11847.63,1800,1200,synthetic
cust_01038,salaried,Narayanganj,dev_cust_01038,127,16779.45,4200,3500,synthetic
cust_01039,student,Pabna,dev_cust_01039,90,3477.46,450,300,synthetic
cust_01040,rural_retail,Gazipur,dev_cust_01040,159,8864.98,1800,1200,synthetic
cust_01041,rural_retail,Khulna,dev_cust_01041,285,3035.56,1800,1200,synthetic
cust_01042,salaried,Jessore,dev_cust_01042,283,48073.68,4200,3500,synthetic
cust_01043,rural_retail,Narayanganj,dev_cust_01043,432,6639.32,1800,1200,synthetic
cust_01044,salaried,Feni,dev_cust_01044,677,23435.86,4200,3500,synthetic
cust_01045,elderly,Pabna,dev_cust_01045,414,7327.88,2500,1800,synthetic
cust_01046,salaried,Gazipur,dev_cust_01046,125,30142.54,4200,3500,synthetic
cust_01047,student,Comilla,dev_cust_01047,741,3309.01,450,300,synthetic
cust_01048,student,Dinajpur,dev_cust_01048,495,3350.76,450,300,synthetic
cust_01049,elderly,Jessore,dev_cust_01049,625,1034.62,2500,1800,synthetic
cust_01050,student,Sylhet,dev_cust_01050,499,2404.52,450,300,synthetic
cust_01051,elderly,Brahmanbaria,dev_cust_01051,396,12901.49,2500,1800,synthetic
cust_01052,rural_retail,Noakhali,dev_cust_01052,437,3787.21,1800,1200,synthetic
cust_01053,small_merchant,Pabna,dev_cust_01053,246,57050.77,1200,1500,synthetic
cust_01054,salaried,Jessore,dev_cust_01054,320,26887.76,4200,3500,synthetic
cust_01055,small_merchant,Feni,dev_cust_01055,163,63122.08,1200,1500,synthetic
cust_01056,rural_retail,Faridpur,dev_cust_01056,381,10888.62,1800,1200,synthetic
cust_01057,salaried,Chittagong,dev_cust_01057,77,14978.74,4200,3500,synthetic
cust_01058,rural_retail,Tangail,dev_cust_01058,46,2804.49,1800,1200,synthetic
cust_01059,rural_retail,Barisal,dev_cust_01059,481,6293.44,1800,1200,synthetic
cust_01060,salaried,Pabna,dev_cust_01060,237,59784.7,4200,3500,synthetic
cust_01061,elderly,Khulna,dev_cust_01061,695,5226.12,2500,1800,synthetic
cust_01062,small_merchant,Comilla,dev_cust_01062,125,70639.98,1200,1500,synthetic
cust_01063,salaried,Comilla,dev_cust_01063,114,28592.19,4200,3500,synthetic
cust_01064,rural_retail,Gazipur,dev_cust_01064,199,2043.77,1800,1200,synthetic
cust_01065,rural_retail,Gazipur,dev_cust_01065,342,9122.88,1800,1200,synthetic
cust_01066,salaried,Mymensingh,dev_cust_01066,469,42774.26,4200,3500,synthetic
cust_01067,student,Brahmanbaria,dev_cust_01067,127,503.26,450,300,synthetic
cust_01068,student,Faridpur,dev_cust_01068,109,898.1,450,300,synthetic
cust_01069,rural_retail,Mymensingh,dev_cust_01069,561,8639.82,1800,1200,synthetic
cust_01070,rural_retail,Dhaka,dev_cust_01070,38,8803.77,1800,1200,synthetic
cust_01071,rural_retail,Rajshahi,dev_cust_01071,462,8787.33,1800,1200,synthetic
cust_01072,student,Faridpur,dev_cust_01072,102,1186.84,450,300,synthetic
cust_01073,student,Sylhet,dev_cust_01073,134,809.6,450,300,synthetic
cust_01074,student,Dinajpur,dev_cust_01074,336,911.39,450,300,synthetic
cust_01075,small_merchant,Khulna,dev_cust_01075,686,99399.91,1200,1500,synthetic
cust_01076,rural_retail,Khulna,dev_cust_01076,100,7070.34,1800,1200,synthetic
cust_01077,rural_retail,Dhaka,dev_cust_01077,654,8325.21,1800,1200,synthetic
cust_01078,salaried,Tangail,dev_cust_01078,389,46121.6,4200,3500,synthetic
cust_01079,student,Gazipur,dev_cust_01079,185,3259.68,450,300,synthetic
cust_01080,small_merchant,Cox's Bazar,dev_cust_01080,733,52602.63,1200,1500,synthetic
cust_01081,salaried,Rangpur,dev_cust_01081,118,54829.65,4200,3500,synthetic
cust_01082,student,Khulna,dev_cust_01082,156,2268.72,450,300,synthetic
cust_01083,rural_retail,Kushtia,dev_cust_01083,389,11614.11,1800,1200,synthetic
cust_01084,elderly,Jessore,dev_cust_01084,173,4469.01,2500,1800,synthetic
cust_01085,small_merchant,Gazipur,dev_cust_01085,116,36094.2,1200,1500,synthetic
cust_01086,rural_retail,Cox's Bazar,dev_cust_01086,644,9072.39,1800,1200,synthetic
cust_01087,salaried,Bogra,dev_cust_01087,737,11341.22,4200,3500,synthetic
cust_01088,student,Narayanganj,dev_cust_01088,338,1116.34,450,300,synthetic
cust_01089,small_merchant,Cox's Bazar,dev_cust_01089,551,31034.95,1200,1500,synthetic
cust_01090,student,Kushtia,dev_cust_01090,332,2438.51,450,300,synthetic
cust_01091,small_merchant,Mymensingh,dev_cust_01091,536,47800.27,1200,1500,synthetic
cust_01092,salaried,Mymensingh,dev_cust_01092,541,41904.12,4200,3500,synthetic
cust_01093,salaried,Sylhet,dev_cust_01093,570,54436.23,4200,3500,synthetic
cust_01094,rural_retail,Dhaka,dev_cust_01094,399,11306.21,1800,1200,synthetic
cust_01095,student,Khulna,dev_cust_01095,426,3082.44,450,300,synthetic
cust_01096,student,Feni,dev_cust_01096,460,1596.24,450,300,synthetic
cust_01097,student,Narayanganj,dev_cust_01097,206,2788.18,450,300,synthetic
cust_01098,student,Sylhet,dev_cust_01098,47,2262.09,450,300,synthetic
cust_01099,salaried,Dhaka,dev_cust_01099,298,20787.15,4200,3500,synthetic
cust_01100,rural_retail,Chittagong,dev_cust_01100,437,6819.41,1800,1200,synthetic
cust_01101,student,Gazipur,dev_cust_01101,543,2801.33,450,300,synthetic
cust_01102,small_merchant,Pabna,dev_cust_01102,748,49193.58,1200,1500,synthetic
cust_01103,elderly,Gazipur,dev_cust_01103,579,8527.18,2500,1800,synthetic
cust_01104,small_merchant,Khulna,dev_cust_01104,314,22105.75,1200,1500,synthetic
cust_01105,small_merchant,Sylhet,dev_cust_01105,553,93278.61,1200,1500,synthetic
cust_01106,student,Khulna,dev_cust_01106,579,1480.25,450,300,synthetic
cust_01107,rural_retail,Feni,dev_cust_01107,679,9513.85,1800,1200,synthetic
cust_01108,salaried,Gazipur,dev_cust_01108,727,42157.73,4200,3500,synthetic
cust_01109,salaried,Bogra,dev_cust_01109,745,31874.3,4200,3500,synthetic
cust_01110,student,Mymensingh,dev_cust_01110,89,1233.44,450,300,synthetic
cust_01111,elderly,Pabna,dev_cust_01111,148,7347.21,2500,1800,synthetic
cust_01112,student,Cox's Bazar,dev_cust_01112,86,1427.87,450,300,synthetic
cust_01113,student,Narayanganj,dev_cust_01113,209,858.33,450,300,synthetic
cust_01114,rural_retail,Brahmanbaria,dev_cust_01114,170,8865.75,1800,1200,synthetic
cust_01115,salaried,Barisal,dev_cust_01115,538,57650.81,4200,3500,synthetic
cust_01116,salaried,Jamalpur,dev_cust_01116,559,49149.36,4200,3500,synthetic
cust_01117,student,Comilla,dev_cust_01117,200,1615.61,450,300,synthetic
cust_01118,elderly,Comilla,dev_cust_01118,150,11800.02,2500,1800,synthetic
cust_01119,rural_retail,Dhaka,dev_cust_01119,373,9974.63,1800,1200,synthetic
cust_01120,student,Comilla,dev_cust_01120,566,691.62,450,300,synthetic
cust_01121,elderly,Brahmanbaria,dev_cust_01121,620,9785.46,2500,1800,synthetic
cust_01122,small_merchant,Faridpur,dev_cust_01122,496,58416.46,1200,1500,synthetic
cust_01123,elderly,Chittagong,dev_cust_01123,541,13031.04,2500,1800,synthetic
cust_01124,elderly,Barisal,dev_cust_01124,406,3202.34,2500,1800,synthetic
cust_01125,salaried,Rajshahi,dev_cust_01125,617,43706.02,4200,3500,synthetic
cust_01126,salaried,Rajshahi,dev_cust_01126,263,47039.0,4200,3500,synthetic
cust_01127,student,Dhaka,dev_cust_01127,75,3076.07,450,300,synthetic
cust_01128,rural_retail,Dhaka,dev_cust_01128,280,1982.81,1800,1200,synthetic
cust_01129,rural_retail,Dinajpur,dev_cust_01129,422,11162.38,1800,1200,synthetic
cust_01130,rural_retail,Barisal,dev_cust_01130,66,7305.08,1800,1200,synthetic
cust_01131,salaried,Brahmanbaria,dev_cust_01131,701,30968.47,4200,3500,synthetic
cust_01132,rural_retail,Jessore,dev_cust_01132,284,5870.69,1800,1200,synthetic
cust_01133,student,Jessore,dev_cust_01133,307,2977.99,450,300,synthetic
cust_01134,student,Feni,dev_cust_01134,411,858.2,450,300,synthetic
cust_01135,salaried,Narayanganj,dev_cust_01135,83,18967.22,4200,3500,synthetic
cust_01136,student,Jamalpur,dev_cust_01136,77,3362.24,450,300,synthetic
cust_01137,elderly,Sylhet,dev_cust_01137,506,13124.45,2500,1800,synthetic
cust_01138,rural_retail,Bogra,dev_cust_01138,365,2407.05,1800,1200,synthetic
cust_01139,rural_retail,Tangail,dev_cust_01139,38,5373.65,1800,1200,synthetic
cust_01140,salaried,Bogra,dev_cust_01140,607,49225.36,4200,3500,synthetic
cust_01141,elderly,Cox's Bazar,dev_cust_01141,278,7494.97,2500,1800,synthetic
cust_01142,rural_retail,Feni,dev_cust_01142,535,11976.76,1800,1200,synthetic
cust_01143,salaried,Rangpur,dev_cust_01143,589,48024.11,4200,3500,synthetic
cust_01144,salaried,Mymensingh,dev_cust_01144,184,10318.89,4200,3500,synthetic
cust_01145,rural_retail,Pabna,dev_cust_01145,54,3946.48,1800,1200,synthetic
cust_01146,elderly,Dinajpur,dev_cust_01146,681,12754.04,2500,1800,synthetic
cust_01147,salaried,Dhaka,dev_cust_01147,373,10073.1,4200,3500,synthetic
cust_01148,salaried,Narayanganj,dev_cust_01148,415,52450.3,4200,3500,synthetic
cust_01149,elderly,Bogra,dev_cust_01149,136,3872.72,2500,1800,synthetic
cust_01150,elderly,Mymensingh,dev_cust_01150,459,7888.4,2500,1800,synthetic
cust_01151,salaried,Chittagong,dev_cust_01151,175,45582.62,4200,3500,synthetic
cust_01152,elderly,Sylhet,dev_cust_01152,74,13897.84,2500,1800,synthetic
cust_01153,salaried,Jamalpur,dev_cust_01153,452,45042.35,4200,3500,synthetic
cust_01154,salaried,Dinajpur,dev_cust_01154,499,58727.74,4200,3500,synthetic
cust_01155,salaried,Sylhet,dev_cust_01155,624,14778.85,4200,3500,synthetic
cust_01156,salaried,Khulna,dev_cust_01156,682,50998.14,4200,3500,synthetic
cust_01157,student,Sylhet,dev_cust_01157,636,2203.46,450,300,synthetic
cust_01158,elderly,Pabna,dev_cust_01158,708,14499.06,2500,1800,synthetic
cust_01159,elderly,Mymensingh,dev_cust_01159,328,4653.87,2500,1800,synthetic
cust_01160,student,Jessore,dev_cust_01160,432,2602.18,450,300,synthetic
cust_01161,elderly,Jessore,dev_cust_01161,355,7338.61,2500,1800,synthetic
cust_01162,student,Mymensingh,dev_cust_01162,106,3330.66,450,300,synthetic
cust_01163,rural_retail,Khulna,dev_cust_01163,628,2644.21,1800,1200,synthetic
cust_01164,salaried,Rajshahi,dev_cust_01164,198,32478.34,4200,3500,synthetic
cust_01165,student,Jessore,dev_cust_01165,446,862.21,450,300,synthetic
cust_01166,elderly,Dinajpur,dev_cust_01166,242,7326.84,2500,1800,synthetic
cust_01167,elderly,Tangail,dev_cust_01167,301,12934.75,2500,1800,synthetic
cust_01168,rural_retail,Sylhet,dev_cust_01168,191,9979.77,1800,1200,synthetic
cust_01169,student,Bogra,dev_cust_01169,743,2309.91,450,300,synthetic
cust_01170,rural_retail,Rangpur,dev_cust_01170,365,3057.4,1800,1200,synthetic
cust_01171,salaried,Brahmanbaria,dev_cust_01171,284,58420.0,4200,3500,synthetic
cust_01172,small_merchant,Kushtia,dev_cust_01172,555,19160.8,1200,1500,synthetic
cust_01173,salaried,Bogra,dev_cust_01173,296,51004.48,4200,3500,synthetic
cust_01174,rural_retail,Barisal,dev_cust_01174,61,11497.01,1800,1200,synthetic
cust_01175,salaried,Tangail,dev_cust_01175,599,47403.92,4200,3500,synthetic
cust_01176,rural_retail,Mymensingh,dev_cust_01176,126,6351.45,1800,1200,synthetic
cust_01177,salaried,Khulna,dev_cust_01177,154,10597.85,4200,3500,synthetic
cust_01178,student,Mymensingh,dev_cust_01178,163,1094.4,450,300,synthetic
cust_01179,salaried,Kushtia,dev_cust_01179,411,44314.26,4200,3500,synthetic
cust_01180,rural_retail,Gazipur,dev_cust_01180,116,7614.4,1800,1200,synthetic
cust_01181,small_merchant,Comilla,dev_cust_01181,106,16853.02,1200,1500,synthetic
cust_01182,rural_retail,Sylhet,dev_cust_01182,232,10976.21,1800,1200,synthetic
cust_01183,salaried,Tangail,dev_cust_01183,161,14598.93,4200,3500,synthetic
cust_01184,small_merchant,Jessore,dev_cust_01184,155,18629.19,1200,1500,synthetic
cust_01185,student,Tangail,dev_cust_01185,81,1003.97,450,300,synthetic
cust_01186,small_merchant,Feni,dev_cust_01186,473,84843.26,1200,1500,synthetic
cust_01187,salaried,Kushtia,dev_cust_01187,538,11474.11,4200,3500,synthetic
cust_01188,student,Narayanganj,dev_cust_01188,466,1018.42,450,300,synthetic
cust_01189,rural_retail,Rangpur,dev_cust_01189,221,4387.31,1800,1200,synthetic
cust_01190,salaried,Tangail,dev_cust_01190,182,11732.47,4200,3500,synthetic
cust_01191,student,Cox's Bazar,dev_cust_01191,661,1237.35,450,300,synthetic
cust_01192,salaried,Bogra,dev_cust_01192,540,30599.61,4200,3500,synthetic
cust_01193,rural_retail,Noakhali,dev_cust_01193,520,2140.28,1800,1200,synthetic
cust_01194,salaried,Comilla,dev_cust_01194,422,16861.8,4200,3500,synthetic
cust_01195,student,Rangpur,dev_cust_01195,688,3153.96,450,300,synthetic
cust_01196,elderly,Jamalpur,dev_cust_01196,285,9830.56,2500,1800,synthetic
cust_01197,small_merchant,Noakhali,dev_cust_01197,49,99099.31,1200,1500,synthetic
cust_01198,small_merchant,Brahmanbaria,dev_cust_01198,397,55773.18,1200,1500,synthetic
cust_01199,salaried,Faridpur,dev_cust_01199,382,55633.85,4200,3500,synthetic
cust_01200,student,Jamalpur,dev_cust_01200,359,1665.14,450,300,synthetic
cust_01201,salaried,Barisal,dev_cust_01201,56,25943.88,4200,3500,synthetic
cust_01202,student,Mymensingh,dev_cust_01202,60,3187.29,450,300,synthetic
cust_01203,student,Comilla,dev_cust_01203,89,2925.96,450,300,synthetic
cust_01204,rural_retail,Faridpur,dev_cust_01204,572,5253.05,1800,1200,synthetic
cust_01205,rural_retail,Feni,dev_cust_01205,268,11726.79,1800,1200,synthetic
cust_01206,salaried,Rajshahi,dev_cust_01206,283,42843.22,4200,3500,synthetic
cust_01207,salaried,Comilla,dev_cust_01207,576,50814.26,4200,3500,synthetic
cust_01208,rural_retail,Chittagong,dev_cust_01208,254,7544.77,1800,1200,synthetic
cust_01209,rural_retail,Kushtia,dev_cust_01209,393,11319.66,1800,1200,synthetic
cust_01210,small_merchant,Barisal,dev_cust_01210,210,35106.85,1200,1500,synthetic
cust_01211,rural_retail,Jessore,dev_cust_01211,744,5267.22,1800,1200,synthetic
cust_01212,rural_retail,Feni,dev_cust_01212,58,8886.26,1800,1200,synthetic
cust_01213,student,Dinajpur,dev_cust_01213,611,2190.82,450,300,synthetic
cust_01214,salaried,Feni,dev_cust_01214,222,51834.84,4200,3500,synthetic
cust_01215,salaried,Faridpur,dev_cust_01215,585,25452.65,4200,3500,synthetic
cust_01216,student,Faridpur,dev_cust_01216,68,770.77,450,300,synthetic
cust_01217,student,Mymensingh,dev_cust_01217,646,1156.43,450,300,synthetic
cust_01218,salaried,Jamalpur,dev_cust_01218,519,10034.17,4200,3500,synthetic
cust_01219,salaried,Cox's Bazar,dev_cust_01219,236,50322.27,4200,3500,synthetic
cust_01220,rural_retail,Jessore,dev_cust_01220,211,11147.2,1800,1200,synthetic
cust_01221,small_merchant,Jessore,dev_cust_01221,90,16862.6,1200,1500,synthetic
cust_01222,student,Feni,dev_cust_01222,175,2823.1,450,300,synthetic
cust_01223,rural_retail,Jamalpur,dev_cust_01223,403,11585.87,1800,1200,synthetic
cust_01224,small_merchant,Dinajpur,dev_cust_01224,708,48625.62,1200,1500,synthetic
cust_01225,rural_retail,Rajshahi,dev_cust_01225,374,4668.53,1800,1200,synthetic
cust_01226,salaried,Khulna,dev_cust_01226,191,46617.6,4200,3500,synthetic
cust_01227,rural_retail,Pabna,dev_cust_01227,684,11586.95,1800,1200,synthetic
cust_01228,rural_retail,Gazipur,dev_cust_01228,354,3329.13,1800,1200,synthetic
cust_01229,small_merchant,Noakhali,dev_cust_01229,740,90616.02,1200,1500,synthetic
cust_01230,rural_retail,Cox's Bazar,dev_cust_01230,395,3843.99,1800,1200,synthetic
cust_01231,elderly,Feni,dev_cust_01231,209,6297.38,2500,1800,synthetic
cust_01232,student,Brahmanbaria,dev_cust_01232,331,882.05,450,300,synthetic
cust_01233,student,Dhaka,dev_cust_01233,748,3346.09,450,300,synthetic
cust_01234,student,Kushtia,dev_cust_01234,611,597.15,450,300,synthetic
cust_01235,salaried,Cox's Bazar,dev_cust_01235,355,56051.91,4200,3500,synthetic
cust_01236,rural_retail,Cox's Bazar,dev_cust_01236,256,8216.29,1800,1200,synthetic
cust_01237,elderly,Rajshahi,dev_cust_01237,538,2969.01,2500,1800,synthetic
cust_01238,rural_retail,Sylhet,dev_cust_01238,273,5141.51,1800,1200,synthetic
cust_01239,small_merchant,Jessore,dev_cust_01239,201,69075.88,1200,1500,synthetic
cust_01240,student,Sylhet,dev_cust_01240,716,2417.31,450,300,synthetic
cust_01241,elderly,Jessore,dev_cust_01241,487,1159.54,2500,1800,synthetic
cust_01242,salaried,Rangpur,dev_cust_01242,285,44658.8,4200,3500,synthetic
cust_01243,salaried,Dinajpur,dev_cust_01243,292,49351.0,4200,3500,synthetic
cust_01244,elderly,Dhaka,dev_cust_01244,79,6403.12,2500,1800,synthetic
cust_01245,salaried,Pabna,dev_cust_01245,200,54227.6,4200,3500,synthetic
cust_01246,salaried,Faridpur,dev_cust_01246,417,27561.56,4200,3500,synthetic
cust_01247,student,Kushtia,dev_cust_01247,133,2986.42,450,300,synthetic
cust_01248,student,Feni,dev_cust_01248,696,2774.73,450,300,synthetic
cust_01249,small_merchant,Mymensingh,dev_cust_01249,196,53359.43,1200,1500,synthetic
cust_01250,salaried,Chittagong,dev_cust_01250,331,11003.9,4200,3500,synthetic
cust_01251,salaried,Comilla,dev_cust_01251,137,13710.02,4200,3500,synthetic
cust_01252,rural_retail,Barisal,dev_cust_01252,414,3189.5,1800,1200,synthetic
cust_01253,student,Sylhet,dev_cust_01253,590,3325.5,450,300,synthetic
cust_01254,student,Sylhet,dev_cust_01254,376,2282.09,450,300,synthetic
cust_01255,salaried,Cox's Bazar,dev_cust_01255,524,45225.23,4200,3500,synthetic
cust_01256,rural_retail,Pabna,dev_cust_01256,699,3232.47,1800,1200,synthetic
cust_01257,student,Pabna,dev_cust_01257,190,660.67,450,300,synthetic
cust_01258,rural_retail,Jessore,dev_cust_01258,240,11731.18,1800,1200,synthetic
cust_01259,student,Pabna,dev_cust_01259,743,2162.34,450,300,synthetic
cust_01260,salaried,Noakhali,dev_cust_01260,301,43029.89,4200,3500,synthetic
cust_01261,rural_retail,Bogra,dev_cust_01261,273,2507.12,1800,1200,synthetic
cust_01262,salaried,Kushtia,dev_cust_01262,615,37483.13,4200,3500,synthetic
cust_01263,rural_retail,Faridpur,dev_cust_01263,187,2072.3,1800,1200,synthetic
cust_01264,rural_retail,Dhaka,dev_cust_01264,467,2420.1,1800,1200,synthetic
cust_01265,student,Narayanganj,dev_cust_01265,670,2300.65,450,300,synthetic
cust_01266,student,Rangpur,dev_cust_01266,129,577.21,450,300,synthetic
cust_01267,rural_retail,Barisal,dev_cust_01267,683,4564.02,1800,1200,synthetic
cust_01268,rural_retail,Sylhet,dev_cust_01268,514,10359.58,1800,1200,synthetic
cust_01269,salaried,Bogra,dev_cust_01269,437,33547.22,4200,3500,synthetic
cust_01270,rural_retail,Narayanganj,dev_cust_01270,301,2456.94,1800,1200,synthetic
cust_01271,salaried,Noakhali,dev_cust_01271,426,19244.06,4200,3500,synthetic
cust_01272,elderly,Kushtia,dev_cust_01272,408,3612.16,2500,1800,synthetic
cust_01273,salaried,Chittagong,dev_cust_01273,299,31987.02,4200,3500,synthetic
cust_01274,student,Comilla,dev_cust_01274,261,3011.24,450,300,synthetic
cust_01275,rural_retail,Feni,dev_cust_01275,93,3086.87,1800,1200,synthetic
cust_01276,student,Brahmanbaria,dev_cust_01276,713,790.11,450,300,synthetic
cust_01277,student,Narayanganj,dev_cust_01277,382,2924.54,450,300,synthetic
cust_01278,small_merchant,Pabna,dev_cust_01278,633,34338.58,1200,1500,synthetic
cust_01279,student,Chittagong,dev_cust_01279,426,2955.22,450,300,synthetic
cust_01280,rural_retail,Pabna,dev_cust_01280,578,8714.21,1800,1200,synthetic
cust_01281,salaried,Faridpur,dev_cust_01281,616,54082.69,4200,3500,synthetic
cust_01282,salaried,Faridpur,dev_cust_01282,336,13947.75,4200,3500,synthetic
cust_01283,salaried,Brahmanbaria,dev_cust_01283,65,35105.07,4200,3500,synthetic
cust_01284,student,Jamalpur,dev_cust_01284,615,2532.6,450,300,synthetic
cust_01285,rural_retail,Cox's Bazar,dev_cust_01285,180,2762.96,1800,1200,synthetic
cust_01286,rural_retail,Tangail,dev_cust_01286,207,11465.15,1800,1200,synthetic
cust_01287,student,Barisal,dev_cust_01287,246,2925.38,450,300,synthetic
cust_01288,rural_retail,Khulna,dev_cust_01288,73,5945.44,1800,1200,synthetic
cust_01289,student,Narayanganj,dev_cust_01289,475,1105.76,450,300,synthetic
cust_01290,student,Gazipur,dev_cust_01290,181,3002.32,450,300,synthetic
cust_01291,rural_retail,Comilla,dev_cust_01291,357,11063.45,1800,1200,synthetic
cust_01292,student,Sylhet,dev_cust_01292,119,1664.3,450,300,synthetic
cust_01293,salaried,Kushtia,dev_cust_01293,595,26306.34,4200,3500,synthetic
cust_01294,salaried,Comilla,dev_cust_01294,562,32907.86,4200,3500,synthetic
cust_01295,elderly,Dhaka,dev_cust_01295,747,9722.81,2500,1800,synthetic
cust_01296,student,Jamalpur,dev_cust_01296,459,837.56,450,300,synthetic
cust_01297,student,Khulna,dev_cust_01297,181,2199.78,450,300,synthetic
cust_01298,student,Feni,dev_cust_01298,132,3274.78,450,300,synthetic
cust_01299,salaried,Feni,dev_cust_01299,133,49287.28,4200,3500,synthetic
cust_01300,salaried,Noakhali,dev_cust_01300,382,53894.68,4200,3500,synthetic
cust_01301,student,Comilla,dev_cust_01301,422,2464.36,450,300,synthetic
cust_01302,small_merchant,Feni,dev_cust_01302,653,55208.96,1200,1500,synthetic
cust_01303,student,Barisal,dev_cust_01303,312,1708.92,450,300,synthetic
cust_01304,rural_retail,Cox's Bazar,dev_cust_01304,653,8648.54,1800,1200,synthetic
cust_01305,salaried,Kushtia,dev_cust_01305,69,29789.64,4200,3500,synthetic
cust_01306,elderly,Jessore,dev_cust_01306,737,4326.11,2500,1800,synthetic
cust_01307,salaried,Faridpur,dev_cust_01307,305,54851.57,4200,3500,synthetic
cust_01308,elderly,Dhaka,dev_cust_01308,375,12443.4,2500,1800,synthetic
cust_01309,rural_retail,Bogra,dev_cust_01309,348,4443.64,1800,1200,synthetic
cust_01310,elderly,Faridpur,dev_cust_01310,742,10587.93,2500,1800,synthetic
cust_01311,student,Mymensingh,dev_cust_01311,167,1401.44,450,300,synthetic
cust_01312,elderly,Tangail,dev_cust_01312,358,4771.88,2500,1800,synthetic
cust_01313,rural_retail,Pabna,dev_cust_01313,649,8278.33,1800,1200,synthetic
cust_01314,elderly,Rangpur,dev_cust_01314,482,3959.47,2500,1800,synthetic
cust_01315,rural_retail,Pabna,dev_cust_01315,526,9474.68,1800,1200,synthetic
cust_01316,salaried,Dinajpur,dev_cust_01316,87,35763.49,4200,3500,synthetic
cust_01317,rural_retail,Barisal,dev_cust_01317,97,4766.79,1800,1200,synthetic
cust_01318,salaried,Jamalpur,dev_cust_01318,443,16782.49,4200,3500,synthetic
cust_01319,student,Jamalpur,dev_cust_01319,612,586.84,450,300,synthetic
cust_01320,student,Rangpur,dev_cust_01320,235,3010.93,450,300,synthetic
cust_01321,student,Mymensingh,dev_cust_01321,63,1869.35,450,300,synthetic
cust_01322,student,Dinajpur,dev_cust_01322,233,1321.93,450,300,synthetic
cust_01323,elderly,Tangail,dev_cust_01323,547,6557.19,2500,1800,synthetic
cust_01324,student,Rajshahi,dev_cust_01324,727,591.69,450,300,synthetic
cust_01325,small_merchant,Dinajpur,dev_cust_01325,530,65493.71,1200,1500,synthetic
cust_01326,rural_retail,Barisal,dev_cust_01326,515,7662.24,1800,1200,synthetic
cust_01327,student,Dinajpur,dev_cust_01327,382,990.54,450,300,synthetic
cust_01328,salaried,Comilla,dev_cust_01328,735,14519.6,4200,3500,synthetic
cust_01329,salaried,Dhaka,dev_cust_01329,425,12482.55,4200,3500,synthetic
cust_01330,rural_retail,Feni,dev_cust_01330,249,10499.67,1800,1200,synthetic
cust_01331,salaried,Gazipur,dev_cust_01331,260,43884.76,4200,3500,synthetic
cust_01332,salaried,Comilla,dev_cust_01332,697,30475.36,4200,3500,synthetic
cust_01333,student,Dhaka,dev_cust_01333,728,526.69,450,300,synthetic
cust_01334,small_merchant,Khulna,dev_cust_01334,692,29722.06,1200,1500,synthetic
cust_01335,small_merchant,Dhaka,dev_cust_01335,259,36453.19,1200,1500,synthetic
cust_01336,salaried,Bogra,dev_cust_01336,688,23768.93,4200,3500,synthetic
cust_01337,student,Kushtia,dev_cust_01337,387,1876.99,450,300,synthetic
cust_01338,salaried,Rangpur,dev_cust_01338,507,25107.25,4200,3500,synthetic
cust_01339,student,Jamalpur,dev_cust_01339,668,1691.46,450,300,synthetic
cust_01340,student,Rajshahi,dev_cust_01340,37,2034.54,450,300,synthetic
cust_01341,rural_retail,Narayanganj,dev_cust_01341,413,7395.3,1800,1200,synthetic
cust_01342,rural_retail,Cox's Bazar,dev_cust_01342,653,4468.11,1800,1200,synthetic
cust_01343,elderly,Narayanganj,dev_cust_01343,140,7744.34,2500,1800,synthetic
cust_01344,salaried,Jessore,dev_cust_01344,313,42029.74,4200,3500,synthetic
cust_01345,salaried,Comilla,dev_cust_01345,297,42805.98,4200,3500,synthetic
cust_01346,rural_retail,Gazipur,dev_cust_01346,335,3477.78,1800,1200,synthetic
cust_01347,rural_retail,Jamalpur,dev_cust_01347,276,10946.71,1800,1200,synthetic
cust_01348,rural_retail,Cox's Bazar,dev_cust_01348,443,8435.57,1800,1200,synthetic
cust_01349,small_merchant,Narayanganj,dev_cust_01349,173,76309.07,1200,1500,synthetic
cust_01350,student,Gazipur,dev_cust_01350,539,3492.41,450,300,synthetic
cust_01351,elderly,Comilla,dev_cust_01351,458,6664.38,2500,1800,synthetic
cust_01352,salaried,Chittagong,dev_cust_01352,627,45403.45,4200,3500,synthetic
cust_01353,rural_retail,Feni,dev_cust_01353,224,5103.25,1800,1200,synthetic
cust_01354,salaried,Brahmanbaria,dev_cust_01354,257,44315.91,4200,3500,synthetic
cust_01355,rural_retail,Gazipur,dev_cust_01355,517,11018.53,1800,1200,synthetic
cust_01356,elderly,Narayanganj,dev_cust_01356,397,8102.41,2500,1800,synthetic
cust_01357,small_merchant,Barisal,dev_cust_01357,703,89502.06,1200,1500,synthetic
cust_01358,rural_retail,Barisal,dev_cust_01358,330,2524.83,1800,1200,synthetic
cust_01359,rural_retail,Khulna,dev_cust_01359,294,9114.46,1800,1200,synthetic
cust_01360,salaried,Noakhali,dev_cust_01360,217,57346.17,4200,3500,synthetic
cust_01361,small_merchant,Jessore,dev_cust_01361,700,22590.48,1200,1500,synthetic
cust_01362,student,Dinajpur,dev_cust_01362,258,2732.63,450,300,synthetic
cust_01363,salaried,Bogra,dev_cust_01363,460,49404.52,4200,3500,synthetic
cust_01364,salaried,Jessore,dev_cust_01364,410,23027.96,4200,3500,synthetic
cust_01365,salaried,Bogra,dev_cust_01365,504,52560.69,4200,3500,synthetic
cust_01366,student,Faridpur,dev_cust_01366,84,3099.18,450,300,synthetic
cust_01367,salaried,Feni,dev_cust_01367,624,57215.05,4200,3500,synthetic
cust_01368,small_merchant,Sylhet,dev_cust_01368,513,90601.22,1200,1500,synthetic
cust_01369,student,Jamalpur,dev_cust_01369,152,3102.49,450,300,synthetic
cust_01370,student,Kushtia,dev_cust_01370,572,1395.07,450,300,synthetic
cust_01371,small_merchant,Chittagong,dev_cust_01371,184,26676.05,1200,1500,synthetic
cust_01372,student,Rangpur,dev_cust_01372,380,1727.58,450,300,synthetic
cust_01373,elderly,Feni,dev_cust_01373,498,3005.14,2500,1800,synthetic
cust_01374,rural_retail,Brahmanbaria,dev_cust_01374,214,9678.88,1800,1200,synthetic
cust_01375,student,Faridpur,dev_cust_01375,370,2393.1,450,300,synthetic
cust_01376,elderly,Barisal,dev_cust_01376,350,9882.99,2500,1800,synthetic
cust_01377,rural_retail,Dhaka,dev_cust_01377,492,4372.04,1800,1200,synthetic
cust_01378,rural_retail,Barisal,dev_cust_01378,620,9527.08,1800,1200,synthetic
cust_01379,rural_retail,Faridpur,dev_cust_01379,120,2858.76,1800,1200,synthetic
cust_01380,salaried,Pabna,dev_cust_01380,678,31470.49,4200,3500,synthetic
cust_01381,student,Pabna,dev_cust_01381,518,1649.95,450,300,synthetic
cust_01382,rural_retail,Chittagong,dev_cust_01382,576,3593.85,1800,1200,synthetic
cust_01383,small_merchant,Dinajpur,dev_cust_01383,44,90820.54,1200,1500,synthetic
cust_01384,rural_retail,Jamalpur,dev_cust_01384,225,1688.12,1800,1200,synthetic
cust_01385,salaried,Dhaka,dev_cust_01385,671,46680.16,4200,3500,synthetic
cust_01386,rural_retail,Mymensingh,dev_cust_01386,740,10708.34,1800,1200,synthetic
cust_01387,salaried,Bogra,dev_cust_01387,162,15135.41,4200,3500,synthetic
cust_01388,student,Jamalpur,dev_cust_01388,632,1418.35,450,300,synthetic
cust_01389,small_merchant,Sylhet,dev_cust_01389,76,40347.19,1200,1500,synthetic
cust_01390,rural_retail,Bogra,dev_cust_01390,496,9142.24,1800,1200,synthetic
cust_01391,student,Cox's Bazar,dev_cust_01391,566,1513.51,450,300,synthetic
cust_01392,student,Narayanganj,dev_cust_01392,167,1528.2,450,300,synthetic
cust_01393,student,Faridpur,dev_cust_01393,397,2750.35,450,300,synthetic
cust_01394,rural_retail,Barisal,dev_cust_01394,443,1700.81,1800,1200,synthetic
cust_01395,rural_retail,Mymensingh,dev_cust_01395,164,3717.5,1800,1200,synthetic
cust_01396,elderly,Dhaka,dev_cust_01396,633,8064.87,2500,1800,synthetic
cust_01397,rural_retail,Rajshahi,dev_cust_01397,405,8966.66,1800,1200,synthetic
cust_01398,student,Chittagong,dev_cust_01398,414,3129.63,450,300,synthetic
cust_01399,salaried,Comilla,dev_cust_01399,577,41156.74,4200,3500,synthetic
cust_01400,salaried,Cox's Bazar,dev_cust_01400,79,43098.5,4200,3500,synthetic
cust_01401,student,Gazipur,dev_cust_01401,50,644.71,450,300,synthetic
cust_01402,student,Rajshahi,dev_cust_01402,456,1832.94,450,300,synthetic
cust_01403,student,Rajshahi,dev_cust_01403,590,1258.21,450,300,synthetic
cust_01404,salaried,Brahmanbaria,dev_cust_01404,186,20274.75,4200,3500,synthetic
cust_01405,salaried,Narayanganj,dev_cust_01405,675,10465.23,4200,3500,synthetic
cust_01406,rural_retail,Pabna,dev_cust_01406,707,2560.29,1800,1200,synthetic
cust_01407,elderly,Jamalpur,dev_cust_01407,306,9719.17,2500,1800,synthetic
cust_01408,elderly,Brahmanbaria,dev_cust_01408,170,6863.56,2500,1800,synthetic
cust_01409,salaried,Rajshahi,dev_cust_01409,553,45938.31,4200,3500,synthetic
cust_01410,elderly,Rajshahi,dev_cust_01410,319,2596.18,2500,1800,synthetic
cust_01411,student,Rajshahi,dev_cust_01411,539,1095.94,450,300,synthetic
cust_01412,student,Rangpur,dev_cust_01412,299,2994.5,450,300,synthetic
cust_01413,rural_retail,Rangpur,dev_cust_01413,396,8886.09,1800,1200,synthetic
cust_01414,student,Bogra,dev_cust_01414,194,618.22,450,300,synthetic
cust_01415,rural_retail,Faridpur,dev_cust_01415,242,8726.14,1800,1200,synthetic
cust_01416,small_merchant,Faridpur,dev_cust_01416,368,34932.95,1200,1500,synthetic
cust_01417,student,Dhaka,dev_cust_01417,717,767.01,450,300,synthetic
cust_01418,student,Rajshahi,dev_cust_01418,617,2507.07,450,300,synthetic
cust_01419,rural_retail,Khulna,dev_cust_01419,122,9685.03,1800,1200,synthetic
cust_01420,small_merchant,Sylhet,dev_cust_01420,133,91906.25,1200,1500,synthetic
cust_01421,rural_retail,Gazipur,dev_cust_01421,266,6295.89,1800,1200,synthetic
cust_01422,rural_retail,Bogra,dev_cust_01422,300,6374.91,1800,1200,synthetic
cust_01423,student,Rajshahi,dev_cust_01423,208,3122.42,450,300,synthetic
cust_01424,student,Bogra,dev_cust_01424,398,2904.79,450,300,synthetic
cust_01425,small_merchant,Jessore,dev_cust_01425,466,77775.92,1200,1500,synthetic
cust_01426,small_merchant,Rajshahi,dev_cust_01426,76,15822.15,1200,1500,synthetic
cust_01427,student,Khulna,dev_cust_01427,709,2441.6,450,300,synthetic
cust_01428,small_merchant,Jessore,dev_cust_01428,396,91034.85,1200,1500,synthetic
cust_01429,salaried,Cox's Bazar,dev_cust_01429,304,53923.78,4200,3500,synthetic
cust_01430,elderly,Sylhet,dev_cust_01430,411,12409.5,2500,1800,synthetic
cust_01431,rural_retail,Barisal,dev_cust_01431,146,5708.16,1800,1200,synthetic
cust_01432,rural_retail,Tangail,dev_cust_01432,308,10274.94,1800,1200,synthetic
cust_01433,rural_retail,Brahmanbaria,dev_cust_01433,519,9898.94,1800,1200,synthetic
cust_01434,salaried,Gazipur,dev_cust_01434,200,15652.83,4200,3500,synthetic
cust_01435,student,Brahmanbaria,dev_cust_01435,90,3444.71,450,300,synthetic
cust_01436,student,Barisal,dev_cust_01436,136,1748.08,450,300,synthetic
cust_01437,rural_retail,Feni,dev_cust_01437,524,9923.78,1800,1200,synthetic
cust_01438,salaried,Narayanganj,dev_cust_01438,478,19063.03,4200,3500,synthetic
cust_01439,student,Kushtia,dev_cust_01439,397,2334.08,450,300,synthetic
cust_01440,salaried,Narayanganj,dev_cust_01440,163,34153.98,4200,3500,synthetic
cust_01441,small_merchant,Faridpur,dev_cust_01441,145,90445.48,1200,1500,synthetic
cust_01442,student,Tangail,dev_cust_01442,77,690.01,450,300,synthetic
cust_01443,salaried,Gazipur,dev_cust_01443,351,10618.01,4200,3500,synthetic
cust_01444,rural_retail,Narayanganj,dev_cust_01444,567,9559.05,1800,1200,synthetic
cust_01445,elderly,Feni,dev_cust_01445,608,4135.79,2500,1800,synthetic
cust_01446,student,Narayanganj,dev_cust_01446,376,2057.3,450,300,synthetic
cust_01447,salaried,Brahmanbaria,dev_cust_01447,747,40911.95,4200,3500,synthetic
cust_01448,elderly,Pabna,dev_cust_01448,707,11173.13,2500,1800,synthetic
cust_01449,small_merchant,Faridpur,dev_cust_01449,384,71415.4,1200,1500,synthetic
cust_01450,salaried,Gazipur,dev_cust_01450,424,17432.72,4200,3500,synthetic
cust_01451,rural_retail,Noakhali,dev_cust_01451,657,2072.94,1800,1200,synthetic
cust_01452,salaried,Gazipur,dev_cust_01452,190,35278.38,4200,3500,synthetic
cust_01453,elderly,Faridpur,dev_cust_01453,537,13171.82,2500,1800,synthetic
cust_01454,salaried,Sylhet,dev_cust_01454,533,26031.69,4200,3500,synthetic
cust_01455,student,Jessore,dev_cust_01455,314,651.05,450,300,synthetic
cust_01456,small_merchant,Mymensingh,dev_cust_01456,593,69681.97,1200,1500,synthetic
cust_01457,salaried,Kushtia,dev_cust_01457,270,13941.53,4200,3500,synthetic
cust_01458,salaried,Tangail,dev_cust_01458,616,32404.93,4200,3500,synthetic
cust_01459,student,Faridpur,dev_cust_01459,487,1448.18,450,300,synthetic
cust_01460,salaried,Faridpur,dev_cust_01460,699,10888.46,4200,3500,synthetic
cust_01461,rural_retail,Kushtia,dev_cust_01461,452,1876.24,1800,1200,synthetic
cust_01462,salaried,Noakhali,dev_cust_01462,30,51295.44,4200,3500,synthetic
cust_01463,student,Cox's Bazar,dev_cust_01463,663,2412.61,450,300,synthetic
cust_01464,salaried,Jamalpur,dev_cust_01464,605,20342.56,4200,3500,synthetic
cust_01465,small_merchant,Narayanganj,dev_cust_01465,497,95780.19,1200,1500,synthetic
cust_01466,student,Dinajpur,dev_cust_01466,85,2949.77,450,300,synthetic
cust_01467,small_merchant,Tangail,dev_cust_01467,369,62612.82,1200,1500,synthetic
cust_01468,rural_retail,Cox's Bazar,dev_cust_01468,644,6467.9,1800,1200,synthetic
cust_01469,elderly,Narayanganj,dev_cust_01469,402,11022.79,2500,1800,synthetic
cust_01470,salaried,Rajshahi,dev_cust_01470,129,47966.0,4200,3500,synthetic
cust_01471,salaried,Mymensingh,dev_cust_01471,32,27067.86,4200,3500,synthetic
cust_01472,salaried,Gazipur,dev_cust_01472,328,37384.53,4200,3500,synthetic
cust_01473,elderly,Dinajpur,dev_cust_01473,748,2488.51,2500,1800,synthetic
cust_01474,rural_retail,Barisal,dev_cust_01474,534,2974.72,1800,1200,synthetic
cust_01475,rural_retail,Brahmanbaria,dev_cust_01475,449,2623.1,1800,1200,synthetic
cust_01476,salaried,Cox's Bazar,dev_cust_01476,230,19377.17,4200,3500,synthetic
cust_01477,elderly,Kushtia,dev_cust_01477,250,7398.64,2500,1800,synthetic
cust_01478,salaried,Rangpur,dev_cust_01478,376,15388.29,4200,3500,synthetic
cust_01479,salaried,Pabna,dev_cust_01479,77,56331.33,4200,3500,synthetic
cust_01480,rural_retail,Narayanganj,dev_cust_01480,632,2793.8,1800,1200,synthetic
cust_01481,elderly,Tangail,dev_cust_01481,498,10218.39,2500,1800,synthetic
cust_01482,student,Jamalpur,dev_cust_01482,167,3391.56,450,300,synthetic
cust_01483,rural_retail,Dhaka,dev_cust_01483,573,9230.25,1800,1200,synthetic
cust_01484,student,Noakhali,dev_cust_01484,473,3016.45,450,300,synthetic
cust_01485,rural_retail,Faridpur,dev_cust_01485,550,9701.36,1800,1200,synthetic
cust_01486,rural_retail,Barisal,dev_cust_01486,738,7574.82,1800,1200,synthetic
cust_01487,rural_retail,Khulna,dev_cust_01487,136,5567.76,1800,1200,synthetic
cust_01488,salaried,Cox's Bazar,dev_cust_01488,650,54134.79,4200,3500,synthetic
cust_01489,rural_retail,Jamalpur,dev_cust_01489,423,5895.98,1800,1200,synthetic
cust_01490,rural_retail,Cox's Bazar,dev_cust_01490,739,9504.93,1800,1200,synthetic
cust_01491,student,Comilla,dev_cust_01491,437,3390.78,450,300,synthetic
cust_01492,rural_retail,Bogra,dev_cust_01492,493,9950.37,1800,1200,synthetic
cust_01493,student,Khulna,dev_cust_01493,452,2307.57,450,300,synthetic
cust_01494,student,Jamalpur,dev_cust_01494,336,3029.22,450,300,synthetic
cust_01495,salaried,Noakhali,dev_cust_01495,351,45593.72,4200,3500,synthetic
cust_01496,salaried,Noakhali,dev_cust_01496,677,20867.13,4200,3500,synthetic
cust_01497,salaried,Rangpur,dev_cust_01497,669,45719.23,4200,3500,synthetic
cust_01498,rural_retail,Narayanganj,dev_cust_01498,383,11172.51,1800,1200,synthetic
cust_01499,rural_retail,Khulna,dev_cust_01499,695,11739.38,1800,1200,synthetic
cust_01500,elderly,Barisal,dev_cust_01500,545,8594.88,2500,1800,synthetic
cust_01501,rural_retail,Gazipur,dev_cust_01501,360,8958.7,1800,1200,synthetic
cust_01502,rural_retail,Dinajpur,dev_cust_01502,605,6543.88,1800,1200,synthetic
cust_01503,student,Feni,dev_cust_01503,713,2630.37,450,300,synthetic
cust_01504,rural_retail,Narayanganj,dev_cust_01504,576,4502.24,1800,1200,synthetic
cust_01505,rural_retail,Pabna,dev_cust_01505,43,6988.66,1800,1200,synthetic
cust_01506,rural_retail,Dhaka,dev_cust_01506,420,3025.93,1800,1200,synthetic
cust_01507,salaried,Narayanganj,dev_cust_01507,87,19995.12,4200,3500,synthetic
cust_01508,rural_retail,Barisal,dev_cust_01508,323,8675.6,1800,1200,synthetic
cust_01509,salaried,Khulna,dev_cust_01509,93,44529.74,4200,3500,synthetic
cust_01510,salaried,Bogra,dev_cust_01510,238,47679.7,4200,3500,synthetic
cust_01511,elderly,Chittagong,dev_cust_01511,397,12396.37,2500,1800,synthetic
cust_01512,salaried,Rajshahi,dev_cust_01512,660,53401.77,4200,3500,synthetic
cust_01513,small_merchant,Noakhali,dev_cust_01513,259,78105.08,1200,1500,synthetic
cust_01514,student,Noakhali,dev_cust_01514,428,1212.79,450,300,synthetic
cust_01515,student,Brahmanbaria,dev_cust_01515,324,2578.81,450,300,synthetic
cust_01516,student,Chittagong,dev_cust_01516,420,1662.66,450,300,synthetic
cust_01517,salaried,Narayanganj,dev_cust_01517,350,58291.66,4200,3500,synthetic
cust_01518,elderly,Chittagong,dev_cust_01518,43,11411.38,2500,1800,synthetic
cust_01519,student,Rangpur,dev_cust_01519,665,3106.55,450,300,synthetic
cust_01520,small_merchant,Tangail,dev_cust_01520,260,92476.34,1200,1500,synthetic
cust_01521,student,Brahmanbaria,dev_cust_01521,693,1603.22,450,300,synthetic
cust_01522,small_merchant,Feni,dev_cust_01522,589,77768.25,1200,1500,synthetic
cust_01523,rural_retail,Rangpur,dev_cust_01523,228,4588.87,1800,1200,synthetic
cust_01524,student,Barisal,dev_cust_01524,729,723.41,450,300,synthetic
cust_01525,rural_retail,Barisal,dev_cust_01525,556,2753.22,1800,1200,synthetic
cust_01526,rural_retail,Chittagong,dev_cust_01526,468,4430.68,1800,1200,synthetic
cust_01527,rural_retail,Comilla,dev_cust_01527,163,3189.75,1800,1200,synthetic
cust_01528,rural_retail,Comilla,dev_cust_01528,35,4970.91,1800,1200,synthetic
cust_01529,elderly,Brahmanbaria,dev_cust_01529,188,1559.17,2500,1800,synthetic
cust_01530,rural_retail,Jessore,dev_cust_01530,641,2033.98,1800,1200,synthetic
cust_01531,rural_retail,Gazipur,dev_cust_01531,660,10352.97,1800,1200,synthetic
cust_01532,salaried,Bogra,dev_cust_01532,532,49495.41,4200,3500,synthetic
cust_01533,salaried,Noakhali,dev_cust_01533,396,13644.04,4200,3500,synthetic
cust_01534,rural_retail,Brahmanbaria,dev_cust_01534,355,7016.65,1800,1200,synthetic
cust_01535,rural_retail,Barisal,dev_cust_01535,563,2215.85,1800,1200,synthetic
cust_01536,student,Jamalpur,dev_cust_01536,193,1747.79,450,300,synthetic
cust_01537,student,Noakhali,dev_cust_01537,443,775.84,450,300,synthetic
cust_01538,salaried,Mymensingh,dev_cust_01538,248,43166.72,4200,3500,synthetic
cust_01539,student,Jessore,dev_cust_01539,399,1380.72,450,300,synthetic
cust_01540,rural_retail,Cox's Bazar,dev_cust_01540,573,6486.0,1800,1200,synthetic
cust_01541,salaried,Noakhali,dev_cust_01541,694,10440.18,4200,3500,synthetic
cust_01542,student,Narayanganj,dev_cust_01542,384,1837.0,450,300,synthetic
cust_01543,salaried,Gazipur,dev_cust_01543,658,55930.36,4200,3500,synthetic
cust_01544,rural_retail,Mymensingh,dev_cust_01544,70,8666.79,1800,1200,synthetic
cust_01545,small_merchant,Jessore,dev_cust_01545,420,92854.26,1200,1500,synthetic
cust_01546,rural_retail,Rajshahi,dev_cust_01546,425,4194.2,1800,1200,synthetic
cust_01547,elderly,Bogra,dev_cust_01547,55,13758.7,2500,1800,synthetic
cust_01548,salaried,Dinajpur,dev_cust_01548,556,50140.84,4200,3500,synthetic
cust_01549,student,Tangail,dev_cust_01549,528,631.55,450,300,synthetic
cust_01550,salaried,Gazipur,dev_cust_01550,227,26015.64,4200,3500,synthetic
cust_01551,small_merchant,Sylhet,dev_cust_01551,128,29228.56,1200,1500,synthetic
cust_01552,salaried,Noakhali,dev_cust_01552,576,10366.53,4200,3500,synthetic
cust_01553,elderly,Sylhet,dev_cust_01553,245,10384.69,2500,1800,synthetic
cust_01554,elderly,Rangpur,dev_cust_01554,731,6938.93,2500,1800,synthetic
cust_01555,student,Rajshahi,dev_cust_01555,240,2113.26,450,300,synthetic
cust_01556,student,Brahmanbaria,dev_cust_01556,475,2439.68,450,300,synthetic
cust_01557,salaried,Sylhet,dev_cust_01557,732,17687.73,4200,3500,synthetic
cust_01558,rural_retail,Tangail,dev_cust_01558,369,1897.81,1800,1200,synthetic
cust_01559,elderly,Sylhet,dev_cust_01559,85,3491.89,2500,1800,synthetic
cust_01560,small_merchant,Comilla,dev_cust_01560,601,20987.58,1200,1500,synthetic
cust_01561,rural_retail,Mymensingh,dev_cust_01561,294,5780.14,1800,1200,synthetic
cust_01562,student,Tangail,dev_cust_01562,675,1713.34,450,300,synthetic
cust_01563,salaried,Jessore,dev_cust_01563,47,29475.09,4200,3500,synthetic
cust_01564,rural_retail,Rajshahi,dev_cust_01564,577,1561.94,1800,1200,synthetic
cust_01565,elderly,Cox's Bazar,dev_cust_01565,94,11583.45,2500,1800,synthetic
cust_01566,rural_retail,Feni,dev_cust_01566,76,8859.26,1800,1200,synthetic
cust_01567,salaried,Sylhet,dev_cust_01567,396,56402.39,4200,3500,synthetic
cust_01568,student,Rajshahi,dev_cust_01568,326,2860.68,450,300,synthetic
cust_01569,salaried,Bogra,dev_cust_01569,651,14325.26,4200,3500,synthetic
cust_01570,rural_retail,Tangail,dev_cust_01570,420,5648.69,1800,1200,synthetic
cust_01571,salaried,Narayanganj,dev_cust_01571,61,33699.38,4200,3500,synthetic
cust_01572,student,Noakhali,dev_cust_01572,255,909.14,450,300,synthetic
cust_01573,salaried,Kushtia,dev_cust_01573,588,24748.92,4200,3500,synthetic
cust_01574,elderly,Gazipur,dev_cust_01574,177,5172.79,2500,1800,synthetic
cust_01575,student,Gazipur,dev_cust_01575,412,3372.17,450,300,synthetic
cust_01576,student,Dhaka,dev_cust_01576,596,3124.3,450,300,synthetic
cust_01577,student,Khulna,dev_cust_01577,156,625.32,450,300,synthetic
cust_01578,salaried,Feni,dev_cust_01578,640,29704.09,4200,3500,synthetic
cust_01579,salaried,Noakhali,dev_cust_01579,117,25234.56,4200,3500,synthetic
cust_01580,rural_retail,Dinajpur,dev_cust_01580,246,5832.87,1800,1200,synthetic
cust_01581,student,Gazipur,dev_cust_01581,554,927.37,450,300,synthetic
cust_01582,rural_retail,Barisal,dev_cust_01582,256,7977.29,1800,1200,synthetic
cust_01583,salaried,Comilla,dev_cust_01583,228,15731.13,4200,3500,synthetic
cust_01584,rural_retail,Narayanganj,dev_cust_01584,610,10448.64,1800,1200,synthetic
cust_01585,small_merchant,Noakhali,dev_cust_01585,502,69797.33,1200,1500,synthetic
cust_01586,student,Sylhet,dev_cust_01586,327,2515.06,450,300,synthetic
cust_01587,salaried,Comilla,dev_cust_01587,130,19870.88,4200,3500,synthetic
cust_01588,rural_retail,Feni,dev_cust_01588,528,11491.17,1800,1200,synthetic
cust_01589,rural_retail,Dinajpur,dev_cust_01589,161,8548.6,1800,1200,synthetic
cust_01590,salaried,Mymensingh,dev_cust_01590,132,24256.86,4200,3500,synthetic
cust_01591,salaried,Sylhet,dev_cust_01591,228,25889.3,4200,3500,synthetic
cust_01592,small_merchant,Tangail,dev_cust_01592,366,67389.11,1200,1500,synthetic
cust_01593,student,Bogra,dev_cust_01593,740,2252.51,450,300,synthetic
cust_01594,student,Feni,dev_cust_01594,610,1593.48,450,300,synthetic
cust_01595,salaried,Jessore,dev_cust_01595,468,18431.98,4200,3500,synthetic
cust_01596,salaried,Jessore,dev_cust_01596,282,49283.01,4200,3500,synthetic
cust_01597,rural_retail,Brahmanbaria,dev_cust_01597,686,6079.3,1800,1200,synthetic
cust_01598,student,Dinajpur,dev_cust_01598,167,2538.74,450,300,synthetic
cust_01599,student,Jessore,dev_cust_01599,521,1888.55,450,300,synthetic
cust_01600,elderly,Dinajpur,dev_cust_01600,342,7817.6,2500,1800,synthetic
cust_01601,student,Rajshahi,dev_cust_01601,209,2436.65,450,300,synthetic
cust_01602,rural_retail,Sylhet,dev_cust_01602,317,10516.49,1800,1200,synthetic
cust_01603,student,Khulna,dev_cust_01603,581,1089.3,450,300,synthetic
cust_01604,rural_retail,Gazipur,dev_cust_01604,108,9137.97,1800,1200,synthetic
cust_01605,student,Dhaka,dev_cust_01605,549,2394.88,450,300,synthetic
cust_01606,rural_retail,Feni,dev_cust_01606,622,5753.91,1800,1200,synthetic
cust_01607,student,Feni,dev_cust_01607,247,3218.91,450,300,synthetic
cust_01608,elderly,Noakhali,dev_cust_01608,296,8608.57,2500,1800,synthetic
cust_01609,student,Noakhali,dev_cust_01609,513,2461.72,450,300,synthetic
cust_01610,rural_retail,Khulna,dev_cust_01610,404,5621.23,1800,1200,synthetic
cust_01611,elderly,Feni,dev_cust_01611,327,2874.34,2500,1800,synthetic
cust_01612,salaried,Jamalpur,dev_cust_01612,552,14527.7,4200,3500,synthetic
cust_01613,rural_retail,Dinajpur,dev_cust_01613,544,1611.21,1800,1200,synthetic
cust_01614,rural_retail,Mymensingh,dev_cust_01614,658,8683.7,1800,1200,synthetic
cust_01615,rural_retail,Jamalpur,dev_cust_01615,173,6185.31,1800,1200,synthetic
cust_01616,salaried,Barisal,dev_cust_01616,609,57435.59,4200,3500,synthetic
cust_01617,small_merchant,Narayanganj,dev_cust_01617,179,77553.18,1200,1500,synthetic
cust_01618,salaried,Faridpur,dev_cust_01618,397,12020.99,4200,3500,synthetic
cust_01619,salaried,Faridpur,dev_cust_01619,267,13143.06,4200,3500,synthetic
cust_01620,salaried,Dinajpur,dev_cust_01620,269,12140.42,4200,3500,synthetic
cust_01621,rural_retail,Rangpur,dev_cust_01621,560,11031.12,1800,1200,synthetic
cust_01622,student,Dinajpur,dev_cust_01622,427,1909.02,450,300,synthetic
cust_01623,salaried,Tangail,dev_cust_01623,77,11995.23,4200,3500,synthetic
cust_01624,small_merchant,Gazipur,dev_cust_01624,361,23774.13,1200,1500,synthetic
cust_01625,student,Jamalpur,dev_cust_01625,678,2988.94,450,300,synthetic
cust_01626,salaried,Comilla,dev_cust_01626,622,37217.5,4200,3500,synthetic
cust_01627,student,Barisal,dev_cust_01627,415,2461.03,450,300,synthetic
cust_01628,rural_retail,Dinajpur,dev_cust_01628,631,8360.03,1800,1200,synthetic
cust_01629,student,Sylhet,dev_cust_01629,559,1254.76,450,300,synthetic
cust_01630,rural_retail,Mymensingh,dev_cust_01630,558,5761.34,1800,1200,synthetic
cust_01631,salaried,Dinajpur,dev_cust_01631,528,49632.87,4200,3500,synthetic
cust_01632,rural_retail,Cox's Bazar,dev_cust_01632,36,6769.29,1800,1200,synthetic
cust_01633,salaried,Khulna,dev_cust_01633,480,18280.29,4200,3500,synthetic
cust_01634,salaried,Sylhet,dev_cust_01634,556,42173.85,4200,3500,synthetic
cust_01635,small_merchant,Rangpur,dev_cust_01635,183,30886.98,1200,1500,synthetic
cust_01636,student,Dinajpur,dev_cust_01636,646,2651.91,450,300,synthetic
cust_01637,rural_retail,Rajshahi,dev_cust_01637,706,3918.64,1800,1200,synthetic
cust_01638,student,Jessore,dev_cust_01638,146,1944.55,450,300,synthetic
cust_01639,small_merchant,Faridpur,dev_cust_01639,520,32909.84,1200,1500,synthetic
cust_01640,small_merchant,Barisal,dev_cust_01640,692,85836.02,1200,1500,synthetic
cust_01641,rural_retail,Dhaka,dev_cust_01641,279,1953.02,1800,1200,synthetic
cust_01642,elderly,Feni,dev_cust_01642,636,3255.81,2500,1800,synthetic
cust_01643,rural_retail,Gazipur,dev_cust_01643,554,1911.5,1800,1200,synthetic
cust_01644,salaried,Feni,dev_cust_01644,180,12795.6,4200,3500,synthetic
cust_01645,student,Comilla,dev_cust_01645,214,2049.92,450,300,synthetic
cust_01646,salaried,Kushtia,dev_cust_01646,643,58462.18,4200,3500,synthetic
cust_01647,student,Gazipur,dev_cust_01647,49,3135.53,450,300,synthetic
cust_01648,elderly,Narayanganj,dev_cust_01648,320,14261.55,2500,1800,synthetic
cust_01649,salaried,Rangpur,dev_cust_01649,489,40326.29,4200,3500,synthetic
cust_01650,salaried,Faridpur,dev_cust_01650,523,18528.34,4200,3500,synthetic
cust_01651,student,Pabna,dev_cust_01651,645,928.14,450,300,synthetic
cust_01652,rural_retail,Feni,dev_cust_01652,216,8043.72,1800,1200,synthetic
cust_01653,rural_retail,Jamalpur,dev_cust_01653,300,3261.08,1800,1200,synthetic
cust_01654,rural_retail,Narayanganj,dev_cust_01654,380,11184.7,1800,1200,synthetic
cust_01655,student,Cox's Bazar,dev_cust_01655,634,706.53,450,300,synthetic
cust_01656,small_merchant,Kushtia,dev_cust_01656,424,26238.12,1200,1500,synthetic
cust_01657,salaried,Dhaka,dev_cust_01657,237,36135.57,4200,3500,synthetic
cust_01658,rural_retail,Jamalpur,dev_cust_01658,730,5907.85,1800,1200,synthetic
cust_01659,rural_retail,Khulna,dev_cust_01659,650,2511.14,1800,1200,synthetic
cust_01660,rural_retail,Faridpur,dev_cust_01660,659,7798.04,1800,1200,synthetic
cust_01661,salaried,Noakhali,dev_cust_01661,545,47619.16,4200,3500,synthetic
cust_01662,rural_retail,Sylhet,dev_cust_01662,523,8423.62,1800,1200,synthetic
cust_01663,small_merchant,Cox's Bazar,dev_cust_01663,582,85339.35,1200,1500,synthetic
cust_01664,rural_retail,Narayanganj,dev_cust_01664,694,6030.72,1800,1200,synthetic
cust_01665,small_merchant,Pabna,dev_cust_01665,409,89360.07,1200,1500,synthetic
cust_01666,elderly,Brahmanbaria,dev_cust_01666,572,7005.39,2500,1800,synthetic
cust_01667,student,Faridpur,dev_cust_01667,420,1551.55,450,300,synthetic
cust_01668,small_merchant,Brahmanbaria,dev_cust_01668,619,23305.94,1200,1500,synthetic
cust_01669,student,Khulna,dev_cust_01669,290,1931.42,450,300,synthetic
cust_01670,elderly,Mymensingh,dev_cust_01670,115,4965.73,2500,1800,synthetic
cust_01671,rural_retail,Noakhali,dev_cust_01671,448,4206.95,1800,1200,synthetic
cust_01672,elderly,Dhaka,dev_cust_01672,37,9091.82,2500,1800,synthetic
cust_01673,elderly,Rajshahi,dev_cust_01673,562,1100.72,2500,1800,synthetic
cust_01674,elderly,Gazipur,dev_cust_01674,240,10628.73,2500,1800,synthetic
cust_01675,salaried,Jessore,dev_cust_01675,448,28113.49,4200,3500,synthetic
cust_01676,rural_retail,Khulna,dev_cust_01676,466,8341.55,1800,1200,synthetic
cust_01677,student,Comilla,dev_cust_01677,297,3064.93,450,300,synthetic
cust_01678,rural_retail,Pabna,dev_cust_01678,608,5339.26,1800,1200,synthetic
cust_01679,student,Comilla,dev_cust_01679,726,1692.36,450,300,synthetic
cust_01680,salaried,Rangpur,dev_cust_01680,453,37605.25,4200,3500,synthetic
cust_01681,rural_retail,Noakhali,dev_cust_01681,524,3376.56,1800,1200,synthetic
cust_01682,small_merchant,Noakhali,dev_cust_01682,598,56119.61,1200,1500,synthetic
cust_01683,salaried,Bogra,dev_cust_01683,621,27217.82,4200,3500,synthetic
cust_01684,elderly,Brahmanbaria,dev_cust_01684,437,11300.95,2500,1800,synthetic
cust_01685,student,Narayanganj,dev_cust_01685,151,2743.44,450,300,synthetic
cust_01686,elderly,Tangail,dev_cust_01686,746,14289.43,2500,1800,synthetic
cust_01687,small_merchant,Rajshahi,dev_cust_01687,249,58209.2,1200,1500,synthetic
cust_01688,rural_retail,Jessore,dev_cust_01688,593,7947.27,1800,1200,synthetic
cust_01689,salaried,Narayanganj,dev_cust_01689,83,18036.9,4200,3500,synthetic
cust_01690,salaried,Gazipur,dev_cust_01690,35,50218.47,4200,3500,synthetic
cust_01691,student,Khulna,dev_cust_01691,512,3277.59,450,300,synthetic
cust_01692,rural_retail,Pabna,dev_cust_01692,120,2172.84,1800,1200,synthetic
cust_01693,rural_retail,Mymensingh,dev_cust_01693,409,2340.42,1800,1200,synthetic
cust_01694,student,Chittagong,dev_cust_01694,423,3292.05,450,300,synthetic
cust_01695,rural_retail,Kushtia,dev_cust_01695,658,8389.84,1800,1200,synthetic
cust_01696,student,Bogra,dev_cust_01696,641,672.39,450,300,synthetic
cust_01697,student,Barisal,dev_cust_01697,685,1983.11,450,300,synthetic
cust_01698,student,Dhaka,dev_cust_01698,236,3051.7,450,300,synthetic
cust_01699,small_merchant,Jamalpur,dev_cust_01699,322,31553.45,1200,1500,synthetic
cust_01700,rural_retail,Cox's Bazar,dev_cust_01700,552,6916.04,1800,1200,synthetic
cust_01701,small_merchant,Mymensingh,dev_cust_01701,659,29406.05,1200,1500,synthetic
cust_01702,rural_retail,Chittagong,dev_cust_01702,398,4012.19,1800,1200,synthetic
cust_01703,rural_retail,Dhaka,dev_cust_01703,191,2411.85,1800,1200,synthetic
cust_01704,rural_retail,Comilla,dev_cust_01704,439,5207.84,1800,1200,synthetic
cust_01705,rural_retail,Kushtia,dev_cust_01705,445,7653.84,1800,1200,synthetic
cust_01706,student,Jamalpur,dev_cust_01706,45,2710.78,450,300,synthetic
cust_01707,salaried,Sylhet,dev_cust_01707,122,37479.63,4200,3500,synthetic
cust_01708,student,Noakhali,dev_cust_01708,626,1544.29,450,300,synthetic
cust_01709,salaried,Comilla,dev_cust_01709,261,40318.17,4200,3500,synthetic
cust_01710,salaried,Rangpur,dev_cust_01710,495,56485.69,4200,3500,synthetic
cust_01711,student,Feni,dev_cust_01711,34,1283.32,450,300,synthetic
cust_01712,student,Pabna,dev_cust_01712,548,819.39,450,300,synthetic
cust_01713,salaried,Sylhet,dev_cust_01713,545,24712.59,4200,3500,synthetic
cust_01714,rural_retail,Rajshahi,dev_cust_01714,555,11545.45,1800,1200,synthetic
cust_01715,student,Noakhali,dev_cust_01715,618,1250.42,450,300,synthetic
cust_01716,small_merchant,Tangail,dev_cust_01716,416,62869.33,1200,1500,synthetic
cust_01717,student,Mymensingh,dev_cust_01717,377,3383.72,450,300,synthetic
cust_01718,salaried,Tangail,dev_cust_01718,727,33036.02,4200,3500,synthetic
cust_01719,small_merchant,Feni,dev_cust_01719,58,55967.46,1200,1500,synthetic
cust_01720,student,Comilla,dev_cust_01720,99,1648.02,450,300,synthetic
cust_01721,student,Mymensingh,dev_cust_01721,723,2603.53,450,300,synthetic
cust_01722,student,Jessore,dev_cust_01722,452,3366.34,450,300,synthetic
cust_01723,rural_retail,Jamalpur,dev_cust_01723,578,1602.09,1800,1200,synthetic
cust_01724,student,Comilla,dev_cust_01724,284,1361.87,450,300,synthetic
cust_01725,salaried,Kushtia,dev_cust_01725,719,47439.41,4200,3500,synthetic
cust_01726,student,Jessore,dev_cust_01726,107,2163.65,450,300,synthetic
cust_01727,rural_retail,Barisal,dev_cust_01727,517,4795.66,1800,1200,synthetic
cust_01728,small_merchant,Rangpur,dev_cust_01728,617,37871.44,1200,1500,synthetic
cust_01729,elderly,Narayanganj,dev_cust_01729,224,7985.99,2500,1800,synthetic
cust_01730,salaried,Rangpur,dev_cust_01730,270,46771.45,4200,3500,synthetic
cust_01731,rural_retail,Comilla,dev_cust_01731,241,3906.68,1800,1200,synthetic
cust_01732,salaried,Mymensingh,dev_cust_01732,663,27801.37,4200,3500,synthetic
cust_01733,rural_retail,Rajshahi,dev_cust_01733,152,11161.98,1800,1200,synthetic
cust_01734,rural_retail,Narayanganj,dev_cust_01734,709,6672.98,1800,1200,synthetic
cust_01735,student,Dhaka,dev_cust_01735,584,3373.98,450,300,synthetic
cust_01736,elderly,Faridpur,dev_cust_01736,410,9689.34,2500,1800,synthetic
cust_01737,rural_retail,Faridpur,dev_cust_01737,618,10622.07,1800,1200,synthetic
cust_01738,student,Faridpur,dev_cust_01738,217,3453.18,450,300,synthetic
cust_01739,rural_retail,Jamalpur,dev_cust_01739,316,5677.73,1800,1200,synthetic
cust_01740,rural_retail,Feni,dev_cust_01740,161,2068.56,1800,1200,synthetic
cust_01741,elderly,Pabna,dev_cust_01741,519,14155.16,2500,1800,synthetic
cust_01742,salaried,Chittagong,dev_cust_01742,544,27364.45,4200,3500,synthetic
cust_01743,salaried,Narayanganj,dev_cust_01743,208,32859.8,4200,3500,synthetic
cust_01744,student,Rajshahi,dev_cust_01744,745,2054.62,450,300,synthetic
cust_01745,rural_retail,Jessore,dev_cust_01745,735,1588.4,1800,1200,synthetic
cust_01746,rural_retail,Narayanganj,dev_cust_01746,245,5483.99,1800,1200,synthetic
cust_01747,student,Rajshahi,dev_cust_01747,363,1584.81,450,300,synthetic
cust_01748,rural_retail,Comilla,dev_cust_01748,221,7259.92,1800,1200,synthetic
cust_01749,salaried,Mymensingh,dev_cust_01749,305,33567.27,4200,3500,synthetic
cust_01750,student,Cox's Bazar,dev_cust_01750,381,1597.77,450,300,synthetic
cust_01751,rural_retail,Faridpur,dev_cust_01751,464,3710.59,1800,1200,synthetic
cust_01752,student,Brahmanbaria,dev_cust_01752,411,1595.23,450,300,synthetic
cust_01753,student,Kushtia,dev_cust_01753,316,1852.19,450,300,synthetic
cust_01754,student,Feni,dev_cust_01754,164,3437.82,450,300,synthetic
cust_01755,small_merchant,Narayanganj,dev_cust_01755,264,84206.21,1200,1500,synthetic
cust_01756,elderly,Comilla,dev_cust_01756,271,8774.76,2500,1800,synthetic
cust_01757,small_merchant,Kushtia,dev_cust_01757,230,27396.72,1200,1500,synthetic
cust_01758,rural_retail,Khulna,dev_cust_01758,514,9959.52,1800,1200,synthetic
cust_01759,student,Barisal,dev_cust_01759,461,1998.79,450,300,synthetic
cust_01760,rural_retail,Gazipur,dev_cust_01760,559,7106.82,1800,1200,synthetic
cust_01761,rural_retail,Jessore,dev_cust_01761,528,4650.36,1800,1200,synthetic
cust_01762,elderly,Noakhali,dev_cust_01762,611,1667.93,2500,1800,synthetic
cust_01763,student,Rajshahi,dev_cust_01763,737,990.03,450,300,synthetic
cust_01764,rural_retail,Rangpur,dev_cust_01764,290,6503.66,1800,1200,synthetic
cust_01765,student,Gazipur,dev_cust_01765,128,1849.56,450,300,synthetic
cust_01766,rural_retail,Jessore,dev_cust_01766,296,5290.1,1800,1200,synthetic
cust_01767,salaried,Noakhali,dev_cust_01767,600,56592.23,4200,3500,synthetic
cust_01768,rural_retail,Comilla,dev_cust_01768,382,1708.27,1800,1200,synthetic
cust_01769,rural_retail,Rajshahi,dev_cust_01769,389,10607.37,1800,1200,synthetic
cust_01770,rural_retail,Cox's Bazar,dev_cust_01770,233,7556.96,1800,1200,synthetic
cust_01771,rural_retail,Gazipur,dev_cust_01771,694,7153.6,1800,1200,synthetic
cust_01772,salaried,Bogra,dev_cust_01772,393,26254.51,4200,3500,synthetic
cust_01773,elderly,Jamalpur,dev_cust_01773,529,11846.42,2500,1800,synthetic
cust_01774,small_merchant,Tangail,dev_cust_01774,110,47391.03,1200,1500,synthetic
cust_01775,salaried,Bogra,dev_cust_01775,504,41585.61,4200,3500,synthetic
cust_01776,rural_retail,Khulna,dev_cust_01776,201,8226.1,1800,1200,synthetic
cust_01777,salaried,Jessore,dev_cust_01777,461,41563.67,4200,3500,synthetic
cust_01778,rural_retail,Feni,dev_cust_01778,444,10413.46,1800,1200,synthetic
cust_01779,rural_retail,Sylhet,dev_cust_01779,111,3200.99,1800,1200,synthetic
cust_01780,elderly,Mymensingh,dev_cust_01780,351,5436.3,2500,1800,synthetic
cust_01781,student,Bogra,dev_cust_01781,303,2316.15,450,300,synthetic
cust_01782,small_merchant,Kushtia,dev_cust_01782,307,90453.8,1200,1500,synthetic
cust_01783,rural_retail,Dinajpur,dev_cust_01783,631,6969.82,1800,1200,synthetic
cust_01784,salaried,Tangail,dev_cust_01784,453,18365.91,4200,3500,synthetic
cust_01785,salaried,Dhaka,dev_cust_01785,158,46388.62,4200,3500,synthetic
cust_01786,elderly,Narayanganj,dev_cust_01786,287,14166.12,2500,1800,synthetic
cust_01787,salaried,Brahmanbaria,dev_cust_01787,111,20528.57,4200,3500,synthetic
cust_01788,salaried,Kushtia,dev_cust_01788,135,14777.69,4200,3500,synthetic
cust_01789,student,Faridpur,dev_cust_01789,591,661.48,450,300,synthetic
cust_01790,rural_retail,Kushtia,dev_cust_01790,566,9532.46,1800,1200,synthetic
cust_01791,student,Sylhet,dev_cust_01791,136,1287.36,450,300,synthetic
cust_01792,salaried,Khulna,dev_cust_01792,116,42741.63,4200,3500,synthetic
cust_01793,rural_retail,Kushtia,dev_cust_01793,346,3908.24,1800,1200,synthetic
cust_01794,salaried,Bogra,dev_cust_01794,483,41324.03,4200,3500,synthetic
cust_01795,student,Khulna,dev_cust_01795,569,3015.55,450,300,synthetic
cust_01796,student,Dhaka,dev_cust_01796,65,2490.65,450,300,synthetic
cust_01797,salaried,Jessore,dev_cust_01797,517,33359.67,4200,3500,synthetic
cust_01798,student,Noakhali,dev_cust_01798,308,2145.64,450,300,synthetic
cust_01799,student,Khulna,dev_cust_01799,744,2117.86,450,300,synthetic
cust_01800,student,Feni,dev_cust_01800,641,1869.63,450,300,synthetic
cust_01801,small_merchant,Gazipur,dev_cust_01801,607,51973.08,1200,1500,synthetic
cust_01802,salaried,Gazipur,dev_cust_01802,684,36689.21,4200,3500,synthetic
cust_01803,rural_retail,Dinajpur,dev_cust_01803,523,7166.52,1800,1200,synthetic
cust_01804,rural_retail,Sylhet,dev_cust_01804,482,4732.62,1800,1200,synthetic
cust_01805,rural_retail,Pabna,dev_cust_01805,296,3135.03,1800,1200,synthetic
cust_01806,salaried,Dhaka,dev_cust_01806,30,36165.81,4200,3500,synthetic
cust_01807,salaried,Khulna,dev_cust_01807,382,24338.11,4200,3500,synthetic
cust_01808,student,Noakhali,dev_cust_01808,38,2563.31,450,300,synthetic
cust_01809,student,Faridpur,dev_cust_01809,518,1398.83,450,300,synthetic
cust_01810,student,Pabna,dev_cust_01810,329,2291.01,450,300,synthetic
cust_01811,salaried,Dhaka,dev_cust_01811,591,28682.19,4200,3500,synthetic
cust_01812,salaried,Pabna,dev_cust_01812,604,31855.32,4200,3500,synthetic
cust_01813,rural_retail,Mymensingh,dev_cust_01813,197,9006.85,1800,1200,synthetic
cust_01814,student,Gazipur,dev_cust_01814,429,2985.28,450,300,synthetic
cust_01815,student,Mymensingh,dev_cust_01815,299,737.63,450,300,synthetic
cust_01816,small_merchant,Gazipur,dev_cust_01816,275,58911.86,1200,1500,synthetic
cust_01817,rural_retail,Cox's Bazar,dev_cust_01817,740,8688.72,1800,1200,synthetic
cust_01818,salaried,Bogra,dev_cust_01818,694,47146.34,4200,3500,synthetic
cust_01819,salaried,Comilla,dev_cust_01819,452,19400.03,4200,3500,synthetic
cust_01820,rural_retail,Sylhet,dev_cust_01820,216,2934.55,1800,1200,synthetic
cust_01821,student,Rajshahi,dev_cust_01821,682,1866.03,450,300,synthetic
cust_01822,student,Tangail,dev_cust_01822,308,2601.42,450,300,synthetic
cust_01823,salaried,Faridpur,dev_cust_01823,222,26032.19,4200,3500,synthetic
cust_01824,salaried,Khulna,dev_cust_01824,80,58485.81,4200,3500,synthetic
cust_01825,salaried,Dhaka,dev_cust_01825,220,58616.63,4200,3500,synthetic
cust_01826,rural_retail,Bogra,dev_cust_01826,305,2812.91,1800,1200,synthetic
cust_01827,student,Tangail,dev_cust_01827,38,1198.43,450,300,synthetic
cust_01828,small_merchant,Khulna,dev_cust_01828,45,56954.26,1200,1500,synthetic
cust_01829,salaried,Jessore,dev_cust_01829,460,25578.83,4200,3500,synthetic
cust_01830,rural_retail,Faridpur,dev_cust_01830,410,6368.69,1800,1200,synthetic
cust_01831,small_merchant,Chittagong,dev_cust_01831,368,21818.96,1200,1500,synthetic
cust_01832,salaried,Khulna,dev_cust_01832,87,23325.18,4200,3500,synthetic
cust_01833,salaried,Kushtia,dev_cust_01833,103,37159.6,4200,3500,synthetic
cust_01834,salaried,Barisal,dev_cust_01834,226,54784.95,4200,3500,synthetic
cust_01835,elderly,Comilla,dev_cust_01835,420,12595.53,2500,1800,synthetic
cust_01836,salaried,Rajshahi,dev_cust_01836,284,29239.89,4200,3500,synthetic
cust_01837,student,Tangail,dev_cust_01837,283,2712.86,450,300,synthetic
cust_01838,rural_retail,Chittagong,dev_cust_01838,233,6338.76,1800,1200,synthetic
cust_01839,small_merchant,Rajshahi,dev_cust_01839,563,71610.67,1200,1500,synthetic
cust_01840,student,Rangpur,dev_cust_01840,514,1667.37,450,300,synthetic
cust_01841,rural_retail,Bogra,dev_cust_01841,360,3165.42,1800,1200,synthetic
cust_01842,rural_retail,Chittagong,dev_cust_01842,592,6969.73,1800,1200,synthetic
cust_01843,rural_retail,Comilla,dev_cust_01843,522,8204.46,1800,1200,synthetic
cust_01844,salaried,Rangpur,dev_cust_01844,399,54375.98,4200,3500,synthetic
cust_01845,small_merchant,Narayanganj,dev_cust_01845,253,97728.3,1200,1500,synthetic
cust_01846,student,Mymensingh,dev_cust_01846,678,1802.48,450,300,synthetic
cust_01847,student,Dhaka,dev_cust_01847,201,2883.17,450,300,synthetic
cust_01848,student,Feni,dev_cust_01848,152,1687.42,450,300,synthetic
cust_01849,elderly,Mymensingh,dev_cust_01849,39,14563.69,2500,1800,synthetic
cust_01850,salaried,Feni,dev_cust_01850,737,33763.53,4200,3500,synthetic
cust_01851,rural_retail,Cox's Bazar,dev_cust_01851,188,5399.69,1800,1200,synthetic
cust_01852,elderly,Sylhet,dev_cust_01852,284,3207.78,2500,1800,synthetic
cust_01853,elderly,Sylhet,dev_cust_01853,732,9661.03,2500,1800,synthetic
cust_01854,elderly,Gazipur,dev_cust_01854,91,1836.85,2500,1800,synthetic
cust_01855,small_merchant,Gazipur,dev_cust_01855,187,74612.89,1200,1500,synthetic
cust_01856,rural_retail,Rajshahi,dev_cust_01856,158,6622.35,1800,1200,synthetic
cust_01857,salaried,Jessore,dev_cust_01857,601,49428.09,4200,3500,synthetic
cust_01858,rural_retail,Dinajpur,dev_cust_01858,479,9198.48,1800,1200,synthetic
cust_01859,elderly,Dhaka,dev_cust_01859,735,6288.77,2500,1800,synthetic
cust_01860,salaried,Khulna,dev_cust_01860,286,54933.15,4200,3500,synthetic
cust_01861,salaried,Faridpur,dev_cust_01861,478,37951.24,4200,3500,synthetic
cust_01862,salaried,Noakhali,dev_cust_01862,743,34504.6,4200,3500,synthetic
cust_01863,student,Feni,dev_cust_01863,221,2130.86,450,300,synthetic
cust_01864,rural_retail,Jessore,dev_cust_01864,509,4390.91,1800,1200,synthetic
cust_01865,small_merchant,Cox's Bazar,dev_cust_01865,597,28629.19,1200,1500,synthetic
cust_01866,small_merchant,Jamalpur,dev_cust_01866,188,53197.66,1200,1500,synthetic
cust_01867,student,Comilla,dev_cust_01867,584,1601.34,450,300,synthetic
cust_01868,student,Dhaka,dev_cust_01868,683,2017.87,450,300,synthetic
cust_01869,student,Barisal,dev_cust_01869,49,2359.2,450,300,synthetic
cust_01870,salaried,Dinajpur,dev_cust_01870,665,21939.33,4200,3500,synthetic
cust_01871,elderly,Sylhet,dev_cust_01871,704,14540.28,2500,1800,synthetic
cust_01872,student,Kushtia,dev_cust_01872,224,2072.21,450,300,synthetic
cust_01873,rural_retail,Faridpur,dev_cust_01873,594,3118.38,1800,1200,synthetic
cust_01874,elderly,Bogra,dev_cust_01874,360,6737.26,2500,1800,synthetic
cust_01875,salaried,Jessore,dev_cust_01875,143,14812.81,4200,3500,synthetic
cust_01876,rural_retail,Narayanganj,dev_cust_01876,98,1959.66,1800,1200,synthetic
cust_01877,salaried,Khulna,dev_cust_01877,212,53674.64,4200,3500,synthetic
cust_01878,rural_retail,Rangpur,dev_cust_01878,139,6596.39,1800,1200,synthetic
cust_01879,rural_retail,Rajshahi,dev_cust_01879,62,7495.63,1800,1200,synthetic
cust_01880,salaried,Kushtia,dev_cust_01880,703,34495.48,4200,3500,synthetic
cust_01881,salaried,Cox's Bazar,dev_cust_01881,748,39515.05,4200,3500,synthetic
cust_01882,elderly,Chittagong,dev_cust_01882,405,4090.12,2500,1800,synthetic
cust_01883,salaried,Brahmanbaria,dev_cust_01883,102,10654.31,4200,3500,synthetic
cust_01884,salaried,Rangpur,dev_cust_01884,701,34570.28,4200,3500,synthetic
cust_01885,student,Sylhet,dev_cust_01885,509,2903.06,450,300,synthetic
cust_01886,rural_retail,Chittagong,dev_cust_01886,399,7359.21,1800,1200,synthetic
cust_01887,student,Pabna,dev_cust_01887,407,2882.75,450,300,synthetic
cust_01888,student,Chittagong,dev_cust_01888,661,1297.45,450,300,synthetic
cust_01889,salaried,Chittagong,dev_cust_01889,102,51722.82,4200,3500,synthetic
cust_01890,small_merchant,Sylhet,dev_cust_01890,251,96649.87,1200,1500,synthetic
cust_01891,student,Rajshahi,dev_cust_01891,133,2675.52,450,300,synthetic
cust_01892,rural_retail,Noakhali,dev_cust_01892,424,3489.33,1800,1200,synthetic
cust_01893,elderly,Jamalpur,dev_cust_01893,702,4482.68,2500,1800,synthetic
cust_01894,student,Gazipur,dev_cust_01894,213,2175.27,450,300,synthetic
cust_01895,salaried,Noakhali,dev_cust_01895,455,47305.42,4200,3500,synthetic
cust_01896,salaried,Gazipur,dev_cust_01896,620,27898.17,4200,3500,synthetic
cust_01897,salaried,Tangail,dev_cust_01897,749,43262.12,4200,3500,synthetic
cust_01898,student,Rajshahi,dev_cust_01898,200,2877.38,450,300,synthetic
cust_01899,rural_retail,Noakhali,dev_cust_01899,441,6799.27,1800,1200,synthetic
cust_01900,salaried,Narayanganj,dev_cust_01900,191,36695.02,4200,3500,synthetic
cust_01901,salaried,Cox's Bazar,dev_cust_01901,483,56676.0,4200,3500,synthetic
cust_01902,student,Jessore,dev_cust_01902,593,3474.39,450,300,synthetic
cust_01903,salaried,Jessore,dev_cust_01903,410,30617.16,4200,3500,synthetic
cust_01904,student,Gazipur,dev_cust_01904,470,2978.46,450,300,synthetic
cust_01905,salaried,Jessore,dev_cust_01905,653,22036.13,4200,3500,synthetic
cust_01906,student,Noakhali,dev_cust_01906,249,1625.19,450,300,synthetic
cust_01907,small_merchant,Noakhali,dev_cust_01907,290,45600.73,1200,1500,synthetic
cust_01908,rural_retail,Tangail,dev_cust_01908,488,11578.16,1800,1200,synthetic
cust_01909,rural_retail,Dhaka,dev_cust_01909,65,11821.04,1800,1200,synthetic
cust_01910,student,Cox's Bazar,dev_cust_01910,46,2052.83,450,300,synthetic
cust_01911,rural_retail,Bogra,dev_cust_01911,36,4653.51,1800,1200,synthetic
cust_01912,elderly,Mymensingh,dev_cust_01912,249,12980.09,2500,1800,synthetic
cust_01913,small_merchant,Dhaka,dev_cust_01913,736,84898.68,1200,1500,synthetic
cust_01914,rural_retail,Noakhali,dev_cust_01914,553,7341.39,1800,1200,synthetic
cust_01915,rural_retail,Feni,dev_cust_01915,188,2490.01,1800,1200,synthetic
cust_01916,salaried,Tangail,dev_cust_01916,394,17805.36,4200,3500,synthetic
cust_01917,elderly,Comilla,dev_cust_01917,405,13454.75,2500,1800,synthetic
cust_01918,salaried,Mymensingh,dev_cust_01918,268,22812.19,4200,3500,synthetic
cust_01919,rural_retail,Bogra,dev_cust_01919,124,7490.12,1800,1200,synthetic
cust_01920,rural_retail,Feni,dev_cust_01920,252,9209.79,1800,1200,synthetic
cust_01921,salaried,Jessore,dev_cust_01921,524,18645.12,4200,3500,synthetic
cust_01922,student,Brahmanbaria,dev_cust_01922,749,2228.7,450,300,synthetic
cust_01923,salaried,Rajshahi,dev_cust_01923,639,42112.73,4200,3500,synthetic
cust_01924,rural_retail,Chittagong,dev_cust_01924,620,5506.23,1800,1200,synthetic
cust_01925,salaried,Chittagong,dev_cust_01925,372,27396.51,4200,3500,synthetic
cust_01926,student,Pabna,dev_cust_01926,456,3290.74,450,300,synthetic
cust_01927,salaried,Rajshahi,dev_cust_01927,262,47383.93,4200,3500,synthetic
cust_01928,rural_retail,Cox's Bazar,dev_cust_01928,41,8155.81,1800,1200,synthetic
cust_01929,salaried,Gazipur,dev_cust_01929,421,12706.4,4200,3500,synthetic
cust_01930,student,Jamalpur,dev_cust_01930,72,1457.95,450,300,synthetic
cust_01931,salaried,Feni,dev_cust_01931,183,26341.58,4200,3500,synthetic
cust_01932,salaried,Brahmanbaria,dev_cust_01932,256,17659.87,4200,3500,synthetic
cust_01933,salaried,Narayanganj,dev_cust_01933,432,58552.01,4200,3500,synthetic
cust_01934,salaried,Cox's Bazar,dev_cust_01934,619,35236.47,4200,3500,synthetic
cust_01935,salaried,Mymensingh,dev_cust_01935,472,24489.15,4200,3500,synthetic
cust_01936,elderly,Kushtia,dev_cust_01936,181,2850.65,2500,1800,synthetic
cust_01937,rural_retail,Sylhet,dev_cust_01937,517,7500.13,1800,1200,synthetic
cust_01938,elderly,Chittagong,dev_cust_01938,591,6588.68,2500,1800,synthetic
cust_01939,rural_retail,Sylhet,dev_cust_01939,438,6769.14,1800,1200,synthetic
cust_01940,student,Brahmanbaria,dev_cust_01940,163,2786.1,450,300,synthetic
cust_01941,student,Faridpur,dev_cust_01941,602,1094.33,450,300,synthetic
cust_01942,rural_retail,Kushtia,dev_cust_01942,697,7498.97,1800,1200,synthetic
cust_01943,salaried,Noakhali,dev_cust_01943,660,59853.94,4200,3500,synthetic
cust_01944,salaried,Jamalpur,dev_cust_01944,282,22115.75,4200,3500,synthetic
cust_01945,salaried,Comilla,dev_cust_01945,470,26170.58,4200,3500,synthetic
cust_01946,rural_retail,Feni,dev_cust_01946,121,2681.56,1800,1200,synthetic
cust_01947,rural_retail,Pabna,dev_cust_01947,463,5335.31,1800,1200,synthetic
cust_01948,student,Rangpur,dev_cust_01948,358,1533.57,450,300,synthetic
cust_01949,rural_retail,Gazipur,dev_cust_01949,54,9581.65,1800,1200,synthetic
cust_01950,rural_retail,Barisal,dev_cust_01950,388,7970.32,1800,1200,synthetic
cust_01951,student,Tangail,dev_cust_01951,668,937.46,450,300,synthetic
cust_01952,student,Chittagong,dev_cust_01952,269,1099.06,450,300,synthetic
cust_01953,salaried,Dinajpur,dev_cust_01953,189,47886.69,4200,3500,synthetic
cust_01954,salaried,Sylhet,dev_cust_01954,145,46979.08,4200,3500,synthetic
cust_01955,small_merchant,Mymensingh,dev_cust_01955,665,93772.02,1200,1500,synthetic
cust_01956,small_merchant,Bogra,dev_cust_01956,44,44178.07,1200,1500,synthetic
cust_01957,salaried,Rajshahi,dev_cust_01957,342,32503.08,4200,3500,synthetic
cust_01958,rural_retail,Dhaka,dev_cust_01958,369,3694.6,1800,1200,synthetic
cust_01959,salaried,Noakhali,dev_cust_01959,246,20190.07,4200,3500,synthetic
cust_01960,salaried,Jamalpur,dev_cust_01960,294,37440.0,4200,3500,synthetic
cust_01961,student,Cox's Bazar,dev_cust_01961,174,2585.21,450,300,synthetic
cust_01962,rural_retail,Narayanganj,dev_cust_01962,48,5454.37,1800,1200,synthetic
cust_01963,elderly,Narayanganj,dev_cust_01963,569,1608.75,2500,1800,synthetic
cust_01964,rural_retail,Barisal,dev_cust_01964,91,4482.14,1800,1200,synthetic
cust_01965,salaried,Brahmanbaria,dev_cust_01965,662,23564.07,4200,3500,synthetic
cust_01966,salaried,Tangail,dev_cust_01966,700,57258.82,4200,3500,synthetic
cust_01967,student,Sylhet,dev_cust_01967,427,2481.12,450,300,synthetic
cust_01968,rural_retail,Narayanganj,dev_cust_01968,705,5282.3,1800,1200,synthetic
cust_01969,rural_retail,Rajshahi,dev_cust_01969,49,4571.2,1800,1200,synthetic
cust_01970,student,Gazipur,dev_cust_01970,425,1193.51,450,300,synthetic
cust_01971,student,Kushtia,dev_cust_01971,550,3429.84,450,300,synthetic
cust_01972,elderly,Rajshahi,dev_cust_01972,353,7785.27,2500,1800,synthetic
cust_01973,rural_retail,Cox's Bazar,dev_cust_01973,574,2424.22,1800,1200,synthetic
cust_01974,rural_retail,Rangpur,dev_cust_01974,542,11651.31,1800,1200,synthetic
cust_01975,rural_retail,Noakhali,dev_cust_01975,52,1917.4,1800,1200,synthetic
cust_01976,small_merchant,Jamalpur,dev_cust_01976,342,43353.42,1200,1500,synthetic
cust_01977,rural_retail,Kushtia,dev_cust_01977,190,1692.91,1800,1200,synthetic
cust_01978,rural_retail,Narayanganj,dev_cust_01978,390,5231.47,1800,1200,synthetic
cust_01979,elderly,Bogra,dev_cust_01979,271,14943.92,2500,1800,synthetic
cust_01980,elderly,Jamalpur,dev_cust_01980,312,12366.5,2500,1800,synthetic
cust_01981,student,Gazipur,dev_cust_01981,293,3136.03,450,300,synthetic
cust_01982,elderly,Dhaka,dev_cust_01982,598,14287.63,2500,1800,synthetic
cust_01983,rural_retail,Mymensingh,dev_cust_01983,185,5088.75,1800,1200,synthetic
cust_01984,rural_retail,Kushtia,dev_cust_01984,702,2941.24,1800,1200,synthetic
cust_01985,student,Kushtia,dev_cust_01985,563,3381.82,450,300,synthetic
cust_01986,student,Cox's Bazar,dev_cust_01986,670,2559.57,450,300,synthetic
cust_01987,salaried,Pabna,dev_cust_01987,276,38644.93,4200,3500,synthetic
cust_01988,rural_retail,Pabna,dev_cust_01988,349,11052.22,1800,1200,synthetic
cust_01989,rural_retail,Jessore,dev_cust_01989,489,7193.45,1800,1200,synthetic
cust_01990,salaried,Rangpur,dev_cust_01990,698,16928.83,4200,3500,synthetic
cust_01991,salaried,Noakhali,dev_cust_01991,730,50005.25,4200,3500,synthetic
cust_01992,student,Khulna,dev_cust_01992,346,2565.6,450,300,synthetic
cust_01993,salaried,Jamalpur,dev_cust_01993,168,31503.21,4200,3500,synthetic
cust_01994,student,Khulna,dev_cust_01994,701,3299.09,450,300,synthetic
cust_01995,salaried,Barisal,dev_cust_01995,355,13390.7,4200,3500,synthetic
cust_01996,salaried,Noakhali,dev_cust_01996,151,19206.76,4200,3500,synthetic
cust_01997,small_merchant,Khulna,dev_cust_01997,60,80061.98,1200,1500,synthetic
cust_01998,student,Pabna,dev_cust_01998,451,1410.04,450,300,synthetic
cust_01999,student,Gazipur,dev_cust_01999,310,955.87,450,300,synthetic
cust_02000,rural_retail,Rangpur,dev_cust_02000,139,2881.23,1800,1200,synthetic
cust_02001,rural_retail,Dhaka,dev_cust_02001,656,7977.94,1800,1200,synthetic
cust_02002,student,Cox's Bazar,dev_cust_02002,610,2337.09,450,300,synthetic
cust_02003,small_merchant,Cox's Bazar,dev_cust_02003,267,34627.55,1200,1500,synthetic
cust_02004,student,Dhaka,dev_cust_02004,397,738.43,450,300,synthetic
cust_02005,rural_retail,Faridpur,dev_cust_02005,167,6774.41,1800,1200,synthetic
cust_02006,salaried,Cox's Bazar,dev_cust_02006,510,45600.96,4200,3500,synthetic
cust_02007,rural_retail,Dinajpur,dev_cust_02007,218,10447.36,1800,1200,synthetic
cust_02008,salaried,Faridpur,dev_cust_02008,515,16875.64,4200,3500,synthetic
cust_02009,student,Rangpur,dev_cust_02009,261,596.69,450,300,synthetic
cust_02010,rural_retail,Dhaka,dev_cust_02010,306,11477.08,1800,1200,synthetic
cust_02011,student,Mymensingh,dev_cust_02011,717,3464.73,450,300,synthetic
cust_02012,student,Rangpur,dev_cust_02012,97,1031.23,450,300,synthetic
cust_02013,small_merchant,Tangail,dev_cust_02013,661,56645.15,1200,1500,synthetic
cust_02014,student,Jessore,dev_cust_02014,498,3162.76,450,300,synthetic
cust_02015,rural_retail,Pabna,dev_cust_02015,444,9650.25,1800,1200,synthetic
cust_02016,rural_retail,Cox's Bazar,dev_cust_02016,419,9062.11,1800,1200,synthetic
cust_02017,rural_retail,Kushtia,dev_cust_02017,656,11360.96,1800,1200,synthetic
cust_02018,elderly,Feni,dev_cust_02018,638,8506.23,2500,1800,synthetic
cust_02019,student,Gazipur,dev_cust_02019,69,2061.95,450,300,synthetic
cust_02020,salaried,Tangail,dev_cust_02020,497,51350.51,4200,3500,synthetic
cust_02021,small_merchant,Chittagong,dev_cust_02021,281,59089.73,1200,1500,synthetic
cust_02022,salaried,Kushtia,dev_cust_02022,70,37885.05,4200,3500,synthetic
cust_02023,small_merchant,Jamalpur,dev_cust_02023,675,96820.35,1200,1500,synthetic
cust_02024,student,Rangpur,dev_cust_02024,328,1818.66,450,300,synthetic
cust_02025,rural_retail,Bogra,dev_cust_02025,322,6344.15,1800,1200,synthetic
cust_02026,rural_retail,Pabna,dev_cust_02026,331,7937.91,1800,1200,synthetic
cust_02027,salaried,Chittagong,dev_cust_02027,736,35848.48,4200,3500,synthetic
cust_02028,small_merchant,Khulna,dev_cust_02028,504,85540.95,1200,1500,synthetic
cust_02029,rural_retail,Tangail,dev_cust_02029,122,9087.79,1800,1200,synthetic
cust_02030,salaried,Rajshahi,dev_cust_02030,214,48936.56,4200,3500,synthetic
cust_02031,student,Brahmanbaria,dev_cust_02031,589,905.92,450,300,synthetic
cust_02032,salaried,Pabna,dev_cust_02032,361,32544.29,4200,3500,synthetic
cust_02033,rural_retail,Barisal,dev_cust_02033,494,7698.31,1800,1200,synthetic
cust_02034,small_merchant,Brahmanbaria,dev_cust_02034,236,90016.62,1200,1500,synthetic
cust_02035,salaried,Sylhet,dev_cust_02035,286,26203.74,4200,3500,synthetic
cust_02036,rural_retail,Gazipur,dev_cust_02036,197,9042.93,1800,1200,synthetic
cust_02037,student,Rajshahi,dev_cust_02037,123,842.49,450,300,synthetic
cust_02038,student,Tangail,dev_cust_02038,679,1588.83,450,300,synthetic
cust_02039,student,Jamalpur,dev_cust_02039,423,2680.62,450,300,synthetic
cust_02040,rural_retail,Jamalpur,dev_cust_02040,656,11472.42,1800,1200,synthetic
cust_02041,elderly,Kushtia,dev_cust_02041,593,6328.5,2500,1800,synthetic
cust_02042,salaried,Barisal,dev_cust_02042,373,38274.58,4200,3500,synthetic
cust_02043,rural_retail,Narayanganj,dev_cust_02043,183,3202.3,1800,1200,synthetic
cust_02044,student,Khulna,dev_cust_02044,213,2807.47,450,300,synthetic
cust_02045,elderly,Chittagong,dev_cust_02045,459,5312.87,2500,1800,synthetic
cust_02046,salaried,Tangail,dev_cust_02046,325,41322.64,4200,3500,synthetic
cust_02047,student,Rajshahi,dev_cust_02047,164,3381.3,450,300,synthetic
cust_02048,salaried,Dhaka,dev_cust_02048,667,48269.79,4200,3500,synthetic
cust_02049,rural_retail,Dhaka,dev_cust_02049,499,6725.09,1800,1200,synthetic
cust_02050,student,Faridpur,dev_cust_02050,586,2922.36,450,300,synthetic
cust_02051,rural_retail,Cox's Bazar,dev_cust_02051,535,3997.72,1800,1200,synthetic
cust_02052,rural_retail,Feni,dev_cust_02052,705,6494.98,1800,1200,synthetic
cust_02053,student,Pabna,dev_cust_02053,482,738.21,450,300,synthetic
cust_02054,small_merchant,Cox's Bazar,dev_cust_02054,36,35800.62,1200,1500,synthetic
cust_02055,elderly,Noakhali,dev_cust_02055,314,9676.72,2500,1800,synthetic
cust_02056,salaried,Noakhali,dev_cust_02056,242,12445.94,4200,3500,synthetic
cust_02057,rural_retail,Khulna,dev_cust_02057,86,8359.41,1800,1200,synthetic
cust_02058,rural_retail,Chittagong,dev_cust_02058,178,10465.21,1800,1200,synthetic
cust_02059,salaried,Narayanganj,dev_cust_02059,621,51900.72,4200,3500,synthetic
cust_02060,rural_retail,Bogra,dev_cust_02060,369,11164.04,1800,1200,synthetic
cust_02061,student,Chittagong,dev_cust_02061,141,1750.87,450,300,synthetic
cust_02062,rural_retail,Barisal,dev_cust_02062,195,8556.95,1800,1200,synthetic
cust_02063,elderly,Cox's Bazar,dev_cust_02063,706,10681.19,2500,1800,synthetic
cust_02064,rural_retail,Cox's Bazar,dev_cust_02064,616,9766.73,1800,1200,synthetic
cust_02065,student,Barisal,dev_cust_02065,496,2748.0,450,300,synthetic
cust_02066,salaried,Dinajpur,dev_cust_02066,66,14656.31,4200,3500,synthetic
cust_02067,student,Bogra,dev_cust_02067,360,1605.71,450,300,synthetic
cust_02068,rural_retail,Kushtia,dev_cust_02068,99,9463.64,1800,1200,synthetic
cust_02069,student,Noakhali,dev_cust_02069,96,1378.5,450,300,synthetic
cust_02070,rural_retail,Khulna,dev_cust_02070,154,8793.5,1800,1200,synthetic
cust_02071,salaried,Comilla,dev_cust_02071,367,36352.64,4200,3500,synthetic
cust_02072,rural_retail,Jamalpur,dev_cust_02072,244,8806.21,1800,1200,synthetic
cust_02073,student,Cox's Bazar,dev_cust_02073,89,827.91,450,300,synthetic
cust_02074,elderly,Gazipur,dev_cust_02074,571,14820.65,2500,1800,synthetic
cust_02075,elderly,Faridpur,dev_cust_02075,735,9466.89,2500,1800,synthetic
cust_02076,elderly,Brahmanbaria,dev_cust_02076,324,6978.75,2500,1800,synthetic
cust_02077,student,Jessore,dev_cust_02077,295,2076.17,450,300,synthetic
cust_02078,rural_retail,Cox's Bazar,dev_cust_02078,392,11234.61,1800,1200,synthetic
cust_02079,small_merchant,Cox's Bazar,dev_cust_02079,606,57193.74,1200,1500,synthetic
cust_02080,salaried,Gazipur,dev_cust_02080,539,34625.22,4200,3500,synthetic
cust_02081,student,Barisal,dev_cust_02081,654,1198.16,450,300,synthetic
cust_02082,student,Bogra,dev_cust_02082,228,504.74,450,300,synthetic
cust_02083,rural_retail,Dhaka,dev_cust_02083,506,8067.34,1800,1200,synthetic
cust_02084,small_merchant,Rajshahi,dev_cust_02084,242,82962.97,1200,1500,synthetic
cust_02085,rural_retail,Pabna,dev_cust_02085,453,1977.67,1800,1200,synthetic
cust_02086,rural_retail,Dinajpur,dev_cust_02086,603,9963.46,1800,1200,synthetic
cust_02087,student,Rangpur,dev_cust_02087,41,2421.85,450,300,synthetic
cust_02088,salaried,Brahmanbaria,dev_cust_02088,318,22720.88,4200,3500,synthetic
cust_02089,elderly,Sylhet,dev_cust_02089,345,5203.98,2500,1800,synthetic
cust_02090,rural_retail,Noakhali,dev_cust_02090,361,9553.84,1800,1200,synthetic
cust_02091,salaried,Rajshahi,dev_cust_02091,732,26664.14,4200,3500,synthetic
cust_02092,small_merchant,Kushtia,dev_cust_02092,612,67359.43,1200,1500,synthetic
cust_02093,student,Dhaka,dev_cust_02093,209,1082.05,450,300,synthetic
cust_02094,rural_retail,Jessore,dev_cust_02094,718,6530.64,1800,1200,synthetic
cust_02095,rural_retail,Faridpur,dev_cust_02095,66,8279.35,1800,1200,synthetic
cust_02096,salaried,Faridpur,dev_cust_02096,189,41360.02,4200,3500,synthetic
cust_02097,salaried,Noakhali,dev_cust_02097,373,33123.5,4200,3500,synthetic
cust_02098,salaried,Pabna,dev_cust_02098,87,51755.29,4200,3500,synthetic
cust_02099,salaried,Bogra,dev_cust_02099,608,46248.21,4200,3500,synthetic
cust_02100,rural_retail,Jessore,dev_cust_02100,598,7126.8,1800,1200,synthetic
cust_02101,small_merchant,Rangpur,dev_cust_02101,621,73266.93,1200,1500,synthetic
cust_02102,rural_retail,Dinajpur,dev_cust_02102,97,11680.94,1800,1200,synthetic
cust_02103,student,Comilla,dev_cust_02103,61,1517.46,450,300,synthetic
cust_02104,salaried,Kushtia,dev_cust_02104,671,36713.66,4200,3500,synthetic
cust_02105,salaried,Barisal,dev_cust_02105,614,40284.45,4200,3500,synthetic
cust_02106,rural_retail,Barisal,dev_cust_02106,639,2726.87,1800,1200,synthetic
cust_02107,elderly,Bogra,dev_cust_02107,352,10937.76,2500,1800,synthetic
cust_02108,small_merchant,Comilla,dev_cust_02108,453,22377.81,1200,1500,synthetic
cust_02109,rural_retail,Mymensingh,dev_cust_02109,410,6245.02,1800,1200,synthetic
cust_02110,small_merchant,Bogra,dev_cust_02110,251,59633.54,1200,1500,synthetic
cust_02111,student,Barisal,dev_cust_02111,144,1622.65,450,300,synthetic
cust_02112,student,Chittagong,dev_cust_02112,236,3240.06,450,300,synthetic
cust_02113,student,Tangail,dev_cust_02113,548,574.8,450,300,synthetic
cust_02114,elderly,Faridpur,dev_cust_02114,542,3157.09,2500,1800,synthetic
cust_02115,salaried,Jessore,dev_cust_02115,525,46622.05,4200,3500,synthetic
cust_02116,student,Jamalpur,dev_cust_02116,347,2826.6,450,300,synthetic
cust_02117,rural_retail,Khulna,dev_cust_02117,130,10132.45,1800,1200,synthetic
cust_02118,salaried,Jamalpur,dev_cust_02118,722,59636.02,4200,3500,synthetic
cust_02119,student,Rangpur,dev_cust_02119,67,1878.11,450,300,synthetic
cust_02120,elderly,Brahmanbaria,dev_cust_02120,564,2621.7,2500,1800,synthetic
cust_02121,elderly,Bogra,dev_cust_02121,75,10618.73,2500,1800,synthetic
cust_02122,rural_retail,Cox's Bazar,dev_cust_02122,119,4999.54,1800,1200,synthetic
cust_02123,small_merchant,Chittagong,dev_cust_02123,135,59249.11,1200,1500,synthetic
cust_02124,rural_retail,Narayanganj,dev_cust_02124,349,1736.04,1800,1200,synthetic
cust_02125,small_merchant,Bogra,dev_cust_02125,684,90831.52,1200,1500,synthetic
cust_02126,salaried,Jessore,dev_cust_02126,235,19627.28,4200,3500,synthetic
cust_02127,salaried,Comilla,dev_cust_02127,575,25957.49,4200,3500,synthetic
cust_02128,student,Tangail,dev_cust_02128,717,852.95,450,300,synthetic
cust_02129,elderly,Khulna,dev_cust_02129,191,4830.92,2500,1800,synthetic
cust_02130,rural_retail,Dhaka,dev_cust_02130,667,7376.07,1800,1200,synthetic
cust_02131,student,Rajshahi,dev_cust_02131,241,2127.59,450,300,synthetic
cust_02132,student,Noakhali,dev_cust_02132,356,1313.16,450,300,synthetic
cust_02133,salaried,Brahmanbaria,dev_cust_02133,320,38704.15,4200,3500,synthetic
cust_02134,rural_retail,Barisal,dev_cust_02134,102,4769.46,1800,1200,synthetic
cust_02135,salaried,Jessore,dev_cust_02135,583,32182.38,4200,3500,synthetic
cust_02136,elderly,Khulna,dev_cust_02136,59,7590.3,2500,1800,synthetic
cust_02137,student,Narayanganj,dev_cust_02137,81,817.78,450,300,synthetic
cust_02138,salaried,Chittagong,dev_cust_02138,118,31323.29,4200,3500,synthetic
cust_02139,student,Barisal,dev_cust_02139,640,3173.83,450,300,synthetic
cust_02140,elderly,Gazipur,dev_cust_02140,736,10791.12,2500,1800,synthetic
cust_02141,elderly,Cox's Bazar,dev_cust_02141,394,5374.17,2500,1800,synthetic
cust_02142,rural_retail,Rangpur,dev_cust_02142,716,9997.65,1800,1200,synthetic
cust_02143,salaried,Sylhet,dev_cust_02143,506,38389.47,4200,3500,synthetic
cust_02144,rural_retail,Sylhet,dev_cust_02144,745,6416.9,1800,1200,synthetic
cust_02145,rural_retail,Tangail,dev_cust_02145,347,8687.02,1800,1200,synthetic
cust_02146,elderly,Brahmanbaria,dev_cust_02146,506,7587.64,2500,1800,synthetic
cust_02147,rural_retail,Mymensingh,dev_cust_02147,177,10541.51,1800,1200,synthetic
cust_02148,rural_retail,Cox's Bazar,dev_cust_02148,294,11085.05,1800,1200,synthetic
cust_02149,rural_retail,Kushtia,dev_cust_02149,217,8845.95,1800,1200,synthetic
cust_02150,elderly,Narayanganj,dev_cust_02150,368,12042.9,2500,1800,synthetic
cust_02151,rural_retail,Jessore,dev_cust_02151,494,6618.82,1800,1200,synthetic
cust_02152,student,Sylhet,dev_cust_02152,516,838.66,450,300,synthetic
cust_02153,salaried,Faridpur,dev_cust_02153,502,52288.31,4200,3500,synthetic
cust_02154,elderly,Bogra,dev_cust_02154,386,9462.16,2500,1800,synthetic
cust_02155,student,Khulna,dev_cust_02155,550,808.8,450,300,synthetic
cust_02156,student,Brahmanbaria,dev_cust_02156,139,1477.61,450,300,synthetic
cust_02157,student,Gazipur,dev_cust_02157,102,2877.29,450,300,synthetic
cust_02158,rural_retail,Noakhali,dev_cust_02158,502,5708.57,1800,1200,synthetic
cust_02159,rural_retail,Pabna,dev_cust_02159,274,8019.19,1800,1200,synthetic
cust_02160,salaried,Noakhali,dev_cust_02160,192,58694.59,4200,3500,synthetic
cust_02161,salaried,Kushtia,dev_cust_02161,97,27035.71,4200,3500,synthetic
cust_02162,salaried,Brahmanbaria,dev_cust_02162,635,31557.42,4200,3500,synthetic
cust_02163,rural_retail,Pabna,dev_cust_02163,610,9766.93,1800,1200,synthetic
cust_02164,elderly,Noakhali,dev_cust_02164,740,4306.16,2500,1800,synthetic
cust_02165,rural_retail,Narayanganj,dev_cust_02165,715,2317.89,1800,1200,synthetic
cust_02166,small_merchant,Brahmanbaria,dev_cust_02166,617,86123.6,1200,1500,synthetic
cust_02167,salaried,Rajshahi,dev_cust_02167,636,39803.77,4200,3500,synthetic
cust_02168,student,Jessore,dev_cust_02168,598,792.96,450,300,synthetic
cust_02169,salaried,Tangail,dev_cust_02169,210,25401.79,4200,3500,synthetic
cust_02170,rural_retail,Kushtia,dev_cust_02170,101,7781.72,1800,1200,synthetic
cust_02171,salaried,Narayanganj,dev_cust_02171,640,48567.17,4200,3500,synthetic
cust_02172,student,Kushtia,dev_cust_02172,365,1982.89,450,300,synthetic
cust_02173,student,Narayanganj,dev_cust_02173,92,771.6,450,300,synthetic
cust_02174,elderly,Khulna,dev_cust_02174,624,13645.58,2500,1800,synthetic
cust_02175,student,Gazipur,dev_cust_02175,30,2771.23,450,300,synthetic
cust_02176,elderly,Narayanganj,dev_cust_02176,182,7341.64,2500,1800,synthetic
cust_02177,rural_retail,Bogra,dev_cust_02177,429,7963.51,1800,1200,synthetic
cust_02178,salaried,Tangail,dev_cust_02178,230,20283.08,4200,3500,synthetic
cust_02179,salaried,Jessore,dev_cust_02179,336,38513.82,4200,3500,synthetic
cust_02180,rural_retail,Narayanganj,dev_cust_02180,341,11144.27,1800,1200,synthetic
cust_02181,rural_retail,Pabna,dev_cust_02181,382,11898.04,1800,1200,synthetic
cust_02182,student,Feni,dev_cust_02182,38,2334.47,450,300,synthetic
cust_02183,student,Jamalpur,dev_cust_02183,443,3042.91,450,300,synthetic
cust_02184,rural_retail,Bogra,dev_cust_02184,93,5376.84,1800,1200,synthetic
cust_02185,salaried,Noakhali,dev_cust_02185,84,10042.17,4200,3500,synthetic
cust_02186,small_merchant,Noakhali,dev_cust_02186,397,24324.36,1200,1500,synthetic
cust_02187,elderly,Bogra,dev_cust_02187,61,4293.38,2500,1800,synthetic
cust_02188,salaried,Brahmanbaria,dev_cust_02188,634,29713.42,4200,3500,synthetic
cust_02189,salaried,Jessore,dev_cust_02189,421,30301.63,4200,3500,synthetic
cust_02190,salaried,Pabna,dev_cust_02190,588,20560.8,4200,3500,synthetic
cust_02191,rural_retail,Barisal,dev_cust_02191,516,2960.22,1800,1200,synthetic
cust_02192,small_merchant,Noakhali,dev_cust_02192,423,86682.85,1200,1500,synthetic
cust_02193,salaried,Dinajpur,dev_cust_02193,457,17713.36,4200,3500,synthetic
cust_02194,salaried,Narayanganj,dev_cust_02194,158,16713.87,4200,3500,synthetic
cust_02195,student,Sylhet,dev_cust_02195,693,547.12,450,300,synthetic
cust_02196,rural_retail,Faridpur,dev_cust_02196,703,6085.72,1800,1200,synthetic
cust_02197,rural_retail,Khulna,dev_cust_02197,116,2940.81,1800,1200,synthetic
cust_02198,elderly,Pabna,dev_cust_02198,496,13510.15,2500,1800,synthetic
cust_02199,rural_retail,Brahmanbaria,dev_cust_02199,648,11268.27,1800,1200,synthetic
cust_02200,rural_retail,Cox's Bazar,dev_cust_02200,214,6271.14,1800,1200,synthetic
cust_02201,small_merchant,Pabna,dev_cust_02201,595,84706.07,1200,1500,synthetic
cust_02202,student,Kushtia,dev_cust_02202,393,1177.22,450,300,synthetic
cust_02203,rural_retail,Pabna,dev_cust_02203,649,1578.01,1800,1200,synthetic
cust_02204,student,Faridpur,dev_cust_02204,272,2636.39,450,300,synthetic
cust_02205,salaried,Comilla,dev_cust_02205,450,56328.22,4200,3500,synthetic
cust_02206,small_merchant,Feni,dev_cust_02206,405,17844.26,1200,1500,synthetic
cust_02207,rural_retail,Chittagong,dev_cust_02207,611,6574.32,1800,1200,synthetic
cust_02208,elderly,Dinajpur,dev_cust_02208,145,9123.76,2500,1800,synthetic
cust_02209,rural_retail,Brahmanbaria,dev_cust_02209,111,2991.92,1800,1200,synthetic
cust_02210,small_merchant,Jamalpur,dev_cust_02210,316,54519.59,1200,1500,synthetic
cust_02211,salaried,Sylhet,dev_cust_02211,565,54495.77,4200,3500,synthetic
cust_02212,elderly,Sylhet,dev_cust_02212,281,7614.32,2500,1800,synthetic
cust_02213,student,Narayanganj,dev_cust_02213,714,734.25,450,300,synthetic
cust_02214,small_merchant,Gazipur,dev_cust_02214,582,82838.35,1200,1500,synthetic
cust_02215,salaried,Bogra,dev_cust_02215,657,12638.71,4200,3500,synthetic
cust_02216,rural_retail,Jessore,dev_cust_02216,577,9674.53,1800,1200,synthetic
cust_02217,elderly,Faridpur,dev_cust_02217,494,8177.28,2500,1800,synthetic
cust_02218,rural_retail,Faridpur,dev_cust_02218,617,9205.05,1800,1200,synthetic
cust_02219,elderly,Pabna,dev_cust_02219,391,14448.14,2500,1800,synthetic
cust_02220,student,Bogra,dev_cust_02220,326,1002.52,450,300,synthetic
cust_02221,salaried,Brahmanbaria,dev_cust_02221,641,47471.26,4200,3500,synthetic
cust_02222,rural_retail,Feni,dev_cust_02222,296,2144.89,1800,1200,synthetic
cust_02223,student,Faridpur,dev_cust_02223,622,1007.24,450,300,synthetic
cust_02224,student,Chittagong,dev_cust_02224,702,3471.09,450,300,synthetic
cust_02225,student,Cox's Bazar,dev_cust_02225,57,1360.45,450,300,synthetic
cust_02226,rural_retail,Sylhet,dev_cust_02226,159,6808.76,1800,1200,synthetic
cust_02227,rural_retail,Comilla,dev_cust_02227,288,2891.66,1800,1200,synthetic
cust_02228,salaried,Comilla,dev_cust_02228,311,52892.92,4200,3500,synthetic
cust_02229,rural_retail,Dhaka,dev_cust_02229,144,7840.13,1800,1200,synthetic
cust_02230,rural_retail,Feni,dev_cust_02230,184,8421.13,1800,1200,synthetic
cust_02231,salaried,Dinajpur,dev_cust_02231,209,23062.63,4200,3500,synthetic
cust_02232,student,Brahmanbaria,dev_cust_02232,271,1954.76,450,300,synthetic
cust_02233,small_merchant,Jamalpur,dev_cust_02233,63,44142.08,1200,1500,synthetic
cust_02234,elderly,Sylhet,dev_cust_02234,178,9337.62,2500,1800,synthetic
cust_02235,salaried,Khulna,dev_cust_02235,537,47638.06,4200,3500,synthetic
cust_02236,salaried,Pabna,dev_cust_02236,422,21897.37,4200,3500,synthetic
cust_02237,elderly,Tangail,dev_cust_02237,682,3341.97,2500,1800,synthetic
cust_02238,student,Feni,dev_cust_02238,383,662.98,450,300,synthetic
cust_02239,student,Comilla,dev_cust_02239,148,657.57,450,300,synthetic
cust_02240,student,Tangail,dev_cust_02240,438,1928.7,450,300,synthetic
cust_02241,salaried,Faridpur,dev_cust_02241,575,21683.07,4200,3500,synthetic
cust_02242,student,Narayanganj,dev_cust_02242,429,1923.77,450,300,synthetic
cust_02243,salaried,Khulna,dev_cust_02243,573,53513.89,4200,3500,synthetic
cust_02244,small_merchant,Dhaka,dev_cust_02244,325,93813.91,1200,1500,synthetic
cust_02245,elderly,Tangail,dev_cust_02245,421,10498.91,2500,1800,synthetic
cust_02246,rural_retail,Jamalpur,dev_cust_02246,729,11536.64,1800,1200,synthetic
cust_02247,student,Rajshahi,dev_cust_02247,574,2412.27,450,300,synthetic
cust_02248,elderly,Pabna,dev_cust_02248,655,13852.59,2500,1800,synthetic
cust_02249,salaried,Comilla,dev_cust_02249,373,23516.31,4200,3500,synthetic
cust_02250,student,Rajshahi,dev_cust_02250,291,2463.03,450,300,synthetic
cust_02251,student,Kushtia,dev_cust_02251,502,2819.45,450,300,synthetic
cust_02252,small_merchant,Mymensingh,dev_cust_02252,718,65041.56,1200,1500,synthetic
cust_02253,salaried,Rangpur,dev_cust_02253,562,26870.33,4200,3500,synthetic
cust_02254,elderly,Brahmanbaria,dev_cust_02254,214,5385.78,2500,1800,synthetic
cust_02255,elderly,Dhaka,dev_cust_02255,718,1118.67,2500,1800,synthetic
cust_02256,salaried,Sylhet,dev_cust_02256,42,30562.44,4200,3500,synthetic
cust_02257,rural_retail,Jamalpur,dev_cust_02257,136,8697.75,1800,1200,synthetic
cust_02258,rural_retail,Dinajpur,dev_cust_02258,254,9115.13,1800,1200,synthetic
cust_02259,rural_retail,Comilla,dev_cust_02259,227,1857.44,1800,1200,synthetic
cust_02260,rural_retail,Cox's Bazar,dev_cust_02260,124,2097.26,1800,1200,synthetic
cust_02261,salaried,Cox's Bazar,dev_cust_02261,702,54698.35,4200,3500,synthetic
cust_02262,salaried,Rangpur,dev_cust_02262,643,41904.14,4200,3500,synthetic
cust_02263,elderly,Brahmanbaria,dev_cust_02263,152,2209.41,2500,1800,synthetic
cust_02264,rural_retail,Cox's Bazar,dev_cust_02264,163,5447.56,1800,1200,synthetic
cust_02265,salaried,Gazipur,dev_cust_02265,609,50160.0,4200,3500,synthetic
cust_02266,salaried,Barisal,dev_cust_02266,143,44782.68,4200,3500,synthetic
cust_02267,salaried,Comilla,dev_cust_02267,331,33347.78,4200,3500,synthetic
cust_02268,salaried,Sylhet,dev_cust_02268,684,32672.19,4200,3500,synthetic
cust_02269,student,Comilla,dev_cust_02269,467,2576.66,450,300,synthetic
cust_02270,rural_retail,Narayanganj,dev_cust_02270,361,4202.03,1800,1200,synthetic
cust_02271,student,Sylhet,dev_cust_02271,313,2831.32,450,300,synthetic
cust_02272,rural_retail,Kushtia,dev_cust_02272,427,4992.87,1800,1200,synthetic
cust_02273,rural_retail,Chittagong,dev_cust_02273,294,11533.86,1800,1200,synthetic
cust_02274,salaried,Comilla,dev_cust_02274,212,32028.74,4200,3500,synthetic
cust_02275,small_merchant,Faridpur,dev_cust_02275,235,66875.66,1200,1500,synthetic
cust_02276,salaried,Barisal,dev_cust_02276,690,34602.86,4200,3500,synthetic
cust_02277,salaried,Khulna,dev_cust_02277,583,48435.37,4200,3500,synthetic
cust_02278,rural_retail,Rangpur,dev_cust_02278,658,8255.05,1800,1200,synthetic
cust_02279,salaried,Tangail,dev_cust_02279,295,15164.36,4200,3500,synthetic
cust_02280,student,Sylhet,dev_cust_02280,102,2214.03,450,300,synthetic
cust_02281,rural_retail,Comilla,dev_cust_02281,486,1697.03,1800,1200,synthetic
cust_02282,rural_retail,Faridpur,dev_cust_02282,182,8355.09,1800,1200,synthetic
cust_02283,rural_retail,Dhaka,dev_cust_02283,68,8478.36,1800,1200,synthetic
cust_02284,student,Comilla,dev_cust_02284,185,2600.17,450,300,synthetic
cust_02285,student,Kushtia,dev_cust_02285,618,511.11,450,300,synthetic
cust_02286,rural_retail,Brahmanbaria,dev_cust_02286,532,6520.46,1800,1200,synthetic
cust_02287,small_merchant,Kushtia,dev_cust_02287,101,60910.94,1200,1500,synthetic
cust_02288,rural_retail,Dhaka,dev_cust_02288,423,11518.63,1800,1200,synthetic
cust_02289,rural_retail,Faridpur,dev_cust_02289,154,7456.06,1800,1200,synthetic
cust_02290,student,Dinajpur,dev_cust_02290,371,2545.51,450,300,synthetic
cust_02291,salaried,Kushtia,dev_cust_02291,86,41613.63,4200,3500,synthetic
cust_02292,rural_retail,Gazipur,dev_cust_02292,122,5336.23,1800,1200,synthetic
cust_02293,student,Jessore,dev_cust_02293,112,3023.54,450,300,synthetic
cust_02294,rural_retail,Bogra,dev_cust_02294,693,3632.76,1800,1200,synthetic
cust_02295,student,Noakhali,dev_cust_02295,70,3402.54,450,300,synthetic
cust_02296,student,Narayanganj,dev_cust_02296,225,1396.61,450,300,synthetic
cust_02297,student,Kushtia,dev_cust_02297,139,2391.85,450,300,synthetic
cust_02298,student,Dinajpur,dev_cust_02298,528,754.59,450,300,synthetic
cust_02299,student,Gazipur,dev_cust_02299,478,2705.97,450,300,synthetic
cust_02300,rural_retail,Khulna,dev_cust_02300,66,3527.47,1800,1200,synthetic
cust_02301,elderly,Feni,dev_cust_02301,274,7849.26,2500,1800,synthetic
cust_02302,salaried,Sylhet,dev_cust_02302,583,42170.38,4200,3500,synthetic
cust_02303,rural_retail,Faridpur,dev_cust_02303,576,11632.02,1800,1200,synthetic
cust_02304,rural_retail,Tangail,dev_cust_02304,46,1888.95,1800,1200,synthetic
cust_02305,small_merchant,Chittagong,dev_cust_02305,375,81961.18,1200,1500,synthetic
cust_02306,rural_retail,Chittagong,dev_cust_02306,445,2740.96,1800,1200,synthetic
cust_02307,student,Gazipur,dev_cust_02307,713,2069.36,450,300,synthetic
cust_02308,salaried,Narayanganj,dev_cust_02308,579,17447.68,4200,3500,synthetic
cust_02309,student,Feni,dev_cust_02309,268,3274.45,450,300,synthetic
cust_02310,rural_retail,Chittagong,dev_cust_02310,174,6633.39,1800,1200,synthetic
cust_02311,rural_retail,Dhaka,dev_cust_02311,512,11025.38,1800,1200,synthetic
cust_02312,elderly,Cox's Bazar,dev_cust_02312,76,4397.56,2500,1800,synthetic
cust_02313,rural_retail,Gazipur,dev_cust_02313,163,1650.83,1800,1200,synthetic
cust_02314,salaried,Gazipur,dev_cust_02314,81,55233.12,4200,3500,synthetic
cust_02315,small_merchant,Rajshahi,dev_cust_02315,497,66954.2,1200,1500,synthetic
cust_02316,student,Feni,dev_cust_02316,95,2953.4,450,300,synthetic
cust_02317,rural_retail,Rajshahi,dev_cust_02317,146,6720.01,1800,1200,synthetic
cust_02318,rural_retail,Cox's Bazar,dev_cust_02318,255,2162.66,1800,1200,synthetic
cust_02319,rural_retail,Rangpur,dev_cust_02319,466,5042.1,1800,1200,synthetic
cust_02320,rural_retail,Narayanganj,dev_cust_02320,441,4904.47,1800,1200,synthetic
cust_02321,small_merchant,Narayanganj,dev_cust_02321,619,61400.21,1200,1500,synthetic
cust_02322,salaried,Jessore,dev_cust_02322,248,48211.39,4200,3500,synthetic
cust_02323,salaried,Feni,dev_cust_02323,207,26775.19,4200,3500,synthetic
cust_02324,rural_retail,Rajshahi,dev_cust_02324,310,2982.99,1800,1200,synthetic
cust_02325,elderly,Pabna,dev_cust_02325,202,10748.14,2500,1800,synthetic
cust_02326,small_merchant,Noakhali,dev_cust_02326,198,52286.2,1200,1500,synthetic
cust_02327,elderly,Feni,dev_cust_02327,71,2867.19,2500,1800,synthetic
cust_02328,student,Gazipur,dev_cust_02328,657,1628.39,450,300,synthetic
cust_02329,salaried,Barisal,dev_cust_02329,46,53981.35,4200,3500,synthetic
cust_02330,student,Sylhet,dev_cust_02330,36,521.67,450,300,synthetic
cust_02331,rural_retail,Sylhet,dev_cust_02331,697,7734.17,1800,1200,synthetic
cust_02332,student,Bogra,dev_cust_02332,456,2580.51,450,300,synthetic
cust_02333,salaried,Faridpur,dev_cust_02333,738,16344.62,4200,3500,synthetic
cust_02334,salaried,Khulna,dev_cust_02334,685,23547.49,4200,3500,synthetic
cust_02335,student,Tangail,dev_cust_02335,451,1217.76,450,300,synthetic
cust_02336,rural_retail,Barisal,dev_cust_02336,655,8762.57,1800,1200,synthetic
cust_02337,rural_retail,Cox's Bazar,dev_cust_02337,214,9030.59,1800,1200,synthetic
cust_02338,rural_retail,Cox's Bazar,dev_cust_02338,120,8085.51,1800,1200,synthetic
cust_02339,student,Bogra,dev_cust_02339,386,1756.36,450,300,synthetic
cust_02340,rural_retail,Noakhali,dev_cust_02340,271,3514.98,1800,1200,synthetic
cust_02341,salaried,Jamalpur,dev_cust_02341,127,40946.05,4200,3500,synthetic
cust_02342,student,Noakhali,dev_cust_02342,549,1157.83,450,300,synthetic
cust_02343,student,Gazipur,dev_cust_02343,705,1124.33,450,300,synthetic
cust_02344,rural_retail,Chittagong,dev_cust_02344,228,2683.13,1800,1200,synthetic
cust_02345,small_merchant,Khulna,dev_cust_02345,731,86721.44,1200,1500,synthetic
cust_02346,salaried,Faridpur,dev_cust_02346,539,18816.19,4200,3500,synthetic
cust_02347,salaried,Narayanganj,dev_cust_02347,74,12701.38,4200,3500,synthetic
cust_02348,rural_retail,Dinajpur,dev_cust_02348,321,3700.69,1800,1200,synthetic
cust_02349,salaried,Comilla,dev_cust_02349,372,40840.97,4200,3500,synthetic
cust_02350,student,Tangail,dev_cust_02350,74,813.26,450,300,synthetic
cust_02351,salaried,Chittagong,dev_cust_02351,580,18794.38,4200,3500,synthetic
cust_02352,small_merchant,Dhaka,dev_cust_02352,526,58766.82,1200,1500,synthetic
cust_02353,salaried,Sylhet,dev_cust_02353,270,46070.15,4200,3500,synthetic
cust_02354,elderly,Feni,dev_cust_02354,623,5563.61,2500,1800,synthetic
cust_02355,salaried,Rangpur,dev_cust_02355,723,54918.64,4200,3500,synthetic
cust_02356,student,Mymensingh,dev_cust_02356,142,1478.4,450,300,synthetic
cust_02357,small_merchant,Rajshahi,dev_cust_02357,272,77708.57,1200,1500,synthetic
cust_02358,student,Rangpur,dev_cust_02358,414,3174.1,450,300,synthetic
cust_02359,rural_retail,Sylhet,dev_cust_02359,512,7643.47,1800,1200,synthetic
cust_02360,student,Chittagong,dev_cust_02360,476,934.82,450,300,synthetic
cust_02361,student,Cox's Bazar,dev_cust_02361,495,1034.18,450,300,synthetic
cust_02362,rural_retail,Dinajpur,dev_cust_02362,169,6306.27,1800,1200,synthetic
cust_02363,rural_retail,Rangpur,dev_cust_02363,677,5265.2,1800,1200,synthetic
cust_02364,rural_retail,Comilla,dev_cust_02364,237,5026.86,1800,1200,synthetic
cust_02365,salaried,Chittagong,dev_cust_02365,738,38433.29,4200,3500,synthetic
cust_02366,student,Comilla,dev_cust_02366,169,833.33,450,300,synthetic
cust_02367,student,Tangail,dev_cust_02367,499,1754.67,450,300,synthetic
cust_02368,salaried,Jessore,dev_cust_02368,255,54320.45,4200,3500,synthetic
cust_02369,rural_retail,Cox's Bazar,dev_cust_02369,190,9790.24,1800,1200,synthetic
cust_02370,salaried,Gazipur,dev_cust_02370,656,55278.91,4200,3500,synthetic
cust_02371,salaried,Feni,dev_cust_02371,596,52750.2,4200,3500,synthetic
cust_02372,elderly,Sylhet,dev_cust_02372,451,12997.63,2500,1800,synthetic
cust_02373,salaried,Faridpur,dev_cust_02373,251,39579.04,4200,3500,synthetic
cust_02374,rural_retail,Tangail,dev_cust_02374,315,1652.29,1800,1200,synthetic
cust_02375,salaried,Pabna,dev_cust_02375,282,22391.57,4200,3500,synthetic
cust_02376,rural_retail,Pabna,dev_cust_02376,623,3835.27,1800,1200,synthetic
cust_02377,rural_retail,Feni,dev_cust_02377,182,11094.42,1800,1200,synthetic
cust_02378,salaried,Dhaka,dev_cust_02378,457,59009.2,4200,3500,synthetic
cust_02379,rural_retail,Chittagong,dev_cust_02379,511,9201.5,1800,1200,synthetic
cust_02380,salaried,Jamalpur,dev_cust_02380,64,31284.88,4200,3500,synthetic
cust_02381,elderly,Kushtia,dev_cust_02381,520,12336.03,2500,1800,synthetic
cust_02382,elderly,Brahmanbaria,dev_cust_02382,130,7334.18,2500,1800,synthetic
cust_02383,small_merchant,Mymensingh,dev_cust_02383,115,62471.39,1200,1500,synthetic
cust_02384,rural_retail,Dhaka,dev_cust_02384,739,9183.76,1800,1200,synthetic
cust_02385,rural_retail,Rangpur,dev_cust_02385,165,5263.26,1800,1200,synthetic
cust_02386,salaried,Mymensingh,dev_cust_02386,693,59947.58,4200,3500,synthetic
cust_02387,rural_retail,Dhaka,dev_cust_02387,521,8524.87,1800,1200,synthetic
cust_02388,salaried,Barisal,dev_cust_02388,750,32964.14,4200,3500,synthetic
cust_02389,salaried,Feni,dev_cust_02389,627,11220.67,4200,3500,synthetic
cust_02390,salaried,Tangail,dev_cust_02390,504,48591.75,4200,3500,synthetic
cust_02391,rural_retail,Brahmanbaria,dev_cust_02391,445,3441.93,1800,1200,synthetic
cust_02392,student,Dinajpur,dev_cust_02392,671,1892.89,450,300,synthetic
cust_02393,rural_retail,Gazipur,dev_cust_02393,31,10534.02,1800,1200,synthetic
cust_02394,student,Sylhet,dev_cust_02394,424,3180.3,450,300,synthetic
cust_02395,elderly,Jessore,dev_cust_02395,573,1458.0,2500,1800,synthetic
cust_02396,rural_retail,Pabna,dev_cust_02396,306,8829.58,1800,1200,synthetic
cust_02397,student,Cox's Bazar,dev_cust_02397,585,2225.69,450,300,synthetic
cust_02398,student,Rangpur,dev_cust_02398,731,742.88,450,300,synthetic
cust_02399,salaried,Jessore,dev_cust_02399,86,35736.82,4200,3500,synthetic
cust_02400,salaried,Narayanganj,dev_cust_02400,402,54398.9,4200,3500,synthetic
cust_02401,rural_retail,Rajshahi,dev_cust_02401,422,5338.7,1800,1200,synthetic
cust_02402,student,Cox's Bazar,dev_cust_02402,71,1596.71,450,300,synthetic
cust_02403,rural_retail,Barisal,dev_cust_02403,693,7367.3,1800,1200,synthetic
cust_02404,rural_retail,Sylhet,dev_cust_02404,604,8948.04,1800,1200,synthetic
cust_02405,salaried,Rangpur,dev_cust_02405,171,59062.58,4200,3500,synthetic
cust_02406,salaried,Mymensingh,dev_cust_02406,582,15677.88,4200,3500,synthetic
cust_02407,rural_retail,Faridpur,dev_cust_02407,624,10646.88,1800,1200,synthetic
cust_02408,student,Brahmanbaria,dev_cust_02408,244,2759.52,450,300,synthetic
cust_02409,small_merchant,Mymensingh,dev_cust_02409,358,44980.49,1200,1500,synthetic
cust_02410,rural_retail,Comilla,dev_cust_02410,545,8642.38,1800,1200,synthetic
cust_02411,salaried,Comilla,dev_cust_02411,85,13168.46,4200,3500,synthetic
cust_02412,student,Dinajpur,dev_cust_02412,493,1958.68,450,300,synthetic
cust_02413,rural_retail,Jamalpur,dev_cust_02413,155,6436.72,1800,1200,synthetic
cust_02414,student,Noakhali,dev_cust_02414,724,2976.14,450,300,synthetic
cust_02415,rural_retail,Bogra,dev_cust_02415,492,8019.99,1800,1200,synthetic
cust_02416,small_merchant,Narayanganj,dev_cust_02416,739,83747.65,1200,1500,synthetic
cust_02417,rural_retail,Sylhet,dev_cust_02417,222,10864.98,1800,1200,synthetic
cust_02418,student,Tangail,dev_cust_02418,119,740.51,450,300,synthetic
cust_02419,student,Barisal,dev_cust_02419,325,3374.77,450,300,synthetic
cust_02420,rural_retail,Sylhet,dev_cust_02420,141,3230.05,1800,1200,synthetic
cust_02421,student,Rajshahi,dev_cust_02421,743,943.86,450,300,synthetic
cust_02422,student,Khulna,dev_cust_02422,239,2062.06,450,300,synthetic
cust_02423,salaried,Gazipur,dev_cust_02423,53,24658.47,4200,3500,synthetic
cust_02424,rural_retail,Narayanganj,dev_cust_02424,584,11283.08,1800,1200,synthetic
cust_02425,rural_retail,Faridpur,dev_cust_02425,385,5911.36,1800,1200,synthetic
cust_02426,small_merchant,Gazipur,dev_cust_02426,51,39778.93,1200,1500,synthetic
cust_02427,student,Sylhet,dev_cust_02427,52,3115.38,450,300,synthetic
cust_02428,small_merchant,Mymensingh,dev_cust_02428,562,69797.12,1200,1500,synthetic
cust_02429,rural_retail,Pabna,dev_cust_02429,622,5099.32,1800,1200,synthetic
cust_02430,elderly,Gazipur,dev_cust_02430,364,7806.08,2500,1800,synthetic
cust_02431,salaried,Narayanganj,dev_cust_02431,743,36508.31,4200,3500,synthetic
cust_02432,elderly,Noakhali,dev_cust_02432,485,7412.1,2500,1800,synthetic
cust_02433,small_merchant,Feni,dev_cust_02433,165,91353.96,1200,1500,synthetic
cust_02434,rural_retail,Bogra,dev_cust_02434,205,9787.31,1800,1200,synthetic
cust_02435,small_merchant,Mymensingh,dev_cust_02435,525,46611.7,1200,1500,synthetic
cust_02436,rural_retail,Bogra,dev_cust_02436,78,3057.55,1800,1200,synthetic
cust_02437,rural_retail,Bogra,dev_cust_02437,496,11540.25,1800,1200,synthetic
cust_02438,rural_retail,Cox's Bazar,dev_cust_02438,194,8974.03,1800,1200,synthetic
cust_02439,rural_retail,Bogra,dev_cust_02439,216,11718.66,1800,1200,synthetic
cust_02440,student,Brahmanbaria,dev_cust_02440,739,3214.13,450,300,synthetic
cust_02441,salaried,Khulna,dev_cust_02441,195,21895.27,4200,3500,synthetic
cust_02442,rural_retail,Chittagong,dev_cust_02442,354,7532.51,1800,1200,synthetic
cust_02443,salaried,Tangail,dev_cust_02443,296,28483.61,4200,3500,synthetic
cust_02444,elderly,Rangpur,dev_cust_02444,605,10899.88,2500,1800,synthetic
cust_02445,rural_retail,Narayanganj,dev_cust_02445,354,11769.24,1800,1200,synthetic
cust_02446,rural_retail,Khulna,dev_cust_02446,411,6208.51,1800,1200,synthetic
cust_02447,rural_retail,Barisal,dev_cust_02447,576,4666.38,1800,1200,synthetic
cust_02448,student,Dhaka,dev_cust_02448,444,3293.21,450,300,synthetic
cust_02449,student,Khulna,dev_cust_02449,499,3283.43,450,300,synthetic
cust_02450,rural_retail,Khulna,dev_cust_02450,34,11686.58,1800,1200,synthetic
cust_02451,rural_retail,Noakhali,dev_cust_02451,549,4978.45,1800,1200,synthetic
cust_02452,small_merchant,Brahmanbaria,dev_cust_02452,332,55282.41,1200,1500,synthetic
cust_02453,salaried,Bogra,dev_cust_02453,617,43344.39,4200,3500,synthetic
cust_02454,rural_retail,Feni,dev_cust_02454,482,5056.19,1800,1200,synthetic
cust_02455,salaried,Rajshahi,dev_cust_02455,520,55008.72,4200,3500,synthetic
cust_02456,student,Khulna,dev_cust_02456,724,2152.88,450,300,synthetic
cust_02457,rural_retail,Bogra,dev_cust_02457,55,5717.11,1800,1200,synthetic
cust_02458,salaried,Mymensingh,dev_cust_02458,486,27869.68,4200,3500,synthetic
cust_02459,rural_retail,Jessore,dev_cust_02459,86,7885.59,1800,1200,synthetic
cust_02460,rural_retail,Rangpur,dev_cust_02460,627,7027.56,1800,1200,synthetic
cust_02461,small_merchant,Comilla,dev_cust_02461,230,16916.63,1200,1500,synthetic
cust_02462,elderly,Noakhali,dev_cust_02462,486,10478.89,2500,1800,synthetic
cust_02463,salaried,Sylhet,dev_cust_02463,554,29721.18,4200,3500,synthetic
cust_02464,salaried,Faridpur,dev_cust_02464,355,40158.59,4200,3500,synthetic
cust_02465,salaried,Jamalpur,dev_cust_02465,87,55422.35,4200,3500,synthetic
cust_02466,student,Dinajpur,dev_cust_02466,437,943.84,450,300,synthetic
cust_02467,rural_retail,Pabna,dev_cust_02467,408,5554.18,1800,1200,synthetic
cust_02468,student,Dhaka,dev_cust_02468,321,1534.76,450,300,synthetic
cust_02469,rural_retail,Bogra,dev_cust_02469,486,10680.17,1800,1200,synthetic
cust_02470,rural_retail,Sylhet,dev_cust_02470,250,9142.46,1800,1200,synthetic
cust_02471,student,Tangail,dev_cust_02471,455,2911.06,450,300,synthetic
cust_02472,small_merchant,Bogra,dev_cust_02472,197,83482.19,1200,1500,synthetic
cust_02473,small_merchant,Pabna,dev_cust_02473,454,26863.25,1200,1500,synthetic
cust_02474,salaried,Feni,dev_cust_02474,642,14303.9,4200,3500,synthetic
cust_02475,rural_retail,Rangpur,dev_cust_02475,340,6483.44,1800,1200,synthetic
cust_02476,elderly,Jamalpur,dev_cust_02476,373,1925.62,2500,1800,synthetic
cust_02477,student,Feni,dev_cust_02477,414,765.34,450,300,synthetic
cust_02478,salaried,Pabna,dev_cust_02478,684,55720.52,4200,3500,synthetic
cust_02479,student,Pabna,dev_cust_02479,209,2167.44,450,300,synthetic
cust_02480,salaried,Brahmanbaria,dev_cust_02480,611,47762.19,4200,3500,synthetic
cust_02481,rural_retail,Khulna,dev_cust_02481,234,3453.07,1800,1200,synthetic
cust_02482,elderly,Kushtia,dev_cust_02482,326,8754.14,2500,1800,synthetic
cust_02483,small_merchant,Chittagong,dev_cust_02483,339,85939.74,1200,1500,synthetic
cust_02484,student,Bogra,dev_cust_02484,535,2177.84,450,300,synthetic
cust_02485,rural_retail,Tangail,dev_cust_02485,259,1781.82,1800,1200,synthetic
cust_02486,small_merchant,Dhaka,dev_cust_02486,187,37327.55,1200,1500,synthetic
cust_02487,rural_retail,Gazipur,dev_cust_02487,681,6461.68,1800,1200,synthetic
cust_02488,elderly,Gazipur,dev_cust_02488,711,13497.61,2500,1800,synthetic
cust_02489,salaried,Pabna,dev_cust_02489,213,34594.33,4200,3500,synthetic
cust_02490,rural_retail,Brahmanbaria,dev_cust_02490,690,4069.88,1800,1200,synthetic
cust_02491,rural_retail,Rajshahi,dev_cust_02491,313,6677.03,1800,1200,synthetic
cust_02492,student,Sylhet,dev_cust_02492,643,2736.7,450,300,synthetic
cust_02493,salaried,Feni,dev_cust_02493,522,38278.73,4200,3500,synthetic
cust_02494,rural_retail,Comilla,dev_cust_02494,673,8702.08,1800,1200,synthetic
cust_02495,rural_retail,Brahmanbaria,dev_cust_02495,152,5418.62,1800,1200,synthetic
cust_02496,rural_retail,Feni,dev_cust_02496,47,10375.44,1800,1200,synthetic
cust_02497,salaried,Barisal,dev_cust_02497,625,12925.52,4200,3500,synthetic
cust_02498,elderly,Jessore,dev_cust_02498,502,13296.44,2500,1800,synthetic
cust_02499,small_merchant,Khulna,dev_cust_02499,395,28881.25,1200,1500,synthetic
cust_02500,rural_retail,Comilla,dev_cust_02500,399,5904.9,1800,1200,synthetic
