id,rules_score,signal_types
scam_fake_prize_bn_f06_012_e7dfd3,10,
benign_bank_notification_bn_f06_001_c15395,10,
scam_job_scam_en_f03_007_ee61a8,35,Payment Request
benign_bank_notification_bn_f04_003_2b4b1d,10,
benign_otp_safety_bn_f08_021_93e93c,40,OTP Harvesting
benign_bank_notification_bn_f07_003_9cbd4c,10,
benign_otp_safety_en_f09_004_d043a3,10,
scam_wrong_transfer_bn_f03_012_bd1c0b,35,Payment Request
benign_personal_chat_banglish_f07_003_d9d2e1,10,
scam_remote_access_banglish_f06_010_9f872e,10,
scam_otp_harvest_banglish_f01_001_3a9baf,65,Account Threat;OTP Harvesting
benign_bank_notification_bn_f04_033_493027,10,
scam_fake_agent_banglish_f05_023_65626b,10,
benign_bank_notification_bn_f04_022_bedb0e,10,
scam_job_scam_bn_f03_021_5fe78c,25,Suspicious Link
scam_loan_app_bn_f01_008_5b703a,35,Payment Request
scam_remote_access_banglish_f02_000_9acbd2,40,OTP Harvesting
scam_job_scam_bn_f08_026_52f6d2,10,
scam_job_scam_bn_f01_015_931513,10,
scam_kyc_block_en_f08_020_e29853,70,Urgency Pressure;Account Threat;Suspicious Link
benign_personal_chat_en_f04_006_818eb8,10,
benign_otp_safety_bn_f06_000_4b88ab,40,OTP Harvesting
scam_kyc_block_banglish_f07_002_a0a8fb,45,Urgency Pressure;Suspicious Link
scam_remote_access_banglish_f07_012_733d4d,10,
benign_bank_notification_en_f12_022_dad14e,10,
benign_bank_notification_banglish_f07_025_a75a0b,10,
scam_kyc_block_banglish_f01_022_09face,70,Urgency Pressure;Account Threat;Suspicious Link
benign_bank_notification_bn_f08_030_39c290,10,
scam_loan_app_banglish_f05_025_b170e3,35,Payment Request
benign_bank_notification_en_f10_017_d4c6f6,10,
benign_bank_notification_banglish_f04_008_12b5d2,10,
scam_otp_harvest_bn_f02_001_f9deaf,10,
benign_personal_chat_banglish_f08_029_f16756,10,
benign_bank_notification_bn_f06_004_fa7e80,10,
scam_loan_app_en_f05_004_4e3810,35,Payment Request
benign_otp_safety_banglish_f08_012_65c702,10,
scam_loan_app_banglish_f06_025_c83697,35,Payment Request
scam_otp_harvest_banglish_f08_014_607896,30,Urgency Pressure
benign_personal_chat_banglish_f03_002_ab980e,10,
benign_bank_notification_banglish_f04_007_5178d7,10,
scam_wrong_transfer_bn_f01_005_840e38,55,Payment Request;Emotional Manipulation
benign_bank_notification_en_f02_009_ab8270,10,
scam_kyc_block_en_f03_021_525f98,50,Account Threat;Suspicious Link
scam_fake_agent_banglish_f02_008_c809b0,40,OTP Harvesting
benign_bank_notification_banglish_f08_017_b4bdf7,10,
scam_loan_app_bn_f04_006_232e3f,10,
benign_bank_notification_banglish_f09_026_4e7705,10,
scam_job_scam_bn_f05_010_d8b449,10,
scam_loan_app_bn_f04_005_5dc317,10,
benign_otp_safety_banglish_f12_000_d93d57,40,OTP Harvesting
scam_wrong_transfer_bn_f06_006_3b61b8,30,Urgency Pressure
scam_job_scam_bn_f08_015_0fbd86,10,
scam_remote_access_en_f06_013_7b913e,10,
benign_bank_notification_bn_f01_023_5358e7,10,
scam_loan_app_banglish_f05_014_b81553,35,Payment Request
scam_fake_agent_en_f01_023_ac9024,35,Account Threat
benign_personal_chat_banglish_f12_004_2befbf,10,
benign_bank_notification_banglish_f10_028_ea2bec,10,
benign_otp_safety_en_f05_004_659439,10,
scam_job_scam_en_f05_003_1073f4,10,
scam_wrong_transfer_en_f01_007_d5d8cb,35,Payment Request
scam_job_scam_banglish_f06_023_2c87de,35,Payment Request
scam_fake_agent_bn_f05_012_12a6ff,10,
scam_fake_prize_bn_f05_017_08b23a,45,Suspicious Link;Unsolicited Prize / Reward
scam_job_scam_en_f01_000_48e7f1,35,Payment Request
scam_fake_prize_banglish_f08_015_85cf41,10,
benign_personal_chat_en_f01_023_62fe60,10,
scam_loan_app_bn_f02_017_aae972,35,Payment Request
scam_job_scam_banglish_f07_015_d629c0,10,
benign_bank_notification_en_f11_001_884f58,10,
benign_bank_notification_banglish_f03_031_0ac85e,10,
scam_wrong_transfer_en_f02_005_4d4992,55,Payment Request;Emotional Manipulation
scam_fake_agent_en_f04_021_b5f93d,10,
benign_bank_notification_banglish_f10_024_1ffbdb,10,
benign_personal_chat_banglish_f07_029_6c91a8,10,
benign_personal_chat_en_f02_009_8c34fa,10,
scam_fake_prize_banglish_f02_007_3f32b5,45,Suspicious Link;Unsolicited Prize / Reward
benign_bank_notification_bn_f03_014_db3985,10,
benign_bank_notification_bn_f04_013_31cc5a,10,
scam_otp_harvest_banglish_f02_003_84cc7e,40,OTP Harvesting
scam_fake_prize_banglish_f02_018_933e2b,45,Suspicious Link;Unsolicited Prize / Reward
benign_personal_chat_en_f10_008_f58b44,10,
benign_innocent_keywords_bn_f02_011_ca34e6,10,
scam_kyc_block_en_f05_005_15b141,25,Suspicious Link
scam_wrong_transfer_en_f06_025_e661dd,10,
scam_job_scam_en_f08_013_701a99,35,Payment Request
scam_fake_agent_en_f03_014_422e71,60,Urgency Pressure;OTP Harvesting
scam_wrong_transfer_bn_f07_013_eee39a,10,
scam_wrong_transfer_en_f04_004_2df747,35,Payment Request
scam_job_scam_en_f02_007_f03f93,35,Payment Request
benign_innocent_keywords_en_f11_033_d65871,10,
scam_kyc_block_en_f02_001_2e7232,70,Urgency Pressure;Account Threat;Suspicious Link
benign_innocent_keywords_banglish_f09_012_74b19c,60,Account Threat;Payment Request
benign_personal_chat_en_f04_010_6ad5cb,10,
benign_gen_advisory_en_f02_007_d06685,10,
scam_fake_prize_bn_f08_020_c46861,10,
scam_remote_access_banglish_f01_005_54624c,40,OTP Harvesting
scam_otp_harvest_banglish_f06_005_56aa16,25,Suspicious Link
scam_wrong_transfer_bn_f02_017_b76341,10,
scam_kyc_block_en_f08_014_08f9ff,70,Urgency Pressure;Account Threat;Suspicious Link
scam_fake_agent_bn_f06_016_9666cd,10,
scam_loan_app_banglish_f06_014_1496ae,35,Payment Request
benign_personal_chat_bn_f11_004_bfae05,10,
benign_bank_notification_bn_f10_024_8fc8dc,10,
scam_wrong_transfer_banglish_f08_024_bad27d,35,Payment Request
scam_job_scam_bn_f01_025_4e6480,10,
scam_job_scam_bn_f06_003_fdc7e0,10,
scam_fake_agent_banglish_f06_012_3083d8,35,Authority Impersonation
benign_bank_notification_banglish_f03_012_40816f,10,
benign_personal_chat_en_f12_020_c1ad28,10,
benign_bank_notification_bn_f05_006_74683b,10,
scam_fake_agent_en_f06_007_4b57eb,10,
scam_fake_agent_bn_f03_016_ebadf4,60,Account Threat;Authority Impersonation
benign_bank_notification_bn_f12_026_3b4595,10,
benign_otp_safety_en_f02_018_5c7e15,10,
benign_personal_chat_banglish_f02_024_17ba52,10,
scam_fake_agent_bn_f03_004_06d85d,60,Account Threat;Authority Impersonation
scam_remote_access_en_f06_006_d310dc,10,
scam_kyc_block_bn_f01_020_54031d,45,Urgency Pressure;Suspicious Link
scam_fake_prize_en_f05_003_4eecb4,30,Urgency Pressure
scam_wrong_transfer_banglish_f01_023_06fcf2,55,Payment Request;Emotional Manipulation
benign_innocent_keywords_banglish_f08_007_613bce,10,
scam_fake_agent_banglish_f03_015_b4f4f1,10,
scam_job_scam_en_f07_017_efd72c,35,Payment Request
benign_personal_chat_banglish_f12_006_e254e4,10,
scam_job_scam_banglish_f03_003_df79c1,25,Suspicious Link
benign_bank_notification_bn_f01_024_faee9d,10,
scam_fake_agent_bn_f01_006_52bc76,35,Authority Impersonation
benign_personal_chat_banglish_f07_026_36e738,10,
scam_otp_harvest_banglish_f01_014_2c9dca,65,Account Threat;OTP Harvesting
benign_otp_safety_en_f02_006_be9f65,10,
scam_remote_access_en_f06_011_a7ba74,10,
benign_innocent_keywords_en_f08_018_c4741d,10,
benign_bank_notification_banglish_f11_000_61d0cb,10,
scam_fake_prize_bn_f03_004_f09310,55,Payment Request;Unsolicited Prize / Reward
benign_personal_chat_banglish_f09_000_5d63b1,10,
scam_job_scam_en_f02_013_e0b0df,35,Payment Request
scam_job_scam_en_f01_012_63f4a2,35,Payment Request
benign_personal_chat_en_f04_016_8366fc,10,
scam_otp_harvest_en_f08_000_fc906b,10,
scam_remote_access_bn_f08_010_679a43,10,
scam_kyc_block_banglish_f04_016_6245f7,25,Suspicious Link
benign_gen_advisory_bn_f07_006_658c7c,10,
scam_otp_harvest_en_f01_000_f45655,40,OTP Harvesting
scam_wrong_transfer_en_f04_012_af6abf,35,Payment Request
benign_personal_chat_banglish_f03_001_4cc06b,10,
scam_kyc_block_en_f05_013_85bfc4,25,Suspicious Link
benign_gen_advisory_bn_f03_000_42ac90,10,
benign_bank_notification_en_f05_009_2b9aef,10,
scam_fake_agent_bn_f08_019_7e6f45,10,
scam_otp_harvest_en_f02_011_e6e115,40,OTP Harvesting
benign_bank_notification_en_f09_011_857fbf,10,
scam_fake_prize_banglish_f02_023_c8fcd5,45,Suspicious Link;Unsolicited Prize / Reward
scam_wrong_transfer_en_f07_024_abde03,10,
benign_bank_notification_banglish_f11_027_06204a,10,
benign_bank_notification_bn_f03_011_4c7526,10,
scam_kyc_block_bn_f06_013_fa71a8,25,Suspicious Link
benign_personal_chat_en_f09_032_eb15c4,10,
benign_gen_advisory_bn_f10_000_b81c22,10,
benign_personal_chat_en_f12_031_fe2783,10,
scam_job_scam_banglish_f08_023_f4399e,25,Suspicious Link
scam_fake_agent_en_f05_002_653e2f,10,
scam_fake_prize_bn_f04_017_a87824,35,Payment Request
benign_otp_safety_bn_f05_000_b2d1b1,10,
benign_bank_notification_banglish_f02_032_afba2c,10,
scam_wrong_transfer_en_f05_009_4a6d6d,35,Account Threat
benign_bank_notification_en_f10_010_1139c9,10,
benign_personal_chat_en_f03_008_f85c79,10,
scam_loan_app_banglish_f01_011_4abbc6,35,Payment Request
benign_bank_notification_bn_f04_031_b71aa1,10,
benign_innocent_keywords_en_f03_009_86fee4,10,
scam_kyc_block_bn_f02_023_8090a9,50,Account Threat;Suspicious Link
benign_personal_chat_banglish_f01_001_f7b8d6,10,
benign_personal_chat_en_f12_003_ed83df,10,
benign_otp_safety_banglish_f07_016_5840f6,10,
scam_kyc_block_bn_f06_012_2fc625,25,Suspicious Link
benign_personal_chat_banglish_f04_018_79b16d,10,
benign_gen_advisory_bn_f03_003_e78377,10,
scam_fake_prize_en_f06_025_c14a01,55,Suspicious Link;OTP Harvesting
scam_loan_app_en_f06_017_ab7455,55,Urgency Pressure;Payment Request
benign_gen_advisory_banglish_f01_019_21dab6,10,
scam_fake_agent_en_f03_009_e90f39,60,Urgency Pressure;OTP Harvesting
benign_otp_safety_en_f03_017_3d75e0,10,
scam_wrong_transfer_banglish_f02_025_2b0379,55,Payment Request;Emotional Manipulation
scam_fake_agent_bn_f02_006_33b795,65,OTP Harvesting;Authority Impersonation
scam_job_scam_bn_f05_003_f67029,10,
benign_bank_notification_en_f08_017_61f331,10,
benign_gen_advisory_bn_f03_009_17a898,10,
benign_personal_chat_bn_f04_015_b34070,10,
benign_bank_notification_bn_f09_023_50dc1b,10,
scam_wrong_transfer_banglish_f08_015_2ce188,35,Payment Request
scam_kyc_block_banglish_f08_013_b8f1e5,25,Suspicious Link
scam_kyc_block_banglish_f07_013_227d55,45,Urgency Pressure;Suspicious Link
scam_remote_access_banglish_f05_016_6acd16,40,OTP Harvesting
scam_fake_prize_en_f05_009_bf985d,30,Urgency Pressure
benign_bank_notification_banglish_f02_002_689a2c,10,
benign_gen_advisory_en_f08_015_6b224f,10,
scam_kyc_block_banglish_f03_005_0a223a,50,Account Threat;Suspicious Link
benign_personal_chat_bn_f01_025_c68882,10,
benign_bank_notification_banglish_f11_031_4daceb,10,
benign_bank_notification_en_f09_010_e6dce0,10,
scam_fake_prize_en_f02_008_8f09ac,45,Suspicious Link;Unsolicited Prize / Reward
scam_job_scam_banglish_f02_000_5f43b0,35,Payment Request
benign_personal_chat_en_f07_024_2c783d,10,
scam_kyc_block_bn_f01_012_f9a57b,45,Urgency Pressure;Suspicious Link
benign_otp_safety_banglish_f07_024_1eec2d,10,
benign_innocent_keywords_bn_f09_007_652edd,35,Payment Request
scam_wrong_transfer_bn_f08_026_9f623b,30,Emotional Manipulation
scam_otp_harvest_en_f08_012_9ca633,10,
benign_innocent_keywords_en_f08_002_79a28f,10,
scam_loan_app_en_f05_010_af9bd8,35,Payment Request
benign_bank_notification_en_f08_018_0edd6b,10,
benign_personal_chat_banglish_f02_009_aa0b05,10,
scam_loan_app_banglish_f07_000_73c5b6,25,Suspicious Link
benign_personal_chat_bn_f02_013_d01cbb,10,
scam_job_scam_bn_f08_001_e313b5,10,
benign_otp_safety_en_f05_028_206a9c,10,
benign_bank_notification_banglish_f02_008_77c1ea,10,
scam_otp_harvest_banglish_f07_005_06f3ec,10,
scam_loan_app_bn_f02_009_07d758,35,Payment Request
scam_wrong_transfer_en_f08_009_822893,10,
scam_fake_agent_en_f04_004_12987e,10,
benign_innocent_keywords_en_f02_027_3049bb,10,
scam_remote_access_banglish_f06_022_9f872e,10,
scam_fake_prize_banglish_f08_022_dd9812,10,
scam_fake_prize_bn_f01_018_b55024,55,Payment Request;Unsolicited Prize / Reward
benign_innocent_keywords_banglish_f11_019_937256,10,
scam_fake_prize_en_f07_012_e76d80,10,
benign_otp_safety_en_f09_029_59ec33,10,
benign_personal_chat_en_f01_021_d070cc,10,
benign_otp_safety_bn_f12_025_a03021,10,
benign_personal_chat_en_f09_008_486c19,10,
scam_loan_app_banglish_f01_002_2ac67a,35,Payment Request
scam_fake_agent_banglish_f05_022_dc86e1,10,
scam_fake_agent_banglish_f02_000_c02a89,40,OTP Harvesting
benign_personal_chat_bn_f11_023_d52742,10,
benign_bank_notification_banglish_f12_030_735399,10,
scam_job_scam_bn_f04_009_397b23,35,Payment Request
scam_fake_agent_banglish_f03_003_ef4b70,10,
scam_fake_prize_banglish_f06_004_c7308b,30,Unsolicited Prize / Reward
scam_wrong_transfer_bn_f08_008_b80ca0,30,Emotional Manipulation
scam_loan_app_bn_f07_011_20d44d,35,Payment Request
benign_innocent_keywords_bn_f12_008_03608e,10,
benign_otp_safety_banglish_f03_005_102e1a,10,
benign_bank_notification_banglish_f01_006_e383ff,10,
scam_fake_agent_bn_f03_024_f02c7d,60,Account Threat;Authority Impersonation
benign_innocent_keywords_banglish_f10_024_a1b984,10,
scam_kyc_block_en_f02_022_76a5cf,70,Urgency Pressure;Account Threat;Suspicious Link
scam_loan_app_en_f08_014_9a0af7,10,
scam_fake_agent_en_f02_011_644eb5,35,Account Threat
benign_personal_chat_banglish_f06_002_6b9678,10,
benign_bank_notification_en_f03_010_bdb858,10,
scam_job_scam_banglish_f08_007_ed88ac,25,Suspicious Link
benign_personal_chat_bn_f09_016_c24ee6,10,
scam_job_scam_bn_f08_020_3968f6,10,
benign_innocent_keywords_bn_f02_004_45f528,10,
benign_bank_notification_bn_f12_017_324cf4,10,
benign_otp_safety_en_f10_002_21e002,10,
scam_job_scam_banglish_f08_016_1a0a54,25,Suspicious Link
scam_fake_agent_bn_f04_025_34d668,35,Authority Impersonation
scam_loan_app_banglish_f02_012_8bd17b,35,Payment Request
benign_bank_notification_bn_f08_028_451dd7,10,
scam_wrong_transfer_bn_f02_018_f12913,10,
scam_kyc_block_banglish_f07_005_b99f56,45,Urgency Pressure;Suspicious Link
benign_personal_chat_en_f11_007_b7e9e4,10,
scam_fake_agent_en_f07_022_b4e095,35,Account Threat
scam_otp_harvest_en_f06_009_6a7046,10,
benign_gen_advisory_banglish_f09_015_6460ff,10,
benign_bank_notification_en_f01_022_3bf34b,10,
benign_personal_chat_bn_f07_015_0b18f4,10,
benign_personal_chat_banglish_f10_001_576ebf,10,
benign_innocent_keywords_banglish_f09_029_6da85d,60,Account Threat;Payment Request
benign_otp_safety_en_f04_023_76ab4c,10,
scam_loan_app_en_f01_009_83039b,10,
scam_fake_prize_bn_f02_004_4431ad,45,Suspicious Link;Unsolicited Prize / Reward
benign_bank_notification_bn_f07_033_0940de,10,
benign_personal_chat_bn_f10_015_ec262e,10,
scam_fake_agent_bn_f07_008_9b3c09,10,
benign_otp_safety_banglish_f10_000_6768ff,10,
benign_gen_advisory_banglish_f08_013_4390c9,10,
scam_fake_prize_en_f08_015_7cb985,10,
benign_bank_notification_en_f12_026_b9acf0,10,
scam_wrong_transfer_bn_f02_025_0d6c3e,10,
benign_otp_safety_en_f06_029_b01a2d,10,
scam_kyc_block_en_f08_021_59fd89,70,Urgency Pressure;Account Threat;Suspicious Link
scam_loan_app_banglish_f07_006_a1cc9f,25,Suspicious Link
benign_personal_chat_banglish_f05_000_63186d,10,
benign_otp_safety_banglish_f02_007_1227fa,10,
scam_job_scam_en_f08_019_f64d32,35,Payment Request
benign_bank_notification_en_f04_025_a43085,10,
benign_innocent_keywords_banglish_f05_008_6e1162,30,Urgency Pressure
benign_bank_notification_en_f04_008_34948b,10,
benign_otp_safety_en_f04_007_ae3e7a,10,
benign_gen_advisory_en_f12_006_d4c2d1,10,
scam_job_scam_bn_f08_004_d0ec64,10,
scam_fake_prize_bn_f03_018_00892e,55,Payment Request;Unsolicited Prize / Reward
benign_innocent_keywords_bn_f04_009_89bd2e,10,
benign_gen_advisory_bn_f12_010_0b2652,10,
benign_personal_chat_banglish_f02_002_d78c75,10,
benign_otp_safety_en_f10_001_542124,10,
benign_personal_chat_banglish_f09_029_1a1596,10,
benign_gen_advisory_banglish_f05_011_a2533d,10,
benign_bank_notification_banglish_f09_017_7bde24,10,
scam_otp_harvest_en_f06_016_fc2b63,10,
scam_loan_app_en_f05_025_ee6530,35,Payment Request
scam_wrong_transfer_bn_f01_010_661741,55,Payment Request;Emotional Manipulation
benign_personal_chat_banglish_f12_016_3b70aa,10,
benign_gen_advisory_bn_f05_004_99fa8c,10,
scam_kyc_block_bn_f06_006_7f9e59,25,Suspicious Link
scam_wrong_transfer_bn_f03_022_927c23,35,Payment Request
scam_job_scam_banglish_f05_006_1e7b3b,10,
benign_personal_chat_banglish_f01_008_54a942,10,
benign_bank_notification_en_f11_034_3f5038,10,
scam_job_scam_banglish_f08_013_587cce,25,Suspicious Link
scam_loan_app_en_f01_004_bb57aa,10,
benign_innocent_keywords_bn_f12_014_eef170,10,
benign_bank_notification_bn_f11_013_649552,10,
benign_gen_advisory_banglish_f09_016_1a5d18,10,
scam_otp_harvest_en_f03_014_0fa1ce,40,OTP Harvesting
benign_personal_chat_bn_f02_029_fc644b,10,
benign_personal_chat_en_f03_007_f9cc41,10,
benign_bank_notification_banglish_f03_029_ded117,10,
benign_bank_notification_en_f09_019_fecf4d,10,
scam_remote_access_en_f03_010_8b1218,10,
scam_wrong_transfer_en_f06_010_24e8c1,10,
scam_wrong_transfer_bn_f02_008_855fa9,10,
benign_personal_chat_en_f10_032_ddd885,10,
benign_bank_notification_en_f07_020_22d589,10,
scam_kyc_block_en_f08_005_a05ba5,70,Urgency Pressure;Account Threat;Suspicious Link
scam_fake_prize_banglish_f05_009_9389a6,25,Suspicious Link
scam_kyc_block_banglish_f06_012_14a476,25,Suspicious Link
scam_remote_access_banglish_f02_014_9658a6,40,OTP Harvesting
scam_remote_access_banglish_f01_010_7739e9,40,OTP Harvesting
benign_personal_chat_en_f07_033_e364dc,10,
scam_kyc_block_banglish_f05_004_a1fc2b,25,Suspicious Link
scam_otp_harvest_en_f08_021_8f1b39,10,
benign_gen_advisory_bn_f03_002_4d6f08,10,
benign_gen_advisory_bn_f06_014_ac1bb3,10,
benign_otp_safety_bn_f07_032_863613,10,
scam_kyc_block_banglish_f04_002_d35021,25,Suspicious Link
scam_remote_access_bn_f08_005_ed6d05,10,
benign_bank_notification_banglish_f08_020_9b5177,10,
scam_loan_app_en_f04_007_d76e62,35,Payment Request
benign_bank_notification_bn_f09_000_1c7870,10,
scam_loan_app_en_f04_014_2ec19d,35,Payment Request
scam_fake_agent_en_f08_002_262644,35,Authority Impersonation
scam_loan_app_banglish_f08_025_002713,35,Payment Request
benign_innocent_keywords_banglish_f09_001_4dbf00,60,Account Threat;Payment Request
scam_fake_agent_banglish_f06_010_875d70,35,Authority Impersonation
scam_kyc_block_banglish_f05_001_fbbb44,25,Suspicious Link
benign_personal_chat_banglish_f08_021_375fa4,10,
scam_wrong_transfer_banglish_f05_000_105889,10,
scam_wrong_transfer_en_f06_013_af2db0,10,
scam_wrong_transfer_banglish_f03_001_969313,10,
benign_gen_advisory_en_f02_002_cd7abf,10,
scam_kyc_block_bn_f02_015_21eaff,50,Account Threat;Suspicious Link
scam_loan_app_bn_f02_006_d55cb7,35,Payment Request
benign_personal_chat_banglish_f11_011_c8394f,10,
benign_personal_chat_bn_f09_019_28ba5e,10,
benign_bank_notification_bn_f12_019_c078d4,10,
scam_kyc_block_banglish_f01_003_febdc0,70,Urgency Pressure;Account Threat;Suspicious Link
benign_personal_chat_bn_f03_019_00c95b,10,
benign_otp_safety_bn_f03_017_60e245,10,
scam_job_scam_en_f03_004_a3af87,35,Payment Request
scam_job_scam_banglish_f05_004_63cc27,10,
benign_personal_chat_bn_f08_016_bd4d70,10,
scam_job_scam_en_f01_011_f92b61,35,Payment Request
scam_fake_prize_banglish_f08_014_33144e,10,
scam_remote_access_en_f02_002_2369e3,40,OTP Harvesting
benign_gen_advisory_en_f08_002_ddd010,10,
scam_fake_prize_bn_f04_006_d1ff13,35,Payment Request
benign_bank_notification_bn_f06_010_e1ea21,10,
benign_otp_safety_bn_f09_010_2c8695,10,
benign_personal_chat_bn_f12_009_0ce0db,10,
scam_job_scam_en_f03_006_08b933,35,Payment Request
scam_wrong_transfer_bn_f04_015_8ccbed,35,Account Threat
benign_bank_notification_banglish_f08_028_7ea9c3,10,
benign_bank_notification_bn_f12_021_29cd10,10,
scam_kyc_block_banglish_f06_014_67eb60,25,Suspicious Link
benign_innocent_keywords_banglish_f10_014_831258,10,
scam_wrong_transfer_banglish_f08_007_91df73,35,Payment Request
scam_job_scam_banglish_f02_009_6f5726,35,Payment Request
scam_otp_harvest_bn_f02_012_ee4bb3,10,
scam_loan_app_banglish_f04_023_b2d570,10,
benign_innocent_keywords_banglish_f06_004_b6205b,10,
benign_bank_notification_bn_f10_020_74cf2c,10,
scam_kyc_block_en_f05_021_c1fe8f,25,Suspicious Link
benign_bank_notification_bn_f06_020_f2d345,10,
benign_bank_notification_en_f06_018_ac0c42,10,
scam_wrong_transfer_bn_f01_022_135d58,55,Payment Request;Emotional Manipulation
benign_bank_notification_en_f03_022_e3270e,10,
scam_fake_agent_bn_f05_021_ae2924,10,
scam_loan_app_en_f02_025_d84d61,35,Payment Request
scam_fake_agent_banglish_f07_001_b9d351,40,OTP Harvesting
scam_job_scam_bn_f08_021_b5916a,10,
benign_gen_advisory_en_f01_019_282b32,10,
scam_fake_agent_en_f02_015_4b1db2,35,Account Threat
benign_personal_chat_banglish_f03_015_f87d65,10,
scam_loan_app_bn_f06_024_35bcf4,35,Payment Request
scam_remote_access_bn_f07_006_d16b50,40,OTP Harvesting
benign_bank_notification_banglish_f10_023_ec962a,10,
benign_personal_chat_bn_f04_009_ecfe7d,10,
scam_kyc_block_bn_f07_007_c7b874,45,Urgency Pressure;Suspicious Link
scam_fake_agent_banglish_f01_021_47c305,35,Authority Impersonation
scam_fake_agent_en_f08_010_8e1bac,35,Authority Impersonation
scam_fake_prize_en_f05_016_692795,30,Urgency Pressure
benign_bank_notification_en_f10_026_e66bdc,10,
scam_wrong_transfer_en_f04_023_080560,35,Payment Request
scam_job_scam_banglish_f04_002_1bb33f,35,Payment Request
scam_fake_agent_banglish_f08_019_293ed5,10,
scam_remote_access_banglish_f08_021_7fd5e2,40,OTP Harvesting
benign_bank_notification_banglish_f04_006_aabe88,10,
benign_personal_chat_bn_f09_022_a04a7b,10,
benign_personal_chat_en_f02_014_926c4f,10,
benign_bank_notification_en_f11_014_a18470,10,
scam_fake_agent_en_f04_013_132e94,10,
benign_bank_notification_bn_f10_028_2dc2d0,10,
scam_loan_app_bn_f01_001_5ebef0,35,Payment Request
scam_loan_app_banglish_f05_001_2da883,35,Payment Request
scam_job_scam_en_f01_001_6e3ea3,35,Payment Request
scam_remote_access_en_f01_015_8ae0f2,40,OTP Harvesting
scam_remote_access_bn_f02_013_92d8ef,10,
benign_innocent_keywords_banglish_f12_015_e36ab2,10,
scam_fake_agent_bn_f03_008_1e0886,60,Account Threat;Authority Impersonation
scam_kyc_block_bn_f06_001_770a3d,25,Suspicious Link
benign_personal_chat_banglish_f02_006_aa0b05,10,
benign_otp_safety_banglish_f12_001_513333,40,OTP Harvesting
benign_gen_advisory_bn_f10_014_2cab2e,10,
scam_fake_agent_banglish_f03_009_6ef900,10,
scam_remote_access_banglish_f08_004_ae3d7c,40,OTP Harvesting
scam_job_scam_bn_f04_013_5fe85b,35,Payment Request
benign_innocent_keywords_banglish_f05_032_ea66d6,30,Urgency Pressure
scam_otp_harvest_en_f05_008_cf0d38,25,Suspicious Link
scam_wrong_transfer_en_f07_014_42c59f,10,
scam_kyc_block_banglish_f04_024_9ef1f1,25,Suspicious Link
benign_personal_chat_bn_f04_017_4ef2b4,10,
scam_loan_app_bn_f01_025_118c57,35,Payment Request
scam_otp_harvest_en_f05_002_bb1ddb,25,Suspicious Link
benign_personal_chat_en_f06_005_26b39b,10,
scam_kyc_block_en_f05_000_139415,25,Suspicious Link
scam_wrong_transfer_en_f08_023_f6cfc8,10,
benign_gen_advisory_banglish_f02_004_f3de10,10,
scam_loan_app_en_f05_021_2525dd,35,Payment Request
scam_loan_app_en_f02_014_651c32,35,Payment Request
scam_fake_agent_banglish_f02_011_76e993,40,OTP Harvesting
scam_kyc_block_banglish_f01_019_e19496,70,Urgency Pressure;Account Threat;Suspicious Link
benign_innocent_keywords_en_f10_008_713225,10,
scam_loan_app_en_f02_023_33b6f8,35,Payment Request
scam_otp_harvest_en_f02_002_0c99c2,40,OTP Harvesting
scam_fake_prize_banglish_f04_024_f6ed9d,30,Unsolicited Prize / Reward
scam_wrong_transfer_banglish_f07_011_9616ab,35,Payment Request
scam_otp_harvest_en_f08_014_88a8ca,10,
benign_gen_advisory_en_f09_000_679434,10,
scam_remote_access_en_f08_000_5aacbe,10,
scam_fake_prize_bn_f02_023_a89b66,45,Suspicious Link;Unsolicited Prize / Reward
benign_bank_notification_banglish_f11_009_0f4e57,10,
scam_kyc_block_banglish_f01_010_81a5ce,70,Urgency Pressure;Account Threat;Suspicious Link
scam_loan_app_en_f02_016_cb7d23,35,Payment Request
scam_fake_agent_bn_f08_008_6eb4eb,10,
scam_remote_access_en_f07_025_1464ae,40,OTP Harvesting
benign_bank_notification_bn_f07_023_c0c1ad,10,
benign_bank_notification_banglish_f04_019_9c87b3,10,
scam_fake_agent_banglish_f08_007_76fc89,10,
scam_fake_agent_en_f03_004_eb3239,60,Urgency Pressure;OTP Harvesting
scam_job_scam_en_f03_012_8354b9,35,Payment Request
scam_fake_agent_en_f03_019_a77503,60,Urgency Pressure;OTP Harvesting
scam_wrong_transfer_banglish_f05_019_12997f,10,
scam_job_scam_bn_f06_024_cd859a,10,
scam_wrong_transfer_en_f03_001_080aad,10,
scam_loan_app_banglish_f08_021_0ceb94,35,Payment Request
benign_otp_safety_bn_f03_014_2369c4,10,
scam_kyc_block_bn_f05_007_ae2751,25,Suspicious Link
scam_loan_app_banglish_f06_001_6047b8,35,Payment Request
scam_loan_app_bn_f04_013_401e5a,10,
scam_fake_agent_bn_f05_006_ea7107,10,
scam_job_scam_banglish_f02_003_46be5a,35,Payment Request
benign_gen_advisory_en_f03_000_9383ed,10,
scam_fake_prize_en_f01_011_4e8c75,55,Payment Request;Unsolicited Prize / Reward
scam_wrong_transfer_bn_f03_013_d8c0ce,35,Payment Request
scam_fake_agent_bn_f02_022_dcee37,65,OTP Harvesting;Authority Impersonation
scam_fake_prize_banglish_f08_013_c2cdaa,10,
scam_kyc_block_banglish_f06_007_b30622,25,Suspicious Link
benign_personal_chat_en_f12_022_e81e47,10,
benign_personal_chat_en_f10_003_c7e8e7,10,
benign_bank_notification_banglish_f11_007_d03b0b,10,
benign_bank_notification_en_f02_033_78b92c,10,
benign_gen_advisory_en_f08_009_0d30e2,10,
scam_wrong_transfer_banglish_f03_009_30f070,10,
scam_fake_agent_bn_f06_023_2d3437,10,
benign_personal_chat_bn_f01_007_4329ba,10,
scam_fake_prize_en_f06_023_38a220,55,Suspicious Link;OTP Harvesting
scam_otp_harvest_en_f06_005_ad4ad1,10,
scam_fake_prize_banglish_f06_000_d6c119,30,Unsolicited Prize / Reward
scam_kyc_block_en_f02_003_2e7232,70,Urgency Pressure;Account Threat;Suspicious Link
benign_bank_notification_banglish_f02_016_eaa892,10,
scam_fake_agent_en_f01_019_04a883,35,Account Threat
benign_bank_notification_banglish_f09_013_277277,10,
scam_remote_access_bn_f03_021_bca74b,10,
scam_wrong_transfer_bn_f01_015_29500a,55,Payment Request;Emotional Manipulation
benign_bank_notification_banglish_f08_003_178da9,10,
benign_bank_notification_bn_f05_016_b23f01,10,
scam_loan_app_banglish_f03_018_187bde,25,Suspicious Link
benign_personal_chat_banglish_f04_002_86c883,10,
scam_job_scam_bn_f08_012_8a8a09,10,
scam_loan_app_en_f04_025_d5d7c3,35,Payment Request
scam_fake_agent_banglish_f02_017_207933,40,OTP Harvesting
benign_personal_chat_en_f09_020_38f14d,10,
scam_remote_access_en_f07_009_87a4db,40,OTP Harvesting
scam_fake_prize_bn_f05_003_21e512,45,Suspicious Link;Unsolicited Prize / Reward
benign_bank_notification_en_f02_011_aea409,10,
benign_innocent_keywords_banglish_f12_003_34691a,10,
benign_otp_safety_banglish_f02_005_4cde70,10,
benign_gen_advisory_banglish_f07_000_f785a8,10,
scam_remote_access_banglish_f02_007_2e76ce,40,OTP Harvesting
benign_otp_safety_en_f02_003_86aaa4,10,
scam_fake_agent_bn_f03_020_977dda,60,Account Threat;Authority Impersonation
scam_fake_agent_banglish_f05_012_602545,10,
benign_bank_notification_banglish_f12_002_f57c28,10,
scam_fake_prize_en_f06_002_ecbb70,55,Suspicious Link;OTP Harvesting
benign_bank_notification_en_f06_001_bcc4d9,10,
benign_bank_notification_en_f05_003_b6fb82,10,
scam_otp_harvest_en_f08_007_97c903,10,
benign_personal_chat_bn_f09_007_82c5a0,10,
benign_gen_advisory_bn_f02_010_d55e07,35,Authority Impersonation
benign_innocent_keywords_bn_f10_017_175394,10,
scam_job_scam_en_f05_012_28bd62,10,
scam_kyc_block_en_f02_012_abf484,70,Urgency Pressure;Account Threat;Suspicious Link
scam_fake_prize_banglish_f05_023_0171c1,25,Suspicious Link
scam_loan_app_en_f07_012_a432a9,25,Suspicious Link
benign_personal_chat_bn_f10_024_ddde05,10,
scam_fake_prize_banglish_f04_020_c38366,30,Unsolicited Prize / Reward
benign_personal_chat_banglish_f09_027_b9ba86,10,
scam_kyc_block_bn_f06_011_73071c,25,Suspicious Link
benign_gen_advisory_en_f08_008_a529c7,10,
scam_wrong_transfer_bn_f07_027_6e3758,10,
benign_bank_notification_banglish_f02_013_dda60a,10,
scam_job_scam_en_f02_021_e6a35f,35,Payment Request
benign_personal_chat_banglish_f12_001_049568,10,
scam_remote_access_en_f04_021_8f7bee,40,OTP Harvesting
benign_personal_chat_en_f10_014_93cf50,10,
benign_innocent_keywords_en_f09_016_f79dd8,35,Payment Request
scam_fake_prize_banglish_f05_021_360299,25,Suspicious Link
benign_innocent_keywords_en_f05_029_5576d6,10,
benign_innocent_keywords_banglish_f07_005_4f70ed,10,
scam_fake_prize_banglish_f08_012_d473f0,10,
scam_remote_access_bn_f03_008_265723,10,
benign_bank_notification_banglish_f06_032_9dc0df,10,
scam_kyc_block_banglish_f02_018_acaa29,70,Urgency Pressure;Account Threat;Suspicious Link
scam_remote_access_banglish_f08_014_a9a72f,40,OTP Harvesting
scam_job_scam_banglish_f04_011_23f16b,35,Payment Request
benign_personal_chat_banglish_f07_012_81c0ff,10,
benign_innocent_keywords_bn_f05_023_7ade0b,10,
scam_wrong_transfer_en_f06_014_8fc930,10,
scam_kyc_block_bn_f03_020_36ae89,45,Urgency Pressure;Suspicious Link
scam_remote_access_en_f04_001_a18460,40,OTP Harvesting
scam_wrong_transfer_banglish_f01_006_194188,55,Payment Request;Emotional Manipulation
scam_kyc_block_banglish_f02_004_62bac6,70,Urgency Pressure;Account Threat;Suspicious Link
scam_job_scam_bn_f03_002_4e3016,25,Suspicious Link
scam_loan_app_en_f08_024_8aea78,10,
benign_personal_chat_banglish_f04_008_003369,10,
scam_kyc_block_banglish_f07_020_607721,45,Urgency Pressure;Suspicious Link
scam_remote_access_banglish_f06_019_c2a958,10,
scam_loan_app_en_f03_015_9dc13d,50,Payment Request;Suspicious Link
benign_innocent_keywords_en_f11_008_b05580,10,
scam_job_scam_banglish_f05_020_ac513c,10,
scam_loan_app_bn_f02_013_a0fe97,35,Payment Request
scam_remote_access_banglish_f08_013_3d2a6f,40,OTP Harvesting
benign_innocent_keywords_bn_f12_030_445491,10,
benign_otp_safety_banglish_f09_002_6339f4,10,
benign_gen_advisory_bn_f10_009_f006c6,10,
scam_fake_agent_en_f02_024_456927,35,Account Threat
benign_bank_notification_banglish_f03_005_2fe5c7,10,
scam_fake_agent_banglish_f02_023_3892b8,40,OTP Harvesting
scam_kyc_block_en_f08_019_e97edc,70,Urgency Pressure;Account Threat;Suspicious Link
benign_otp_safety_banglish_f04_003_376cbb,10,
scam_job_scam_bn_f08_027_6d0d9c,10,
benign_bank_notification_en_f06_003_ffa186,10,
scam_loan_app_bn_f04_014_d88524,10,
scam_otp_harvest_banglish_f04_002_0cc6fb,30,Urgency Pressure
benign_personal_chat_bn_f01_031_4d6ff1,10,
scam_wrong_transfer_en_f06_019_7c356c,10,
benign_bank_notification_en_f09_007_4afd9d,10,
benign_personal_chat_en_f11_015_48df62,10,
scam_fake_prize_en_f01_013_a8e11a,55,Payment Request;Unsolicited Prize / Reward
scam_job_scam_banglish_f03_013_c3e61b,25,Suspicious Link
scam_loan_app_banglish_f04_002_a1506f,10,
scam_remote_access_en_f05_011_aa91f3,40,OTP Harvesting
scam_fake_agent_banglish_f05_025_2db881,10,
benign_personal_chat_bn_f03_027_c29940,10,
scam_kyc_block_en_f05_006_c6861d,25,Suspicious Link
benign_bank_notification_en_f06_004_9933bb,10,
benign_otp_safety_bn_f07_014_88cf9c,10,
benign_bank_notification_en_f08_023_6ea239,10,
benign_gen_advisory_en_f02_009_910add,10,
benign_bank_notification_en_f02_029_b59d66,10,
benign_gen_advisory_en_f11_018_0e6a38,10,
benign_otp_safety_banglish_f02_012_95996e,10,
benign_gen_advisory_banglish_f07_008_8743a0,10,
benign_otp_safety_bn_f09_004_46e93d,10,
benign_personal_chat_banglish_f10_017_8f7d00,10,
benign_bank_notification_banglish_f04_032_77e586,10,
scam_loan_app_bn_f03_002_498894,25,Suspicious Link
benign_bank_notification_banglish_f07_012_0b85b1,10,
benign_bank_notification_bn_f09_024_061fa9,10,
benign_personal_chat_banglish_f10_030_ed54e8,10,
scam_fake_prize_bn_f04_024_a87b33,35,Payment Request
benign_bank_notification_banglish_f03_025_3a2cd0,10,
benign_innocent_keywords_bn_f01_004_bb9261,10,
scam_wrong_transfer_banglish_f05_024_60c4af,10,
benign_personal_chat_en_f06_012_3eb28d,10,
scam_loan_app_en_f07_010_898b40,25,Suspicious Link
scam_wrong_transfer_bn_f07_011_3628ab,10,
scam_fake_agent_bn_f02_012_3ad609,65,OTP Harvesting;Authority Impersonation
scam_loan_app_banglish_f05_010_5cae57,35,Payment Request
benign_bank_notification_banglish_f10_032_6d8002,10,
scam_job_scam_bn_f08_022_74d28b,10,
benign_personal_chat_banglish_f12_029_07e05f,10,
scam_kyc_block_banglish_f07_006_04ad2f,45,Urgency Pressure;Suspicious Link
benign_personal_chat_en_f01_009_8f2ffb,10,
benign_gen_advisory_banglish_f11_009_e6315e,10,
scam_job_scam_en_f07_027_73fc83,35,Payment Request
benign_bank_notification_en_f08_014_e6268a,10,
benign_bank_notification_bn_f08_010_b89943,10,
scam_otp_harvest_banglish_f08_007_b4f555,30,Urgency Pressure
scam_otp_harvest_bn_f05_001_6b4ad2,30,Urgency Pressure
scam_job_scam_en_f07_018_f37510,35,Payment Request
scam_loan_app_banglish_f06_000_9e0404,35,Payment Request
scam_fake_agent_bn_f04_013_3b7021,35,Authority Impersonation
scam_job_scam_bn_f07_026_d6f44e,25,Suspicious Link
scam_fake_agent_banglish_f01_002_873474,35,Authority Impersonation
scam_job_scam_en_f03_023_f315e3,35,Payment Request
scam_fake_prize_banglish_f07_025_f0ed11,10,
scam_wrong_transfer_banglish_f06_024_493281,10,
scam_loan_app_banglish_f06_013_802fb1,35,Payment Request
scam_kyc_block_en_f07_007_994515,50,Account Threat;Suspicious Link
scam_job_scam_banglish_f02_002_7d0a94,35,Payment Request
scam_loan_app_bn_f01_017_a023fc,35,Payment Request
benign_gen_advisory_en_f07_013_081a50,10,
benign_gen_advisory_bn_f07_001_0221b1,10,
benign_bank_notification_en_f05_019_15259b,10,
benign_innocent_keywords_en_f03_010_36ed2c,10,
benign_otp_safety_bn_f04_024_b32830,10,
scam_otp_harvest_banglish_f02_021_284762,40,OTP Harvesting
scam_loan_app_banglish_f02_008_7541ec,35,Payment Request
scam_fake_agent_banglish_f07_006_064f17,40,OTP Harvesting
benign_bank_notification_en_f12_009_cbc52c,10,
scam_fake_agent_en_f02_022_abc9fd,35,Account Threat
scam_wrong_transfer_en_f02_022_daf805,55,Payment Request;Emotional Manipulation
scam_fake_agent_en_f08_001_1855d2,35,Authority Impersonation
benign_bank_notification_bn_f07_006_967604,10,
scam_kyc_block_en_f06_008_936f9b,70,Urgency Pressure;Account Threat;Suspicious Link
scam_remote_access_en_f02_019_33352c,40,OTP Harvesting
benign_bank_notification_en_f01_029_9bb4b6,10,
scam_kyc_block_en_f08_026_2fb601,70,Urgency Pressure;Account Threat;Suspicious Link
benign_otp_safety_banglish_f12_031_d85a59,40,OTP Harvesting
scam_otp_harvest_banglish_f02_016_7c69e7,40,OTP Harvesting
scam_fake_agent_en_f04_017_ae28d9,10,
scam_job_scam_bn_f03_015_8143ca,25,Suspicious Link
scam_job_scam_bn_f03_004_eb3746,25,Suspicious Link
benign_innocent_keywords_en_f09_026_3092ea,35,Payment Request
scam_fake_prize_en_f05_020_9a1032,30,Urgency Pressure
benign_otp_safety_en_f04_029_32a79d,10,
benign_personal_chat_bn_f03_028_85fd52,10,
scam_otp_harvest_banglish_f04_021_ceff43,30,Urgency Pressure
benign_bank_notification_banglish_f09_018_b88183,10,
benign_gen_advisory_en_f04_002_ad1a21,10,
benign_personal_chat_en_f06_013_931218,10,
scam_fake_agent_en_f05_007_e02c65,10,
scam_fake_prize_bn_f06_019_31cc7a,10,
scam_loan_app_en_f01_007_23e8a5,10,
benign_bank_notification_banglish_f10_011_9565da,10,
benign_gen_advisory_banglish_f12_007_219a06,10,
scam_kyc_block_en_f08_012_03e8df,70,Urgency Pressure;Account Threat;Suspicious Link
benign_otp_safety_bn_f03_030_21a7fe,10,
benign_personal_chat_banglish_f09_025_96c34a,10,
scam_wrong_transfer_bn_f06_004_c8357e,30,Urgency Pressure
scam_job_scam_bn_f03_008_d00e43,25,Suspicious Link
benign_gen_advisory_banglish_f04_010_8a304e,10,
scam_job_scam_en_f05_000_514172,10,
benign_bank_notification_bn_f06_030_a6119b,10,
scam_wrong_transfer_en_f05_014_75f0b5,35,Account Threat
benign_personal_chat_en_f06_021_14c52a,10,
scam_fake_prize_banglish_f06_016_551d70,30,Unsolicited Prize / Reward
benign_personal_chat_banglish_f12_009_d3d085,10,
scam_kyc_block_en_f07_012_a08ec9,50,Account Threat;Suspicious Link
scam_loan_app_en_f06_006_b361a5,55,Urgency Pressure;Payment Request
benign_otp_safety_en_f10_003_5ce6c2,10,
benign_bank_notification_banglish_f11_003_e0533d,10,
scam_fake_agent_en_f07_018_b4703b,35,Account Threat
scam_fake_agent_en_f04_019_5877b1,10,
scam_fake_agent_banglish_f07_019_2d54c5,40,OTP Harvesting
scam_fake_prize_banglish_f02_013_4ef819,45,Suspicious Link;Unsolicited Prize / Reward
scam_wrong_transfer_banglish_f02_004_ee1c9d,55,Payment Request;Emotional Manipulation
scam_job_scam_en_f02_000_7fc6a8,35,Payment Request
scam_fake_prize_banglish_f02_009_50a5cd,45,Suspicious Link;Unsolicited Prize / Reward
scam_fake_prize_bn_f03_003_2ae62e,55,Payment Request;Unsolicited Prize / Reward
benign_innocent_keywords_en_f12_015_5a4978,10,
scam_job_scam_en_f05_011_411027,10,
benign_personal_chat_banglish_f08_023_78ab81,10,
benign_bank_notification_bn_f06_007_4a2f55,10,
scam_wrong_transfer_bn_f07_012_f78e73,10,
benign_gen_advisory_bn_f14_013_4c0884,30,Urgency Pressure
benign_otp_safety_banglish_f01_030_7f8c75,10,
benign_otp_safety_banglish_f07_023_a291ee,10,
scam_fake_prize_banglish_f06_012_92b494,30,Unsolicited Prize / Reward
scam_kyc_block_en_f01_004_b1d11d,70,Urgency Pressure;Account Threat;Suspicious Link
benign_otp_safety_en_f08_029_c469c7,40,OTP Harvesting
benign_otp_safety_en_f02_017_09e857,10,
benign_bank_notification_bn_f02_001_7d8ef6,10,
scam_kyc_block_banglish_f05_000_c7f8c6,25,Suspicious Link
scam_loan_app_en_f05_005_8bc6ac,35,Payment Request
benign_personal_chat_banglish_f04_013_2f54fb,10,
benign_otp_safety_banglish_f02_019_84234f,10,
scam_wrong_transfer_en_f06_020_5456f9,10,
scam_loan_app_bn_f04_004_5d081a,10,
scam_fake_agent_bn_f05_014_90b237,10,
benign_bank_notification_en_f07_024_046d7a,10,
benign_bank_notification_en_f01_000_5a659c,10,
scam_job_scam_banglish_f02_020_5be05d,35,Payment Request
scam_wrong_transfer_bn_f02_019_1b2fa9,10,
scam_remote_access_banglish_f02_016_37899a,40,OTP Harvesting
benign_innocent_keywords_en_f03_026_33490e,10,
benign_gen_advisory_banglish_f12_018_0df704,10,
benign_bank_notification_bn_f12_007_981934,10,
benign_bank_notification_banglish_f02_001_772ebe,10,
scam_kyc_block_bn_f05_008_c69058,25,Suspicious Link
benign_gen_advisory_en_f05_007_41536b,40,OTP Harvesting
scam_loan_app_bn_f07_002_8f7720,35,Payment Request
benign_otp_safety_en_f06_008_20054c,10,
benign_otp_safety_en_f11_003_3baa25,60,OTP Harvesting;Unsolicited Prize / Reward
scam_job_scam_bn_f05_018_cf4f52,10,
scam_wrong_transfer_banglish_f07_006_2efaa8,35,Payment Request
benign_personal_chat_en_f01_028_74441f,10,
benign_bank_notification_bn_f08_004_732bfd,10,
benign_bank_notification_banglish_f12_011_7d8d9b,10,
scam_kyc_block_en_f07_022_eac8af,50,Account Threat;Suspicious Link
benign_bank_notification_banglish_f12_007_b5f4f5,10,
benign_personal_chat_en_f08_013_de280f,10,
benign_bank_notification_en_f03_003_43ae05,10,
benign_bank_notification_banglish_f12_005_a1d495,10,
scam_job_scam_banglish_f03_018_1ffa2a,25,Suspicious Link
scam_wrong_transfer_bn_f03_025_adcbec,35,Payment Request
benign_bank_notification_banglish_f07_032_678d7e,10,
scam_fake_agent_en_f03_024_ca4d56,60,Urgency Pressure;OTP Harvesting
benign_innocent_keywords_banglish_f10_011_4a1434,10,
benign_personal_chat_bn_f03_004_fc30da,10,
scam_wrong_transfer_banglish_f03_022_f83149,10,
benign_bank_notification_en_f10_007_70bfdc,10,
benign_bank_notification_banglish_f02_004_3c72de,10,
scam_kyc_block_en_f07_011_c8f9eb,50,Account Threat;Suspicious Link
benign_personal_chat_banglish_f09_010_5f5552,10,
scam_wrong_transfer_bn_f07_005_a75697,10,
scam_kyc_block_bn_f06_009_52bc06,25,Suspicious Link
scam_fake_prize_bn_f06_008_f927ac,10,
scam_loan_app_banglish_f01_005_3ee7d9,35,Payment Request
benign_bank_notification_banglish_f04_016_5181cb,10,
scam_fake_agent_en_f08_004_420a28,35,Authority Impersonation
benign_bank_notification_bn_f02_018_c0ab7b,10,
benign_bank_notification_en_f08_031_87516d,10,
benign_personal_chat_banglish_f09_031_b152df,10,
scam_fake_prize_banglish_f07_027_50ed73,10,
scam_kyc_block_bn_f08_002_648e5a,45,Urgency Pressure;Suspicious Link
benign_otp_safety_banglish_f01_022_4af8de,10,
scam_wrong_transfer_bn_f08_010_c91972,30,Emotional Manipulation
scam_fake_agent_en_f02_005_d77033,35,Account Threat
benign_bank_notification_bn_f02_005_eedbad,10,
scam_job_scam_bn_f04_000_5f2619,35,Payment Request
scam_job_scam_banglish_f08_000_798465,25,Suspicious Link
scam_kyc_block_en_f04_004_3d388e,50,Account Threat;Suspicious Link
scam_kyc_block_bn_f06_000_9287fa,25,Suspicious Link
scam_fake_agent_en_f07_021_9dbcc5,35,Account Threat
benign_gen_advisory_banglish_f07_009_ca03c4,10,
benign_bank_notification_bn_f03_003_f4a2d1,10,
benign_gen_advisory_en_f03_002_e39e9a,10,
benign_otp_safety_en_f05_016_8c8dfd,10,
scam_remote_access_banglish_f02_003_7d063c,40,OTP Harvesting
benign_otp_safety_bn_f04_004_b32830,10,
scam_fake_prize_en_f07_025_799a80,10,
scam_wrong_transfer_bn_f02_004_984663,10,
scam_otp_harvest_en_f05_015_05ba35,25,Suspicious Link
benign_otp_safety_bn_f12_015_c6e1e0,10,
scam_fake_prize_en_f04_007_41b00e,35,Payment Request
scam_wrong_transfer_banglish_f07_023_fc2209,35,Payment Request
scam_wrong_transfer_en_f08_012_9ce198,10,
benign_bank_notification_en_f09_002_e5d7a0,10,
benign_otp_safety_banglish_f04_021_0ba73d,10,
benign_gen_advisory_banglish_f10_002_2d5a4a,10,
scam_fake_prize_bn_f01_002_fb11c2,55,Payment Request;Unsolicited Prize / Reward
scam_fake_prize_en_f08_014_233df9,10,
benign_gen_advisory_banglish_f03_013_6a7017,10,
scam_fake_prize_bn_f05_004_fdb975,45,Suspicious Link;Unsolicited Prize / Reward
scam_otp_harvest_bn_f06_005_ec6810,55,Suspicious Link;OTP Harvesting
scam_job_scam_banglish_f04_020_7c3501,35,Payment Request
scam_kyc_block_en_f03_010_525f98,50,Account Threat;Suspicious Link
scam_fake_prize_bn_f05_006_c7e3c3,45,Suspicious Link;Unsolicited Prize / Reward
scam_loan_app_en_f04_005_9b36da,35,Payment Request
scam_job_scam_banglish_f01_023_744f93,35,Payment Request
benign_bank_notification_bn_f09_031_3c7070,10,
benign_bank_notification_banglish_f04_025_889c90,10,
scam_wrong_transfer_banglish_f08_009_4feb25,35,Payment Request
scam_loan_app_bn_f01_002_444d44,35,Payment Request
benign_personal_chat_bn_f09_009_28ba5e,10,
scam_loan_app_bn_f08_020_bf12b3,25,Suspicious Link
benign_gen_advisory_en_f11_004_9f78f3,10,
scam_loan_app_banglish_f02_011_b33f7b,35,Payment Request
benign_bank_notification_banglish_f06_031_7668bf,10,
scam_fake_agent_bn_f05_003_e8c30f,10,
benign_personal_chat_bn_f06_023_b95ed9,10,
scam_fake_agent_bn_f02_014_0da634,65,OTP Harvesting;Authority Impersonation
benign_bank_notification_banglish_f05_005_ba338c,10,
benign_otp_safety_banglish_f12_023_68699c,40,OTP Harvesting
scam_fake_prize_banglish_f07_023_dcf9ba,10,
scam_fake_agent_en_f06_025_216a19,10,
scam_otp_harvest_bn_f06_009_ba9866,55,Suspicious Link;OTP Harvesting
scam_wrong_transfer_bn_f07_000_71a43b,10,
scam_fake_agent_en_f04_005_2bbcc7,10,
benign_personal_chat_banglish_f08_030_23492f,10,
benign_otp_safety_en_f10_012_571aff,10,
scam_loan_app_banglish_f06_017_1e3fef,35,Payment Request
benign_bank_notification_banglish_f09_010_3fc3b0,10,
benign_gen_advisory_bn_f04_003_66d6e8,10,
scam_remote_access_en_f05_000_c40662,40,OTP Harvesting
scam_wrong_transfer_bn_f02_003_456fa9,10,
scam_fake_prize_en_f05_011_f14662,30,Urgency Pressure
scam_fake_prize_bn_f01_000_c31b1f,55,Payment Request;Unsolicited Prize / Reward
scam_fake_prize_bn_f05_001_e4c751,45,Suspicious Link;Unsolicited Prize / Reward
scam_loan_app_banglish_f01_008_3fcd63,35,Payment Request
scam_loan_app_en_f08_007_e4d781,10,
scam_otp_harvest_bn_f06_014_215e4b,55,Suspicious Link;OTP Harvesting
scam_otp_harvest_en_f07_014_195e3f,10,
scam_loan_app_bn_f01_011_77855a,35,Payment Request
scam_job_scam_bn_f06_013_02e3bc,10,
benign_bank_notification_en_f01_020_b407ac,10,
scam_fake_agent_bn_f06_012_1d6556,10,
scam_kyc_block_en_f04_011_a0b55f,50,Account Threat;Suspicious Link
benign_otp_safety_bn_f08_016_90b4a7,40,OTP Harvesting
benign_otp_safety_banglish_f11_013_96630a,10,
benign_otp_safety_en_f03_023_d7ae4d,10,
scam_fake_agent_bn_f08_018_0ecfc2,10,
benign_bank_notification_bn_f09_008_93be82,10,
scam_fake_prize_bn_f01_024_acafe6,55,Payment Request;Unsolicited Prize / Reward
benign_gen_advisory_bn_f14_009_46faff,30,Urgency Pressure
scam_fake_prize_en_f02_018_185955,45,Suspicious Link;Unsolicited Prize / Reward
benign_personal_chat_en_f03_010_1bf6f2,10,
scam_job_scam_bn_f07_022_2dc306,25,Suspicious Link
scam_fake_agent_bn_f04_018_18b9e5,35,Authority Impersonation
scam_wrong_transfer_banglish_f08_020_31acd4,35,Payment Request
benign_bank_notification_en_f06_002_32d552,10,
scam_loan_app_en_f07_014_98b154,25,Suspicious Link
benign_personal_chat_bn_f09_005_05a83d,10,
scam_fake_prize_en_f01_017_ba6577,55,Payment Request;Unsolicited Prize / Reward
scam_kyc_block_bn_f06_014_fa71a8,25,Suspicious Link
scam_fake_agent_bn_f04_002_15b6f6,35,Authority Impersonation
scam_wrong_transfer_banglish_f02_021_3c2b5b,55,Payment Request;Emotional Manipulation
benign_bank_notification_en_f10_022_a9ad36,10,
scam_job_scam_banglish_f03_022_e3642d,25,Suspicious Link
scam_job_scam_bn_f08_005_78d54a,10,
scam_fake_prize_en_f06_016_42f0cf,25,Suspicious Link
scam_fake_prize_en_f01_009_19fcc4,55,Payment Request;Unsolicited Prize / Reward
scam_otp_harvest_en_f02_000_9cbfcd,40,OTP Harvesting
benign_innocent_keywords_banglish_f12_010_78ddfd,10,
scam_loan_app_en_f04_008_c93629,35,Payment Request
benign_bank_notification_bn_f09_002_a2c810,10,
scam_job_scam_banglish_f01_010_1a6805,35,Payment Request
benign_personal_chat_banglish_f07_022_9b3f4a,10,
scam_remote_access_banglish_f03_023_008a40,10,
benign_bank_notification_bn_f08_007_54e4a6,10,
benign_personal_chat_banglish_f11_008_f198cb,10,
scam_loan_app_banglish_f01_022_ea4975,35,Payment Request
scam_loan_app_banglish_f03_024_a3b2a0,25,Suspicious Link
scam_fake_agent_banglish_f08_027_727ec4,10,
benign_bank_notification_en_f04_030_e2ccca,10,
scam_fake_agent_en_f07_007_2dcd9d,35,Account Threat
benign_personal_chat_en_f10_013_f05a49,10,
benign_personal_chat_en_f01_006_5b0dd0,10,
scam_job_scam_en_f02_014_f328f3,35,Payment Request
scam_loan_app_bn_f05_016_ea1b7a,35,Payment Request
benign_personal_chat_banglish_f11_012_1a6ae3,10,
benign_gen_advisory_bn_f06_000_8f03d2,10,
benign_bank_notification_banglish_f06_029_0e49d6,10,
benign_bank_notification_en_f02_017_8962cd,10,
benign_innocent_keywords_en_f01_016_89aa6c,10,
benign_bank_notification_banglish_f12_028_44c13f,10,
benign_otp_safety_en_f09_015_22f526,10,
scam_fake_agent_bn_f08_005_c75520,10,
scam_remote_access_banglish_f07_014_986d97,10,
benign_personal_chat_en_f12_008_7f2170,10,
scam_wrong_transfer_banglish_f08_010_1adf99,35,Payment Request
benign_otp_safety_bn_f10_012_6a80d6,10,
benign_otp_safety_bn_f07_004_02a7ca,10,
benign_personal_chat_en_f05_027_9e8a64,10,
scam_wrong_transfer_bn_f05_015_35ad43,35,Payment Request
scam_fake_agent_bn_f06_013_ebf917,10,
benign_bank_notification_banglish_f05_026_f86b54,10,
scam_fake_prize_banglish_f03_020_181266,75,Urgency Pressure;Payment Request;Unsolicited Prize / Reward
scam_kyc_block_bn_f02_024_f18582,50,Account Threat;Suspicious Link
scam_loan_app_bn_f08_010_16c80f,25,Suspicious Link
scam_kyc_block_en_f03_014_4d996e,50,Account Threat;Suspicious Link
scam_kyc_block_bn_f01_010_10de8c,45,Urgency Pressure;Suspicious Link
scam_otp_harvest_bn_f02_019_de1b51,10,
scam_loan_app_bn_f01_005_011a36,35,Payment Request
scam_otp_harvest_bn_f02_002_4707b2,10,
scam_loan_app_en_f02_012_a7e6ce,35,Payment Request
scam_remote_access_en_f07_026_8bbfa0,40,OTP Harvesting
benign_personal_chat_banglish_f02_018_002315,10,
benign_otp_safety_bn_f07_003_6ef021,10,
scam_kyc_block_banglish_f02_017_ac1ea4,70,Urgency Pressure;Account Threat;Suspicious Link
benign_gen_advisory_en_f09_015_efbcda,10,
scam_job_scam_en_f07_007_1498e1,35,Payment Request
benign_innocent_keywords_banglish_f11_027_9e5e6c,10,
scam_kyc_block_bn_f08_016_7da0b9,45,Urgency Pressure;Suspicious Link
scam_fake_agent_bn_f03_025_a24c65,60,Account Threat;Authority Impersonation
benign_personal_chat_en_f09_027_02db20,10,
scam_job_scam_banglish_f07_021_fbf3f6,10,
scam_otp_harvest_bn_f01_000_594249,40,OTP Harvesting
benign_otp_safety_en_f02_022_eef8f3,10,
benign_bank_notification_banglish_f08_016_ba0616,10,
benign_innocent_keywords_en_f09_002_9a043a,35,Payment Request
benign_personal_chat_en_f03_015_859e93,10,
scam_kyc_block_bn_f03_022_1937b3,45,Urgency Pressure;Suspicious Link
scam_kyc_block_banglish_f06_004_1baa5f,25,Suspicious Link
scam_fake_agent_bn_f03_021_4a6169,60,Account Threat;Authority Impersonation
scam_fake_prize_bn_f02_010_d4e3d3,45,Suspicious Link;Unsolicited Prize / Reward
benign_bank_notification_bn_f05_012_79e54c,10,
benign_personal_chat_en_f06_022_82254a,10,
benign_innocent_keywords_en_f03_000_96e3c9,10,
benign_bank_notification_en_f12_013_362c72,10,
scam_fake_agent_banglish_f02_025_db4663,40,OTP Harvesting
scam_kyc_block_banglish_f04_022_d616b9,25,Suspicious Link
scam_fake_prize_banglish_f05_018_38a388,25,Suspicious Link
scam_fake_prize_banglish_f04_017_86a7b4,30,Unsolicited Prize / Reward
benign_bank_notification_bn_f06_012_e7af28,10,
scam_wrong_transfer_banglish_f03_008_376734,10,
scam_wrong_transfer_en_f07_012_6fa04a,10,
scam_remote_access_en_f02_007_47f13a,40,OTP Harvesting
benign_gen_advisory_en_f07_014_25eaa8,10,
scam_fake_prize_en_f03_019_76aeb3,35,Payment Request
scam_otp_harvest_bn_f06_000_1a0a75,55,Suspicious Link;OTP Harvesting
scam_fake_prize_bn_f04_010_421dde,35,Payment Request
benign_personal_chat_en_f06_008_61e8d9,10,
scam_job_scam_banglish_f03_006_19ee56,25,Suspicious Link
benign_gen_advisory_banglish_f08_001_cc536e,10,
benign_otp_safety_banglish_f02_009_d253fe,10,
scam_fake_prize_en_f03_007_2dddc0,35,Payment Request
scam_fake_agent_banglish_f02_006_b71c3a,40,OTP Harvesting
benign_bank_notification_banglish_f10_022_b19270,10,
scam_fake_prize_en_f03_014_caf301,35,Payment Request
scam_fake_agent_en_f01_017_20ddca,35,Account Threat
benign_gen_advisory_banglish_f06_008_4ac5fc,10,
benign_personal_chat_bn_f09_001_ed5336,10,
scam_wrong_transfer_bn_f01_013_f7148d,55,Payment Request;Emotional Manipulation
benign_personal_chat_banglish_f09_021_5c3286,10,
benign_personal_chat_en_f01_014_8e9186,10,
benign_personal_chat_en_f10_023_831f43,10,
scam_wrong_transfer_banglish_f03_025_d925a2,10,
scam_job_scam_en_f05_013_0df3d1,10,
scam_loan_app_banglish_f08_003_2626fd,35,Payment Request
scam_wrong_transfer_bn_f03_016_c76e46,35,Payment Request
benign_bank_notification_bn_f07_005_47bf35,10,
benign_otp_safety_banglish_f06_033_bd76c7,10,
benign_personal_chat_banglish_f10_003_85c647,10,
benign_bank_notification_banglish_f12_009_34c318,10,
benign_otp_safety_en_f02_010_37b4b0,10,
scam_fake_prize_bn_f05_002_c89a49,45,Suspicious Link;Unsolicited Prize / Reward
benign_bank_notification_banglish_f03_000_87d09a,10,
scam_loan_app_en_f05_019_c13d26,35,Payment Request
benign_innocent_keywords_banglish_f06_002_31e84d,10,
scam_fake_agent_bn_f06_022_7a3cb8,10,
scam_fake_agent_en_f03_006_c5668d,60,Urgency Pressure;OTP Harvesting
scam_wrong_transfer_en_f04_011_06bb59,35,Payment Request
benign_bank_notification_en_f01_004_27d2ac,10,
scam_job_scam_bn_f01_016_9c5fe3,10,
benign_otp_safety_en_f07_001_d8064f,10,
scam_kyc_block_banglish_f04_003_0bae45,25,Suspicious Link
scam_wrong_transfer_bn_f01_006_72af57,55,Payment Request;Emotional Manipulation
benign_gen_advisory_bn_f13_003_4facd0,10,
scam_job_scam_bn_f08_011_6299dd,10,
scam_fake_agent_en_f04_022_0defc8,10,
benign_bank_notification_bn_f02_023_104484,10,
scam_wrong_transfer_banglish_f07_001_b09e4e,35,Payment Request
benign_bank_notification_bn_f12_008_0c17a6,10,
scam_fake_prize_bn_f03_020_11b109,55,Payment Request;Unsolicited Prize / Reward
benign_bank_notification_en_f08_002_00aea8,10,
scam_wrong_transfer_banglish_f03_020_8c4c97,10,
benign_personal_chat_en_f06_018_8b7749,10,
benign_bank_notification_banglish_f09_033_855f75,10,
scam_fake_agent_en_f07_006_ba66ed,10,
benign_personal_chat_banglish_f07_002_61feab,10,
scam_kyc_block_bn_f08_012_24efb6,45,Urgency Pressure;Suspicious Link
benign_gen_advisory_en_f01_005_f4de2b,10,
scam_kyc_block_bn_f03_005_ce56c9,45,Urgency Pressure;Suspicious Link
scam_otp_harvest_en_f04_013_781446,40,OTP Harvesting
benign_bank_notification_banglish_f06_002_4758b0,10,
scam_wrong_transfer_en_f01_017_c7d42d,35,Payment Request
scam_fake_prize_bn_f03_025_7d0f0a,55,Payment Request;Unsolicited Prize / Reward
scam_otp_harvest_bn_f02_017_8cb038,10,
benign_innocent_keywords_banglish_f08_009_20fe29,10,
scam_wrong_transfer_en_f04_025_046b88,35,Payment Request
scam_fake_agent_bn_f02_002_f3189e,65,OTP Harvesting;Authority Impersonation
scam_loan_app_banglish_f05_006_0ec101,35,Payment Request
scam_wrong_transfer_en_f05_015_3bb6e2,35,Account Threat
scam_fake_agent_bn_f04_014_458bb1,35,Authority Impersonation
scam_otp_harvest_en_f06_003_7d5e97,10,
scam_wrong_transfer_bn_f07_009_c147b3,10,
scam_otp_harvest_bn_f02_006_b66a42,10,
benign_personal_chat_bn_f04_000_c3d42f,10,
scam_fake_agent_bn_f02_024_d61282,65,OTP Harvesting;Authority Impersonation
scam_remote_access_en_f01_007_8b26fb,40,OTP Harvesting
scam_job_scam_bn_f08_003_1b0cc9,10,
benign_personal_chat_en_f10_006_e3c8e7,10,
scam_fake_prize_bn_f04_014_459e72,35,Payment Request
scam_remote_access_bn_f03_014_86a57d,10,
scam_fake_agent_bn_f08_026_ec7333,10,
scam_kyc_block_banglish_f03_007_ecfd1e,50,Account Threat;Suspicious Link
scam_remote_access_banglish_f08_007_e9f26c,40,OTP Harvesting
benign_personal_chat_en_f02_008_99412b,10,
benign_gen_advisory_en_f04_001_13a249,10,
scam_kyc_block_banglish_f06_001_b1ea76,25,Suspicious Link
scam_fake_agent_en_f06_006_519e28,10,
scam_fake_prize_en_f05_017_4f0e1c,30,Urgency Pressure
scam_kyc_block_banglish_f01_015_d7920b,70,Urgency Pressure;Account Threat;Suspicious Link
benign_innocent_keywords_banglish_f06_021_cc7983,10,
benign_otp_safety_banglish_f11_030_887942,10,
scam_kyc_block_banglish_f06_023_8f1115,25,Suspicious Link
scam_loan_app_en_f04_015_368411,35,Payment Request
scam_wrong_transfer_en_f02_004_c97283,55,Payment Request;Emotional Manipulation
benign_otp_safety_bn_f11_014_361502,10,
scam_kyc_block_bn_f04_003_b6681f,25,Suspicious Link
scam_kyc_block_banglish_f04_017_ad8eb8,25,Suspicious Link
scam_wrong_transfer_en_f07_007_299234,10,
benign_bank_notification_banglish_f07_027_2cc54b,10,
scam_otp_harvest_banglish_f06_007_012ba5,25,Suspicious Link
benign_personal_chat_bn_f02_011_95b888,10,
benign_personal_chat_en_f10_007_6ec560,10,
scam_fake_prize_bn_f08_010_c34224,10,
scam_loan_app_bn_f08_008_9aa7fb,25,Suspicious Link
benign_bank_notification_banglish_f09_000_ebf94d,10,
scam_job_scam_en_f04_011_b996d8,50,Payment Request;Suspicious Link
benign_innocent_keywords_banglish_f01_003_b63297,10,
scam_wrong_transfer_en_f07_015_cca30a,10,
scam_remote_access_banglish_f06_016_02e3bc,10,
benign_personal_chat_banglish_f07_023_17d47c,10,
benign_innocent_keywords_en_f08_001_1864e1,10,
scam_job_scam_banglish_f04_010_700aa0,35,Payment Request
benign_otp_safety_bn_f03_000_2369c4,10,
scam_wrong_transfer_bn_f01_012_7d24d3,55,Payment Request;Emotional Manipulation
benign_bank_notification_bn_f12_004_8d901f,10,
scam_wrong_transfer_en_f07_003_e78d4f,10,
scam_fake_agent_banglish_f07_003_0a6040,40,OTP Harvesting
scam_fake_prize_bn_f04_002_88eee9,35,Payment Request
scam_kyc_block_en_f02_020_d413d9,70,Urgency Pressure;Account Threat;Suspicious Link
scam_loan_app_bn_f06_004_6c23d9,35,Payment Request
scam_remote_access_en_f02_016_f0d750,40,OTP Harvesting
scam_loan_app_banglish_f03_016_cc484a,25,Suspicious Link
benign_otp_safety_banglish_f07_020_026445,10,
scam_job_scam_banglish_f06_000_7b39f4,35,Payment Request
scam_fake_agent_bn_f07_017_3c1c2f,10,
scam_remote_access_en_f06_017_443747,10,
scam_remote_access_en_f03_003_aa6d0e,10,
scam_job_scam_bn_f04_021_3a6dcf,35,Payment Request
benign_bank_notification_banglish_f02_011_8d54d4,10,
scam_wrong_transfer_bn_f02_009_0161e0,10,
benign_bank_notification_en_f01_008_09eeda,10,
scam_fake_prize_bn_f01_011_6483c6,55,Payment Request;Unsolicited Prize / Reward
scam_job_scam_banglish_f06_012_98cef0,35,Payment Request
scam_kyc_block_banglish_f08_000_eca2ca,50,Account Threat;Suspicious Link
benign_gen_advisory_en_f01_001_32da06,10,
scam_loan_app_banglish_f08_008_709278,35,Payment Request
scam_job_scam_bn_f01_005_211ffd,10,
scam_kyc_block_banglish_f01_011_ca24a7,70,Urgency Pressure;Account Threat;Suspicious Link
scam_otp_harvest_en_f02_008_ab4559,40,OTP Harvesting
benign_bank_notification_en_f02_002_ceb8b3,10,
scam_fake_prize_en_f08_021_1d5131,10,
scam_job_scam_bn_f07_011_495018,25,Suspicious Link
benign_innocent_keywords_bn_f04_003_1cfb6a,10,
scam_wrong_transfer_banglish_f02_011_5aaf0d,55,Payment Request;Emotional Manipulation
scam_loan_app_bn_f01_022_8e109e,35,Payment Request
benign_personal_chat_en_f09_013_0919ac,10,
benign_bank_notification_en_f09_025_b0cce0,10,
scam_kyc_block_bn_f02_005_a4b36d,50,Account Threat;Suspicious Link
benign_otp_safety_en_f06_021_584284,10,
benign_bank_notification_bn_f02_011_8c6354,10,
benign_bank_notification_en_f11_002_dfd8a3,10,
scam_remote_access_bn_f04_000_65740d,10,
scam_fake_agent_banglish_f08_004_476ab6,10,
scam_fake_prize_banglish_f05_022_413214,25,Suspicious Link
benign_bank_notification_en_f12_012_24695e,10,
scam_fake_prize_en_f08_007_ca534f,10,
scam_otp_harvest_banglish_f02_017_a75d26,40,OTP Harvesting
benign_otp_safety_en_f04_001_628637,10,
scam_otp_harvest_banglish_f06_001_5f221e,25,Suspicious Link
scam_job_scam_banglish_f06_011_4d10d4,35,Payment Request
benign_gen_advisory_banglish_f03_006_ce4b80,10,
benign_bank_notification_banglish_f08_009_9cd7b1,10,
benign_gen_advisory_banglish_f05_001_2786da,10,
benign_bank_notification_en_f06_025_460cdf,10,
scam_kyc_block_banglish_f06_013_4367d0,25,Suspicious Link
scam_otp_harvest_banglish_f04_019_3339c0,30,Urgency Pressure
benign_personal_chat_bn_f11_019_75508f,10,
benign_otp_safety_en_f03_010_493b5c,10,
scam_fake_prize_en_f05_006_4be712,30,Urgency Pressure
scam_loan_app_en_f03_009_aa2a94,50,Payment Request;Suspicious Link
scam_otp_harvest_en_f03_012_168dc3,40,OTP Harvesting
benign_innocent_keywords_en_f06_004_1bf121,10,
scam_remote_access_banglish_f03_019_41bdc8,10,
benign_gen_advisory_banglish_f02_002_bad7d5,10,
benign_innocent_keywords_banglish_f08_015_dee8ef,10,
benign_bank_notification_bn_f10_032_a316e4,10,
scam_fake_agent_bn_f07_001_59c6a2,10,
benign_bank_notification_en_f06_026_ec13c5,10,
benign_bank_notification_banglish_f04_017_6495f3,10,
scam_kyc_block_en_f05_007_326b23,25,Suspicious Link
scam_fake_agent_en_f07_025_f5b232,35,Account Threat
benign_otp_safety_bn_f02_003_1ad515,10,
scam_kyc_block_banglish_f08_011_f99e04,50,Account Threat;Suspicious Link
benign_bank_notification_en_f01_011_964532,10,
benign_innocent_keywords_banglish_f07_026_5aee37,10,
scam_loan_app_bn_f06_023_3b0ff6,35,Payment Request
benign_gen_advisory_en_f12_001_c9e5b9,10,
scam_loan_app_bn_f07_007_f51ed0,35,Payment Request
scam_job_scam_en_f07_016_a18b6d,35,Payment Request
scam_loan_app_banglish_f02_025_34b6c5,35,Payment Request
scam_remote_access_en_f01_022_3888b9,40,OTP Harvesting
benign_personal_chat_banglish_f01_028_a1edd3,10,
scam_job_scam_bn_f04_024_e4822e,35,Payment Request
scam_wrong_transfer_bn_f02_000_429d48,10,
scam_fake_agent_banglish_f06_001_2ce1c4,35,Authority Impersonation
benign_bank_notification_en_f12_010_a782fe,10,
scam_job_scam_banglish_f08_024_020c9d,25,Suspicious Link
benign_personal_chat_bn_f06_014_e77163,10,
scam_wrong_transfer_banglish_f04_011_35326f,35,Payment Request
scam_wrong_transfer_bn_f08_004_fcdc33,30,Emotional Manipulation
scam_otp_harvest_banglish_f03_004_84ce3d,35,Authority Impersonation
scam_fake_agent_banglish_f06_002_fd8722,35,Authority Impersonation
scam_kyc_block_bn_f03_016_1604e1,45,Urgency Pressure;Suspicious Link
benign_bank_notification_banglish_f03_004_f033bb,10,
benign_otp_safety_en_f01_026_541485,10,
benign_innocent_keywords_en_f09_001_304ab8,35,Payment Request
benign_innocent_keywords_banglish_f05_001_71e66f,30,Urgency Pressure
scam_wrong_transfer_bn_f05_016_106e12,35,Payment Request
benign_personal_chat_banglish_f05_015_a664d2,10,
scam_job_scam_bn_f07_018_2d543b,25,Suspicious Link
benign_bank_notification_en_f03_017_ff114b,10,
scam_otp_harvest_banglish_f08_012_6ade2c,30,Urgency Pressure
benign_innocent_keywords_banglish_f12_024_a16575,10,
scam_fake_agent_banglish_f01_011_0d8fb8,10,
scam_wrong_transfer_en_f06_024_11daf5,10,
scam_remote_access_banglish_f06_018_4d203e,10,
scam_wrong_transfer_en_f08_021_a9285c,10,
scam_fake_agent_en_f04_014_2b72d4,10,
scam_wrong_transfer_en_f06_011_796890,10,
scam_kyc_block_banglish_f01_001_1a3de8,70,Urgency Pressure;Account Threat;Suspicious Link
scam_kyc_block_en_f06_015_fae907,70,Urgency Pressure;Account Threat;Suspicious Link
benign_personal_chat_banglish_f04_003_f9ac6d,10,
benign_innocent_keywords_en_f05_012_527ece,10,
scam_wrong_transfer_bn_f06_016_d0e1e8,30,Urgency Pressure
scam_fake_agent_banglish_f01_001_f6ed69,35,Authority Impersonation
scam_fake_prize_bn_f06_013_13afb7,10,
scam_loan_app_en_f04_017_75ee7d,35,Payment Request
scam_wrong_transfer_bn_f04_009_6d6cb6,35,Account Threat
scam_fake_agent_bn_f07_002_88f9a0,10,
scam_kyc_block_bn_f03_000_160006,45,Urgency Pressure;Suspicious Link
scam_otp_harvest_en_f07_011_0181ac,30,Urgency Pressure
benign_bank_notification_en_f11_010_2e5a64,10,
scam_job_scam_banglish_f03_010_53355b,25,Suspicious Link
scam_job_scam_banglish_f02_004_13d300,35,Payment Request
scam_otp_harvest_en_f01_004_78adea,40,OTP Harvesting
benign_bank_notification_bn_f09_009_7fc3ba,10,
scam_fake_prize_en_f06_019_464f08,55,Suspicious Link;OTP Harvesting
scam_kyc_block_banglish_f07_003_4a056d,45,Urgency Pressure;Suspicious Link
benign_bank_notification_en_f12_001_bb7653,10,
benign_bank_notification_en_f05_025_240a57,10,
benign_innocent_keywords_en_f10_018_df395d,10,
benign_personal_chat_banglish_f04_014_944253,10,
scam_wrong_transfer_banglish_f06_003_21c1b8,10,
benign_bank_notification_en_f07_000_7c45fd,10,
benign_personal_chat_banglish_f08_033_6dbaf0,10,
scam_fake_prize_bn_f05_016_e9ff47,45,Suspicious Link;Unsolicited Prize / Reward
benign_bank_notification_bn_f05_032_ca6246,10,
benign_gen_advisory_bn_f15_002_ecd0df,10,
benign_bank_notification_en_f10_028_431118,10,
benign_bank_notification_bn_f05_005_10841b,10,
benign_innocent_keywords_banglish_f05_003_8498ec,30,Urgency Pressure
scam_remote_access_en_f04_016_8f7bee,40,OTP Harvesting
scam_loan_app_bn_f07_003_fbf29c,35,Payment Request
benign_personal_chat_banglish_f07_007_00693a,10,
scam_wrong_transfer_en_f02_000_dae062,55,Payment Request;Emotional Manipulation
benign_innocent_keywords_bn_f06_028_afbee5,10,
benign_bank_notification_en_f02_024_716457,10,
scam_kyc_block_en_f07_013_5d35f7,50,Account Threat;Suspicious Link
scam_fake_agent_bn_f04_004_34b422,35,Authority Impersonation
scam_otp_harvest_bn_f06_006_bcc3aa,55,Suspicious Link;OTP Harvesting
scam_remote_access_en_f02_023_b90128,40,OTP Harvesting
benign_bank_notification_banglish_f10_006_9e3eed,10,
scam_fake_prize_bn_f08_024_3fc70a,10,
benign_bank_notification_en_f04_019_2a059d,10,
scam_kyc_block_banglish_f03_023_bcedad,50,Account Threat;Suspicious Link
scam_wrong_transfer_bn_f01_021_a83d78,55,Payment Request;Emotional Manipulation
benign_personal_chat_banglish_f01_020_a1edd3,10,
scam_fake_agent_banglish_f04_013_1658eb,35,Account Threat
scam_fake_agent_bn_f07_004_665ade,10,
benign_bank_notification_en_f08_024_e8bba5,10,
scam_otp_harvest_banglish_f06_013_56aa16,25,Suspicious Link
benign_personal_chat_banglish_f07_033_232f07,10,
benign_personal_chat_bn_f08_006_fbbf6d,10,
scam_job_scam_en_f08_024_5e9d70,35,Payment Request
benign_otp_safety_banglish_f08_000_0a9fe7,10,
scam_loan_app_banglish_f07_027_79fe58,25,Suspicious Link
scam_kyc_block_banglish_f05_003_fbbb44,25,Suspicious Link
benign_gen_advisory_en_f05_000_24d0c1,40,OTP Harvesting
scam_kyc_block_bn_f01_011_f9a57b,45,Urgency Pressure;Suspicious Link
scam_fake_prize_en_f07_016_94d244,10,
benign_bank_notification_en_f03_030_f92ba7,10,
scam_otp_harvest_banglish_f06_002_36da26,25,Suspicious Link
scam_loan_app_bn_f06_003_427db8,35,Payment Request
benign_personal_chat_en_f08_026_961760,10,
benign_gen_advisory_banglish_f10_015_ed3b50,10,
scam_fake_prize_bn_f03_012_a62fbd,55,Payment Request;Unsolicited Prize / Reward
scam_kyc_block_bn_f05_011_f20f4d,25,Suspicious Link
scam_kyc_block_en_f04_006_f9a345,50,Account Threat;Suspicious Link
benign_gen_advisory_banglish_f04_013_6be5e0,10,
benign_personal_chat_banglish_f08_026_f0e908,10,
scam_loan_app_banglish_f06_010_10866e,35,Payment Request
benign_otp_safety_banglish_f08_021_afee72,10,
scam_wrong_transfer_en_f05_004_4e154d,35,Account Threat
benign_personal_chat_en_f09_001_f310f7,10,
benign_otp_safety_banglish_f08_025_bb5443,10,
scam_remote_access_banglish_f06_003_918468,10,
benign_bank_notification_banglish_f01_024_793a7b,10,
scam_fake_prize_banglish_f06_023_7da3ab,30,Unsolicited Prize / Reward
scam_fake_prize_bn_f02_003_e67e0c,45,Suspicious Link;Unsolicited Prize / Reward
scam_wrong_transfer_banglish_f02_002_ab642a,55,Payment Request;Emotional Manipulation
scam_fake_prize_banglish_f06_018_1dc9ff,30,Unsolicited Prize / Reward
scam_kyc_block_bn_f01_003_b9062f,45,Urgency Pressure;Suspicious Link
scam_fake_agent_bn_f07_003_3e245b,10,
scam_wrong_transfer_bn_f01_008_76105e,55,Payment Request;Emotional Manipulation
scam_fake_agent_banglish_f03_000_605867,10,
benign_bank_notification_banglish_f03_003_aea8f4,10,
scam_fake_agent_banglish_f05_000_d0dbf0,10,
scam_kyc_block_bn_f03_021_230339,45,Urgency Pressure;Suspicious Link
benign_otp_safety_bn_f02_007_03afce,10,
benign_bank_notification_banglish_f08_023_9f6393,10,
scam_loan_app_bn_f04_022_c7f6cd,10,
scam_fake_agent_en_f05_001_17cce2,10,
benign_otp_safety_en_f06_019_c97f35,10,
scam_loan_app_bn_f07_012_edcd78,35,Payment Request
scam_otp_harvest_bn_f01_018_e51e5c,40,OTP Harvesting
scam_otp_harvest_banglish_f03_006_e93f54,35,Authority Impersonation
scam_otp_harvest_bn_f07_024_93ec2e,10,
scam_otp_harvest_banglish_f07_023_17b46a,10,
benign_personal_chat_banglish_f07_011_94e82a,10,
benign_otp_safety_bn_f04_023_f77414,10,
scam_fake_prize_en_f06_013_cb96cb,55,Suspicious Link;OTP Harvesting
scam_otp_harvest_bn_f02_007_ae7f0f,10,
scam_fake_agent_banglish_f06_024_0985dd,35,Authority Impersonation
scam_loan_app_en_f03_021_82b293,50,Payment Request;Suspicious Link
benign_bank_notification_bn_f03_010_aabed6,10,
benign_personal_chat_bn_f01_013_ab362c,10,
scam_wrong_transfer_en_f04_010_316ea2,35,Payment Request
scam_loan_app_en_f08_021_074b4b,10,
scam_loan_app_en_f01_015_14caf1,10,
scam_fake_prize_en_f05_005_0aa76d,30,Urgency Pressure
benign_bank_notification_bn_f11_016_fd655f,10,
scam_fake_prize_bn_f03_024_ab5c3f,55,Payment Request;Unsolicited Prize / Reward
scam_job_scam_en_f01_025_a629bd,35,Payment Request
scam_job_scam_en_f05_007_8e6bdc,10,
scam_kyc_block_banglish_f07_009_34a289,45,Urgency Pressure;Suspicious Link
scam_fake_prize_en_f04_019_58849f,35,Payment Request
benign_personal_chat_banglish_f05_021_ad8a63,10,
scam_wrong_transfer_bn_f07_019_dad5e4,10,
benign_bank_notification_banglish_f06_022_2ca964,10,
benign_otp_safety_bn_f01_001_81ee7e,10,
scam_fake_prize_en_f08_022_c7a4aa,10,
scam_kyc_block_bn_f02_003_989d43,50,Account Threat;Suspicious Link
scam_loan_app_en_f06_024_9ccd0f,55,Urgency Pressure;Payment Request
scam_loan_app_banglish_f04_017_fa6955,10,
benign_bank_notification_en_f06_016_a47b15,10,
benign_personal_chat_bn_f01_002_071e70,10,
scam_fake_agent_en_f04_010_bda515,10,
benign_bank_notification_bn_f01_009_b46d22,10,
scam_remote_access_banglish_f01_006_f60e0d,40,OTP Harvesting
scam_loan_app_banglish_f02_019_5a7a9c,35,Payment Request
scam_otp_harvest_banglish_f03_016_1adcd0,35,Authority Impersonation
benign_bank_notification_en_f05_004_cb1758,10,
scam_fake_agent_bn_f01_016_9bd0f2,35,Authority Impersonation
scam_otp_harvest_banglish_f04_008_974f31,30,Urgency Pressure
benign_gen_advisory_banglish_f09_014_e8a64b,10,
scam_job_scam_bn_f05_021_d0788b,10,
scam_job_scam_en_f03_015_5180a7,35,Payment Request
benign_personal_chat_banglish_f10_018_5a4a62,10,
scam_fake_prize_en_f04_020_d8947b,35,Payment Request
benign_bank_notification_bn_f01_002_4b433b,10,
benign_innocent_keywords_banglish_f12_006_6c0091,10,
benign_personal_chat_en_f12_000_963f86,10,
scam_loan_app_banglish_f06_004_4e0718,35,Payment Request
benign_innocent_keywords_bn_f08_006_55db41,30,Urgency Pressure
benign_personal_chat_banglish_f01_016_43c37c,10,
scam_wrong_transfer_bn_f06_011_57f7e7,30,Urgency Pressure
scam_fake_prize_bn_f07_003_d503f8,30,Unsolicited Prize / Reward
benign_personal_chat_bn_f11_031_b07bd1,10,
benign_otp_safety_bn_f01_007_5b4251,10,
benign_personal_chat_en_f06_016_40bd38,10,
benign_bank_notification_bn_f01_008_c57c9f,10,
scam_kyc_block_bn_f01_014_f5d2c5,45,Urgency Pressure;Suspicious Link
scam_fake_prize_banglish_f01_017_b770d5,55,Payment Request;Unsolicited Prize / Reward
benign_bank_notification_en_f11_003_b8c8df,10,
benign_personal_chat_en_f12_012_6a906e,10,
benign_innocent_keywords_bn_f03_004_6822fd,10,
benign_bank_notification_bn_f09_026_ea5f08,10,
benign_bank_notification_banglish_f05_028_1083d4,10,
benign_gen_advisory_bn_f11_000_e1a985,10,
benign_personal_chat_en_f07_018_48bf04,10,
scam_kyc_block_en_f07_024_b4bc58,50,Account Threat;Suspicious Link
scam_fake_agent_banglish_f07_025_e28b7a,40,OTP Harvesting
scam_remote_access_bn_f04_011_65740d,10,
benign_bank_notification_banglish_f11_006_a5b69f,10,
scam_job_scam_bn_f02_025_6fccc0,35,Payment Request
benign_personal_chat_banglish_f05_002_ad8a63,10,
scam_remote_access_banglish_f08_005_a850ba,40,OTP Harvesting
scam_fake_prize_bn_f07_006_8828f6,30,Unsolicited Prize / Reward
scam_fake_prize_en_f01_010_1b7c2a,55,Payment Request;Unsolicited Prize / Reward
scam_remote_access_en_f08_013_9d65b0,10,
scam_fake_prize_banglish_f05_006_bf9284,25,Suspicious Link
scam_kyc_block_bn_f05_024_cfe480,25,Suspicious Link
benign_otp_safety_en_f03_013_6700a0,10,
benign_innocent_keywords_banglish_f07_000_8fb3de,10,
scam_wrong_transfer_banglish_f01_007_e260aa,55,Payment Request;Emotional Manipulation
scam_kyc_block_banglish_f03_020_c6cd9c,50,Account Threat;Suspicious Link
scam_kyc_block_en_f05_015_dd6389,25,Suspicious Link
scam_kyc_block_banglish_f07_010_c23c7c,45,Urgency Pressure;Suspicious Link
benign_otp_safety_en_f06_000_894fba,10,
benign_personal_chat_en_f09_002_d29039,10,
scam_otp_harvest_banglish_f07_017_8f4326,10,
benign_gen_advisory_banglish_f01_005_b1f9a9,10,
benign_bank_notification_bn_f11_007_ede22b,10,
benign_innocent_keywords_en_f09_004_bd276e,35,Payment Request
benign_otp_safety_en_f04_017_82c7ca,10,
scam_wrong_transfer_banglish_f05_013_76d279,10,
scam_fake_agent_banglish_f06_000_45b287,35,Authority Impersonation
scam_job_scam_banglish_f02_025_d81dcc,35,Payment Request
benign_personal_chat_banglish_f07_024_89eb98,10,
benign_bank_notification_bn_f10_033_345d51,10,
scam_loan_app_en_f05_015_c8dba5,35,Payment Request
benign_personal_chat_en_f07_001_eb0cce,10,
scam_loan_app_bn_f03_005_9f8292,25,Suspicious Link
scam_fake_prize_banglish_f04_025_353cef,30,Unsolicited Prize / Reward
benign_personal_chat_bn_f10_016_91427d,10,
scam_fake_agent_banglish_f02_009_733411,40,OTP Harvesting
scam_remote_access_banglish_f04_008_678ac3,10,
benign_otp_safety_en_f01_014_2fab5f,10,
benign_personal_chat_en_f06_019_d34355,10,
scam_wrong_transfer_bn_f03_017_cba39b,35,Payment Request
scam_kyc_block_banglish_f01_008_4a7050,70,Urgency Pressure;Account Threat;Suspicious Link
scam_wrong_transfer_bn_f05_002_1c8d2d,35,Payment Request
benign_personal_chat_banglish_f04_025_d4542a,10,
scam_job_scam_bn_f05_023_a73044,10,
scam_fake_prize_banglish_f06_011_c33047,30,Unsolicited Prize / Reward
scam_loan_app_banglish_f01_006_bb5cc6,35,Payment Request
scam_job_scam_bn_f07_006_13fe81,25,Suspicious Link
scam_kyc_block_banglish_f01_016_d3ee80,70,Urgency Pressure;Account Threat;Suspicious Link
scam_kyc_block_bn_f06_022_c57067,25,Suspicious Link
scam_loan_app_bn_f04_001_052231,10,
scam_otp_harvest_en_f08_008_34f646,10,
scam_fake_prize_bn_f04_001_7f3b5e,35,Payment Request
benign_bank_notification_bn_f06_018_04898a,10,
benign_innocent_keywords_bn_f05_000_8819fd,10,
scam_fake_prize_en_f02_004_4e6265,45,Suspicious Link;Unsolicited Prize / Reward
scam_fake_prize_bn_f07_000_a5b865,30,Unsolicited Prize / Reward
scam_job_scam_en_f08_008_7f1296,35,Payment Request
benign_bank_notification_banglish_f08_012_d6aa01,10,
scam_fake_agent_banglish_f03_017_d8a961,10,
scam_fake_agent_en_f01_000_7e967e,35,Account Threat
scam_otp_harvest_bn_f01_016_3e544d,40,OTP Harvesting
scam_job_scam_en_f05_005_fbcbf4,10,
scam_wrong_transfer_banglish_f02_007_3ac4f0,55,Payment Request;Emotional Manipulation
scam_fake_agent_en_f01_014_f2d08d,10,
scam_loan_app_bn_f08_016_00725b,25,Suspicious Link
benign_personal_chat_en_f04_020_f241e3,10,
benign_bank_notification_en_f07_033_bdb52f,10,
benign_bank_notification_banglish_f09_020_f37dfa,10,
scam_fake_agent_en_f01_008_2dad25,35,Account Threat
scam_fake_prize_en_f03_025_58ca99,35,Payment Request
benign_bank_notification_bn_f03_001_a6beff,10,
scam_wrong_transfer_bn_f02_001_9166d1,10,
scam_job_scam_banglish_f08_010_102969,25,Suspicious Link
benign_personal_chat_banglish_f06_003_3c4697,10,
benign_personal_chat_en_f08_004_3fa207,10,
benign_gen_advisory_bn_f05_001_49ff11,10,
scam_loan_app_bn_f01_018_bcd29b,35,Payment Request
scam_fake_agent_banglish_f06_017_1db89c,35,Authority Impersonation
scam_fake_agent_en_f05_022_ef2b89,10,
benign_personal_chat_banglish_f09_005_d26a1a,10,
benign_innocent_keywords_bn_f11_016_ad8c23,10,
scam_wrong_transfer_bn_f04_002_e6d6ca,35,Account Threat
benign_gen_advisory_banglish_f06_001_12cc58,10,
scam_kyc_block_en_f07_010_a17624,50,Account Threat;Suspicious Link
scam_fake_prize_en_f06_015_29e04f,55,Suspicious Link;OTP Harvesting
scam_kyc_block_en_f05_002_15b141,25,Suspicious Link
scam_wrong_transfer_en_f02_002_26089a,55,Payment Request;Emotional Manipulation
benign_gen_advisory_en_f06_003_a43aac,10,
benign_bank_notification_bn_f07_001_c15571,10,
scam_kyc_block_bn_f03_013_aee350,45,Urgency Pressure;Suspicious Link
benign_otp_safety_en_f10_032_c9efb2,10,
benign_personal_chat_en_f12_029_f0aac1,10,
benign_personal_chat_en_f07_028_a80b05,10,
scam_kyc_block_bn_f06_025_9a25ab,25,Suspicious Link
scam_job_scam_en_f07_015_b7bc70,35,Payment Request
scam_wrong_transfer_banglish_f04_007_6e06aa,35,Payment Request
benign_bank_notification_banglish_f07_020_acc425,10,
benign_personal_chat_bn_f07_022_7b50c0,10,
scam_kyc_block_bn_f07_000_02bdc5,45,Urgency Pressure;Suspicious Link
scam_remote_access_en_f02_005_b2b82b,40,OTP Harvesting
scam_fake_agent_en_f08_024_e8df18,35,Authority Impersonation
benign_otp_safety_en_f02_005_cfbcb1,10,
scam_fake_agent_bn_f01_013_406468,35,Authority Impersonation
benign_bank_notification_banglish_f01_027_2e841d,10,
benign_gen_advisory_banglish_f01_003_caa39e,10,
benign_otp_safety_en_f09_009_24866b,10,
scam_fake_agent_bn_f02_009_56243a,65,OTP Harvesting;Authority Impersonation
scam_job_scam_bn_f07_015_0235eb,25,Suspicious Link
benign_otp_safety_en_f01_000_7fa7a3,10,
scam_fake_prize_en_f08_009_768a6b,10,
benign_bank_notification_en_f04_014_2b6902,10,
scam_wrong_transfer_bn_f04_020_bab269,35,Account Threat
benign_bank_notification_banglish_f06_025_bd06f2,10,
benign_gen_advisory_banglish_f10_008_5b0346,10,
benign_personal_chat_en_f03_002_4d19a7,10,
benign_bank_notification_en_f09_022_47019f,10,
benign_otp_safety_bn_f09_022_46e93d,10,
scam_wrong_transfer_bn_f08_006_8d1356,30,Emotional Manipulation
scam_fake_prize_bn_f01_013_9161dc,55,Payment Request;Unsolicited Prize / Reward
scam_wrong_transfer_en_f01_010_da5d12,35,Payment Request
scam_fake_prize_bn_f08_011_ee9d06,10,
benign_innocent_keywords_banglish_f03_004_a9a209,10,
scam_kyc_block_en_f01_002_ab9134,70,Urgency Pressure;Account Threat;Suspicious Link
benign_personal_chat_en_f03_020_b38adb,10,
benign_personal_chat_en_f12_030_353cf4,10,
scam_fake_prize_en_f06_009_bb65c2,55,Suspicious Link;OTP Harvesting
benign_bank_notification_en_f04_016_30e405,10,
benign_bank_notification_en_f10_033_4ad55f,10,
benign_personal_chat_en_f08_020_e0cd94,10,
scam_kyc_block_banglish_f06_003_43b23c,25,Suspicious Link
scam_wrong_transfer_bn_f06_021_48bb83,30,Urgency Pressure
benign_otp_safety_banglish_f06_013_8540e3,10,
scam_remote_access_en_f01_013_f761ab,40,OTP Harvesting
benign_personal_chat_en_f01_025_51ec29,10,
benign_bank_notification_en_f04_009_61856d,10,
scam_loan_app_en_f06_014_32e477,55,Urgency Pressure;Payment Request
benign_bank_notification_banglish_f06_008_f59568,10,
benign_bank_notification_en_f01_007_343d4c,10,
scam_loan_app_en_f03_010_e42a51,50,Payment Request;Suspicious Link
benign_innocent_keywords_banglish_f08_004_a6b657,10,
scam_job_scam_banglish_f01_005_43a2bc,35,Payment Request
scam_fake_prize_banglish_f05_005_70506c,25,Suspicious Link
scam_wrong_transfer_banglish_f04_022_cff81f,35,Payment Request
scam_kyc_block_banglish_f02_012_2f6709,70,Urgency Pressure;Account Threat;Suspicious Link
benign_innocent_keywords_bn_f03_007_ee7051,10,
scam_job_scam_en_f06_013_b8150e,25,Suspicious Link
scam_job_scam_bn_f02_004_ce5b47,35,Payment Request
scam_otp_harvest_en_f08_024_9c5250,10,
benign_bank_notification_banglish_f10_007_f70669,10,
scam_fake_prize_en_f04_021_2eb3d7,35,Payment Request
benign_bank_notification_banglish_f12_003_716b7a,10,
benign_innocent_keywords_banglish_f05_004_71e66f,30,Urgency Pressure
benign_otp_safety_banglish_f11_007_22af59,10,
benign_gen_advisory_en_f11_000_eba3d3,10,
scam_fake_prize_en_f07_011_99744b,10,
benign_personal_chat_bn_f01_006_a52639,10,
scam_loan_app_bn_f05_006_4f5ce3,35,Payment Request
benign_innocent_keywords_banglish_f09_008_233ec6,60,Account Threat;Payment Request
benign_innocent_keywords_banglish_f12_018_d25cf7,10,
scam_job_scam_en_f02_004_156d9f,35,Payment Request
benign_bank_notification_bn_f03_025_fcd364,10,
scam_otp_harvest_banglish_f05_006_f9eaeb,40,OTP Harvesting
scam_fake_agent_banglish_f03_006_a354ae,10,
scam_loan_app_bn_f04_012_3471a2,10,
benign_otp_safety_banglish_f12_013_23f092,40,OTP Harvesting
scam_fake_agent_banglish_f01_025_987adf,35,Authority Impersonation
scam_fake_agent_banglish_f03_020_4df528,10,
scam_fake_agent_en_f05_008_846c8c,10,
benign_bank_notification_en_f02_028_f28b3f,10,
scam_kyc_block_en_f01_009_49c181,70,Urgency Pressure;Account Threat;Suspicious Link
scam_job_scam_banglish_f08_025_f8c6d5,25,Suspicious Link
scam_job_scam_bn_f02_008_2293f1,35,Payment Request
scam_fake_prize_en_f01_020_3de4ce,55,Payment Request;Unsolicited Prize / Reward
benign_bank_notification_bn_f02_027_f48bdd,10,
benign_personal_chat_bn_f01_026_e70aea,10,
scam_fake_prize_en_f02_021_e12974,45,Suspicious Link;Unsolicited Prize / Reward
scam_kyc_block_bn_f03_023_11ff48,45,Urgency Pressure;Suspicious Link
benign_personal_chat_bn_f07_010_cf1488,10,
scam_wrong_transfer_bn_f08_021_df68d1,30,Emotional Manipulation
scam_remote_access_banglish_f06_001_17ccf4,10,
benign_bank_notification_bn_f06_024_ee160e,10,
scam_job_scam_banglish_f04_022_f683ae,35,Payment Request
scam_kyc_block_banglish_f02_002_cb83f0,70,Urgency Pressure;Account Threat;Suspicious Link
scam_job_scam_bn_f05_000_081e1c,10,
scam_fake_prize_en_f01_002_627d40,55,Payment Request;Unsolicited Prize / Reward
scam_fake_agent_banglish_f08_002_3b5146,10,
scam_fake_prize_en_f02_012_50d394,45,Suspicious Link;Unsolicited Prize / Reward
scam_wrong_transfer_en_f07_006_cb53dd,10,
scam_fake_agent_banglish_f04_018_e9d3b6,35,Account Threat
benign_gen_advisory_banglish_f07_016_d9593b,10,
scam_otp_harvest_en_f02_020_5acc50,40,OTP Harvesting
scam_fake_agent_en_f08_013_7269d4,35,Authority Impersonation
benign_otp_safety_banglish_f07_022_44f5ac,10,
scam_wrong_transfer_bn_f08_012_9b24a9,30,Emotional Manipulation
scam_fake_prize_en_f07_023_50131f,10,
scam_otp_harvest_banglish_f02_002_17f5ee,40,OTP Harvesting
benign_bank_notification_en_f06_008_f5c947,10,
benign_otp_safety_en_f04_016_a4d7dd,10,
scam_fake_agent_bn_f05_004_602661,10,
scam_job_scam_bn_f04_018_2bb0cc,35,Payment Request
scam_remote_access_en_f06_004_9f642f,10,
scam_job_scam_en_f01_006_f093ff,35,Payment Request
benign_bank_notification_en_f11_021_554e23,10,
scam_loan_app_en_f01_018_7cc287,10,
benign_innocent_keywords_en_f06_011_f740c4,10,
benign_innocent_keywords_banglish_f07_020_651c34,10,
scam_wrong_transfer_en_f04_000_c37d89,35,Payment Request
benign_bank_notification_en_f07_029_2589d2,10,
scam_kyc_block_bn_f01_001_9fab5d,45,Urgency Pressure;Suspicious Link
benign_personal_chat_bn_f01_024_1f2f9e,10,
benign_bank_notification_banglish_f01_019_3af24f,10,
benign_bank_notification_bn_f10_035_e2189b,10,
benign_bank_notification_bn_f12_016_5e9a6d,10,
scam_loan_app_en_f01_013_47f0bb,10,
benign_bank_notification_en_f06_031_2a3eb9,10,
benign_gen_advisory_banglish_f10_003_1762f1,10,
scam_wrong_transfer_bn_f08_003_9144f8,30,Emotional Manipulation
benign_personal_chat_banglish_f07_004_0236b0,10,
benign_bank_notification_en_f08_032_96dbd4,10,
scam_kyc_block_banglish_f05_002_a22e3b,25,Suspicious Link
scam_fake_agent_banglish_f01_019_56f703,35,Authority Impersonation
benign_otp_safety_en_f04_030_732511,10,
benign_bank_notification_banglish_f01_000_4fc637,10,
scam_fake_agent_bn_f01_020_7938b8,35,Authority Impersonation
scam_fake_agent_bn_f05_008_e72043,10,
benign_bank_notification_en_f10_001_b002b2,10,
scam_fake_prize_en_f03_010_fed99e,35,Payment Request
benign_bank_notification_en_f12_005_bc3bd0,10,
benign_personal_chat_banglish_f01_019_006c57,10,
scam_fake_agent_bn_f05_009_0d8ab7,10,
scam_fake_prize_en_f04_013_abda24,35,Payment Request
scam_remote_access_en_f05_005_2f25aa,40,OTP Harvesting
benign_bank_notification_banglish_f05_015_bcb886,10,
scam_job_scam_banglish_f06_010_149e5e,35,Payment Request
benign_bank_notification_banglish_f01_012_e7fdfb,10,
benign_bank_notification_en_f05_029_26eb4e,10,
benign_gen_advisory_en_f12_004_49e5a2,10,
scam_job_scam_en_f06_014_663633,25,Suspicious Link
scam_loan_app_banglish_f02_010_92e3d8,35,Payment Request
scam_remote_access_en_f06_020_baf6eb,10,
scam_fake_prize_bn_f02_000_ccc897,45,Suspicious Link;Unsolicited Prize / Reward
benign_personal_chat_bn_f01_004_8e89d4,10,
benign_gen_advisory_banglish_f02_011_4399e5,10,
scam_fake_agent_banglish_f06_025_c09d2c,35,Authority Impersonation
benign_personal_chat_bn_f05_021_73459e,10,
scam_fake_agent_banglish_f06_011_6827e5,35,Authority Impersonation
benign_otp_safety_banglish_f07_031_f37617,10,
benign_personal_chat_en_f07_015_10d8b2,10,
benign_gen_advisory_banglish_f02_012_7be542,10,
benign_bank_notification_bn_f07_008_386018,10,
benign_personal_chat_bn_f02_015_12bb75,10,
benign_bank_notification_bn_f10_016_251b2c,10,
benign_innocent_keywords_bn_f02_000_92f83b,10,
scam_loan_app_banglish_f02_020_b27c2b,35,Payment Request
scam_fake_prize_bn_f05_018_eb4a07,45,Suspicious Link;Unsolicited Prize / Reward
scam_wrong_transfer_en_f06_023_4969b8,10,
scam_kyc_block_banglish_f07_007_2fc1de,45,Urgency Pressure;Suspicious Link
benign_bank_notification_bn_f12_010_1bc9a3,10,
benign_bank_notification_bn_f11_017_c39e3b,10,
scam_fake_prize_banglish_f07_001_680b60,10,
scam_remote_access_en_f03_019_ee4161,10,
scam_fake_prize_bn_f06_020_2d01c0,10,
scam_fake_prize_en_f04_018_561cf9,35,Payment Request
benign_personal_chat_bn_f04_027_de6b66,10,
benign_innocent_keywords_banglish_f01_026_7bf1c2,10,
scam_remote_access_bn_f02_010_5b33bd,10,
scam_job_scam_bn_f03_020_41a2d0,25,Suspicious Link
scam_job_scam_banglish_f08_005_c906d2,25,Suspicious Link
scam_job_scam_banglish_f02_007_7fcb66,35,Payment Request
scam_fake_agent_banglish_f03_011_a13d44,10,
scam_fake_prize_banglish_f04_006_e37efd,30,Unsolicited Prize / Reward
scam_otp_harvest_banglish_f03_009_ecd0b5,35,Authority Impersonation
scam_fake_agent_banglish_f08_006_a586f4,10,
benign_bank_notification_en_f08_005_b224e4,10,
scam_job_scam_bn_f01_020_e676a0,10,
benign_gen_advisory_en_f08_010_f93adf,10,
scam_wrong_transfer_en_f01_005_05a74d,35,Payment Request
scam_fake_agent_en_f02_019_0a2fda,35,Account Threat
scam_otp_harvest_banglish_f01_003_d1b216,65,Account Threat;OTP Harvesting
scam_kyc_block_banglish_f08_004_39c2fe,25,Suspicious Link
benign_bank_notification_en_f04_010_a9b373,10,
benign_bank_notification_banglish_f05_009_f4fde5,10,
benign_bank_notification_bn_f04_023_ac54b1,10,
scam_remote_access_banglish_f04_018_877e1c,10,
scam_remote_access_banglish_f02_021_a99c9f,40,OTP Harvesting
benign_gen_advisory_bn_f11_001_e1c645,10,
scam_remote_access_en_f06_012_ae34a7,10,
benign_personal_chat_en_f08_000_bfeeb3,10,
benign_bank_notification_banglish_f03_016_d76768,10,
scam_job_scam_en_f01_017_9a49ea,35,Payment Request
scam_job_scam_bn_f02_006_044cd2,35,Payment Request
scam_kyc_block_banglish_f08_020_8b0bc0,25,Suspicious Link
benign_bank_notification_banglish_f05_032_2795f3,10,
scam_remote_access_en_f08_014_4a0648,10,
benign_personal_chat_en_f08_010_2fbd4b,10,
scam_job_scam_en_f08_015_d0bb1a,35,Payment Request
benign_personal_chat_bn_f06_007_91cc6f,10,
scam_fake_prize_banglish_f04_000_c7ef92,30,Unsolicited Prize / Reward
scam_kyc_block_en_f04_007_553d51,50,Account Threat;Suspicious Link
scam_fake_agent_bn_f02_003_12abe4,65,OTP Harvesting;Authority Impersonation
benign_otp_safety_banglish_f02_004_a769ff,10,
scam_wrong_transfer_banglish_f01_000_e8a466,55,Payment Request;Emotional Manipulation
benign_otp_safety_bn_f08_007_08b436,40,OTP Harvesting
scam_fake_agent_bn_f01_008_b89ee3,35,Authority Impersonation
benign_personal_chat_banglish_f03_008_341bbd,10,
scam_wrong_transfer_en_f03_019_ae52f3,10,
scam_fake_agent_bn_f02_015_b86015,65,OTP Harvesting;Authority Impersonation
scam_job_scam_en_f07_023_9b6bef,35,Payment Request
scam_job_scam_banglish_f01_009_68715b,35,Payment Request
scam_fake_agent_bn_f02_011_18e69d,65,OTP Harvesting;Authority Impersonation
scam_job_scam_en_f03_013_c18300,35,Payment Request
scam_wrong_transfer_en_f07_002_ea056e,10,
scam_otp_harvest_banglish_f04_000_b29ac4,30,Urgency Pressure
benign_otp_safety_banglish_f05_003_a13538,10,
benign_bank_notification_banglish_f11_004_25b21c,10,
benign_bank_notification_banglish_f02_021_f4cd82,10,
benign_bank_notification_banglish_f08_018_6d38aa,10,
benign_bank_notification_banglish_f12_004_f4c219,10,
benign_personal_chat_en_f08_021_5a2d1e,10,
scam_wrong_transfer_bn_f02_011_67268a,10,
scam_wrong_transfer_en_f02_006_f6a2d3,55,Payment Request;Emotional Manipulation
scam_job_scam_banglish_f06_022_e01383,35,Payment Request
scam_kyc_block_en_f01_006_4ee26d,70,Urgency Pressure;Account Threat;Suspicious Link
scam_fake_agent_banglish_f01_013_ec77a1,35,Authority Impersonation
scam_job_scam_banglish_f01_011_f2433e,35,Payment Request
benign_personal_chat_banglish_f07_025_37b0b6,10,
scam_fake_agent_en_f05_011_d6bd30,10,
scam_fake_agent_en_f02_025_ed8285,35,Account Threat
scam_kyc_block_banglish_f04_014_3f0248,25,Suspicious Link
scam_wrong_transfer_bn_f04_021_85b955,35,Account Threat
benign_gen_advisory_bn_f07_003_c10e49,10,
benign_personal_chat_banglish_f04_000_3def6e,10,
benign_bank_notification_banglish_f04_002_f575be,10,
scam_job_scam_bn_f06_017_f08a73,10,
scam_job_scam_bn_f03_024_c4a320,25,Suspicious Link
benign_bank_notification_banglish_f05_031_b02579,10,
benign_otp_safety_banglish_f04_023_fef354,10,
benign_personal_chat_banglish_f07_005_c3e382,10,
scam_job_scam_bn_f08_013_ac4ed9,10,
scam_job_scam_banglish_f07_007_cf363d,10,
benign_otp_safety_en_f04_010_ae3e7a,10,
benign_personal_chat_banglish_f12_002_90cc80,10,
scam_remote_access_en_f08_002_da51e9,10,
benign_gen_advisory_bn_f10_003_1d3f81,10,
scam_kyc_block_banglish_f04_013_80dd14,25,Suspicious Link
scam_job_scam_banglish_f03_015_a28630,25,Suspicious Link
scam_remote_access_bn_f06_011_a9e24a,10,
benign_bank_notification_bn_f11_028_1370d0,10,
scam_loan_app_bn_f03_007_b9f80f,25,Suspicious Link
benign_bank_notification_bn_f01_007_83f1c4,10,
benign_personal_chat_en_f03_013_8c2b83,10,
scam_loan_app_bn_f07_001_d3840f,35,Payment Request
scam_loan_app_banglish_f08_020_698e07,35,Payment Request
scam_fake_prize_bn_f04_013_fcd9f0,35,Payment Request
scam_wrong_transfer_en_f05_008_b4a4db,35,Account Threat
benign_personal_chat_en_f04_023_c2a7a8,10,
scam_otp_harvest_en_f08_013_7306f9,10,
benign_otp_safety_en_f09_027_9b8ef5,10,
scam_fake_agent_en_f03_005_f07876,60,Urgency Pressure;OTP Harvesting
benign_bank_notification_bn_f03_019_478a58,10,
scam_job_scam_en_f01_009_8c00b9,35,Payment Request
benign_personal_chat_en_f06_001_bf283b,10,
benign_otp_safety_banglish_f08_023_02bdd9,10,
scam_fake_agent_bn_f06_005_9b7757,10,
benign_bank_notification_en_f06_021_4df5de,10,
benign_bank_notification_banglish_f04_031_c71206,10,
scam_fake_agent_bn_f07_023_c810b9,10,
scam_job_scam_banglish_f07_025_968f03,10,
scam_fake_prize_banglish_f05_025_c2849c,25,Suspicious Link
benign_gen_advisory_banglish_f05_008_a5b420,10,
scam_wrong_transfer_en_f02_020_9050b2,55,Payment Request;Emotional Manipulation
scam_otp_harvest_bn_f04_017_16c1b5,40,OTP Harvesting
scam_fake_prize_banglish_f02_020_8e1ee0,45,Suspicious Link;Unsolicited Prize / Reward
scam_otp_harvest_bn_f01_002_594249,40,OTP Harvesting
scam_wrong_transfer_en_f06_007_c37fe4,10,
scam_job_scam_banglish_f04_003_515dc1,35,Payment Request
benign_otp_safety_bn_f05_004_d4f0d5,10,
scam_loan_app_bn_f04_002_eb1af1,10,
scam_loan_app_en_f04_021_4e30a5,35,Payment Request
benign_bank_notification_bn_f11_027_2b5f69,10,
scam_fake_agent_banglish_f06_003_294626,35,Authority Impersonation
scam_fake_prize_bn_f08_021_31e76e,10,
benign_bank_notification_en_f05_016_179a5c,10,
scam_fake_agent_banglish_f04_017_5f7f55,35,Account Threat
scam_job_scam_bn_f03_010_69015f,25,Suspicious Link
benign_bank_notification_en_f09_030_5b4eba,10,
scam_job_scam_en_f05_021_caedc5,10,
benign_otp_safety_banglish_f03_000_712864,10,
benign_gen_advisory_en_f12_010_68e671,10,
benign_otp_safety_en_f09_005_d5f2be,10,
benign_innocent_keywords_en_f06_000_097fdb,10,
benign_innocent_keywords_bn_f03_000_6822fd,10,
scam_job_scam_bn_f07_027_98f27b,25,Suspicious Link
scam_loan_app_en_f01_010_98832c,10,
scam_fake_prize_banglish_f08_020_4c84dd,10,
scam_wrong_transfer_banglish_f03_007_2400dc,10,
scam_loan_app_en_f04_013_6a3df8,35,Payment Request
benign_personal_chat_banglish_f06_009_80e016,10,
scam_kyc_block_bn_f07_027_a02675,45,Urgency Pressure;Suspicious Link
benign_bank_notification_en_f07_023_9d8df4,10,
scam_job_scam_banglish_f01_020_92e54e,35,Payment Request
benign_gen_advisory_bn_f08_000_9d9ecc,10,
scam_fake_agent_banglish_f07_023_38eb24,40,OTP Harvesting
benign_bank_notification_bn_f03_017_d53de7,10,
benign_personal_chat_en_f08_019_b66803,10,
benign_innocent_keywords_bn_f04_001_1cfb6a,10,
scam_loan_app_banglish_f06_024_f25a87,35,Payment Request
benign_personal_chat_banglish_f04_033_bb3561,10,
benign_personal_chat_bn_f06_018_0334e2,10,
benign_bank_notification_banglish_f09_008_9baec4,10,
benign_bank_notification_banglish_f07_026_410f2f,10,
scam_kyc_block_banglish_f06_019_c52c15,25,Suspicious Link
benign_gen_advisory_en_f01_000_a86eab,10,
benign_personal_chat_banglish_f06_011_a7b947,10,
benign_bank_notification_bn_f10_008_633c0a,10,
benign_personal_chat_en_f04_004_e0dd45,10,
benign_bank_notification_banglish_f03_022_59ce8d,10,
scam_kyc_block_en_f06_023_1c1c76,70,Urgency Pressure;Account Threat;Suspicious Link
scam_wrong_transfer_banglish_f05_003_021dbe,10,
benign_innocent_keywords_en_f06_002_bd4851,10,
scam_loan_app_bn_f02_016_a0a13e,35,Payment Request
scam_fake_prize_banglish_f08_004_e71beb,10,
scam_remote_access_en_f08_001_f493f1,10,
benign_bank_notification_banglish_f09_014_a54873,10,
scam_otp_harvest_en_f08_023_f1d670,10,
scam_loan_app_bn_f07_000_a9d5c5,35,Payment Request
benign_gen_advisory_en_f10_002_dd6ce4,10,
scam_kyc_block_banglish_f01_013_373358,70,Urgency Pressure;Account Threat;Suspicious Link
scam_fake_agent_en_f05_023_fc315d,10,
scam_fake_agent_bn_f04_005_7b37dd,35,Authority Impersonation
scam_wrong_transfer_en_f03_016_13435a,10,
scam_loan_app_en_f01_005_9d466a,10,
scam_fake_agent_banglish_f04_022_85ef5d,35,Account Threat
scam_fake_prize_bn_f01_009_ba956a,55,Payment Request;Unsolicited Prize / Reward
benign_innocent_keywords_bn_f04_002_44d2ca,10,
benign_gen_advisory_bn_f04_012_423c37,10,
scam_wrong_transfer_banglish_f06_006_a8b762,10,
benign_personal_chat_banglish_f05_010_fd6fae,10,
benign_bank_notification_bn_f01_015_98e9b3,10,
scam_fake_agent_bn_f02_016_a10dca,65,OTP Harvesting;Authority Impersonation
scam_kyc_block_en_f07_018_bfa254,50,Account Threat;Suspicious Link
scam_wrong_transfer_banglish_f02_016_750f3b,55,Payment Request;Emotional Manipulation
benign_personal_chat_banglish_f09_022_c05d42,10,
scam_job_scam_bn_f01_003_33847e,10,
benign_bank_notification_banglish_f02_028_31e99c,10,
scam_kyc_block_banglish_f02_009_3bcfb2,70,Urgency Pressure;Account Threat;Suspicious Link
benign_otp_safety_en_f11_000_e1761c,60,OTP Harvesting;Unsolicited Prize / Reward
scam_job_scam_en_f06_007_15d07e,25,Suspicious Link
scam_kyc_block_banglish_f03_017_fd24d6,50,Account Threat;Suspicious Link
scam_wrong_transfer_bn_f07_010_40aeb9,10,
benign_otp_safety_en_f01_015_f9cac6,10,
benign_bank_notification_banglish_f12_026_1795fd,10,
benign_innocent_keywords_banglish_f03_022_333a41,10,
scam_fake_prize_bn_f02_002_15559f,45,Suspicious Link;Unsolicited Prize / Reward
scam_loan_app_bn_f06_001_2cc033,35,Payment Request
scam_otp_harvest_banglish_f06_020_a926c6,25,Suspicious Link
benign_personal_chat_en_f10_027_87a539,10,
scam_job_scam_bn_f07_012_e2285d,25,Suspicious Link
benign_bank_notification_banglish_f04_021_1800d9,10,
scam_fake_agent_banglish_f04_006_0c00ea,35,Account Threat
benign_personal_chat_en_f08_003_8a573c,10,
benign_bank_notification_en_f01_006_c35e70,10,
benign_gen_advisory_en_f09_012_85822f,10,
benign_bank_notification_en_f08_007_4ee2dd,10,
benign_otp_safety_banglish_f05_025_decfe6,10,
benign_personal_chat_banglish_f11_000_aac939,10,
benign_bank_notification_bn_f10_027_a17525,10,
scam_job_scam_bn_f06_010_c9253b,10,
scam_loan_app_bn_f06_012_778908,35,Payment Request
scam_wrong_transfer_bn_f04_013_070221,35,Account Threat
benign_gen_advisory_banglish_f08_017_ec9df5,10,
scam_kyc_block_bn_f04_025_517b77,25,Suspicious Link
scam_fake_prize_en_f04_011_cea3c1,35,Payment Request
scam_fake_prize_bn_f07_025_ca27a4,30,Unsolicited Prize / Reward
benign_personal_chat_bn_f08_030_6513b6,10,
scam_kyc_block_bn_f05_004_8d5852,25,Suspicious Link
benign_bank_notification_banglish_f11_035_c2b707,10,
benign_personal_chat_en_f01_024_d45cca,10,
scam_fake_prize_en_f04_016_962c06,35,Payment Request
scam_fake_agent_bn_f08_009_07bf29,10,
scam_fake_agent_en_f03_007_6ffc2f,60,Urgency Pressure;OTP Harvesting
scam_remote_access_en_f06_015_ab5c6f,10,
scam_wrong_transfer_en_f08_010_68ed83,10,
benign_bank_notification_en_f03_029_154baa,10,
benign_personal_chat_banglish_f07_030_02ff12,10,
scam_job_scam_bn_f02_023_c99942,35,Payment Request
benign_bank_notification_en_f04_001_bde837,10,
benign_personal_chat_banglish_f06_001_2040b0,10,
benign_otp_safety_banglish_f03_018_844f06,10,
scam_fake_prize_bn_f05_012_60f1d8,45,Suspicious Link;Unsolicited Prize / Reward
benign_personal_chat_en_f12_033_947d37,10,
scam_remote_access_en_f04_015_80d4a3,40,OTP Harvesting
scam_kyc_block_en_f06_007_521899,70,Urgency Pressure;Account Threat;Suspicious Link
scam_loan_app_bn_f08_000_ebf05b,25,Suspicious Link
scam_fake_prize_banglish_f02_025_27dc27,45,Suspicious Link;Unsolicited Prize / Reward
scam_wrong_transfer_bn_f07_021_928dc2,10,
benign_bank_notification_banglish_f06_006_fe4a71,10,
benign_innocent_keywords_banglish_f02_002_77e75f,10,
scam_otp_harvest_banglish_f07_000_7e0f0c,10,
scam_loan_app_en_f06_023_958969,55,Urgency Pressure;Payment Request
benign_gen_advisory_banglish_f07_018_f66495,10,
scam_fake_prize_banglish_f08_008_95906d,10,
benign_personal_chat_banglish_f06_029_81d664,10,
scam_fake_agent_en_f08_009_f58cee,35,Authority Impersonation
scam_kyc_block_banglish_f07_001_0d1663,45,Urgency Pressure;Suspicious Link
scam_fake_prize_bn_f03_001_1ffc7c,55,Payment Request;Unsolicited Prize / Reward
benign_bank_notification_banglish_f09_015_5390ab,10,
benign_bank_notification_bn_f04_001_bd1fe2,10,
scam_fake_agent_bn_f01_019_d23b4d,35,Authority Impersonation
benign_bank_notification_bn_f05_029_894a0e,10,
scam_fake_agent_bn_f07_007_12f6f8,10,
scam_kyc_block_en_f08_009_5358bc,70,Urgency Pressure;Account Threat;Suspicious Link
benign_personal_chat_bn_f10_006_0e5e59,10,
scam_otp_harvest_bn_f02_005_f9deaf,10,
scam_job_scam_en_f04_015_b03e86,50,Payment Request;Suspicious Link
scam_kyc_block_bn_f08_004_e8af3e,45,Urgency Pressure;Suspicious Link
scam_fake_prize_banglish_f07_008_742d5e,10,
scam_fake_prize_bn_f04_009_621451,35,Payment Request
scam_fake_agent_bn_f02_020_1f677b,65,OTP Harvesting;Authority Impersonation
scam_loan_app_en_f07_025_218d5b,25,Suspicious Link
scam_fake_prize_banglish_f01_007_2f47af,55,Payment Request;Unsolicited Prize / Reward
scam_wrong_transfer_bn_f05_006_11bce1,35,Payment Request
benign_innocent_keywords_bn_f05_002_8819fd,10,
benign_gen_advisory_en_f04_006_0c9706,10,
scam_kyc_block_bn_f05_006_0529b2,25,Suspicious Link
scam_otp_harvest_bn_f03_006_de3671,55,Urgency Pressure;Authority Impersonation
benign_personal_chat_en_f04_008_c6eb06,10,
scam_wrong_transfer_en_f04_022_a0bed0,35,Payment Request
scam_kyc_block_en_f06_001_d83a3d,70,Urgency Pressure;Account Threat;Suspicious Link
scam_wrong_transfer_en_f03_009_5f2c08,10,
scam_fake_prize_en_f03_015_1dffac,35,Payment Request
scam_fake_prize_banglish_f06_017_13ada0,30,Unsolicited Prize / Reward
scam_fake_agent_en_f08_006_35d786,35,Authority Impersonation
scam_wrong_transfer_banglish_f03_023_a5c733,10,
scam_wrong_transfer_en_f08_017_29780c,10,
benign_gen_advisory_en_f01_014_83d577,10,
benign_bank_notification_banglish_f10_031_c2954c,10,
scam_fake_prize_banglish_f02_011_526671,45,Suspicious Link;Unsolicited Prize / Reward
scam_otp_harvest_bn_f06_024_22f072,55,Suspicious Link;OTP Harvesting
benign_bank_notification_banglish_f09_004_b7b49e,10,
scam_otp_harvest_en_f08_019_cd53f4,10,
scam_fake_prize_bn_f08_027_3a028c,10,
scam_otp_harvest_bn_f04_001_16c1b5,40,OTP Harvesting
benign_bank_notification_banglish_f02_026_4a13c8,10,
benign_gen_advisory_bn_f11_011_64deb4,10,
scam_fake_agent_bn_f06_008_2b2f4a,10,
benign_bank_notification_bn_f11_012_48e301,10,
scam_fake_prize_en_f01_022_64c6e9,55,Payment Request;Unsolicited Prize / Reward
benign_otp_safety_banglish_f02_013_1227fa,10,
benign_bank_notification_bn_f12_015_3a5d75,10,
benign_personal_chat_en_f06_006_a4994e,10,
scam_wrong_transfer_en_f05_013_1b4d3a,35,Account Threat
scam_fake_prize_en_f06_012_888f81,55,Suspicious Link;OTP Harvesting
benign_otp_safety_banglish_f04_000_02c22a,10,
scam_fake_agent_bn_f07_012_c85de6,10,
benign_personal_chat_banglish_f04_026_4ed3d6,10,
scam_job_scam_banglish_f03_021_0bc6b5,25,Suspicious Link
scam_kyc_block_en_f07_009_a39988,50,Account Threat;Suspicious Link
benign_personal_chat_banglish_f02_023_eb7672,10,
scam_kyc_block_bn_f07_003_a9e790,45,Urgency Pressure;Suspicious Link
benign_innocent_keywords_bn_f07_012_da76ec,10,
scam_wrong_transfer_banglish_f04_025_93941f,35,Payment Request
scam_loan_app_banglish_f07_021_66ff64,25,Suspicious Link
scam_kyc_block_banglish_f01_025_e01d2b,70,Urgency Pressure;Account Threat;Suspicious Link
scam_loan_app_bn_f08_005_b0124e,25,Suspicious Link
benign_personal_chat_banglish_f06_023_2be4b2,10,
scam_remote_access_banglish_f05_018_009cb1,40,OTP Harvesting
scam_loan_app_en_f07_003_06ab55,25,Suspicious Link
benign_bank_notification_bn_f04_011_6fbc9c,10,
benign_personal_chat_bn_f09_002_05a83d,10,
scam_loan_app_banglish_f05_023_12aff9,35,Payment Request
scam_remote_access_bn_f04_019_871e2b,10,
scam_wrong_transfer_banglish_f05_018_e243e7,10,
benign_bank_notification_bn_f03_032_316e19,10,
scam_fake_prize_banglish_f06_009_88bea0,30,Unsolicited Prize / Reward
scam_loan_app_en_f07_011_817cf7,25,Suspicious Link
scam_fake_agent_en_f01_015_d5be27,35,Account Threat
benign_innocent_keywords_en_f05_004_1aeeb8,10,
benign_bank_notification_bn_f05_001_f7b2d0,10,
benign_innocent_keywords_bn_f09_010_e0dc66,35,Payment Request
scam_fake_agent_banglish_f05_019_d0dbf0,10,
benign_innocent_keywords_en_f12_011_cd8cc9,10,
benign_bank_notification_banglish_f08_030_0647dd,10,
scam_wrong_transfer_bn_f06_024_a7303a,30,Urgency Pressure
benign_personal_chat_bn_f08_007_ccb2ee,10,
scam_remote_access_banglish_f08_012_4aa216,40,OTP Harvesting
scam_fake_prize_banglish_f06_003_aa3160,30,Unsolicited Prize / Reward
benign_personal_chat_banglish_f07_001_155c6d,10,
scam_loan_app_banglish_f05_019_188617,35,Payment Request
scam_kyc_block_en_f06_025_10da55,70,Urgency Pressure;Account Threat;Suspicious Link
scam_fake_agent_bn_f01_012_12ac38,35,Authority Impersonation
scam_wrong_transfer_bn_f08_023_aa6df3,30,Emotional Manipulation
scam_fake_prize_en_f04_025_c7575b,35,Payment Request
benign_personal_chat_en_f01_029_dc63db,10,
scam_loan_app_en_f07_007_31efd6,25,Suspicious Link
benign_gen_advisory_banglish_f04_004_39a395,10,
benign_bank_notification_bn_f11_032_3569ab,10,
benign_personal_chat_banglish_f02_003_99fdc4,10,
scam_otp_harvest_banglish_f01_006_d1b216,65,Account Threat;OTP Harvesting
scam_wrong_transfer_bn_f07_007_7ff005,10,
scam_loan_app_bn_f08_012_18b2b0,25,Suspicious Link
scam_loan_app_en_f01_003_33854f,10,
benign_bank_notification_banglish_f06_004_bb214b,10,
benign_gen_advisory_banglish_f07_002_8004db,10,
benign_bank_notification_bn_f11_031_e2432f,10,
scam_fake_prize_en_f03_008_1e1159,35,Payment Request
benign_bank_notification_bn_f06_000_9759f1,10,
scam_job_scam_en_f07_008_5c784e,35,Payment Request
scam_kyc_block_en_f05_008_326b23,25,Suspicious Link
benign_bank_notification_bn_f03_016_f29b44,10,
scam_fake_prize_en_f04_008_c12614,35,Payment Request
benign_personal_chat_banglish_f04_031_8dc8da,10,
benign_personal_chat_en_f03_019_6265c4,10,
scam_job_scam_en_f08_025_fd57cb,35,Payment Request
benign_gen_advisory_bn_f11_010_20163c,10,
benign_personal_chat_en_f12_002_6bab4d,10,
scam_fake_prize_bn_f05_010_5386ca,45,Suspicious Link;Unsolicited Prize / Reward
benign_gen_advisory_bn_f01_003_8428da,10,
benign_bank_notification_en_f03_021_d38027,10,
scam_fake_prize_banglish_f07_016_3d30b0,10,
scam_fake_agent_banglish_f08_013_647649,10,
benign_bank_notification_bn_f12_024_582572,10,
scam_wrong_transfer_bn_f01_020_0019cc,55,Payment Request;Emotional Manipulation
benign_bank_notification_en_f05_015_866789,10,
benign_innocent_keywords_banglish_f08_016_2fd896,10,
benign_bank_notification_banglish_f07_030_dba55e,10,
scam_job_scam_bn_f06_008_2b1d1c,10,
benign_innocent_keywords_bn_f07_000_85b209,10,
scam_loan_app_banglish_f05_004_260f41,35,Payment Request
benign_gen_advisory_bn_f09_003_ba9666,10,
benign_otp_safety_banglish_f12_003_997ace,40,OTP Harvesting
scam_wrong_transfer_banglish_f08_025_322869,35,Payment Request
benign_bank_notification_en_f10_027_4f64e4,10,
benign_personal_chat_en_f04_011_198959,10,
scam_wrong_transfer_banglish_f05_023_dfb66b,10,
scam_job_scam_en_f04_003_505f70,50,Payment Request;Suspicious Link
scam_wrong_transfer_en_f04_020_bca027,35,Payment Request
scam_fake_agent_bn_f06_011_93a232,10,
scam_job_scam_banglish_f02_006_b48473,35,Payment Request
scam_job_scam_bn_f01_010_b2cdfc,10,
scam_loan_app_banglish_f07_011_3d87b5,25,Suspicious Link
benign_bank_notification_banglish_f07_011_4957ba,10,
scam_kyc_block_banglish_f02_016_ef93ef,70,Urgency Pressure;Account Threat;Suspicious Link
scam_wrong_transfer_en_f03_006_04e13f,10,
scam_fake_agent_en_f02_007_1aa9db,35,Account Threat
scam_job_scam_bn_f02_002_04c6ae,35,Payment Request
scam_job_scam_en_f06_004_e83b85,25,Suspicious Link
scam_fake_agent_en_f02_018_cad89b,35,Account Threat
scam_otp_harvest_bn_f07_004_8286a9,10,
scam_fake_prize_en_f05_014_046d77,30,Urgency Pressure
benign_bank_notification_en_f09_008_ccaa1c,10,
scam_wrong_transfer_banglish_f07_005_ac0676,35,Payment Request
benign_otp_safety_bn_f07_023_88cf9c,10,
benign_personal_chat_en_f02_030_fc7b79,10,
benign_personal_chat_bn_f05_004_4ce828,10,
benign_otp_safety_bn_f01_008_81ee7e,10,
scam_fake_prize_en_f06_018_a51bf1,55,Suspicious Link;OTP Harvesting
benign_gen_advisory_banglish_f09_002_80a1c9,10,
benign_otp_safety_bn_f07_015_ee957e,10,
benign_bank_notification_banglish_f11_005_3890b4,10,
benign_otp_safety_en_f11_021_9c195a,60,OTP Harvesting;Unsolicited Prize / Reward
scam_kyc_block_bn_f04_009_1e67df,25,Suspicious Link
benign_bank_notification_bn_f04_021_8b6585,10,
benign_personal_chat_en_f11_008_268937,10,
scam_job_scam_bn_f07_017_90e9fa,25,Suspicious Link
scam_fake_agent_en_f02_000_336d00,35,Account Threat
benign_personal_chat_en_f06_030_1afa2d,10,
scam_fake_agent_en_f03_012_efaefa,60,Urgency Pressure;OTP Harvesting
scam_wrong_transfer_bn_f02_006_30f0a9,10,
benign_personal_chat_en_f01_003_d9ad25,10,
benign_innocent_keywords_bn_f07_001_56343e,10,
benign_personal_chat_banglish_f05_033_1445b1,10,
benign_personal_chat_en_f02_020_0f68cb,10,
benign_personal_chat_banglish_f04_029_b3094d,10,
scam_kyc_block_banglish_f02_020_cc7e09,70,Urgency Pressure;Account Threat;Suspicious Link
scam_fake_agent_banglish_f02_005_624b48,40,OTP Harvesting
scam_fake_prize_en_f07_005_c9bb18,10,
benign_personal_chat_banglish_f06_008_5a893e,10,
benign_innocent_keywords_banglish_f10_032_7ef16e,10,
scam_otp_harvest_banglish_f07_010_abd708,10,
benign_bank_notification_en_f01_014_58b24a,10,
scam_otp_harvest_en_f06_011_90b8b8,10,
scam_wrong_transfer_bn_f08_014_9dcca4,30,Emotional Manipulation
scam_job_scam_en_f07_010_46b9e9,35,Payment Request
scam_wrong_transfer_banglish_f07_010_f7589d,35,Payment Request
scam_fake_prize_en_f02_006_084cec,45,Suspicious Link;Unsolicited Prize / Reward
benign_bank_notification_en_f08_003_14b29e,10,
scam_fake_prize_bn_f03_016_418e68,55,Payment Request;Unsolicited Prize / Reward
scam_otp_harvest_en_f04_004_1cab88,40,OTP Harvesting
benign_gen_advisory_banglish_f04_001_7105f7,10,
scam_job_scam_bn_f07_002_cf6485,25,Suspicious Link
benign_personal_chat_banglish_f08_024_88a78f,10,
benign_gen_advisory_bn_f02_015_82c0b7,35,Authority Impersonation
benign_personal_chat_banglish_f09_003_b152df,10,
benign_bank_notification_en_f07_026_eda156,10,
benign_bank_notification_banglish_f06_018_c200f6,10,
benign_bank_notification_banglish_f01_032_f2fa80,10,
scam_job_scam_banglish_f05_019_526ba2,10,
scam_fake_prize_en_f04_009_1f0020,35,Payment Request
scam_loan_app_bn_f07_004_1dfce5,35,Payment Request
benign_innocent_keywords_en_f06_030_dc6b96,10,
scam_otp_harvest_banglish_f04_018_60f8dc,30,Urgency Pressure
benign_bank_notification_bn_f10_007_e8b97d,10,
scam_job_scam_bn_f08_009_e1b3f9,10,
scam_fake_agent_banglish_f03_004_1252db,10,
benign_bank_notification_bn_f04_024_e85c93,10,
benign_bank_notification_en_f06_013_73a9fa,10,
scam_kyc_block_banglish_f07_024_1ffcda,45,Urgency Pressure;Suspicious Link
scam_fake_prize_en_f01_016_802898,55,Payment Request;Unsolicited Prize / Reward
benign_personal_chat_bn_f05_002_c93333,10,
benign_gen_advisory_en_f02_005_8cd45d,10,
benign_personal_chat_banglish_f05_003_9c97fd,10,
scam_loan_app_banglish_f03_011_786f43,25,Suspicious Link
scam_remote_access_banglish_f07_005_31bc25,10,
scam_fake_prize_en_f08_008_470ad0,10,
benign_otp_safety_banglish_f05_000_6b37b7,10,
scam_fake_prize_en_f05_025_000405,30,Urgency Pressure
benign_bank_notification_en_f02_018_64fa70,10,
benign_personal_chat_en_f08_006_41051c,10,
benign_personal_chat_bn_f05_005_b783e9,10,
benign_personal_chat_bn_f10_002_1a8fbd,10,
benign_otp_safety_banglish_f06_012_b13e07,10,
scam_otp_harvest_en_f02_017_464e44,40,OTP Harvesting
scam_job_scam_en_f02_015_4809d4,35,Payment Request
benign_personal_chat_banglish_f09_001_167b71,10,
scam_wrong_transfer_en_f02_021_5b7c91,55,Payment Request;Emotional Manipulation
scam_job_scam_banglish_f02_018_8e3968,35,Payment Request
benign_gen_advisory_banglish_f09_007_fefabc,10,
scam_job_scam_banglish_f02_019_ce9153,35,Payment Request
benign_innocent_keywords_banglish_f01_000_b63297,10,
benign_personal_chat_en_f06_033_3717e5,10,
scam_fake_agent_en_f04_000_178f81,10,
scam_fake_agent_banglish_f05_001_c41d36,10,
scam_fake_agent_banglish_f05_007_f70a3c,10,
benign_bank_notification_banglish_f10_009_730d2c,10,
scam_otp_harvest_banglish_f08_001_1a0445,30,Urgency Pressure
scam_otp_harvest_en_f04_007_f835d2,40,OTP Harvesting
scam_job_scam_bn_f02_018_a0ac28,35,Payment Request
scam_job_scam_bn_f02_021_8d77f4,35,Payment Request
scam_job_scam_en_f03_018_135340,35,Payment Request
scam_job_scam_en_f06_006_5f45f8,25,Suspicious Link
benign_bank_notification_en_f12_030_aeb484,10,
benign_bank_notification_banglish_f01_018_4ca83e,10,
benign_gen_advisory_banglish_f08_015_429072,10,
benign_bank_notification_en_f01_019_ed19c8,10,
scam_fake_agent_banglish_f02_018_c8cceb,40,OTP Harvesting
scam_wrong_transfer_en_f08_006_eba452,10,
scam_kyc_block_en_f06_017_2638be,70,Urgency Pressure;Account Threat;Suspicious Link
scam_wrong_transfer_banglish_f07_018_7cf8ba,35,Payment Request
scam_wrong_transfer_banglish_f01_004_e867e8,55,Payment Request;Emotional Manipulation
scam_kyc_block_banglish_f08_019_d671e2,25,Suspicious Link
scam_fake_prize_banglish_f08_009_cb7bde,10,
scam_job_scam_bn_f01_017_dbdf84,10,
scam_kyc_block_bn_f01_017_c14a19,45,Urgency Pressure;Suspicious Link
scam_job_scam_en_f07_012_5cac0b,35,Payment Request
scam_otp_harvest_banglish_f05_015_f9eaeb,40,OTP Harvesting
scam_fake_prize_en_f02_002_358485,45,Suspicious Link;Unsolicited Prize / Reward
benign_personal_chat_banglish_f08_032_ffd46c,10,
scam_kyc_block_en_f06_020_1c1c76,70,Urgency Pressure;Account Threat;Suspicious Link
benign_bank_notification_en_f09_003_862084,10,
scam_job_scam_en_f02_009_6daf9d,35,Payment Request
benign_bank_notification_banglish_f01_015_7d7432,10,
scam_fake_prize_bn_f02_006_b9997c,45,Suspicious Link;Unsolicited Prize / Reward
scam_loan_app_bn_f03_016_6ca20a,25,Suspicious Link
scam_remote_access_en_f01_024_771b7e,40,OTP Harvesting
benign_bank_notification_bn_f11_011_ebb99b,10,
scam_loan_app_bn_f01_020_6b5580,35,Payment Request
scam_job_scam_bn_f06_006_c06b82,10,
benign_personal_chat_bn_f01_017_f376ea,10,
scam_fake_agent_en_f02_003_f8bffc,35,Account Threat
benign_otp_safety_en_f11_005_fe1f9a,60,OTP Harvesting;Unsolicited Prize / Reward
scam_job_scam_banglish_f08_019_13dabd,25,Suspicious Link
scam_wrong_transfer_bn_f04_004_2661f1,35,Account Threat
scam_fake_agent_en_f05_025_648e9c,10,
scam_remote_access_en_f01_004_afdd9c,40,OTP Harvesting
benign_gen_advisory_en_f01_004_5df995,10,
scam_otp_harvest_bn_f07_000_15ce1b,10,
benign_personal_chat_banglish_f02_030_3f9400,10,
scam_kyc_block_banglish_f06_022_765050,25,Suspicious Link
benign_personal_chat_bn_f06_028_a16f44,10,
scam_wrong_transfer_en_f01_004_3d693e,35,Payment Request
scam_kyc_block_banglish_f01_005_f48751,70,Urgency Pressure;Account Threat;Suspicious Link
scam_loan_app_banglish_f04_025_179b52,10,
scam_otp_harvest_en_f08_011_63a595,10,
benign_gen_advisory_banglish_f11_000_1b2fbc,10,
scam_loan_app_banglish_f04_022_b879fe,10,
benign_personal_chat_banglish_f08_020_603f5b,10,
scam_remote_access_bn_f02_001_92d8ef,10,
scam_loan_app_bn_f01_007_cd1a9a,35,Payment Request
scam_wrong_transfer_banglish_f01_003_87809d,55,Payment Request;Emotional Manipulation
benign_personal_chat_banglish_f05_022_28cb14,10,
scam_wrong_transfer_banglish_f06_025_c8e6fd,10,
scam_job_scam_en_f05_023_03a27f,10,
scam_remote_access_bn_f03_010_acf87f,10,
scam_wrong_transfer_banglish_f01_005_65a7b5,55,Payment Request;Emotional Manipulation
scam_wrong_transfer_banglish_f02_003_dfe30d,55,Payment Request;Emotional Manipulation
benign_bank_notification_en_f10_012_38a1db,10,
benign_bank_notification_bn_f06_033_7cca8d,10,
scam_kyc_block_en_f01_019_65e5ed,70,Urgency Pressure;Account Threat;Suspicious Link
scam_kyc_block_en_f01_008_432cf8,70,Urgency Pressure;Account Threat;Suspicious Link
benign_bank_notification_en_f07_018_417b97,10,
scam_otp_harvest_en_f08_006_a2c908,10,
benign_bank_notification_bn_f08_023_d890b1,10,
scam_job_scam_banglish_f03_019_02b68e,25,Suspicious Link
benign_otp_safety_bn_f07_027_42da0c,10,
benign_personal_chat_bn_f01_030_8405ab,10,
scam_job_scam_banglish_f02_012_0c3534,35,Payment Request
scam_remote_access_banglish_f01_022_0e9231,40,OTP Harvesting
scam_kyc_block_bn_f03_006_bdb377,45,Urgency Pressure;Suspicious Link
benign_personal_chat_banglish_f07_027_9308f7,10,
scam_fake_agent_bn_f03_003_966b21,60,Account Threat;Authority Impersonation
benign_bank_notification_banglish_f11_014_04e035,10,
scam_fake_agent_bn_f01_022_1c2a81,35,Authority Impersonation
scam_kyc_block_en_f01_003_a1f6be,70,Urgency Pressure;Account Threat;Suspicious Link
benign_otp_safety_bn_f04_003_f77414,10,
scam_loan_app_banglish_f03_003_34ba9a,25,Suspicious Link
benign_innocent_keywords_banglish_f11_021_96969e,10,
scam_job_scam_bn_f04_017_c84df2,35,Payment Request
scam_fake_agent_en_f05_003_c78cf4,10,
benign_otp_safety_bn_f02_011_f0add4,10,
scam_job_scam_bn_f02_012_51da82,35,Payment Request
scam_kyc_block_banglish_f07_026_d3b564,45,Urgency Pressure;Suspicious Link
scam_otp_harvest_banglish_f02_007_0b0c22,40,OTP Harvesting
benign_bank_notification_bn_f02_033_345f27,10,
scam_fake_agent_en_f06_010_fe3125,10,
scam_job_scam_bn_f05_020_7ab33e,10,
scam_remote_access_bn_f08_009_ec10d3,10,
scam_kyc_block_en_f04_019_e89866,50,Account Threat;Suspicious Link
benign_innocent_keywords_en_f01_026_3a3e72,10,
scam_remote_access_banglish_f03_011_35f4ad,10,
benign_personal_chat_bn_f11_000_9220a5,10,
benign_bank_notification_bn_f01_020_3574a4,10,
benign_otp_safety_en_f04_004_380f34,10,
scam_fake_prize_en_f07_006_629f30,10,
scam_job_scam_en_f03_000_0212f2,35,Payment Request
scam_job_scam_en_f04_014_20f8b9,50,Payment Request;Suspicious Link
scam_job_scam_en_f04_004_7cf414,50,Payment Request;Suspicious Link
scam_wrong_transfer_banglish_f01_002_f5ed0c,35,Payment Request
scam_fake_prize_banglish_f03_008_2da0ee,75,Urgency Pressure;Payment Request;Unsolicited Prize / Reward
scam_job_scam_en_f07_024_109788,35,Payment Request
scam_fake_agent_bn_f03_013_047f62,60,Account Threat;Authority Impersonation
scam_fake_prize_en_f07_027_91e526,10,
scam_loan_app_banglish_f04_011_736ea3,10,
scam_wrong_transfer_en_f08_022_b46841,10,
scam_loan_app_en_f06_012_44ede1,55,Urgency Pressure;Payment Request
scam_wrong_transfer_bn_f03_011_fbc89a,35,Payment Request
scam_fake_agent_en_f06_020_7956a1,10,
scam_kyc_block_en_f06_002_5478ae,70,Urgency Pressure;Account Threat;Suspicious Link
scam_job_scam_en_f05_016_eae192,10,
scam_job_scam_bn_f01_021_1944ba,10,
scam_fake_prize_banglish_f05_002_d857d4,25,Suspicious Link
benign_gen_advisory_banglish_f05_007_80d0d8,10,
benign_personal_chat_banglish_f07_019_08f231,10,
scam_remote_access_bn_f03_004_395728,10,
benign_otp_safety_banglish_f04_009_9b660b,10,
scam_job_scam_en_f07_014_21417d,35,Payment Request
scam_wrong_transfer_banglish_f08_016_3867c8,35,Payment Request
benign_otp_safety_banglish_f05_001_6b37b7,10,
scam_loan_app_banglish_f04_003_ec6f69,10,
scam_fake_agent_bn_f07_009_f42f5e,10,
benign_personal_chat_banglish_f04_030_472394,10,
scam_kyc_block_banglish_f04_000_63600b,25,Suspicious Link
benign_bank_notification_banglish_f09_011_3e45d1,10,
scam_kyc_block_en_f03_005_990167,50,Account Threat;Suspicious Link
scam_kyc_block_banglish_f01_000_327e5f,70,Urgency Pressure;Account Threat;Suspicious Link
benign_innocent_keywords_en_f12_000_60efa4,10,
scam_kyc_block_banglish_f03_011_922752,50,Account Threat;Suspicious Link
benign_bank_notification_bn_f12_035_6b1006,10,
scam_loan_app_bn_f01_013_21c30c,35,Payment Request
benign_otp_safety_banglish_f09_001_6339f4,10,
benign_otp_safety_en_f06_007_16b696,10,
benign_bank_notification_en_f08_016_a96bb6,10,
benign_bank_notification_banglish_f03_030_3e78aa,10,
scam_wrong_transfer_banglish_f07_022_bf4cf9,35,Payment Request
benign_personal_chat_banglish_f06_031_f9a129,10,
scam_job_scam_banglish_f04_001_75e0c4,35,Payment Request
benign_personal_chat_bn_f05_016_73459e,10,
scam_kyc_block_en_f03_001_a9b39a,50,Account Threat;Suspicious Link
scam_job_scam_bn_f07_007_eda4ed,25,Suspicious Link
scam_fake_agent_banglish_f03_021_06c506,10,
scam_wrong_transfer_en_f03_008_f14c2e,10,
scam_loan_app_en_f02_004_72a50c,35,Payment Request
benign_personal_chat_en_f04_032_555ee6,10,
benign_gen_advisory_bn_f07_000_c348e4,10,
scam_job_scam_bn_f02_011_f3de2f,35,Payment Request
scam_fake_agent_bn_f08_022_387e59,10,
benign_otp_safety_banglish_f02_021_a769ff,10,
scam_job_scam_en_f04_000_503ee3,50,Payment Request;Suspicious Link
benign_otp_safety_banglish_f12_008_5da1a7,40,OTP Harvesting
benign_personal_chat_banglish_f11_015_35c8cf,10,
benign_innocent_keywords_en_f09_003_adec00,35,Payment Request
benign_bank_notification_en_f05_002_0d178a,10,
benign_innocent_keywords_bn_f04_000_a6298b,10,
benign_personal_chat_en_f04_012_19f657,10,
benign_personal_chat_banglish_f09_030_1a1596,10,
benign_gen_advisory_en_f12_005_9803eb,10,
scam_loan_app_en_f05_020_35d7f8,35,Payment Request
scam_wrong_transfer_en_f04_005_4ffea3,35,Payment Request
scam_loan_app_en_f07_017_458e47,25,Suspicious Link
benign_bank_notification_en_f11_028_2cc1c8,10,
benign_innocent_keywords_banglish_f10_016_3113be,10,
scam_otp_harvest_bn_f01_020_a8466e,40,OTP Harvesting
benign_otp_safety_en_f10_013_8dbd9a,10,
benign_personal_chat_banglish_f12_005_a9767a,10,
benign_bank_notification_bn_f04_009_df2970,10,
benign_personal_chat_en_f11_012_33d7ed,10,
benign_personal_chat_en_f10_015_430495,10,
benign_gen_advisory_banglish_f08_011_64e9e8,10,
benign_personal_chat_banglish_f12_013_b48d86,10,
benign_bank_notification_bn_f04_032_190340,10,
scam_kyc_block_bn_f01_006_460634,45,Urgency Pressure;Suspicious Link
scam_remote_access_en_f01_009_99af0d,40,OTP Harvesting
benign_bank_notification_bn_f01_011_d279b8,10,
scam_job_scam_bn_f05_009_8b718b,10,
scam_fake_prize_bn_f06_002_d54f10,10,
scam_fake_prize_bn_f08_026_39414a,10,
scam_loan_app_bn_f02_003_a8dbfa,35,Payment Request
scam_wrong_transfer_en_f01_011_2163ad,35,Payment Request
benign_gen_advisory_bn_f14_005_144739,30,Urgency Pressure
scam_loan_app_bn_f05_007_b6e11e,35,Payment Request
scam_kyc_block_banglish_f03_008_e0aa27,50,Account Threat;Suspicious Link
benign_bank_notification_bn_f02_017_0dce2b,10,
scam_loan_app_bn_f01_015_3fadb1,35,Payment Request
scam_loan_app_banglish_f07_004_3842d4,25,Suspicious Link
scam_loan_app_banglish_f03_004_79da70,25,Suspicious Link
scam_otp_harvest_en_f06_007_dc5160,10,
scam_loan_app_banglish_f08_004_b99019,35,Payment Request
scam_fake_prize_banglish_f07_014_516ce4,10,
scam_job_scam_en_f05_024_04bfd9,10,
benign_gen_advisory_bn_f12_003_e36def,10,
scam_fake_prize_banglish_f04_014_23fc0c,30,Unsolicited Prize / Reward
benign_otp_safety_banglish_f04_015_3ff405,10,
scam_loan_app_en_f06_015_aa2bcc,55,Urgency Pressure;Payment Request
scam_loan_app_en_f07_021_a6ab98,25,Suspicious Link
benign_bank_notification_bn_f06_017_561cdd,10,
scam_fake_agent_bn_f08_017_9de552,10,
scam_otp_harvest_banglish_f08_009_f5daee,30,Urgency Pressure
scam_loan_app_en_f05_007_dbea10,35,Payment Request
scam_loan_app_banglish_f06_023_84f073,35,Payment Request
benign_bank_notification_en_f06_027_b784db,10,
benign_bank_notification_bn_f11_010_c8c6f4,10,
benign_gen_advisory_banglish_f12_002_4aceea,10,
scam_job_scam_bn_f07_021_c5c11d,25,Suspicious Link
scam_otp_harvest_bn_f06_015_3fbb70,55,Suspicious Link;OTP Harvesting
scam_fake_prize_bn_f03_015_11a75c,55,Payment Request;Unsolicited Prize / Reward
benign_innocent_keywords_banglish_f09_021_233ec6,60,Account Threat;Payment Request
benign_gen_advisory_banglish_f02_003_5dcfcf,10,
benign_bank_notification_banglish_f07_004_dffc2b,10,
scam_fake_agent_banglish_f06_022_2af2a2,35,Authority Impersonation
scam_job_scam_banglish_f03_014_092544,25,Suspicious Link
benign_personal_chat_en_f06_023_0876df,10,
benign_innocent_keywords_banglish_f02_022_4e9f57,10,
benign_innocent_keywords_bn_f03_027_20fd72,10,
benign_bank_notification_bn_f11_021_193284,10,
benign_bank_notification_bn_f11_008_28d51f,10,
scam_loan_app_bn_f03_006_af10ef,25,Suspicious Link
benign_gen_advisory_bn_f15_003_5069c6,10,
scam_fake_agent_en_f04_016_cc291f,10,
scam_loan_app_banglish_f08_005_a0dbeb,35,Payment Request
benign_bank_notification_en_f10_034_383488,10,
benign_otp_safety_bn_f07_007_3d1328,10,
benign_personal_chat_en_f10_000_4eb124,10,
scam_fake_prize_banglish_f06_002_20c50f,30,Unsolicited Prize / Reward
benign_bank_notification_bn_f07_021_2f5b94,10,
benign_bank_notification_bn_f07_025_f3943b,10,
benign_otp_safety_en_f04_005_edb04d,10,
scam_job_scam_banglish_f06_005_ed3691,35,Payment Request
scam_wrong_transfer_banglish_f06_013_457c04,10,
benign_personal_chat_bn_f08_029_f85b59,10,
benign_bank_notification_banglish_f08_006_3374ab,10,
scam_otp_harvest_banglish_f02_010_f1b3f2,40,OTP Harvesting
benign_otp_safety_en_f07_002_bf2c7c,10,
benign_bank_notification_bn_f12_014_d62fea,10,
scam_job_scam_banglish_f08_018_e802f2,25,Suspicious Link
benign_personal_chat_bn_f03_012_ad4098,10,
benign_innocent_keywords_banglish_f01_019_c1ff35,10,
benign_bank_notification_bn_f02_025_37b098,10,
benign_bank_notification_en_f10_030_d3435a,10,
benign_gen_advisory_banglish_f03_005_186a0f,10,
benign_bank_notification_en_f10_016_91ee57,10,
benign_bank_notification_banglish_f09_025_fb8628,10,
benign_bank_notification_banglish_f06_013_83cfab,10,
benign_personal_chat_en_f12_006_b1ca43,10,
benign_bank_notification_bn_f07_014_e7ffe8,10,
benign_personal_chat_en_f03_017_976665,10,
benign_personal_chat_banglish_f08_003_c1b7c2,10,
benign_personal_chat_en_f05_001_3bf9e5,10,
benign_bank_notification_banglish_f05_013_78584e,10,
scam_loan_app_banglish_f06_022_d8de56,35,Payment Request
scam_kyc_block_bn_f05_015_b94c31,25,Suspicious Link
scam_remote_access_banglish_f01_018_0e9231,40,OTP Harvesting
benign_otp_safety_banglish_f01_007_d568c9,10,
scam_wrong_transfer_bn_f07_025_93d954,10,
benign_bank_notification_bn_f04_017_5d1c63,10,
benign_bank_notification_banglish_f10_014_4981f4,10,
benign_bank_notification_bn_f08_002_16c388,10,
benign_gen_advisory_banglish_f10_012_afb7c6,10,
scam_fake_agent_en_f07_001_0a8c55,35,Account Threat
scam_wrong_transfer_banglish_f05_007_36140b,10,
scam_kyc_block_en_f04_014_f1f386,50,Account Threat;Suspicious Link
scam_job_scam_en_f08_002_a5e885,35,Payment Request
benign_bank_notification_banglish_f10_003_b0e691,10,
benign_gen_advisory_bn_f01_010_b2b2b7,10,
benign_bank_notification_en_f08_033_e6e1e6,10,
scam_kyc_block_en_f08_010_2fc9aa,70,Urgency Pressure;Account Threat;Suspicious Link
scam_fake_agent_en_f08_008_6cf563,10,
benign_bank_notification_en_f09_021_abe15b,10,
benign_gen_advisory_banglish_f01_011_59d8a0,10,
scam_job_scam_banglish_f06_007_a342f0,35,Payment Request
scam_fake_agent_bn_f03_023_ccd68c,60,Account Threat;Authority Impersonation
scam_wrong_transfer_banglish_f07_008_0a4289,35,Payment Request
scam_fake_agent_banglish_f01_012_9a019a,35,Authority Impersonation
scam_fake_prize_en_f08_004_0b1a75,10,
scam_wrong_transfer_banglish_f04_014_02980d,35,Payment Request
benign_personal_chat_en_f04_007_1ba8bf,10,
scam_fake_prize_bn_f06_023_33a5fc,10,
benign_otp_safety_bn_f01_010_250b67,10,
scam_fake_prize_en_f01_000_e89fcf,55,Payment Request;Unsolicited Prize / Reward
scam_otp_harvest_banglish_f06_025_fc5feb,25,Suspicious Link
scam_fake_prize_bn_f04_025_267b2e,35,Payment Request
scam_wrong_transfer_bn_f08_020_25890c,30,Emotional Manipulation
scam_remote_access_en_f05_014_c40662,40,OTP Harvesting
benign_otp_safety_en_f03_001_01fd14,10,
benign_otp_safety_en_f12_004_4fa633,10,
scam_kyc_block_en_f02_010_aa1f61,70,Urgency Pressure;Account Threat;Suspicious Link
scam_loan_app_banglish_f06_018_cb529f,35,Payment Request
benign_otp_safety_banglish_f03_022_e58743,10,
benign_gen_advisory_en_f10_000_2825a5,40,OTP Harvesting
benign_otp_safety_banglish_f07_026_9366cc,10,
benign_bank_notification_banglish_f06_024_b26765,10,
scam_fake_agent_banglish_f04_020_f80751,35,Account Threat
benign_gen_advisory_banglish_f10_017_10a07b,10,
scam_otp_harvest_banglish_f04_015_45347e,30,Urgency Pressure
scam_job_scam_en_f05_006_a25d97,10,
scam_job_scam_bn_f07_000_498ab4,25,Suspicious Link
scam_fake_agent_banglish_f03_025_272673,10,
scam_fake_prize_banglish_f03_005_95b848,75,Urgency Pressure;Payment Request;Unsolicited Prize / Reward
benign_innocent_keywords_en_f12_002_d08650,10,
scam_job_scam_en_f07_009_3f163d,35,Payment Request
scam_loan_app_en_f06_011_90aa88,55,Urgency Pressure;Payment Request
scam_remote_access_en_f04_019_8538aa,40,OTP Harvesting
scam_wrong_transfer_bn_f03_024_d11e72,35,Payment Request
scam_loan_app_banglish_f01_010_7538bb,35,Payment Request
scam_job_scam_bn_f03_017_433029,25,Suspicious Link
scam_remote_access_banglish_f04_001_cb4076,10,
benign_bank_notification_banglish_f09_027_801b5d,10,
scam_job_scam_en_f04_008_bdb694,50,Payment Request;Suspicious Link
benign_otp_safety_bn_f04_010_3a4d3b,10,
benign_bank_notification_en_f03_016_d3397a,10,
benign_personal_chat_banglish_f02_031_6ae2fc,10,
benign_bank_notification_banglish_f12_020_d5bf1d,10,
benign_personal_chat_bn_f07_032_86d3ac,10,
scam_job_scam_banglish_f06_016_9da005,35,Payment Request
scam_loan_app_bn_f08_026_828760,25,Suspicious Link
scam_wrong_transfer_en_f01_019_3e5092,35,Payment Request
scam_job_scam_bn_f04_014_b2647b,35,Payment Request
scam_loan_app_banglish_f08_007_8d4fcb,35,Payment Request
benign_gen_advisory_en_f05_008_0d4be0,40,OTP Harvesting
benign_bank_notification_en_f07_005_015c8e,10,
benign_bank_notification_banglish_f06_016_691074,10,
scam_kyc_block_bn_f07_010_a1cf19,45,Urgency Pressure;Suspicious Link
benign_innocent_keywords_en_f03_019_70fff0,10,
scam_loan_app_en_f08_022_268953,10,
benign_bank_notification_bn_f05_019_4c06d2,10,
scam_job_scam_bn_f02_009_ae235e,35,Payment Request
scam_otp_harvest_en_f08_009_dde245,10,
scam_fake_prize_banglish_f07_013_ea8e12,10,
scam_kyc_block_en_f06_006_7f151c,70,Urgency Pressure;Account Threat;Suspicious Link
benign_gen_advisory_banglish_f04_002_13f26d,10,
benign_bank_notification_bn_f05_026_f89634,10,
scam_job_scam_en_f02_025_8fc479,35,Payment Request
scam_wrong_transfer_banglish_f06_019_7cd72c,10,
scam_job_scam_en_f03_020_4d6f3c,35,Payment Request
scam_kyc_block_banglish_f04_019_4715fd,25,Suspicious Link
benign_personal_chat_en_f06_004_7c54e0,10,
benign_gen_advisory_en_f09_010_397952,10,
scam_remote_access_en_f03_002_aa6d0e,10,
scam_wrong_transfer_bn_f05_008_957d1f,35,Payment Request
benign_otp_safety_en_f01_003_8d64e4,10,
benign_personal_chat_banglish_f06_028_80e016,10,
scam_loan_app_bn_f01_019_0ab4d5,35,Payment Request
scam_remote_access_banglish_f03_017_16d8c0,10,
benign_bank_notification_en_f06_030_91e14c,10,
benign_bank_notification_bn_f04_026_1dba12,10,
scam_fake_agent_bn_f01_014_f6d144,35,Authority Impersonation
benign_otp_safety_banglish_f02_026_95996e,10,
scam_fake_agent_bn_f07_022_31bf1c,10,
scam_kyc_block_en_f01_007_7c9a0a,70,Urgency Pressure;Account Threat;Suspicious Link
scam_fake_agent_en_f06_018_856285,10,
scam_kyc_block_banglish_f04_005_241475,25,Suspicious Link
scam_job_scam_banglish_f02_010_46b44c,35,Payment Request
scam_loan_app_en_f07_000_a497e7,25,Suspicious Link
scam_fake_prize_banglish_f01_019_e8ed8d,55,Payment Request;Unsolicited Prize / Reward
scam_wrong_transfer_bn_f08_005_310c2f,30,Emotional Manipulation
scam_job_scam_banglish_f08_027_e93035,25,Suspicious Link
benign_bank_notification_en_f04_017_4e7b8d,10,
scam_kyc_block_bn_f08_000_07a6e7,45,Urgency Pressure;Suspicious Link
scam_fake_agent_bn_f05_000_43c6a1,10,
benign_personal_chat_en_f09_017_311b35,10,
benign_gen_advisory_en_f11_002_fbe4a1,10,
scam_otp_harvest_banglish_f07_007_ecdb0b,10,
scam_wrong_transfer_en_f05_024_727f54,35,Account Threat
benign_bank_notification_banglish_f12_018_fdefbc,10,
benign_innocent_keywords_banglish_f09_025_233ec6,60,Account Threat;Payment Request
scam_kyc_block_banglish_f04_011_9d818f,25,Suspicious Link
benign_personal_chat_bn_f04_005_08b599,10,
scam_kyc_block_banglish_f05_011_f93b8d,25,Suspicious Link
benign_bank_notification_bn_f08_017_b35aa7,10,
scam_loan_app_en_f04_003_934913,35,Payment Request
scam_loan_app_bn_f03_025_add74f,25,Suspicious Link
benign_personal_chat_en_f07_020_1bfd1e,10,
benign_personal_chat_en_f07_011_3de70e,10,
scam_fake_agent_en_f05_009_22adf8,10,
scam_kyc_block_bn_f07_026_465547,45,Urgency Pressure;Suspicious Link
benign_personal_chat_bn_f05_003_b310ff,10,
scam_kyc_block_en_f06_014_924a85,70,Urgency Pressure;Account Threat;Suspicious Link
benign_otp_safety_en_f01_002_f5523b,10,
scam_remote_access_banglish_f07_008_63ea4c,10,
benign_bank_notification_en_f06_012_ab24f3,10,
scam_fake_prize_en_f08_016_e6d0c9,10,
scam_fake_agent_banglish_f06_014_e14ce7,35,Authority Impersonation
benign_bank_notification_banglish_f07_000_ecceba,10,
benign_gen_advisory_banglish_f08_005_580e90,10,
scam_job_scam_banglish_f06_003_f5dcbf,35,Payment Request
scam_job_scam_banglish_f03_008_66beed,25,Suspicious Link
benign_personal_chat_bn_f07_013_86d3ac,10,
scam_wrong_transfer_en_f06_001_4b2c08,10,
scam_wrong_transfer_en_f07_016_6ac0a4,10,
scam_remote_access_en_f08_017_f23dcf,10,
scam_loan_app_bn_f03_014_c1e8a8,25,Suspicious Link
scam_remote_access_bn_f05_002_0fd8fc,40,OTP Harvesting
scam_fake_agent_banglish_f05_011_730b0f,10,
scam_kyc_block_en_f03_011_c066c4,50,Account Threat;Suspicious Link
scam_loan_app_bn_f05_014_ca5635,35,Payment Request
scam_loan_app_banglish_f07_001_8858a1,25,Suspicious Link
benign_bank_notification_bn_f12_009_80ca0f,10,
scam_job_scam_bn_f07_010_91d93c,25,Suspicious Link
benign_innocent_keywords_en_f06_010_5962ee,10,
scam_fake_prize_en_f01_018_3ab8a6,55,Payment Request;Unsolicited Prize / Reward
scam_otp_harvest_banglish_f02_015_d98dc4,40,OTP Harvesting
benign_gen_advisory_banglish_f12_000_1d00f4,10,
benign_bank_notification_banglish_f07_003_cd634c,10,
scam_fake_prize_banglish_f03_016_85c773,75,Urgency Pressure;Payment Request;Unsolicited Prize / Reward
benign_bank_notification_banglish_f01_011_068015,10,
scam_remote_access_banglish_f01_020_fdcee9,40,OTP Harvesting
scam_fake_agent_en_f03_022_3d371b,60,Urgency Pressure;OTP Harvesting
scam_job_scam_bn_f05_005_634632,10,
benign_bank_notification_bn_f02_026_0813c0,10,
benign_gen_advisory_en_f10_019_e2430b,10,
scam_kyc_block_en_f02_019_655c41,70,Urgency Pressure;Account Threat;Suspicious Link
scam_kyc_block_bn_f03_017_e2fff7,45,Urgency Pressure;Suspicious Link
benign_bank_notification_en_f05_018_4f46d4,10,
benign_bank_notification_banglish_f05_022_bcb886,10,
benign_personal_chat_bn_f08_026_bd4d70,10,
benign_bank_notification_bn_f07_015_83e639,10,
scam_fake_prize_banglish_f07_026_40a6c5,10,
benign_gen_advisory_bn_f06_006_4c9427,10,
scam_kyc_block_bn_f05_000_c2d840,25,Suspicious Link
scam_wrong_transfer_bn_f04_007_5d9a5e,35,Account Threat
benign_bank_notification_bn_f06_005_f118fa,10,
benign_innocent_keywords_bn_f02_007_92f83b,10,
scam_loan_app_bn_f04_020_728473,10,
scam_kyc_block_bn_f02_001_7706d7,50,Account Threat;Suspicious Link
benign_otp_safety_bn_f02_002_d6246e,10,
scam_fake_prize_en_f05_004_ce816f,30,Urgency Pressure
scam_remote_access_en_f06_022_28d989,10,
benign_bank_notification_en_f11_017_656b3a,10,
scam_kyc_block_bn_f01_007_98b060,45,Urgency Pressure;Suspicious Link
scam_wrong_transfer_banglish_f07_019_deda81,35,Payment Request
benign_personal_chat_bn_f11_012_444c83,10,
benign_personal_chat_banglish_f09_011_0629e3,10,
benign_personal_chat_en_f03_018_03a272,10,
scam_wrong_transfer_banglish_f02_017_2928fd,55,Payment Request;Emotional Manipulation
benign_gen_advisory_bn_f09_011_b8b1fd,10,
scam_fake_prize_bn_f03_023_af428c,55,Payment Request;Unsolicited Prize / Reward
scam_fake_prize_bn_f08_014_331a8f,10,
scam_otp_harvest_banglish_f04_001_91e1b1,30,Urgency Pressure
scam_fake_prize_en_f03_005_7f8679,35,Payment Request
scam_job_scam_en_f05_009_39b5d3,10,
scam_fake_agent_en_f02_021_c23400,35,Account Threat
scam_otp_harvest_banglish_f06_015_071500,25,Suspicious Link
scam_kyc_block_en_f06_013_ce32dc,70,Urgency Pressure;Account Threat;Suspicious Link
benign_innocent_keywords_banglish_f10_028_1fcaf8,10,
scam_otp_harvest_banglish_f07_003_2e69d9,10,
scam_fake_agent_bn_f02_023_f403d9,65,OTP Harvesting;Authority Impersonation
scam_fake_prize_bn_f03_000_d8d95e,55,Payment Request;Unsolicited Prize / Reward
scam_kyc_block_bn_f07_002_832f5e,45,Urgency Pressure;Suspicious Link
scam_wrong_transfer_banglish_f02_013_ec5b72,55,Payment Request;Emotional Manipulation
scam_loan_app_bn_f04_009_9126e3,10,
scam_otp_harvest_banglish_f01_023_3a2baf,65,Account Threat;OTP Harvesting
scam_job_scam_en_f02_008_e7d017,35,Payment Request
scam_wrong_transfer_en_f04_007_a7f671,35,Payment Request
scam_otp_harvest_en_f05_006_6da122,25,Suspicious Link
scam_remote_access_bn_f05_022_0c7d5b,40,OTP Harvesting
scam_kyc_block_en_f04_003_f1840f,50,Account Threat;Suspicious Link
benign_bank_notification_bn_f09_011_148136,10,
benign_otp_safety_banglish_f09_018_f5485e,10,
benign_otp_safety_en_f01_020_11a610,10,
benign_innocent_keywords_banglish_f12_013_10a049,10,
benign_bank_notification_banglish_f09_021_166c65,10,
benign_otp_safety_banglish_f05_029_e21e3b,10,
scam_wrong_transfer_bn_f04_025_673ce9,35,Account Threat
scam_wrong_transfer_en_f07_027_813e91,10,
benign_innocent_keywords_bn_f12_002_035c3c,10,
benign_bank_notification_bn_f09_027_5a6bd0,10,
scam_fake_prize_bn_f02_005_38a8c2,45,Suspicious Link;Unsolicited Prize / Reward
scam_fake_prize_banglish_f07_012_e1a9c9,10,
benign_bank_notification_banglish_f01_021_ecc6e3,10,
benign_gen_advisory_banglish_f04_000_8f8f3e,10,
scam_job_scam_banglish_f07_022_d10e02,10,
scam_kyc_block_en_f07_003_020b67,50,Account Threat;Suspicious Link
scam_remote_access_en_f01_017_03eb3b,40,OTP Harvesting
scam_fake_prize_en_f04_000_8230d3,35,Payment Request
scam_fake_prize_en_f08_006_bd9d22,10,
benign_bank_notification_en_f06_015_08d12d,10,
benign_otp_safety_banglish_f07_001_64e7b6,10,
benign_otp_safety_en_f06_015_0895d9,10,
scam_loan_app_bn_f04_000_5b226a,10,
scam_fake_agent_bn_f04_012_fb5bf9,35,Authority Impersonation
scam_fake_prize_bn_f02_017_ca1c72,45,Suspicious Link;Unsolicited Prize / Reward
scam_otp_harvest_en_f02_003_5acc50,40,OTP Harvesting
benign_personal_chat_banglish_f04_021_c09d6b,10,
scam_remote_access_bn_f01_010_f8de30,40,OTP Harvesting
benign_personal_chat_en_f03_024_976665,10,
scam_fake_agent_en_f02_004_f9bf10,35,Account Threat
scam_fake_prize_en_f05_002_2c87a7,30,Urgency Pressure
benign_bank_notification_banglish_f11_032_8e1304,10,
benign_gen_advisory_en_f01_010_230930,10,
scam_job_scam_bn_f03_005_ca61e4,25,Suspicious Link
benign_otp_safety_en_f02_002_4a95ca,10,
benign_innocent_keywords_banglish_f12_007_8ae9ba,10,
benign_innocent_keywords_banglish_f09_000_4dbf00,60,Account Threat;Payment Request
scam_otp_harvest_banglish_f06_009_772ef6,25,Suspicious Link
scam_wrong_transfer_en_f02_016_691d9e,55,Payment Request;Emotional Manipulation
benign_personal_chat_en_f02_016_98518d,10,
scam_job_scam_banglish_f07_004_22778e,10,
scam_wrong_transfer_bn_f03_021_29fa68,35,Payment Request
scam_wrong_transfer_banglish_f03_004_a153ef,10,
benign_otp_safety_banglish_f10_004_c91b7f,10,
scam_wrong_transfer_banglish_f04_021_35ef64,35,Payment Request
benign_otp_safety_banglish_f03_003_8ec3b3,10,
scam_fake_agent_en_f05_010_b9d15d,10,
benign_gen_advisory_banglish_f01_007_108185,10,
benign_otp_safety_bn_f08_000_08b436,40,OTP Harvesting
scam_loan_app_en_f06_002_44af95,55,Urgency Pressure;Payment Request
benign_gen_advisory_banglish_f11_005_70d48d,10,
benign_innocent_keywords_bn_f12_000_a37472,10,
benign_personal_chat_banglish_f02_010_9d7c7c,10,
benign_bank_notification_bn_f01_032_1398b4,10,
scam_fake_prize_en_f03_006_88bffb,35,Payment Request
scam_loan_app_en_f03_022_217941,50,Payment Request;Suspicious Link
benign_personal_chat_en_f07_017_6289a1,10,
scam_wrong_transfer_en_f08_005_e3ac6c,10,
benign_gen_advisory_banglish_f09_009_f7497a,10,
scam_otp_harvest_banglish_f08_022_292a39,30,Urgency Pressure
benign_personal_chat_banglish_f11_018_6d2087,10,
scam_job_scam_en_f07_020_1ad9d3,35,Payment Request
benign_bank_notification_banglish_f01_026_546193,10,
scam_fake_prize_en_f03_000_7d2432,35,Payment Request
benign_bank_notification_banglish_f03_024_f2b28f,10,
scam_wrong_transfer_bn_f04_006_8e0081,35,Account Threat
benign_bank_notification_banglish_f06_019_975105,10,
benign_otp_safety_en_f06_011_4b5c0e,10,
scam_loan_app_en_f02_011_786f03,35,Payment Request
benign_otp_safety_banglish_f11_015_8217de,10,
scam_otp_harvest_en_f08_001_3dd7fc,10,
scam_job_scam_en_f08_027_49747c,35,Payment Request
scam_kyc_block_bn_f03_002_72f94f,45,Urgency Pressure;Suspicious Link
benign_personal_chat_en_f10_020_183591,10,
benign_innocent_keywords_banglish_f01_004_b63297,10,
scam_fake_prize_bn_f05_023_3b18a6,45,Suspicious Link;Unsolicited Prize / Reward
scam_job_scam_en_f01_007_a0d26e,35,Payment Request
benign_bank_notification_bn_f09_012_a57146,10,
benign_bank_notification_bn_f04_028_bf8a07,10,
benign_otp_safety_en_f01_025_96291f,10,
benign_personal_chat_bn_f05_020_c93333,10,
scam_job_scam_bn_f05_007_8445d7,10,
benign_bank_notification_en_f01_009_502d96,10,
scam_loan_app_en_f04_009_e60c9e,35,Payment Request
scam_fake_agent_en_f08_003_bfe6b5,35,Authority Impersonation
scam_job_scam_bn_f03_000_3e6f2d,25,Suspicious Link
benign_innocent_keywords_bn_f12_012_be1454,10,
benign_bank_notification_banglish_f01_022_9c45c5,10,
scam_wrong_transfer_bn_f08_015_28e37f,30,Emotional Manipulation
scam_fake_prize_bn_f01_005_98c943,55,Payment Request;Unsolicited Prize / Reward
benign_innocent_keywords_bn_f12_013_2c64c5,10,
scam_otp_harvest_banglish_f05_014_8bc354,40,OTP Harvesting
benign_bank_notification_bn_f10_019_130aa0,10,
benign_innocent_keywords_en_f05_020_8ca155,10,
benign_gen_advisory_en_f09_011_101a20,10,
scam_loan_app_banglish_f02_018_456d69,35,Payment Request
scam_kyc_block_bn_f08_020_6a594c,45,Urgency Pressure;Suspicious Link
scam_wrong_transfer_banglish_f01_024_6f27af,55,Payment Request;Emotional Manipulation
scam_wrong_transfer_banglish_f06_007_b966bd,10,
scam_job_scam_bn_f03_003_4dad2d,25,Suspicious Link
scam_job_scam_en_f04_002_b69bd0,50,Payment Request;Suspicious Link
scam_wrong_transfer_en_f02_007_2839df,55,Payment Request;Emotional Manipulation
scam_job_scam_banglish_f05_024_fdaff0,10,
benign_otp_safety_banglish_f01_018_935b00,10,
scam_wrong_transfer_banglish_f05_017_acaecd,10,
scam_fake_agent_banglish_f04_024_f80751,35,Account Threat
scam_wrong_transfer_bn_f02_014_62e44c,10,
scam_job_scam_bn_f04_019_31de50,35,Payment Request
scam_remote_access_banglish_f06_008_c2a958,10,
scam_job_scam_banglish_f01_001_d3d231,35,Payment Request
scam_wrong_transfer_banglish_f06_010_d46a86,10,
benign_personal_chat_en_f04_015_c9be16,10,
benign_gen_advisory_en_f06_001_d15c49,10,
scam_fake_agent_en_f01_012_04c4b8,35,Account Threat
scam_wrong_transfer_bn_f05_004_ccb9f2,35,Payment Request
benign_bank_notification_banglish_f12_024_a3807a,10,
benign_gen_advisory_banglish_f04_016_23b510,10,
scam_job_scam_bn_f01_012_bfac02,10,
benign_innocent_keywords_bn_f07_026_08b549,10,
scam_kyc_block_en_f05_004_0edf40,25,Suspicious Link
scam_wrong_transfer_en_f08_002_015d98,10,
benign_gen_advisory_banglish_f10_001_f12135,10,
benign_innocent_keywords_en_f12_010_38bfad,10,
benign_bank_notification_en_f07_014_18314c,10,
scam_loan_app_banglish_f07_017_fac37e,25,Suspicious Link
scam_otp_harvest_en_f05_025_56894b,25,Suspicious Link
scam_wrong_transfer_en_f03_007_6a8c95,10,
scam_job_scam_en_f03_019_b4966e,35,Payment Request
benign_bank_notification_banglish_f12_001_af03b6,10,
benign_otp_safety_banglish_f07_033_75c952,10,
benign_otp_safety_en_f06_004_3f0ce7,10,
benign_bank_notification_en_f10_021_6a1a73,10,
benign_gen_advisory_banglish_f09_000_a92ce3,10,
benign_bank_notification_banglish_f12_016_116f50,10,
benign_personal_chat_en_f07_019_5ff1cc,10,
scam_job_scam_bn_f01_006_0c4599,10,
benign_bank_notification_banglish_f12_027_534e99,10,
benign_personal_chat_banglish_f02_026_1a23da,10,
scam_job_scam_banglish_f05_000_3f7f9e,10,
benign_bank_notification_banglish_f05_001_dd8c6b,10,
scam_fake_agent_bn_f08_002_18b0b4,10,
scam_kyc_block_banglish_f02_014_fca75d,70,Urgency Pressure;Account Threat;Suspicious Link
benign_otp_safety_banglish_f04_010_000d76,10,
benign_personal_chat_banglish_f11_002_95572b,10,
scam_otp_harvest_bn_f06_007_fb2fcc,55,Suspicious Link;OTP Harvesting
benign_otp_safety_banglish_f06_002_b13e07,10,
scam_kyc_block_bn_f07_004_46d7f8,45,Urgency Pressure;Suspicious Link
scam_remote_access_en_f03_004_40a06d,10,
benign_personal_chat_en_f11_006_784e32,10,
scam_fake_agent_banglish_f04_014_1d1ec0,35,Account Threat
scam_kyc_block_bn_f06_023_5d5b73,25,Suspicious Link
benign_innocent_keywords_en_f02_005_ffd216,10,
benign_personal_chat_bn_f06_000_a16f44,10,
scam_loan_app_en_f04_010_d44a9f,35,Payment Request
benign_bank_notification_en_f08_015_0f9135,10,
benign_gen_advisory_banglish_f02_018_e1c3ba,10,
benign_bank_notification_banglish_f06_021_d4daf9,10,
benign_otp_safety_bn_f11_034_93a3d1,10,
scam_kyc_block_bn_f04_010_e8e710,25,Suspicious Link
benign_innocent_keywords_en_f05_002_107fb4,10,
scam_kyc_block_en_f06_000_ecee42,70,Urgency Pressure;Account Threat;Suspicious Link
scam_otp_harvest_en_f05_019_489638,25,Suspicious Link
benign_personal_chat_banglish_f12_008_116899,10,
benign_gen_advisory_banglish_f12_006_1da072,10,
benign_personal_chat_banglish_f06_013_ca4723,10,
scam_remote_access_bn_f03_002_29987b,10,
scam_fake_prize_bn_f03_010_3dcd07,55,Payment Request;Unsolicited Prize / Reward
benign_otp_safety_en_f07_011_bf2c7c,10,
benign_personal_chat_bn_f01_010_f8f536,10,
scam_otp_harvest_banglish_f03_000_08efb3,10,
benign_personal_chat_bn_f03_000_6c3bbf,10,
benign_personal_chat_banglish_f05_027_f5d039,10,
scam_kyc_block_banglish_f07_008_78c905,45,Urgency Pressure;Suspicious Link
benign_bank_notification_bn_f08_026_12dfde,10,
benign_otp_safety_en_f08_024_e25b38,40,OTP Harvesting
scam_loan_app_bn_f07_013_3018ca,35,Payment Request
benign_personal_chat_banglish_f09_004_8f2141,10,
scam_fake_prize_banglish_f08_016_d6d215,10,
scam_loan_app_bn_f03_011_a9e617,25,Suspicious Link
scam_kyc_block_en_f01_014_da5d8d,70,Urgency Pressure;Account Threat;Suspicious Link
benign_personal_chat_bn_f03_032_58dda6,10,
scam_kyc_block_en_f02_017_a8baae,70,Urgency Pressure;Account Threat;Suspicious Link
scam_fake_prize_bn_f03_006_d5964e,55,Payment Request;Unsolicited Prize / Reward
scam_fake_prize_en_f07_022_67a215,10,
benign_innocent_keywords_banglish_f10_000_3a6034,10,
scam_fake_agent_en_f05_014_ac68f5,10,
benign_personal_chat_banglish_f07_000_6c91a8,10,
scam_job_scam_en_f04_025_c5b7f0,50,Payment Request;Suspicious Link
benign_innocent_keywords_bn_f11_008_0373a4,10,
benign_bank_notification_banglish_f05_008_4df08d,10,
scam_job_scam_en_f06_012_db2cfa,25,Suspicious Link
benign_bank_notification_banglish_f02_005_f2ec1b,10,
scam_fake_agent_bn_f05_010_516155,10,
benign_bank_notification_en_f02_027_e7e45c,10,
scam_otp_harvest_en_f08_010_56bf0c,10,
scam_loan_app_en_f07_008_96535b,25,Suspicious Link
scam_job_scam_bn_f05_014_84977b,10,
scam_otp_harvest_en_f03_000_21cfcc,40,OTP Harvesting
scam_otp_harvest_bn_f08_012_5380af,60,Urgency Pressure;OTP Harvesting
benign_otp_safety_en_f11_030_203fe5,60,OTP Harvesting;Unsolicited Prize / Reward
benign_innocent_keywords_bn_f06_008_bfadb2,10,
scam_fake_agent_banglish_f07_002_2572e7,40,OTP Harvesting
benign_otp_safety_banglish_f02_027_15cd38,10,
scam_remote_access_banglish_f01_009_6cb4dc,40,OTP Harvesting
benign_otp_safety_bn_f02_019_a105fc,10,
scam_job_scam_en_f04_021_bc76dd,50,Payment Request;Suspicious Link
scam_job_scam_banglish_f01_002_bbc367,35,Payment Request
benign_personal_chat_bn_f06_017_a62950,10,
scam_wrong_transfer_bn_f05_001_fb6f8e,35,Payment Request
benign_bank_notification_banglish_f07_019_20a4d3,10,
scam_fake_agent_banglish_f05_002_5aa194,10,
scam_otp_harvest_banglish_f07_014_1025ed,10,
benign_personal_chat_en_f04_001_44ecb4,10,
benign_bank_notification_en_f02_012_a9fd3f,10,
benign_bank_notification_bn_f08_016_c4d036,10,
benign_personal_chat_en_f09_031_0deb4a,10,
scam_loan_app_banglish_f02_004_111faf,35,Payment Request
scam_loan_app_banglish_f04_010_fb01c6,10,
scam_fake_agent_banglish_f02_007_2e8280,40,OTP Harvesting
scam_fake_agent_en_f04_001_51dcbf,10,
scam_loan_app_banglish_f05_021_ed1f0b,35,Payment Request
benign_bank_notification_banglish_f04_029_b2a698,10,
scam_otp_harvest_banglish_f01_008_d081df,40,OTP Harvesting
benign_bank_notification_en_f05_011_eaf85b,10,
scam_fake_prize_banglish_f05_014_baa0c7,25,Suspicious Link
benign_gen_advisory_banglish_f09_005_67750e,10,
scam_loan_app_en_f04_024_dbec23,35,Payment Request
scam_job_scam_bn_f07_016_4f67a6,25,Suspicious Link
benign_innocent_keywords_en_f08_015_f5ce3d,10,
scam_kyc_block_bn_f01_009_a58d72,45,Urgency Pressure;Suspicious Link
scam_wrong_transfer_en_f01_013_fb548c,35,Payment Request
benign_bank_notification_en_f05_020_72cdb4,10,
scam_wrong_transfer_bn_f04_005_3c5227,35,Account Threat
benign_otp_safety_bn_f02_026_a105fc,10,
scam_job_scam_banglish_f01_004_fc412e,35,Payment Request
benign_personal_chat_en_f08_012_a82c11,10,
benign_gen_advisory_en_f01_003_bc8c9e,10,
benign_gen_advisory_bn_f03_005_0815ec,10,
scam_fake_agent_banglish_f01_006_ec6d2c,35,Authority Impersonation
scam_fake_prize_bn_f08_009_c6622f,10,
scam_loan_app_banglish_f05_002_cc5b4d,35,Payment Request
benign_otp_safety_en_f05_005_659439,10,
scam_wrong_transfer_banglish_f02_006_084900,55,Payment Request;Emotional Manipulation
benign_otp_safety_banglish_f07_013_dc625f,10,
benign_gen_advisory_en_f07_016_fce0f3,10,
scam_kyc_block_en_f01_013_9e89a2,70,Urgency Pressure;Account Threat;Suspicious Link
benign_bank_notification_bn_f07_024_42432f,10,
scam_kyc_block_bn_f01_004_455130,45,Urgency Pressure;Suspicious Link
benign_bank_notification_en_f02_000_c8e62f,10,
benign_otp_safety_banglish_f02_000_c9764c,10,
benign_innocent_keywords_banglish_f12_012_cff942,10,
scam_job_scam_banglish_f05_010_645db8,10,
benign_bank_notification_banglish_f04_013_a570c9,10,
benign_bank_notification_bn_f09_028_38a94f,10,
benign_bank_notification_banglish_f11_016_4ca0d9,10,
scam_otp_harvest_en_f06_021_607b48,10,
scam_loan_app_banglish_f02_017_aaa553,35,Payment Request
benign_gen_advisory_bn_f15_008_3c981a,10,
benign_bank_notification_bn_f08_021_25ae6d,10,
scam_job_scam_bn_f02_003_37dfae,35,Payment Request
scam_loan_app_en_f02_005_49a265,35,Payment Request
scam_wrong_transfer_en_f03_011_7a4d43,10,
scam_wrong_transfer_en_f08_013_816ec5,10,
scam_job_scam_banglish_f07_020_df61c1,10,
benign_gen_advisory_en_f07_000_fc1f97,10,
benign_personal_chat_en_f12_015_aabb82,10,
scam_job_scam_en_f06_025_43b22e,25,Suspicious Link
scam_loan_app_bn_f06_016_6ba7b9,35,Payment Request
scam_kyc_block_en_f06_022_837832,70,Urgency Pressure;Account Threat;Suspicious Link
benign_bank_notification_bn_f01_031_df0705,10,
scam_fake_prize_bn_f06_022_c327ab,10,
benign_bank_notification_bn_f09_018_e30af8,10,
benign_bank_notification_en_f04_032_630f22,10,
benign_bank_notification_banglish_f11_012_cd612c,10,
benign_personal_chat_banglish_f01_012_048006,10,
benign_bank_notification_bn_f07_027_862dd7,10,
benign_personal_chat_bn_f02_009_113f8f,10,
benign_personal_chat_en_f05_002_fdc128,10,
benign_gen_advisory_en_f10_016_f845e3,10,
scam_job_scam_en_f07_013_aee062,10,
benign_bank_notification_bn_f08_033_52e86b,10,
benign_gen_advisory_banglish_f04_003_52e4fb,10,
scam_otp_harvest_banglish_f01_010_d1b216,65,Account Threat;OTP Harvesting
benign_personal_chat_banglish_f08_007_880954,10,
scam_fake_prize_en_f01_007_03407c,55,Payment Request;Unsolicited Prize / Reward
scam_loan_app_en_f02_010_32b815,35,Payment Request
scam_wrong_transfer_en_f08_026_d01a36,10,
scam_wrong_transfer_banglish_f03_000_614943,10,
benign_otp_safety_en_f03_011_493b5c,10,
benign_bank_notification_bn_f12_020_ae9705,10,
benign_personal_chat_banglish_f12_030_4088da,10,
scam_otp_harvest_bn_f01_017_e39b15,40,OTP Harvesting
benign_personal_chat_en_f05_012_e4da25,10,
scam_fake_agent_banglish_f01_023_9f284c,35,Authority Impersonation
scam_kyc_block_en_f03_022_4183fa,50,Account Threat;Suspicious Link
scam_fake_agent_bn_f08_014_f8ec7d,10,
scam_job_scam_banglish_f01_000_18270c,35,Payment Request
scam_fake_agent_en_f02_017_b13f95,35,Account Threat
scam_kyc_block_en_f01_018_6efcff,70,Urgency Pressure;Account Threat;Suspicious Link
benign_bank_notification_banglish_f07_008_8e2b57,10,
benign_gen_advisory_en_f11_012_b8356f,10,
benign_gen_advisory_banglish_f04_006_6475e5,10,
scam_fake_prize_en_f05_015_fd2408,30,Urgency Pressure
benign_otp_safety_banglish_f12_002_aa7629,10,
benign_personal_chat_bn_f02_033_113f8f,10,
benign_otp_safety_en_f04_003_9a13c5,10,
benign_personal_chat_banglish_f01_000_966022,10,
scam_wrong_transfer_bn_f03_009_71a187,35,Payment Request
scam_wrong_transfer_en_f05_021_3822e6,35,Account Threat
scam_fake_prize_bn_f07_014_1d78b0,30,Unsolicited Prize / Reward
scam_kyc_block_banglish_f04_020_9d818f,25,Suspicious Link
scam_wrong_transfer_en_f03_024_7fa4dd,10,
benign_bank_notification_banglish_f06_020_93562a,10,
benign_otp_safety_banglish_f08_010_989dde,10,
benign_personal_chat_en_f05_032_81b9fb,10,
benign_otp_safety_en_f08_006_f8ccd9,40,OTP Harvesting
scam_wrong_transfer_banglish_f04_015_c8a900,35,Payment Request
benign_personal_chat_en_f07_005_71445a,10,
scam_job_scam_banglish_f02_022_e799a5,35,Payment Request
benign_personal_chat_bn_f01_022_c8bbf6,10,
scam_kyc_block_banglish_f05_022_9610cd,25,Suspicious Link
benign_otp_safety_banglish_f09_006_b9cbe6,10,
benign_personal_chat_banglish_f05_007_a27852,10,
benign_personal_chat_en_f05_008_946ad9,10,
scam_loan_app_bn_f01_016_aa23f4,35,Payment Request
scam_loan_app_banglish_f03_008_e0eb97,25,Suspicious Link
scam_loan_app_banglish_f07_015_281b3d,25,Suspicious Link
benign_personal_chat_banglish_f01_029_b234d3,10,
benign_bank_notification_bn_f08_020_618971,10,
scam_fake_prize_en_f04_023_609e04,35,Payment Request
scam_fake_prize_bn_f07_020_c27aab,30,Unsolicited Prize / Reward
scam_kyc_block_bn_f08_019_5bc430,45,Urgency Pressure;Suspicious Link
benign_bank_notification_banglish_f12_013_b82fb2,10,
benign_bank_notification_bn_f01_012_6d9cb7,10,
scam_fake_prize_en_f08_026_a7d82c,10,
scam_fake_agent_bn_f06_009_b5c404,10,
benign_bank_notification_banglish_f10_000_ef3f09,10,
benign_innocent_keywords_en_f02_014_d406f5,10,
benign_personal_chat_en_f05_006_a9071d,10,
scam_fake_agent_en_f04_007_b0a125,10,
scam_loan_app_bn_f04_016_adfd0b,10,
scam_fake_prize_banglish_f07_022_f267ae,10,
scam_wrong_transfer_en_f06_008_ae9220,10,
scam_fake_prize_bn_f06_014_cf15ad,10,
benign_bank_notification_banglish_f12_015_ffa604,10,
scam_fake_prize_bn_f02_009_ff0069,45,Suspicious Link;Unsolicited Prize / Reward
scam_loan_app_banglish_f08_000_3c3fa5,35,Payment Request
scam_loan_app_banglish_f03_005_f49f1d,25,Suspicious Link
benign_innocent_keywords_bn_f09_000_ad5ed1,35,Payment Request
benign_bank_notification_en_f07_012_841726,10,
benign_bank_notification_banglish_f03_033_10e89a,10,
scam_job_scam_bn_f04_005_001d34,35,Payment Request
scam_loan_app_banglish_f08_009_b53023,35,Payment Request
benign_personal_chat_en_f08_028_dd9ba8,10,
scam_job_scam_banglish_f04_009_a38148,35,Payment Request
scam_kyc_block_en_f02_014_c80395,70,Urgency Pressure;Account Threat;Suspicious Link
scam_fake_prize_banglish_f05_015_c673ae,25,Suspicious Link
scam_remote_access_en_f07_004_b895a6,40,OTP Harvesting
scam_remote_access_banglish_f05_000_6acd16,40,OTP Harvesting
scam_wrong_transfer_banglish_f04_016_a9cc5e,35,Payment Request
scam_fake_agent_bn_f02_005_9ebd26,65,OTP Harvesting;Authority Impersonation
benign_bank_notification_banglish_f04_011_7d873b,10,
benign_personal_chat_banglish_f06_004_e235f4,10,
benign_gen_advisory_banglish_f11_004_f7fbb6,10,
benign_innocent_keywords_en_f05_023_5576d6,10,
scam_kyc_block_en_f01_005_8d35f3,70,Urgency Pressure;Account Threat;Suspicious Link
benign_personal_chat_en_f05_033_81b9fb,10,
benign_innocent_keywords_en_f05_005_2ef115,10,
benign_personal_chat_banglish_f01_013_54481a,10,
benign_innocent_keywords_en_f04_001_c3f138,10,
benign_bank_notification_bn_f06_027_2c5c83,10,
scam_kyc_block_bn_f01_018_c91377,45,Urgency Pressure;Suspicious Link
benign_personal_chat_bn_f09_026_05a83d,10,
benign_gen_advisory_banglish_f10_013_0363e1,10,
scam_otp_harvest_banglish_f08_026_3debbe,30,Urgency Pressure
scam_wrong_transfer_bn_f04_008_d14973,35,Account Threat
scam_job_scam_banglish_f04_019_e270b9,35,Payment Request
scam_fake_prize_banglish_f04_009_892f7b,30,Unsolicited Prize / Reward
benign_innocent_keywords_en_f04_016_995196,10,
benign_bank_notification_en_f07_032_38e342,10,
scam_otp_harvest_en_f03_009_79a921,10,
benign_personal_chat_bn_f02_001_12bb75,10,
benign_innocent_keywords_banglish_f11_017_c29bce,10,
scam_job_scam_en_f07_026_2719ef,35,Payment Request
scam_fake_prize_en_f01_015_7f22e0,55,Payment Request;Unsolicited Prize / Reward
benign_bank_notification_banglish_f11_033_d2db89,10,
benign_bank_notification_banglish_f09_016_cc48b6,10,
scam_fake_agent_bn_f06_006_a099f6,10,
scam_otp_harvest_en_f03_007_21cfcc,40,OTP Harvesting
scam_fake_agent_en_f08_017_733597,35,Authority Impersonation
benign_gen_advisory_bn_f07_015_3ea8c9,10,
scam_wrong_transfer_bn_f05_013_002aab,35,Payment Request
benign_otp_safety_banglish_f08_032_788a44,10,
scam_loan_app_en_f03_011_cf1bcd,50,Payment Request;Suspicious Link
benign_bank_notification_bn_f12_012_a3034b,10,
scam_fake_agent_banglish_f05_008_332283,10,
benign_bank_notification_bn_f03_004_d0a201,10,
scam_kyc_block_en_f04_001_201426,50,Account Threat;Suspicious Link
scam_fake_agent_en_f03_020_6fe845,60,Urgency Pressure;OTP Harvesting
scam_remote_access_banglish_f06_006_9e9618,10,
benign_otp_safety_en_f03_012_72e688,10,
scam_job_scam_banglish_f03_017_b6b98b,25,Suspicious Link
benign_personal_chat_en_f06_002_49d99e,10,
scam_wrong_transfer_banglish_f02_000_068f63,55,Payment Request;Emotional Manipulation
scam_loan_app_bn_f07_009_cfbe35,35,Payment Request
scam_kyc_block_banglish_f02_022_1d8d9b,70,Urgency Pressure;Account Threat;Suspicious Link
benign_personal_chat_en_f09_007_e5a7ab,10,
benign_otp_safety_bn_f01_020_97ae04,10,
scam_fake_agent_banglish_f02_016_40e160,40,OTP Harvesting
scam_fake_agent_en_f04_018_fb3098,10,
scam_remote_access_bn_f08_008_cb998b,10,
benign_gen_advisory_bn_f08_019_7fa125,10,
benign_bank_notification_banglish_f03_009_31c24a,10,
scam_loan_app_bn_f05_003_37531d,35,Payment Request
scam_remote_access_banglish_f05_025_6924aa,40,OTP Harvesting
scam_loan_app_en_f03_013_ad9fd8,50,Payment Request;Suspicious Link
scam_otp_harvest_bn_f01_009_1c2ac4,40,OTP Harvesting
benign_bank_notification_en_f02_007_76c2ea,10,
scam_wrong_transfer_banglish_f08_014_1ab002,35,Payment Request
benign_bank_notification_banglish_f08_005_b6e820,10,
benign_gen_advisory_bn_f12_017_fd1f93,10,
scam_fake_prize_bn_f07_027_146e93,30,Unsolicited Prize / Reward
benign_gen_advisory_bn_f15_012_e54f15,10,
scam_loan_app_banglish_f05_022_28218b,35,Payment Request
scam_otp_harvest_bn_f03_001_fa04a4,55,Urgency Pressure;Authority Impersonation
scam_kyc_block_banglish_f06_000_531500,25,Suspicious Link
scam_job_scam_en_f01_004_dead03,35,Payment Request
benign_otp_safety_banglish_f10_011_d7353d,10,
scam_fake_agent_bn_f01_009_b89ee3,35,Authority Impersonation
benign_bank_notification_en_f05_024_261099,10,
benign_gen_advisory_bn_f13_012_e15ef4,10,
scam_job_scam_banglish_f08_003_f7606d,25,Suspicious Link
benign_innocent_keywords_banglish_f06_013_e09896,10,
benign_bank_notification_bn_f03_021_176a64,10,
scam_remote_access_banglish_f07_016_336c9a,10,
benign_bank_notification_en_f09_020_3fd947,10,
benign_personal_chat_bn_f08_000_ccb2ee,10,
benign_innocent_keywords_en_f10_019_f66d4b,10,
benign_bank_notification_bn_f08_015_f77f75,10,
scam_loan_app_en_f03_003_ac67b8,50,Payment Request;Suspicious Link
scam_wrong_transfer_en_f02_013_3d6ddc,55,Payment Request;Emotional Manipulation
scam_fake_agent_bn_f05_001_e72043,10,
scam_job_scam_en_f03_005_bf6c59,35,Payment Request
scam_remote_access_bn_f06_000_7bc39f,10,
scam_wrong_transfer_en_f02_017_5f0741,55,Payment Request;Emotional Manipulation
scam_wrong_transfer_en_f05_023_e4da44,35,Account Threat
scam_fake_agent_banglish_f04_015_633100,35,Account Threat
scam_wrong_transfer_en_f07_008_b0babe,10,
scam_remote_access_en_f05_001_c40662,40,OTP Harvesting
scam_loan_app_en_f03_006_1ff72b,50,Payment Request;Suspicious Link
benign_personal_chat_banglish_f12_026_4d8a9c,10,
benign_otp_safety_banglish_f04_002_11aa3e,10,
benign_bank_notification_en_f10_000_b8ad27,10,
scam_remote_access_en_f04_010_688836,40,OTP Harvesting
scam_wrong_transfer_en_f01_002_930d47,35,Payment Request
scam_loan_app_banglish_f02_001_7e9649,35,Payment Request
scam_wrong_transfer_bn_f03_006_eef23d,35,Payment Request
scam_fake_prize_en_f07_013_f43fda,10,
scam_kyc_block_bn_f02_021_2dc0b1,50,Account Threat;Suspicious Link
benign_personal_chat_banglish_f09_032_8715f2,10,
benign_bank_notification_en_f08_022_7f40ff,10,
scam_job_scam_banglish_f04_004_fb2336,35,Payment Request
scam_kyc_block_bn_f05_005_05577c,25,Suspicious Link
benign_personal_chat_en_f06_014_05f235,10,
benign_otp_safety_banglish_f03_033_712864,10,
scam_remote_access_en_f07_005_e0ede0,40,OTP Harvesting
scam_job_scam_bn_f05_008_981fe6,10,
benign_personal_chat_en_f11_001_c4f36b,10,
scam_loan_app_banglish_f03_001_3667cc,25,Suspicious Link
benign_bank_notification_en_f03_013_97621a,10,
scam_fake_prize_banglish_f06_008_5e58cf,30,Unsolicited Prize / Reward
scam_otp_harvest_banglish_f01_018_566162,65,Account Threat;OTP Harvesting
scam_fake_agent_en_f04_012_5a9822,10,
scam_fake_prize_bn_f05_008_8a1e26,45,Suspicious Link;Unsolicited Prize / Reward
scam_job_scam_banglish_f03_007_538691,25,Suspicious Link
benign_bank_notification_en_f12_014_612d68,10,
scam_remote_access_en_f06_016_a52424,10,
scam_job_scam_en_f08_004_f0fefa,35,Payment Request
scam_loan_app_banglish_f04_020_daa32f,10,
scam_wrong_transfer_bn_f01_017_a7a176,55,Payment Request;Emotional Manipulation
benign_bank_notification_bn_f03_005_ee47fa,10,
scam_job_scam_bn_f02_020_30db08,35,Payment Request
scam_remote_access_bn_f05_010_84e0bb,40,OTP Harvesting
scam_loan_app_bn_f08_006_a66068,25,Suspicious Link
scam_fake_prize_banglish_f07_003_7a3014,10,
scam_loan_app_bn_f07_008_ea1a35,35,Payment Request
benign_personal_chat_en_f02_025_a0ffd6,10,
benign_bank_notification_en_f01_027_97036d,10,
scam_wrong_transfer_bn_f08_011_66c435,30,Emotional Manipulation
scam_fake_prize_banglish_f02_014_37a5b8,45,Suspicious Link;Unsolicited Prize / Reward
scam_wrong_transfer_en_f02_001_4ad1f0,55,Payment Request;Emotional Manipulation
benign_innocent_keywords_en_f08_025_11bc57,10,
scam_fake_agent_bn_f07_024_8c4983,10,
scam_remote_access_en_f01_018_f761ab,40,OTP Harvesting
scam_fake_prize_en_f03_012_b7f27b,35,Payment Request
scam_kyc_block_en_f05_020_4f7ea9,25,Suspicious Link
scam_loan_app_bn_f03_015_8ff8c3,25,Suspicious Link
benign_gen_advisory_bn_f05_003_183cf8,10,
scam_fake_prize_banglish_f05_010_ea73d1,25,Suspicious Link
benign_innocent_keywords_en_f03_011_86fee4,10,
scam_loan_app_en_f03_014_50119a,50,Payment Request;Suspicious Link
benign_bank_notification_banglish_f02_022_d6878e,10,
scam_kyc_block_bn_f04_016_6588c7,25,Suspicious Link
scam_wrong_transfer_en_f06_022_042d38,10,
benign_bank_notification_banglish_f02_020_9b61bd,10,
scam_loan_app_banglish_f03_013_ba6776,25,Suspicious Link
scam_fake_prize_banglish_f08_018_8c5fc6,10,
scam_fake_agent_en_f08_023_ba6ef6,35,Authority Impersonation
scam_wrong_transfer_bn_f06_015_ed0652,30,Urgency Pressure
benign_personal_chat_bn_f02_019_fc644b,10,
benign_bank_notification_en_f09_000_076f0d,10,
scam_wrong_transfer_en_f08_025_35d9c0,10,
benign_otp_safety_bn_f02_016_d6246e,10,
scam_fake_prize_bn_f06_025_3e31ca,10,
scam_otp_harvest_banglish_f05_003_232c01,40,OTP Harvesting
scam_loan_app_banglish_f01_016_e03cf8,35,Payment Request
benign_innocent_keywords_en_f05_027_2ef115,10,
benign_bank_notification_en_f06_006_43b173,10,
scam_fake_prize_banglish_f04_005_50f220,30,Unsolicited Prize / Reward
scam_job_scam_bn_f03_025_60800b,25,Suspicious Link
scam_loan_app_en_f08_020_9cfad0,10,
benign_bank_notification_bn_f10_029_5adafb,10,
scam_wrong_transfer_en_f02_024_b6cebe,55,Payment Request;Emotional Manipulation
benign_personal_chat_bn_f06_012_f26f13,10,
benign_bank_notification_bn_f05_018_d0dc09,10,
benign_gen_advisory_banglish_f01_000_abaef8,10,
benign_bank_notification_banglish_f05_004_292809,10,
scam_fake_agent_en_f05_021_5e7cc3,10,
scam_fake_prize_en_f01_004_c7c617,55,Payment Request;Unsolicited Prize / Reward
scam_job_scam_bn_f06_021_3457b5,10,
scam_remote_access_en_f03_011_629ec7,10,
benign_personal_chat_en_f06_026_bfd791,10,
scam_job_scam_bn_f08_023_f31f9e,10,
scam_fake_prize_banglish_f06_020_1442ff,30,Unsolicited Prize / Reward
benign_bank_notification_bn_f01_026_faa4ee,10,
benign_otp_safety_bn_f01_006_43946e,10,
scam_fake_agent_en_f06_009_8c100d,10,
benign_personal_chat_bn_f06_003_dfa35f,10,
benign_bank_notification_en_f11_033_04f6e9,10,
scam_remote_access_banglish_f07_006_fd5ef3,10,
benign_personal_chat_banglish_f03_031_00481d,10,
scam_job_scam_en_f06_023_80f2d6,25,Suspicious Link
scam_fake_agent_en_f03_010_eb3239,60,Urgency Pressure;OTP Harvesting
benign_bank_notification_en_f07_021_99c857,10,
benign_personal_chat_bn_f01_012_44a477,10,
scam_remote_access_en_f06_025_7a4b6f,10,
benign_innocent_keywords_bn_f03_002_6822fd,10,
scam_job_scam_en_f03_009_5c8073,35,Payment Request
scam_wrong_transfer_en_f04_008_d1cba7,35,Payment Request
benign_personal_chat_en_f06_028_587cde,10,
scam_wrong_transfer_en_f06_018_888dce,10,
scam_wrong_transfer_bn_f08_022_f2ae5e,30,Emotional Manipulation
scam_fake_prize_banglish_f08_001_d1282c,10,
benign_bank_notification_bn_f06_023_38e9bf,10,
benign_bank_notification_banglish_f02_019_450e53,10,
benign_personal_chat_banglish_f12_017_69aaa3,10,
scam_job_scam_bn_f03_018_453353,25,Suspicious Link
scam_fake_agent_bn_f07_025_4999c8,10,
scam_fake_prize_en_f04_022_20a3b4,35,Payment Request
scam_otp_harvest_banglish_f06_000_012ba5,25,Suspicious Link
scam_job_scam_en_f08_006_78107e,35,Payment Request
scam_kyc_block_bn_f05_023_f0f5c8,25,Suspicious Link
benign_personal_chat_banglish_f01_018_75e2b6,10,
scam_job_scam_bn_f01_013_c5b3bf,10,
scam_kyc_block_en_f08_004_1728ea,70,Urgency Pressure;Account Threat;Suspicious Link
benign_bank_notification_bn_f05_031_9b82d7,10,
scam_loan_app_banglish_f03_012_a421fb,25,Suspicious Link
benign_bank_notification_bn_f05_011_9b5d81,10,
benign_bank_notification_bn_f01_028_b5af8d,10,
scam_fake_agent_bn_f04_016_055d22,35,Authority Impersonation
scam_fake_agent_bn_f04_022_3d750e,35,Authority Impersonation
scam_wrong_transfer_en_f04_019_2b30d4,35,Payment Request
scam_otp_harvest_bn_f04_000_16c1b5,40,OTP Harvesting
scam_wrong_transfer_en_f01_008_239a05,35,Payment Request
scam_fake_prize_en_f06_008_b6fc59,55,Suspicious Link;OTP Harvesting
benign_bank_notification_banglish_f03_019_808f5e,10,
scam_loan_app_bn_f06_019_0bedee,35,Payment Request
benign_personal_chat_bn_f04_001_ae9706,10,
benign_bank_notification_banglish_f08_008_813d99,10,
benign_personal_chat_en_f04_002_7193ca,10,
benign_personal_chat_en_f11_005_6ea7d8,10,
benign_personal_chat_banglish_f01_017_d670eb,10,
scam_fake_prize_bn_f07_016_46cced,30,Unsolicited Prize / Reward
scam_wrong_transfer_bn_f07_026_750293,10,
scam_fake_agent_banglish_f04_001_0d0f18,35,Account Threat
benign_otp_safety_en_f01_032_e487e1,10,
benign_otp_safety_en_f06_002_57e0be,10,
scam_kyc_block_en_f06_024_fae907,70,Urgency Pressure;Account Threat;Suspicious Link
benign_personal_chat_en_f06_017_665468,10,
scam_kyc_block_banglish_f05_017_f93b8d,25,Suspicious Link
scam_otp_harvest_banglish_f07_004_ef0029,10,
benign_gen_advisory_bn_f02_004_ce6470,35,Authority Impersonation
benign_gen_advisory_en_f03_003_49d221,10,
benign_bank_notification_bn_f11_024_e6ac2a,10,
benign_gen_advisory_bn_f04_004_694d4b,10,
benign_innocent_keywords_bn_f06_001_9846e7,10,
scam_kyc_block_en_f05_025_3eeacb,25,Suspicious Link
scam_loan_app_banglish_f04_016_f22255,10,
scam_wrong_transfer_banglish_f06_011_8b662b,10,
benign_personal_chat_en_f02_000_12e9f9,10,
scam_fake_prize_bn_f03_002_b20f91,55,Payment Request;Unsolicited Prize / Reward
benign_personal_chat_en_f02_004_1689af,10,
scam_wrong_transfer_en_f08_024_b49974,10,
benign_personal_chat_bn_f08_003_b8c949,10,
scam_fake_prize_bn_f06_021_6b3de8,10,
scam_fake_agent_en_f03_018_b1386e,60,Urgency Pressure;OTP Harvesting
benign_bank_notification_bn_f01_021_350258,10,
benign_bank_notification_banglish_f08_024_d00c4e,10,
scam_job_scam_banglish_f07_010_65a2f5,10,
scam_kyc_block_banglish_f08_018_ac6355,25,Suspicious Link
benign_otp_safety_banglish_f06_006_115c44,10,
benign_otp_safety_banglish_f01_032_c3d7dc,10,
benign_bank_notification_en_f06_019_55af67,10,
scam_kyc_block_banglish_f04_018_039125,25,Suspicious Link
scam_loan_app_banglish_f06_011_bec258,35,Payment Request
scam_fake_agent_en_f07_000_8cea6d,35,Account Threat
scam_job_scam_banglish_f08_002_3e7803,25,Suspicious Link
benign_otp_safety_en_f02_014_5c7e15,10,
scam_fake_prize_banglish_f04_023_410cc7,30,Unsolicited Prize / Reward
benign_innocent_keywords_en_f09_032_b42a61,35,Payment Request
scam_fake_prize_bn_f03_011_2ea57a,55,Payment Request;Unsolicited Prize / Reward
scam_loan_app_bn_f06_000_3fa3ce,35,Payment Request
benign_personal_chat_bn_f06_029_374eeb,10,
benign_bank_notification_bn_f10_018_d56d84,10,
scam_loan_app_banglish_f04_007_a5801e,10,
scam_wrong_transfer_banglish_f03_002_13f7f9,10,
benign_bank_notification_bn_f01_013_84f652,10,
benign_innocent_keywords_bn_f10_006_b7a29b,10,
benign_bank_notification_banglish_f07_033_7da464,10,
benign_otp_safety_banglish_f07_012_dc625f,10,
scam_otp_harvest_en_f06_023_ad4ad1,10,
scam_fake_agent_banglish_f07_018_b86a5c,40,OTP Harvesting
scam_kyc_block_banglish_f01_024_27b98c,70,Urgency Pressure;Account Threat;Suspicious Link
benign_bank_notification_banglish_f06_014_d24143,10,
scam_fake_prize_en_f01_006_4cdbf2,55,Payment Request;Unsolicited Prize / Reward
benign_personal_chat_en_f09_023_277ed4,10,
benign_bank_notification_banglish_f04_009_19409c,10,
scam_fake_prize_en_f02_019_29c1cd,45,Suspicious Link;Unsolicited Prize / Reward
benign_gen_advisory_en_f01_015_caf791,10,
scam_wrong_transfer_banglish_f02_010_5a1a7f,55,Payment Request;Emotional Manipulation
scam_job_scam_banglish_f04_008_a50a96,35,Payment Request
scam_wrong_transfer_bn_f08_000_4702cc,30,Emotional Manipulation
scam_fake_agent_en_f08_000_92622c,35,Authority Impersonation
benign_personal_chat_banglish_f02_008_7e0d44,10,
benign_innocent_keywords_bn_f06_005_1bda28,10,
scam_wrong_transfer_en_f01_023_892a52,35,Payment Request
scam_fake_prize_banglish_f05_004_fb5806,25,Suspicious Link
benign_bank_notification_banglish_f12_010_0f330f,10,
benign_bank_notification_en_f04_029_515deb,10,
scam_fake_agent_en_f04_008_72d800,10,
scam_wrong_transfer_banglish_f01_011_0ce919,55,Payment Request;Emotional Manipulation
scam_wrong_transfer_bn_f01_018_d16501,55,Payment Request;Emotional Manipulation
scam_otp_harvest_bn_f02_021_e3ab9b,10,
scam_fake_agent_banglish_f05_004_add9fd,10,
scam_remote_access_bn_f01_001_44d636,40,OTP Harvesting
scam_kyc_block_banglish_f03_012_4a0447,50,Account Threat;Suspicious Link
scam_fake_agent_banglish_f04_010_e4d5e7,35,Account Threat
scam_fake_prize_banglish_f02_017_d614ed,45,Suspicious Link;Unsolicited Prize / Reward
benign_personal_chat_banglish_f09_016_7ec6f2,10,
benign_otp_safety_bn_f02_010_d6246e,10,
benign_personal_chat_en_f03_025_f9cc41,10,
scam_otp_harvest_banglish_f02_020_a55057,40,OTP Harvesting
scam_fake_prize_en_f02_014_36ada5,45,Suspicious Link;Unsolicited Prize / Reward
scam_kyc_block_en_f03_004_603ffc,50,Account Threat;Suspicious Link
benign_personal_chat_en_f03_009_776051,10,
benign_bank_notification_en_f11_007_01848f,10,
benign_bank_notification_en_f01_002_376c0b,10,
benign_innocent_keywords_banglish_f10_018_b89dae,10,
benign_bank_notification_en_f03_005_d13c6a,10,
scam_loan_app_en_f05_006_0b79e8,35,Payment Request
scam_wrong_transfer_banglish_f01_015_8555e0,55,Payment Request;Emotional Manipulation
scam_fake_prize_bn_f05_013_d6b42d,45,Suspicious Link;Unsolicited Prize / Reward
scam_fake_prize_banglish_f01_023_4526c8,55,Payment Request;Unsolicited Prize / Reward
benign_bank_notification_banglish_f10_010_f76971,10,
scam_job_scam_banglish_f01_024_0263ea,35,Payment Request
benign_bank_notification_en_f03_031_2d9e25,10,
benign_innocent_keywords_bn_f01_006_17623f,10,
scam_fake_prize_bn_f05_005_acbcc0,45,Suspicious Link;Unsolicited Prize / Reward
benign_bank_notification_banglish_f06_028_bb09cb,10,
scam_otp_harvest_en_f07_000_2a0bd9,30,Urgency Pressure
scam_fake_agent_en_f05_000_0c0e08,10,
benign_otp_safety_en_f12_026_ac2cc8,10,
scam_wrong_transfer_en_f06_021_b19e6a,10,
benign_innocent_keywords_banglish_f07_009_8fb3de,10,
scam_fake_agent_bn_f04_006_89a399,35,Authority Impersonation
benign_gen_advisory_banglish_f11_001_d7a298,10,
benign_gen_advisory_banglish_f06_002_db3743,10,
benign_bank_notification_banglish_f07_023_398138,10,
scam_wrong_transfer_bn_f06_020_1bf9ed,30,Urgency Pressure
benign_personal_chat_banglish_f03_033_e9b349,10,
benign_bank_notification_en_f05_033_becc12,10,
scam_kyc_block_banglish_f02_003_9364d7,70,Urgency Pressure;Account Threat;Suspicious Link
scam_job_scam_en_f01_008_c301e7,35,Payment Request
benign_gen_advisory_bn_f14_000_9b5fdb,30,Urgency Pressure
scam_fake_agent_bn_f01_000_05b970,35,Authority Impersonation
benign_gen_advisory_en_f12_008_bb3d05,10,
scam_fake_prize_banglish_f08_026_96d0ad,10,
scam_wrong_transfer_banglish_f06_015_4c2dcb,10,
benign_personal_chat_en_f08_014_626fb8,10,
scam_fake_prize_banglish_f04_004_518c15,30,Unsolicited Prize / Reward
benign_personal_chat_banglish_f12_011_a42257,10,
benign_gen_advisory_bn_f11_002_45e7dc,10,
scam_wrong_transfer_en_f03_022_c8e86c,10,
scam_fake_agent_banglish_f01_022_5a3176,35,Authority Impersonation
scam_fake_prize_en_f08_005_85cbf0,10,
scam_loan_app_bn_f04_003_2f1389,10,
benign_gen_advisory_banglish_f02_007_fd4baa,10,
scam_fake_prize_bn_f01_016_927368,55,Payment Request;Unsolicited Prize / Reward
scam_job_scam_banglish_f01_015_241e0b,35,Payment Request
scam_kyc_block_bn_f03_009_e73e3d,45,Urgency Pressure;Suspicious Link
benign_gen_advisory_banglish_f09_001_4f86ac,10,
benign_bank_notification_en_f11_015_e89ec6,10,
benign_bank_notification_en_f09_027_c4875d,10,
scam_fake_prize_banglish_f07_004_994d26,10,
scam_wrong_transfer_en_f08_000_19ede6,10,
scam_job_scam_en_f02_002_177e98,35,Payment Request
scam_loan_app_en_f02_000_1224b9,35,Payment Request
benign_bank_notification_banglish_f10_005_b7d646,10,
benign_otp_safety_en_f04_000_bb6d04,10,
benign_bank_notification_bn_f07_009_bf46fa,10,
scam_kyc_block_banglish_f04_006_5a0445,25,Suspicious Link
scam_loan_app_en_f05_009_5eda8b,35,Payment Request
benign_personal_chat_en_f02_031_e824c6,10,
benign_bank_notification_banglish_f03_032_b40182,10,
scam_remote_access_bn_f02_009_af1fae,10,
benign_personal_chat_banglish_f07_010_3d8fa6,10,
benign_otp_safety_en_f07_013_d70da8,10,
scam_fake_agent_bn_f05_020_395ab4,10,
benign_otp_safety_bn_f12_000_2a6bf1,10,
scam_remote_access_banglish_f02_012_98af8b,40,OTP Harvesting
benign_otp_safety_en_f01_008_5c8e43,10,
benign_bank_notification_banglish_f03_001_170bad,10,
benign_gen_advisory_banglish_f07_019_83f766,10,
scam_otp_harvest_bn_f01_011_e51e5c,40,OTP Harvesting
scam_kyc_block_banglish_f01_004_197c9a,70,Urgency Pressure;Account Threat;Suspicious Link
scam_fake_agent_bn_f08_000_bb9da6,10,
scam_fake_agent_banglish_f07_012_2cc648,40,OTP Harvesting
benign_personal_chat_banglish_f04_015_2e0f86,10,
benign_personal_chat_banglish_f10_002_610ee1,10,
benign_innocent_keywords_bn_f04_030_c07b35,10,
scam_otp_harvest_banglish_f02_022_a8cb5b,40,OTP Harvesting
scam_loan_app_en_f03_008_833aa8,50,Payment Request;Suspicious Link
benign_personal_chat_banglish_f03_021_b199c7,10,
scam_wrong_transfer_en_f07_010_431c4c,10,
benign_bank_notification_bn_f03_012_f29386,10,
benign_innocent_keywords_bn_f05_014_d0f1fa,10,
benign_personal_chat_en_f08_029_961760,10,
benign_bank_notification_en_f07_019_1a7acd,10,
scam_fake_agent_banglish_f01_017_43c710,35,Authority Impersonation
scam_loan_app_banglish_f08_016_1e20c9,35,Payment Request
benign_bank_notification_banglish_f12_000_96d9af,10,
scam_otp_harvest_bn_f06_013_13cb31,55,Suspicious Link;OTP Harvesting
benign_otp_safety_banglish_f10_018_36256d,10,
scam_remote_access_en_f02_018_3b999f,40,OTP Harvesting
benign_gen_advisory_bn_f04_000_d32941,10,
scam_kyc_block_banglish_f03_013_fc9dd6,50,Account Threat;Suspicious Link
scam_fake_prize_bn_f02_022_51b03e,45,Suspicious Link;Unsolicited Prize / Reward
scam_wrong_transfer_en_f06_002_1eb5f4,10,
benign_otp_safety_en_f02_021_4a95ca,10,
scam_fake_agent_en_f02_023_20b2b6,35,Account Threat
benign_personal_chat_en_f01_010_ee1bd7,10,
benign_bank_notification_bn_f04_010_815395,10,
scam_remote_access_bn_f06_012_7bc39f,10,
scam_wrong_transfer_banglish_f04_005_7fa468,35,Payment Request
benign_personal_chat_bn_f02_027_346380,10,
scam_remote_access_bn_f01_003_61399e,40,OTP Harvesting
scam_job_scam_bn_f03_011_62862e,25,Suspicious Link
benign_gen_advisory_bn_f09_001_c44306,10,
benign_innocent_keywords_en_f04_012_12393b,10,
scam_fake_agent_bn_f05_019_fd247b,10,
scam_loan_app_en_f05_024_8af7b0,35,Payment Request
scam_job_scam_bn_f05_015_204756,10,
scam_loan_app_bn_f03_019_09fd42,25,Suspicious Link
scam_fake_agent_en_f06_014_79e78c,10,
scam_loan_app_bn_f03_022_203f88,25,Suspicious Link
scam_otp_harvest_bn_f06_003_87b8be,55,Suspicious Link;OTP Harvesting
scam_loan_app_en_f07_001_bab36a,25,Suspicious Link
scam_otp_harvest_bn_f06_016_f0c4f5,55,Suspicious Link;OTP Harvesting
scam_fake_agent_en_f05_013_d861c5,10,
scam_loan_app_en_f06_025_92d1e8,55,Urgency Pressure;Payment Request
scam_fake_agent_bn_f03_014_46e530,60,Account Threat;Authority Impersonation
benign_otp_safety_bn_f05_002_b2d1b1,10,
scam_kyc_block_en_f01_017_0e9df0,70,Urgency Pressure;Account Threat;Suspicious Link
scam_loan_app_en_f08_026_cf682c,10,
scam_wrong_transfer_en_f01_000_105eea,35,Payment Request
benign_otp_safety_banglish_f11_000_a83fc5,10,
scam_fake_agent_bn_f03_001_898685,60,Account Threat;Authority Impersonation
scam_remote_access_bn_f04_005_65740d,10,
scam_loan_app_banglish_f01_025_77041c,35,Payment Request
benign_gen_advisory_banglish_f01_016_c3a3ed,10,
benign_bank_notification_banglish_f09_002_7b56c0,10,
scam_fake_agent_banglish_f05_016_8f3e32,10,
benign_otp_safety_en_f02_031_18dbc1,10,
benign_bank_notification_bn_f03_023_18e818,10,
benign_otp_safety_banglish_f09_010_ce50f9,10,
benign_innocent_keywords_en_f04_017_174a80,10,
benign_bank_notification_en_f12_007_7c7cfb,10,
scam_fake_agent_bn_f03_002_f36e3c,60,Account Threat;Authority Impersonation
scam_loan_app_en_f05_022_9424a0,35,Payment Request
benign_bank_notification_bn_f08_014_bdba20,10,
benign_gen_advisory_banglish_f12_008_bcc1d9,10,
scam_wrong_transfer_banglish_f04_008_f3de37,35,Payment Request
scam_job_scam_banglish_f06_015_e32e7d,35,Payment Request
scam_wrong_transfer_en_f03_012_3ee40a,10,
scam_kyc_block_banglish_f04_021_8068f5,25,Suspicious Link
benign_otp_safety_banglish_f09_015_022f0a,10,
benign_bank_notification_en_f08_019_04a779,10,
benign_innocent_keywords_bn_f01_008_488f77,10,
scam_wrong_transfer_banglish_f08_012_00e2ad,35,Payment Request
scam_fake_agent_banglish_f08_015_f61ee0,10,
scam_fake_prize_bn_f06_004_8943b1,10,
scam_kyc_block_banglish_f03_016_418500,50,Account Threat;Suspicious Link
scam_fake_prize_bn_f02_018_f5a142,45,Suspicious Link;Unsolicited Prize / Reward
benign_innocent_keywords_en_f01_011_9df1e9,10,
benign_innocent_keywords_en_f02_009_95d82a,10,
benign_personal_chat_banglish_f02_027_bb9f05,10,
benign_personal_chat_banglish_f12_032_512bb8,10,
benign_personal_chat_banglish_f05_004_f5822a,10,
scam_job_scam_bn_f06_012_1d5721,10,
scam_job_scam_banglish_f07_001_aa0131,10,
scam_fake_prize_en_f06_020_34f1cc,55,Suspicious Link;OTP Harvesting
scam_wrong_transfer_en_f07_009_e94cc0,10,
scam_wrong_transfer_en_f05_003_955ce7,35,Account Threat
benign_gen_advisory_banglish_f08_000_3ce82d,10,
scam_kyc_block_en_f04_002_0aa5c9,50,Account Threat;Suspicious Link
benign_personal_chat_bn_f05_012_b310ff,10,
scam_job_scam_bn_f02_017_1cf24e,35,Payment Request
benign_personal_chat_banglish_f03_014_f87d65,10,
scam_otp_harvest_banglish_f04_007_974f31,30,Urgency Pressure
scam_fake_prize_en_f06_004_293b8f,55,Suspicious Link;OTP Harvesting
benign_bank_notification_banglish_f03_028_dfe5dd,10,
benign_bank_notification_banglish_f05_000_38157a,10,
scam_fake_agent_banglish_f07_020_ac4a3b,40,OTP Harvesting
scam_fake_prize_en_f07_008_2fffcf,10,
scam_wrong_transfer_bn_f06_014_dcd832,30,Urgency Pressure
benign_gen_advisory_bn_f13_007_76849e,10,
benign_bank_notification_en_f06_000_6e0089,10,
scam_remote_access_en_f02_022_70c231,40,OTP Harvesting
benign_innocent_keywords_banglish_f06_025_fe9470,10,
scam_job_scam_bn_f07_025_b710d4,25,Suspicious Link
benign_gen_advisory_en_f02_000_341a3a,10,
scam_fake_agent_en_f08_016_ae8a71,35,Authority Impersonation
benign_bank_notification_bn_f09_016_baca58,10,
benign_bank_notification_en_f09_016_ec550d,10,
scam_fake_agent_en_f07_027_5b0055,35,Account Threat
scam_fake_prize_en_f06_000_df1a62,55,Suspicious Link;OTP Harvesting
scam_wrong_transfer_bn_f04_011_7f1e5b,35,Account Threat
benign_gen_advisory_en_f10_018_7b50b0,10,
benign_innocent_keywords_bn_f09_002_172b58,35,Payment Request
scam_fake_prize_bn_f04_018_77744d,35,Payment Request
benign_personal_chat_bn_f01_016_fe08d8,10,
benign_gen_advisory_banglish_f07_004_0e6510,10,
benign_bank_notification_en_f10_006_1798ac,10,
benign_otp_safety_bn_f01_016_43946e,10,
scam_wrong_transfer_bn_f07_001_0291e3,10,
scam_remote_access_bn_f04_003_2858e8,10,
benign_bank_notification_en_f10_002_5c4fa7,10,
scam_loan_app_banglish_f08_024_014856,35,Payment Request
benign_bank_notification_bn_f04_018_8da39e,10,
benign_bank_notification_banglish_f08_002_1cf8ff,10,
scam_kyc_block_bn_f03_012_1604e1,45,Urgency Pressure;Suspicious Link
scam_fake_agent_bn_f05_011_395ab4,10,
scam_fake_agent_en_f07_017_ca5f24,35,Account Threat
scam_otp_harvest_banglish_f02_004_1a7228,40,OTP Harvesting
benign_bank_notification_banglish_f03_020_ce1374,10,
scam_otp_harvest_en_f04_014_43ea06,40,OTP Harvesting
benign_personal_chat_bn_f04_028_3781d9,10,
scam_loan_app_banglish_f01_017_857a0e,35,Payment Request
benign_bank_notification_en_f12_015_257b5f,10,
scam_otp_harvest_bn_f05_000_6b4ad2,30,Urgency Pressure
scam_fake_agent_en_f05_004_98f291,10,
scam_loan_app_banglish_f01_013_bfb242,35,Payment Request
scam_otp_harvest_bn_f04_003_cff2cf,40,OTP Harvesting
benign_innocent_keywords_bn_f10_000_7e6876,10,
scam_otp_harvest_en_f03_013_897c92,40,OTP Harvesting
scam_wrong_transfer_bn_f04_016_f7ece8,35,Account Threat
benign_otp_safety_bn_f04_014_fa380a,10,
scam_kyc_block_bn_f07_019_dc6be0,45,Urgency Pressure;Suspicious Link
benign_innocent_keywords_banglish_f09_022_74b19c,60,Account Threat;Payment Request
scam_remote_access_bn_f05_024_05ec95,40,OTP Harvesting
scam_loan_app_banglish_f07_003_e6cfa6,25,Suspicious Link
benign_bank_notification_banglish_f09_022_14e883,10,
scam_job_scam_bn_f04_008_635994,35,Payment Request
benign_bank_notification_en_f09_001_846956,10,
scam_kyc_block_bn_f03_008_709175,45,Urgency Pressure;Suspicious Link
scam_fake_agent_en_f07_002_ff8ef0,35,Account Threat
benign_gen_advisory_bn_f06_005_3f0dd1,10,
scam_job_scam_en_f03_025_cc1b97,35,Payment Request
scam_kyc_block_banglish_f08_001_9dbc6d,25,Suspicious Link
benign_personal_chat_banglish_f04_022_86c681,10,
scam_job_scam_en_f06_016_4c069d,25,Suspicious Link
benign_personal_chat_en_f09_019_5d4064,10,
scam_loan_app_bn_f05_010_97bb4d,35,Payment Request
benign_personal_chat_banglish_f10_004_e3e525,10,
benign_bank_notification_bn_f02_004_e2ad82,10,
scam_loan_app_banglish_f08_026_e2feb4,35,Payment Request
benign_personal_chat_bn_f02_003_9ffa13,10,
scam_fake_prize_bn_f01_012_828b98,55,Payment Request;Unsolicited Prize / Reward
benign_bank_notification_en_f08_008_a6e231,10,
benign_personal_chat_bn_f04_012_813df1,10,
scam_remote_access_bn_f01_014_685f7a,40,OTP Harvesting
scam_job_scam_bn_f06_025_87fff0,10,
scam_fake_prize_en_f02_023_108092,45,Suspicious Link;Unsolicited Prize / Reward
benign_bank_notification_bn_f10_023_bd0569,10,
benign_otp_safety_en_f04_009_895665,10,
benign_personal_chat_en_f12_004_6cd4dd,10,
benign_bank_notification_en_f03_012_f96c2f,10,
scam_fake_agent_banglish_f05_013_178ed5,10,
scam_fake_agent_banglish_f01_015_f6ed69,35,Authority Impersonation
scam_otp_harvest_bn_f07_016_6ff2a5,10,
benign_otp_safety_banglish_f07_008_70be0a,10,
benign_personal_chat_bn_f07_004_7b50c0,10,
benign_innocent_keywords_banglish_f05_010_9ef3c9,30,Urgency Pressure
scam_fake_agent_bn_f04_024_58b1d5,35,Authority Impersonation
scam_loan_app_banglish_f01_004_e1f739,35,Payment Request
scam_fake_agent_banglish_f01_008_b37e8d,35,Authority Impersonation
scam_kyc_block_banglish_f02_000_94b982,70,Urgency Pressure;Account Threat;Suspicious Link
scam_wrong_transfer_bn_f05_023_10dbae,35,Payment Request
scam_job_scam_en_f07_022_15c621,35,Payment Request
scam_wrong_transfer_banglish_f03_011_41f0fa,10,
scam_job_scam_banglish_f06_001_ee8dd3,35,Payment Request
scam_fake_agent_banglish_f05_009_79464c,10,
scam_fake_prize_en_f03_024_8b4be7,35,Payment Request
scam_otp_harvest_bn_f04_009_cff2cf,40,OTP Harvesting
benign_bank_notification_banglish_f10_002_4284ab,10,
scam_fake_prize_banglish_f01_003_26449a,55,Payment Request;Unsolicited Prize / Reward
scam_loan_app_en_f08_016_ca369c,10,
scam_job_scam_banglish_f07_024_87b620,10,
benign_otp_safety_en_f01_027_468001,10,
scam_kyc_block_banglish_f06_002_0fb8fe,25,Suspicious Link
scam_loan_app_en_f03_017_7c7ce3,50,Payment Request;Suspicious Link
scam_wrong_transfer_banglish_f02_012_952ecd,55,Payment Request;Emotional Manipulation
scam_fake_prize_banglish_f01_002_14526e,55,Payment Request;Unsolicited Prize / Reward
benign_gen_advisory_en_f01_006_60c7a0,10,
benign_personal_chat_en_f01_016_6ed4d9,10,
scam_kyc_block_bn_f05_020_8c3a55,25,Suspicious Link
scam_fake_agent_banglish_f08_009_d67102,10,
scam_kyc_block_banglish_f06_006_35bd9f,25,Suspicious Link
scam_fake_agent_banglish_f01_014_8e21ea,35,Authority Impersonation
scam_loan_app_banglish_f06_006_3377a5,35,Payment Request
benign_personal_chat_en_f06_020_7a1d5a,10,
scam_fake_prize_en_f08_000_a13585,10,
benign_personal_chat_en_f06_027_e88d7f,10,
scam_job_scam_en_f02_006_52ea98,35,Payment Request
scam_job_scam_banglish_f05_005_7a7257,10,
benign_innocent_keywords_banglish_f12_021_96d847,10,
benign_bank_notification_bn_f08_009_681b94,10,
scam_kyc_block_en_f06_012_579e08,70,Urgency Pressure;Account Threat;Suspicious Link
benign_bank_notification_en_f01_026_35d377,10,
scam_loan_app_bn_f03_000_f7561d,25,Suspicious Link
benign_bank_notification_bn_f09_007_98cbf4,10,
scam_wrong_transfer_en_f04_009_c4ce05,35,Payment Request
scam_fake_agent_en_f08_005_afd771,35,Authority Impersonation
benign_gen_advisory_banglish_f03_019_14c072,10,
scam_loan_app_bn_f08_018_eb4880,25,Suspicious Link
benign_innocent_keywords_banglish_f06_019_cd4ef1,10,
benign_bank_notification_bn_f05_000_d699ee,10,
scam_fake_agent_banglish_f04_005_b7e239,35,Account Threat
scam_otp_harvest_banglish_f02_009_3315fb,40,OTP Harvesting
scam_loan_app_banglish_f03_015_f6b090,25,Suspicious Link
scam_loan_app_banglish_f01_000_c91146,35,Payment Request
scam_remote_access_en_f06_003_26555f,10,
scam_job_scam_en_f03_022_9f819d,35,Payment Request
scam_fake_agent_banglish_f04_016_91d724,35,Account Threat
scam_loan_app_en_f02_009_3ba1f5,35,Payment Request
benign_personal_chat_en_f09_030_92b730,10,
benign_personal_chat_banglish_f08_031_1a8178,10,
scam_wrong_transfer_banglish_f08_006_e420b4,35,Payment Request
scam_loan_app_en_f08_011_c37daa,10,
scam_fake_prize_bn_f02_014_f8edd2,45,Suspicious Link;Unsolicited Prize / Reward
benign_innocent_keywords_banglish_f12_004_e176ec,10,
scam_fake_agent_en_f02_013_e74e4d,35,Account Threat
benign_innocent_keywords_bn_f12_004_e38759,10,
benign_bank_notification_en_f12_029_98c051,10,
benign_gen_advisory_banglish_f03_001_aad947,10,
scam_job_scam_banglish_f06_006_504b5b,35,Payment Request
benign_personal_chat_en_f06_010_f043f5,10,
benign_personal_chat_banglish_f03_000_f87d65,10,
scam_fake_agent_banglish_f03_023_a85a84,10,
scam_loan_app_bn_f03_021_90aa8e,25,Suspicious Link
scam_job_scam_bn_f03_001_8ca376,25,Suspicious Link
benign_personal_chat_en_f10_005_eb13eb,10,
benign_bank_notification_banglish_f10_025_ed8488,10,
scam_otp_harvest_en_f02_005_8bdf4e,40,OTP Harvesting
benign_bank_notification_bn_f11_034_a180b1,10,
scam_fake_agent_en_f05_012_fb22e4,10,
scam_loan_app_en_f07_022_cdcab3,25,Suspicious Link
scam_kyc_block_en_f08_003_5a4d93,70,Urgency Pressure;Account Threat;Suspicious Link
scam_job_scam_en_f08_010_3dafd9,35,Payment Request
scam_fake_agent_banglish_f01_024_7ea207,35,Authority Impersonation
benign_bank_notification_en_f11_024_9d4651,10,
benign_otp_safety_banglish_f07_032_90228d,10,
benign_bank_notification_en_f08_026_6983da,10,
benign_personal_chat_en_f10_028_8df1ad,10,
scam_fake_agent_en_f04_009_50a14a,10,
scam_wrong_transfer_banglish_f03_016_44fd34,10,
benign_innocent_keywords_banglish_f08_003_56a54d,10,
benign_bank_notification_en_f01_015_492bbf,10,
scam_fake_agent_bn_f03_012_193bf7,60,Account Threat;Authority Impersonation
benign_personal_chat_bn_f04_013_db9484,10,
scam_fake_agent_bn_f07_005_87dbde,10,
benign_bank_notification_bn_f02_019_5c55fe,10,
scam_fake_prize_bn_f07_024_3a437c,30,Unsolicited Prize / Reward
benign_personal_chat_banglish_f04_017_71a094,10,
scam_otp_harvest_banglish_f06_024_521e32,25,Suspicious Link
scam_fake_prize_bn_f02_024_5ab072,45,Suspicious Link;Unsolicited Prize / Reward
benign_innocent_keywords_bn_f07_003_85b209,10,
benign_bank_notification_en_f03_007_002890,10,
scam_job_scam_en_f02_018_21d5f4,35,Payment Request
scam_fake_prize_bn_f06_003_5c9774,10,
benign_gen_advisory_en_f10_008_511176,10,
scam_fake_prize_banglish_f07_005_feca29,10,
benign_personal_chat_banglish_f04_009_0622a7,10,
benign_bank_notification_banglish_f03_010_73df07,10,
benign_personal_chat_bn_f05_025_462a5b,10,
scam_wrong_transfer_en_f03_004_26e3fb,10,
benign_innocent_keywords_bn_f06_000_9846e7,10,
scam_wrong_transfer_en_f05_011_e44af2,35,Account Threat
benign_personal_chat_bn_f02_008_9ffa13,10,
scam_remote_access_en_f03_001_abe164,10,
benign_bank_notification_en_f08_009_53f866,10,
benign_personal_chat_bn_f07_029_583179,10,
scam_loan_app_en_f01_023_44e328,10,
benign_bank_notification_en_f11_026_d80e74,10,
scam_loan_app_banglish_f04_019_b55dbc,10,
scam_kyc_block_banglish_f01_014_04f2d8,70,Urgency Pressure;Account Threat;Suspicious Link
scam_wrong_transfer_bn_f08_027_a0f77d,30,Emotional Manipulation
benign_bank_notification_bn_f08_027_227e11,10,
scam_fake_prize_en_f06_021_1be597,55,Suspicious Link;OTP Harvesting
scam_fake_agent_en_f05_005_e7931a,10,
scam_wrong_transfer_bn_f03_002_af7b53,35,Payment Request
scam_fake_agent_banglish_f05_018_0a47d3,10,
scam_kyc_block_en_f03_023_61c9a9,25,Suspicious Link
scam_kyc_block_banglish_f01_017_a3536c,70,Urgency Pressure;Account Threat;Suspicious Link
scam_remote_access_banglish_f08_008_7961c1,40,OTP Harvesting
benign_personal_chat_en_f02_007_d1607c,10,
scam_loan_app_en_f04_011_b9aad1,35,Payment Request
benign_otp_safety_en_f04_032_29330c,10,
benign_personal_chat_en_f08_005_94dfc8,10,
scam_job_scam_bn_f07_023_28fd9d,25,Suspicious Link
benign_personal_chat_banglish_f01_006_1b76ac,10,
scam_wrong_transfer_bn_f04_017_2bf6b5,35,Account Threat
benign_bank_notification_en_f05_022_ea1b31,10,
benign_bank_notification_bn_f02_016_dfa265,10,
benign_bank_notification_banglish_f10_004_31eb29,10,
benign_gen_advisory_en_f12_012_4df34b,10,
scam_remote_access_banglish_f01_004_025172,40,OTP Harvesting
scam_wrong_transfer_en_f04_013_3fdfdd,35,Payment Request
benign_bank_notification_bn_f01_025_49dba8,10,
benign_bank_notification_en_f05_017_71c749,10,
scam_job_scam_banglish_f06_017_546d0f,35,Payment Request
benign_bank_notification_bn_f10_015_9c9e94,10,
benign_bank_notification_bn_f04_005_211def,10,
benign_personal_chat_en_f12_028_cd3500,10,
scam_job_scam_en_f02_019_03a67a,35,Payment Request
benign_innocent_keywords_banglish_f01_006_e20a5f,10,
scam_fake_agent_banglish_f06_004_42a98a,35,Authority Impersonation
scam_job_scam_banglish_f02_008_32be08,35,Payment Request
benign_personal_chat_banglish_f03_011_fe93d3,10,
scam_fake_prize_banglish_f08_007_da63c0,10,
benign_personal_chat_en_f01_026_0cf383,10,
benign_personal_chat_en_f02_002_a59064,10,
benign_personal_chat_banglish_f11_016_5ce9d5,10,
scam_loan_app_banglish_f03_014_ed4269,25,Suspicious Link
scam_otp_harvest_banglish_f04_005_9dd598,30,Urgency Pressure
scam_remote_access_en_f06_014_20f437,10,
scam_job_scam_banglish_f07_013_46056b,10,
benign_innocent_keywords_banglish_f12_009_19f9d8,10,
scam_otp_harvest_banglish_f05_001_5a49a6,40,OTP Harvesting
scam_kyc_block_bn_f04_002_0d084c,25,Suspicious Link
benign_personal_chat_bn_f04_003_813df1,10,
scam_fake_agent_banglish_f07_000_ca2276,40,OTP Harvesting
benign_bank_notification_bn_f01_004_b6b93b,10,
scam_loan_app_en_f08_002_f83c9e,10,
benign_personal_chat_en_f10_002_2f88ab,10,
benign_bank_notification_en_f03_028_b54188,10,
scam_kyc_block_bn_f01_023_455130,45,Urgency Pressure;Suspicious Link
benign_gen_advisory_en_f09_002_9bfa4e,10,
benign_bank_notification_en_f08_029_865c2c,10,
scam_remote_access_en_f04_011_73cb3f,40,OTP Harvesting
scam_wrong_transfer_banglish_f03_014_cbac1a,10,
benign_otp_safety_banglish_f01_004_7d459d,10,
scam_fake_prize_bn_f01_020_c04618,55,Payment Request;Unsolicited Prize / Reward
scam_otp_harvest_banglish_f04_024_85d079,30,Urgency Pressure
scam_fake_prize_bn_f01_021_257489,55,Payment Request;Unsolicited Prize / Reward
scam_loan_app_banglish_f03_022_95138c,25,Suspicious Link
scam_otp_harvest_banglish_f01_024_3a7fa0,65,Account Threat;OTP Harvesting
scam_loan_app_bn_f05_019_8bef83,35,Payment Request
benign_personal_chat_en_f01_020_219964,10,
scam_fake_prize_banglish_f06_006_05ccaa,30,Unsolicited Prize / Reward
benign_bank_notification_en_f02_023_c7d765,10,
benign_bank_notification_bn_f03_007_7a3a9b,10,
benign_personal_chat_en_f01_019_e93a33,10,
scam_fake_agent_en_f04_011_ffda2f,10,
benign_otp_safety_en_f04_011_380f34,10,
scam_fake_prize_en_f05_000_63539f,30,Urgency Pressure
scam_job_scam_banglish_f07_027_57f33a,10,
benign_personal_chat_en_f02_026_b8515f,10,
scam_job_scam_banglish_f01_022_4910a5,35,Payment Request
benign_personal_chat_banglish_f08_027_fdd43c,10,
benign_innocent_keywords_en_f12_021_ee82b1,10,
scam_job_scam_bn_f02_024_6fbfe2,35,Payment Request
benign_otp_safety_bn_f04_019_f77414,10,
scam_fake_agent_bn_f04_023_884e02,35,Authority Impersonation
scam_fake_prize_banglish_f02_008_2c68e5,45,Suspicious Link;Unsolicited Prize / Reward
benign_bank_notification_banglish_f11_019_2e7bc5,10,
scam_job_scam_en_f05_015_279157,10,
benign_bank_notification_bn_f05_002_66a175,10,
scam_otp_harvest_en_f05_009_cf0d38,25,Suspicious Link
benign_bank_notification_bn_f11_001_7bce20,10,
benign_bank_notification_bn_f02_022_9a68b5,10,
scam_kyc_block_en_f03_003_d3621b,50,Account Threat;Suspicious Link
scam_remote_access_banglish_f08_022_7b87df,40,OTP Harvesting
benign_otp_safety_en_f01_005_8d64e4,10,
scam_job_scam_bn_f03_013_b5b95b,25,Suspicious Link
benign_innocent_keywords_banglish_f08_018_da017f,10,
benign_personal_chat_en_f12_034_f21082,10,
scam_wrong_transfer_en_f01_024_2af607,35,Payment Request
benign_personal_chat_banglish_f08_025_311fb1,10,
scam_loan_app_banglish_f07_018_20882c,25,Suspicious Link
benign_personal_chat_banglish_f05_009_c788f5,10,
scam_remote_access_banglish_f06_017_da0e59,10,
scam_remote_access_banglish_f02_004_ae778f,40,OTP Harvesting
scam_loan_app_bn_f08_024_b65449,25,Suspicious Link
benign_otp_safety_banglish_f04_026_ca5a02,10,
scam_kyc_block_banglish_f01_002_553626,70,Urgency Pressure;Account Threat;Suspicious Link
scam_fake_prize_bn_f01_004_bd4bfb,55,Payment Request;Unsolicited Prize / Reward
scam_fake_prize_banglish_f01_016_50dc11,55,Payment Request;Unsolicited Prize / Reward
benign_bank_notification_bn_f04_029_3e821b,10,
scam_wrong_transfer_banglish_f03_012_5cca78,10,
scam_fake_prize_bn_f07_007_ab08e8,30,Unsolicited Prize / Reward
scam_fake_prize_banglish_f01_021_78d10e,55,Payment Request;Unsolicited Prize / Reward
scam_loan_app_en_f02_024_f4f4e5,35,Payment Request
benign_otp_safety_en_f01_010_b0a96e,10,
benign_bank_notification_banglish_f04_028_25c075,10,
scam_fake_agent_banglish_f07_008_3e350a,40,OTP Harvesting
scam_wrong_transfer_bn_f06_025_3b61b8,30,Urgency Pressure
benign_bank_notification_bn_f08_000_ad948c,10,
scam_loan_app_en_f01_024_2105df,10,
scam_otp_harvest_en_f01_024_27a260,10,
scam_loan_app_en_f05_017_8770a2,35,Payment Request
scam_otp_harvest_bn_f02_025_b6d474,10,
benign_personal_chat_banglish_f09_020_b17583,10,
scam_job_scam_en_f08_017_e7f089,35,Payment Request
benign_gen_advisory_en_f03_008_51e843,10,
scam_fake_prize_en_f05_013_3abb1c,30,Urgency Pressure
scam_fake_agent_bn_f08_011_2595d0,10,
scam_fake_prize_bn_f05_019_d21b96,45,Suspicious Link;Unsolicited Prize / Reward
benign_personal_chat_banglish_f07_016_5e1198,10,
benign_bank_notification_banglish_f09_030_adefeb,10,
scam_kyc_block_bn_f04_021_38e5ec,25,Suspicious Link
scam_wrong_transfer_banglish_f03_005_ad94ba,10,
benign_personal_chat_en_f09_004_c36df8,10,
benign_otp_safety_bn_f04_027_b6528c,10,
scam_fake_prize_bn_f08_002_3c6bac,10,
scam_fake_prize_bn_f08_000_b7bdcb,10,
benign_bank_notification_banglish_f05_016_1bbc97,10,
benign_bank_notification_banglish_f07_021_dba55e,10,
scam_loan_app_banglish_f03_002_ce027b,25,Suspicious Link
benign_bank_notification_bn_f11_015_a82e5f,10,
scam_loan_app_bn_f02_011_131978,35,Payment Request
scam_remote_access_banglish_f03_014_3a8cc3,10,
scam_wrong_transfer_bn_f05_003_afd4c7,35,Payment Request
scam_kyc_block_banglish_f06_009_14a476,25,Suspicious Link
benign_otp_safety_en_f02_001_bbcf8a,10,
benign_bank_notification_bn_f10_010_fd1a42,10,
benign_innocent_keywords_banglish_f04_000_262ee0,10,
benign_innocent_keywords_en_f01_020_0ed117,10,
benign_gen_advisory_banglish_f02_001_d1908f,10,
benign_bank_notification_en_f12_027_45bc4f,10,
benign_personal_chat_en_f05_010_e89cb0,10,
scam_loan_app_bn_f08_021_d64f80,25,Suspicious Link
scam_otp_harvest_banglish_f06_008_a926c6,25,Suspicious Link
benign_bank_notification_en_f11_013_f250c0,10,
benign_bank_notification_en_f07_017_27a75a,10,
benign_gen_advisory_banglish_f11_011_d10171,10,
scam_loan_app_banglish_f05_009_99b990,35,Payment Request
benign_bank_notification_banglish_f11_026_e2674d,10,
scam_job_scam_en_f04_016_f626e8,50,Payment Request;Suspicious Link
benign_personal_chat_bn_f06_009_e77163,10,
scam_remote_access_bn_f04_022_4f3bd3,10,
benign_personal_chat_bn_f07_007_055299,10,
scam_remote_access_en_f05_017_8070cf,40,OTP Harvesting
benign_personal_chat_bn_f07_021_92cab0,10,
benign_gen_advisory_en_f02_003_e58500,10,
benign_personal_chat_bn_f02_020_976f92,10,
benign_bank_notification_bn_f06_016_bf46a7,10,
benign_gen_advisory_en_f01_007_80a6d6,10,
benign_gen_advisory_bn_f07_004_37bc80,10,
benign_bank_notification_en_f05_031_23fddc,10,
benign_otp_safety_banglish_f02_001_a774fd,10,
benign_innocent_keywords_bn_f08_019_241bbc,30,Urgency Pressure
benign_bank_notification_bn_f12_005_83ad8d,10,
benign_gen_advisory_bn_f13_002_3feee1,10,
scam_loan_app_bn_f08_027_9e24cc,25,Suspicious Link
scam_fake_prize_banglish_f03_015_b79858,75,Urgency Pressure;Payment Request;Unsolicited Prize / Reward
scam_fake_prize_en_f01_003_6f7d98,55,Payment Request;Unsolicited Prize / Reward
scam_remote_access_en_f07_007_9465bd,40,OTP Harvesting
scam_loan_app_banglish_f03_009_8f751b,25,Suspicious Link
benign_otp_safety_bn_f02_021_2adc25,10,
scam_job_scam_en_f06_000_2bb5f8,25,Suspicious Link
benign_bank_notification_banglish_f10_015_d201c3,10,
scam_remote_access_bn_f02_000_92d8ef,10,
scam_kyc_block_banglish_f08_010_cbd334,50,Account Threat;Suspicious Link
scam_kyc_block_bn_f06_003_7f9e59,25,Suspicious Link
scam_loan_app_bn_f02_021_e01084,35,Payment Request
benign_personal_chat_en_f01_008_8b6057,10,
benign_personal_chat_banglish_f11_004_ef8b94,10,
scam_job_scam_en_f08_021_0bc860,35,Payment Request
benign_bank_notification_bn_f07_031_4489dd,10,
scam_fake_agent_bn_f04_017_760585,35,Authority Impersonation
benign_personal_chat_banglish_f04_020_944253,10,
scam_loan_app_bn_f01_021_133ce4,35,Payment Request
scam_job_scam_bn_f04_002_31d3ed,35,Payment Request
scam_wrong_transfer_banglish_f08_021_cb56d4,35,Payment Request
benign_otp_safety_banglish_f08_001_afee72,10,
scam_loan_app_banglish_f07_024_4839b6,25,Suspicious Link
scam_job_scam_en_f04_019_a1edf8,50,Payment Request;Suspicious Link
benign_bank_notification_en_f02_026_b51de6,10,
scam_fake_prize_bn_f05_014_a09d1b,45,Suspicious Link;Unsolicited Prize / Reward
scam_loan_app_banglish_f07_002_095991,25,Suspicious Link
benign_otp_safety_en_f02_011_8eac7c,10,
scam_job_scam_en_f06_018_2bfbd7,25,Suspicious Link
scam_kyc_block_banglish_f01_006_cc0cfd,70,Urgency Pressure;Account Threat;Suspicious Link
scam_loan_app_en_f03_004_fb0b10,50,Payment Request;Suspicious Link
scam_fake_agent_en_f01_025_bb2d3d,35,Account Threat
benign_personal_chat_bn_f08_013_2f58a9,10,
scam_job_scam_en_f01_003_1a8027,35,Payment Request
scam_loan_app_banglish_f01_018_885709,35,Payment Request
scam_loan_app_bn_f04_025_10a4ca,10,
scam_wrong_transfer_bn_f05_000_efe919,35,Payment Request
benign_otp_safety_banglish_f04_019_05e10c,10,
scam_kyc_block_banglish_f06_021_eafa0e,25,Suspicious Link
benign_personal_chat_banglish_f08_013_603f5b,10,
benign_bank_notification_bn_f05_003_1fd237,10,
scam_otp_harvest_banglish_f07_002_e1a711,10,
scam_loan_app_en_f07_018_9d2c05,25,Suspicious Link
scam_loan_app_banglish_f06_020_299489,35,Payment Request
scam_fake_agent_bn_f02_010_882c03,65,OTP Harvesting;Authority Impersonation
scam_wrong_transfer_banglish_f07_020_34d3a1,35,Payment Request
scam_job_scam_banglish_f02_011_bb3be2,35,Payment Request
scam_fake_prize_en_f03_022_7c9abe,35,Payment Request
benign_personal_chat_bn_f03_029_281591,10,
benign_bank_notification_banglish_f05_024_b8a83e,10,
benign_otp_safety_banglish_f01_006_88648c,10,
scam_wrong_transfer_bn_f05_014_88f98a,35,Payment Request
benign_innocent_keywords_banglish_f04_021_8b28f1,10,
benign_bank_notification_bn_f04_000_7f46ba,10,
benign_otp_safety_banglish_f03_001_bfa8b1,10,
scam_job_scam_en_f05_008_c2522c,10,
benign_gen_advisory_bn_f15_014_e22c9f,10,
scam_wrong_transfer_bn_f04_014_984c04,35,Account Threat
scam_loan_app_banglish_f01_024_df06da,35,Payment Request
scam_remote_access_en_f01_000_974a19,40,OTP Harvesting
benign_bank_notification_banglish_f01_016_26abf3,10,
benign_otp_safety_banglish_f09_017_fdf01c,10,
benign_bank_notification_bn_f03_029_b62642,10,
benign_bank_notification_bn_f12_034_cab736,10,
scam_fake_agent_en_f08_019_00a9f9,35,Authority Impersonation
scam_wrong_transfer_en_f01_021_7d6ff9,35,Payment Request
scam_wrong_transfer_en_f02_023_cf77e6,55,Payment Request;Emotional Manipulation
benign_bank_notification_banglish_f10_026_1c8b1c,10,
scam_loan_app_banglish_f02_007_03fc93,35,Payment Request
scam_loan_app_en_f03_024_965624,50,Payment Request;Suspicious Link
benign_personal_chat_banglish_f04_012_90d4a8,10,
scam_loan_app_bn_f05_011_74de1b,35,Payment Request
scam_job_scam_banglish_f07_002_ba5b90,10,
benign_personal_chat_en_f11_002_83d807,10,
benign_personal_chat_banglish_f05_030_802e5d,10,
benign_otp_safety_en_f01_011_2fab5f,10,
scam_fake_agent_banglish_f06_008_a29053,35,Authority Impersonation
scam_fake_prize_bn_f01_010_90b902,55,Payment Request;Unsolicited Prize / Reward
benign_bank_notification_en_f08_011_7e6076,10,
benign_bank_notification_banglish_f10_033_c1ea03,10,
scam_job_scam_banglish_f03_000_ea0cb5,25,Suspicious Link
scam_loan_app_banglish_f02_021_985061,35,Payment Request
scam_otp_harvest_en_f04_009_aca9cb,40,OTP Harvesting
scam_wrong_transfer_banglish_f07_013_e81528,35,Payment Request
scam_fake_agent_bn_f04_009_34b422,35,Authority Impersonation
scam_job_scam_en_f01_014_3af6b5,35,Payment Request
scam_job_scam_en_f08_012_d768d0,35,Payment Request
scam_wrong_transfer_en_f05_022_6819d0,35,Account Threat
benign_bank_notification_en_f03_027_bc4a5e,10,
scam_fake_prize_banglish_f03_022_dc45cc,75,Urgency Pressure;Payment Request;Unsolicited Prize / Reward
benign_personal_chat_bn_f10_025_1f06cd,10,
scam_job_scam_banglish_f08_001_91f3ab,25,Suspicious Link
scam_job_scam_en_f07_004_14fe38,35,Payment Request
benign_innocent_keywords_banglish_f03_015_6245ae,10,
scam_fake_agent_en_f02_006_36c81b,35,Account Threat
scam_wrong_transfer_en_f03_018_a14a77,10,
benign_personal_chat_en_f11_024_ae3ded,10,
benign_bank_notification_bn_f10_025_99a8e1,10,
benign_personal_chat_banglish_f08_005_d721e8,10,
benign_personal_chat_en_f12_025_f7ea15,10,
scam_kyc_block_banglish_f02_010_b15ee6,70,Urgency Pressure;Account Threat;Suspicious Link
scam_otp_harvest_bn_f02_014_bed261,10,
scam_job_scam_banglish_f07_018_d6dac6,10,
scam_otp_harvest_banglish_f08_015_19d079,30,Urgency Pressure
benign_gen_advisory_banglish_f08_006_edacf8,10,
scam_kyc_block_bn_f05_010_422947,25,Suspicious Link
scam_otp_harvest_en_f06_019_6e8aa4,10,
scam_loan_app_bn_f05_009_0de6aa,35,Payment Request
scam_otp_harvest_bn_f01_022_946953,40,OTP Harvesting
benign_bank_notification_bn_f07_002_bc4d5a,10,
benign_gen_advisory_en_f08_005_67a063,10,
scam_remote_access_banglish_f03_020_4b3ca4,10,
benign_bank_notification_bn_f06_019_2559b1,10,
scam_otp_harvest_en_f06_012_79c2b1,10,
benign_bank_notification_en_f10_024_595ed4,10,
scam_loan_app_en_f08_003_56a2fd,10,
scam_fake_agent_en_f05_019_bd85d9,10,
scam_fake_prize_bn_f04_003_415296,35,Payment Request
scam_job_scam_bn_f03_023_5d2b40,25,Suspicious Link
benign_bank_notification_en_f09_023_c2f226,10,
scam_kyc_block_en_f08_013_405bef,70,Urgency Pressure;Account Threat;Suspicious Link
scam_wrong_transfer_en_f06_016_f4fc76,10,
scam_job_scam_en_f02_024_d3245c,35,Payment Request
scam_fake_agent_en_f07_023_76361d,35,Account Threat
scam_fake_agent_bn_f06_018_eca481,10,
benign_gen_advisory_banglish_f02_005_fe5f80,10,
scam_wrong_transfer_banglish_f04_001_50083c,35,Payment Request
benign_bank_notification_bn_f08_011_6d8be4,10,
benign_bank_notification_bn_f05_023_b270dc,10,
benign_bank_notification_en_f11_029_ed466f,10,
benign_gen_advisory_bn_f03_007_b07edb,10,
scam_remote_access_bn_f07_004_a23e69,40,OTP Harvesting
scam_wrong_transfer_en_f04_002_131d18,35,Payment Request
scam_loan_app_en_f07_013_2adb2f,25,Suspicious Link
scam_fake_agent_banglish_f08_023_8acb16,10,
scam_job_scam_bn_f04_007_12241b,35,Payment Request
scam_otp_harvest_banglish_f05_008_5a49a6,40,OTP Harvesting
scam_fake_prize_en_f02_016_a147bf,45,Suspicious Link;Unsolicited Prize / Reward
benign_bank_notification_banglish_f05_007_d576d1,10,
benign_gen_advisory_banglish_f05_005_b47a4d,10,
benign_personal_chat_banglish_f08_019_9614d7,10,
benign_bank_notification_bn_f01_027_2b4b6e,10,
benign_otp_safety_banglish_f07_007_8d6293,10,
scam_fake_prize_banglish_f05_011_fc6466,25,Suspicious Link
benign_personal_chat_banglish_f02_021_2887bf,10,
benign_gen_advisory_en_f07_001_7eb355,10,
benign_innocent_keywords_banglish_f11_004_af65d5,10,
scam_fake_prize_banglish_f05_012_83c8f8,25,Suspicious Link
benign_gen_advisory_bn_f10_011_fb03d7,10,
benign_otp_safety_en_f04_014_895665,10,
scam_remote_access_en_f02_003_3b999f,40,OTP Harvesting
scam_kyc_block_banglish_f06_017_f02686,25,Suspicious Link
benign_otp_safety_banglish_f07_014_026445,10,
benign_bank_notification_bn_f06_032_2af172,10,
scam_loan_app_banglish_f03_019_f00c7d,25,Suspicious Link
benign_otp_safety_banglish_f04_033_9fc906,10,
scam_fake_agent_banglish_f07_007_062942,40,OTP Harvesting
benign_bank_notification_bn_f03_015_773803,10,
scam_kyc_block_banglish_f03_001_2ee4b0,50,Account Threat;Suspicious Link
benign_innocent_keywords_en_f04_002_7469b9,10,
scam_job_scam_en_f05_025_a553d4,10,
benign_personal_chat_bn_f07_001_2f04c7,10,
scam_loan_app_en_f07_024_095183,25,Suspicious Link
benign_bank_notification_banglish_f09_012_11e50d,10,
scam_fake_prize_bn_f07_023_a3037f,30,Unsolicited Prize / Reward
scam_wrong_transfer_bn_f02_013_58b88e,10,
scam_loan_app_en_f02_008_824ce4,35,Payment Request
scam_fake_prize_bn_f05_021_55476a,45,Suspicious Link;Unsolicited Prize / Reward
benign_bank_notification_en_f04_021_13d926,10,
scam_loan_app_banglish_f04_004_7f18a6,10,
benign_bank_notification_en_f05_032_979b94,10,
scam_kyc_block_bn_f07_016_98f7c3,45,Urgency Pressure;Suspicious Link
scam_remote_access_en_f04_023_688836,40,OTP Harvesting
scam_kyc_block_bn_f08_022_bfa328,45,Urgency Pressure;Suspicious Link
scam_wrong_transfer_bn_f08_007_53b444,30,Emotional Manipulation
scam_fake_prize_en_f05_001_871fba,30,Urgency Pressure
scam_job_scam_banglish_f02_024_5346af,35,Payment Request
benign_gen_advisory_en_f11_007_99cd15,10,
scam_fake_prize_banglish_f02_005_d5736a,45,Suspicious Link;Unsolicited Prize / Reward
scam_fake_prize_banglish_f01_020_689efe,55,Payment Request;Unsolicited Prize / Reward
benign_personal_chat_en_f08_027_1a46cc,10,
scam_kyc_block_banglish_f03_022_36da8c,50,Account Threat;Suspicious Link
scam_loan_app_en_f08_013_b2dacb,10,
scam_fake_agent_banglish_f06_006_8e6287,35,Authority Impersonation
scam_wrong_transfer_en_f03_002_aa8980,10,
scam_loan_app_bn_f06_010_36bbab,35,Payment Request
scam_job_scam_bn_f05_011_e11c4f,10,
benign_personal_chat_bn_f08_020_8bd43c,10,
scam_wrong_transfer_bn_f05_010_ff8d35,35,Payment Request
scam_fake_agent_banglish_f08_022_18df69,10,
scam_job_scam_banglish_f07_014_7cc565,10,
benign_otp_safety_banglish_f01_003_3e1302,10,
benign_bank_notification_bn_f08_018_10ae1a,10,
benign_otp_safety_en_f05_022_af1b4c,10,
benign_bank_notification_banglish_f06_017_f8a7a0,10,
benign_personal_chat_banglish_f03_024_31347e,10,
scam_kyc_block_en_f02_018_8278c2,70,Urgency Pressure;Account Threat;Suspicious Link
benign_bank_notification_bn_f05_020_a0cf24,10,
benign_personal_chat_banglish_f02_019_8fcdd4,10,
benign_bank_notification_en_f04_028_d59ad0,10,
benign_personal_chat_banglish_f10_011_151ff7,10,
scam_kyc_block_banglish_f05_010_78e830,25,Suspicious Link
benign_personal_chat_banglish_f09_008_1f4c69,10,
scam_kyc_block_en_f07_017_449eae,50,Account Threat;Suspicious Link
benign_personal_chat_en_f09_015_ef7c62,10,
scam_wrong_transfer_bn_f01_011_a397b8,55,Payment Request;Emotional Manipulation
scam_job_scam_en_f07_025_c48955,35,Payment Request
scam_job_scam_bn_f04_010_c1faee,35,Payment Request
benign_innocent_keywords_en_f03_025_801ee6,10,
benign_bank_notification_banglish_f09_003_67cad3,10,
benign_bank_notification_banglish_f08_025_a5568d,10,
scam_wrong_transfer_banglish_f05_004_cde2f5,10,
scam_job_scam_bn_f02_001_bb6003,35,Payment Request
benign_bank_notification_banglish_f01_028_825eb7,10,
scam_kyc_block_bn_f04_001_732954,25,Suspicious Link
scam_kyc_block_bn_f07_005_6fd580,45,Urgency Pressure;Suspicious Link
scam_job_scam_bn_f08_014_4a52b4,10,
scam_fake_agent_bn_f06_010_d5b04c,10,
scam_kyc_block_bn_f06_021_1dcd4f,25,Suspicious Link
scam_kyc_block_bn_f02_000_a4526b,50,Account Threat;Suspicious Link
benign_bank_notification_en_f09_012_f43142,10,
scam_fake_agent_bn_f02_007_36244a,65,OTP Harvesting;Authority Impersonation
scam_loan_app_bn_f03_010_8e3bb7,25,Suspicious Link
scam_fake_prize_en_f02_009_72cbeb,45,Suspicious Link;Unsolicited Prize / Reward
benign_bank_notification_en_f04_002_9a893f,10,
scam_loan_app_bn_f06_018_e691df,35,Payment Request
benign_gen_advisory_en_f11_019_d6ed78,10,
benign_personal_chat_bn_f04_026_1099d2,10,
benign_bank_notification_en_f07_009_18d0db,10,
scam_fake_agent_banglish_f02_012_5c6955,40,OTP Harvesting
scam_otp_harvest_en_f08_025_26f3f9,10,
benign_bank_notification_en_f02_015_c1be7e,10,
scam_fake_prize_bn_f01_025_af5781,55,Payment Request;Unsolicited Prize / Reward
benign_otp_safety_bn_f02_000_03afce,10,
benign_otp_safety_en_f05_000_659439,10,
benign_personal_chat_en_f05_009_64a546,10,
scam_otp_harvest_banglish_f01_002_58e3a0,65,Account Threat;OTP Harvesting
benign_bank_notification_banglish_f05_019_46e1a8,10,
benign_bank_notification_bn_f02_015_50bba4,10,
benign_personal_chat_bn_f09_018_00196c,10,
scam_fake_prize_en_f07_019_06a9ee,10,
benign_gen_advisory_banglish_f03_002_a7eef1,10,
benign_personal_chat_bn_f07_030_7b50c0,10,
benign_innocent_keywords_banglish_f12_000_0e42d9,10,
benign_innocent_keywords_en_f03_028_e90e33,10,
scam_loan_app_bn_f02_004_05d30a,35,Payment Request
benign_innocent_keywords_banglish_f06_014_b6205b,10,
scam_fake_prize_banglish_f01_010_efecde,55,Payment Request;Unsolicited Prize / Reward
scam_loan_app_bn_f07_026_1fb4f7,35,Payment Request
scam_job_scam_banglish_f03_001_7599b2,25,Suspicious Link
benign_personal_chat_banglish_f08_009_91ec26,10,
scam_fake_prize_bn_f02_001_c0f0ca,45,Suspicious Link;Unsolicited Prize / Reward
scam_wrong_transfer_bn_f04_018_603664,35,Account Threat
benign_personal_chat_en_f12_013_a09924,10,
scam_wrong_transfer_banglish_f01_013_ae6138,55,Payment Request;Emotional Manipulation
scam_remote_access_en_f06_024_30b28d,10,
scam_otp_harvest_banglish_f08_000_3f7b6b,30,Urgency Pressure
benign_otp_safety_en_f12_007_1e3515,10,
benign_bank_notification_banglish_f02_015_e10356,10,
benign_bank_notification_banglish_f12_017_138397,10,
scam_kyc_block_bn_f05_002_e591bf,25,Suspicious Link
scam_remote_access_banglish_f01_021_6cb4dc,40,OTP Harvesting
scam_fake_agent_en_f06_011_3e6a4e,10,
scam_remote_access_banglish_f03_002_41bdc8,10,
scam_kyc_block_bn_f02_014_989d43,50,Account Threat;Suspicious Link
benign_bank_notification_bn_f10_012_5108a3,10,
benign_gen_advisory_banglish_f09_008_3bc0b3,10,
scam_otp_harvest_en_f04_015_aca9cb,40,OTP Harvesting
benign_personal_chat_bn_f07_011_055299,10,
scam_wrong_transfer_bn_f07_018_d86710,10,
benign_personal_chat_en_f12_024_0f1876,10,
scam_wrong_transfer_banglish_f04_006_2bce38,35,Payment Request
scam_job_scam_bn_f07_001_7e08dd,25,Suspicious Link
scam_fake_prize_bn_f07_022_1d6b28,30,Unsolicited Prize / Reward
scam_job_scam_en_f02_005_e1678d,35,Payment Request
scam_remote_access_banglish_f02_006_9acbd2,40,OTP Harvesting
benign_bank_notification_banglish_f06_011_da0d52,10,
scam_wrong_transfer_banglish_f01_012_2f42d7,55,Payment Request;Emotional Manipulation
scam_wrong_transfer_bn_f04_024_919118,35,Account Threat
scam_loan_app_banglish_f07_007_e2e7ed,25,Suspicious Link
benign_bank_notification_en_f01_024_59b31b,10,
scam_fake_prize_bn_f06_016_646b77,10,
benign_personal_chat_en_f11_014_b88ca6,10,
scam_loan_app_en_f05_023_0f18aa,35,Payment Request
benign_bank_notification_bn_f02_032_ee996c,10,
benign_bank_notification_banglish_f01_030_085822,10,
benign_bank_notification_en_f08_021_08b42b,10,
scam_loan_app_en_f01_025_a7f1f2,10,
scam_kyc_block_en_f02_023_6c9a6b,70,Urgency Pressure;Account Threat;Suspicious Link
scam_wrong_transfer_banglish_f08_003_4ada61,35,Payment Request
scam_kyc_block_banglish_f03_004_471eb9,50,Account Threat;Suspicious Link
scam_loan_app_bn_f08_022_11721e,25,Suspicious Link
benign_gen_advisory_banglish_f07_015_cfcaaf,10,
scam_kyc_block_bn_f06_024_3127fa,25,Suspicious Link
benign_gen_advisory_banglish_f06_006_a636b9,10,
scam_remote_access_en_f06_010_cc6486,10,
scam_otp_harvest_en_f03_022_e57240,40,OTP Harvesting
scam_fake_agent_banglish_f07_005_53b27d,40,OTP Harvesting
benign_otp_safety_banglish_f03_002_bfa8b1,10,
benign_bank_notification_bn_f08_022_8a5821,10,
benign_otp_safety_banglish_f10_003_f8107c,10,
benign_bank_notification_en_f03_020_f86052,10,
benign_bank_notification_banglish_f11_001_2a3b86,10,
benign_bank_notification_banglish_f07_002_8a483a,10,
scam_kyc_block_banglish_f04_004_009832,25,Suspicious Link
benign_bank_notification_en_f12_004_4daf31,10,
benign_bank_notification_en_f11_025_e3a4ef,10,
scam_loan_app_en_f04_012_a79e6d,35,Payment Request
scam_kyc_block_en_f01_011_fa193c,70,Urgency Pressure;Account Threat;Suspicious Link
benign_otp_safety_banglish_f05_022_0cab38,10,
scam_job_scam_banglish_f06_002_673df8,35,Payment Request
scam_wrong_transfer_bn_f02_015_595059,10,
benign_innocent_keywords_bn_f12_029_10fb37,10,
scam_job_scam_bn_f03_012_4ff559,25,Suspicious Link
benign_gen_advisory_banglish_f12_010_084424,10,
scam_fake_agent_en_f03_000_421d7e,60,Urgency Pressure;OTP Harvesting
benign_otp_safety_banglish_f07_015_90228d,10,
scam_otp_harvest_bn_f02_000_f9deaf,10,
benign_otp_safety_en_f01_022_d03ed0,10,
benign_bank_notification_banglish_f06_023_f81d3c,10,
scam_loan_app_en_f02_019_c35e86,35,Payment Request
benign_bank_notification_banglish_f07_017_98c4ec,10,
scam_fake_agent_en_f07_009_f3603d,35,Account Threat
benign_otp_safety_bn_f06_030_2c8bf7,40,OTP Harvesting
scam_kyc_block_banglish_f08_005_328e65,25,Suspicious Link
scam_kyc_block_banglish_f08_007_5b8b15,25,Suspicious Link
scam_kyc_block_banglish_f03_019_4f487b,50,Account Threat;Suspicious Link
scam_loan_app_bn_f04_017_2d2e45,10,
benign_personal_chat_bn_f06_002_91cc6f,10,
scam_loan_app_en_f05_001_867437,35,Payment Request
scam_kyc_block_banglish_f03_009_9d8146,50,Account Threat;Suspicious Link
benign_otp_safety_banglish_f05_007_f7d0af,10,
scam_loan_app_en_f03_002_597595,50,Payment Request;Suspicious Link
benign_otp_safety_banglish_f04_028_aff67b,10,
benign_gen_advisory_bn_f02_000_db2778,35,Authority Impersonation
scam_fake_prize_banglish_f04_015_7460b3,30,Unsolicited Prize / Reward
benign_gen_advisory_banglish_f11_003_806deb,10,
benign_bank_notification_en_f02_013_9cef05,10,
benign_otp_safety_bn_f03_009_2369c4,10,
scam_otp_harvest_banglish_f04_004_9be0dc,30,Urgency Pressure
benign_gen_advisory_en_f03_001_132c23,10,
benign_gen_advisory_banglish_f03_000_67eae9,10,
scam_remote_access_banglish_f05_005_e4a9c6,40,OTP Harvesting
scam_job_scam_banglish_f08_026_da8ee8,25,Suspicious Link
scam_fake_agent_bn_f02_013_767219,65,OTP Harvesting;Authority Impersonation
benign_otp_safety_en_f08_002_6c5fb2,40,OTP Harvesting
benign_gen_advisory_banglish_f04_012_d14862,10,
scam_job_scam_bn_f06_000_933645,10,
benign_bank_notification_en_f12_021_893b23,10,
scam_otp_harvest_banglish_f05_004_bfa70f,40,OTP Harvesting
scam_kyc_block_banglish_f08_006_9f733e,50,Account Threat;Suspicious Link
benign_bank_notification_en_f07_025_8a4f2e,10,
scam_job_scam_banglish_f07_006_740ffa,10,
benign_personal_chat_en_f09_006_5d4064,10,
benign_bank_notification_bn_f02_020_0bc4ce,10,
scam_kyc_block_banglish_f08_008_5d2a84,50,Account Threat;Suspicious Link
benign_bank_notification_bn_f02_008_981324,10,
benign_otp_safety_bn_f02_001_2e6c92,10,
scam_wrong_transfer_banglish_f07_014_05c241,35,Payment Request
scam_kyc_block_en_f01_022_387dd7,70,Urgency Pressure;Account Threat;Suspicious Link
scam_job_scam_bn_f05_017_054e8a,10,
benign_personal_chat_bn_f11_003_063b76,10,
scam_fake_prize_bn_f06_017_4d3845,10,
benign_personal_chat_en_f09_026_fcfa1e,10,
benign_otp_safety_banglish_f07_005_260b54,10,
benign_bank_notification_en_f05_012_a34014,10,
benign_personal_chat_banglish_f08_010_4a185f,10,
scam_fake_prize_bn_f02_008_a82973,45,Suspicious Link;Unsolicited Prize / Reward
scam_wrong_transfer_bn_f01_024_d181d2,55,Payment Request;Emotional Manipulation
scam_kyc_block_banglish_f04_012_fe2699,25,Suspicious Link
scam_fake_agent_bn_f03_000_02a6f0,60,Account Threat;Authority Impersonation
scam_fake_prize_bn_f07_019_33b082,30,Unsolicited Prize / Reward
scam_remote_access_bn_f03_020_395728,10,
scam_loan_app_banglish_f07_022_48a274,25,Suspicious Link
benign_bank_notification_bn_f09_014_fea390,10,
benign_otp_safety_banglish_f02_006_1910f5,10,
scam_otp_harvest_banglish_f02_000_b102da,40,OTP Harvesting
benign_bank_notification_en_f03_009_ab0429,10,
scam_job_scam_en_f01_016_9e05f7,35,Payment Request
benign_personal_chat_bn_f12_019_cb69a5,10,
benign_bank_notification_bn_f11_026_765fdb,10,
benign_otp_safety_banglish_f02_003_1a1a49,10,
scam_kyc_block_banglish_f06_020_8f1115,25,Suspicious Link
benign_personal_chat_bn_f07_014_cf1488,10,
scam_wrong_transfer_bn_f06_008_18c5f9,30,Urgency Pressure
benign_bank_notification_en_f08_010_3b0f82,10,
benign_personal_chat_banglish_f10_000_6fbb75,10,
scam_fake_prize_banglish_f05_003_b8932b,25,Suspicious Link
scam_kyc_block_en_f04_023_66b61b,50,Account Threat;Suspicious Link
scam_fake_prize_banglish_f02_004_730640,45,Suspicious Link;Unsolicited Prize / Reward
benign_personal_chat_banglish_f01_004_9cf1a0,10,
benign_gen_advisory_banglish_f05_009_aad8cb,10,
scam_fake_agent_en_f08_012_4f5ad6,35,Authority Impersonation
benign_otp_safety_en_f01_001_65b2da,10,
scam_otp_harvest_banglish_f03_001_c7a054,35,Authority Impersonation
scam_loan_app_bn_f08_014_fe6d2d,25,Suspicious Link
scam_loan_app_banglish_f07_019_d9cea4,25,Suspicious Link
benign_otp_safety_banglish_f02_015_34cee6,10,
scam_kyc_block_en_f07_020_ddc401,50,Account Threat;Suspicious Link
benign_otp_safety_bn_f01_026_4badfe,10,
scam_fake_agent_bn_f01_011_234023,35,Authority Impersonation
scam_loan_app_banglish_f04_006_83b96b,10,
scam_loan_app_bn_f06_017_6d8c99,35,Payment Request
benign_innocent_keywords_bn_f02_013_92f83b,10,
benign_bank_notification_banglish_f12_025_36171e,10,
benign_bank_notification_en_f04_011_046a0b,10,
scam_fake_agent_banglish_f03_008_851e69,10,
benign_otp_safety_en_f08_018_73259d,40,OTP Harvesting
benign_gen_advisory_banglish_f12_005_fbb645,10,
scam_fake_prize_bn_f02_012_5389a8,45,Suspicious Link;Unsolicited Prize / Reward
scam_kyc_block_bn_f08_014_7751ad,45,Urgency Pressure;Suspicious Link
benign_innocent_keywords_en_f01_004_04717c,10,
scam_kyc_block_banglish_f07_016_8711ea,45,Urgency Pressure;Suspicious Link
scam_fake_agent_en_f01_024_e6d1a7,35,Account Threat
benign_personal_chat_en_f03_003_f51af2,10,
scam_wrong_transfer_bn_f04_000_736999,35,Account Threat
scam_job_scam_banglish_f03_024_a60af7,25,Suspicious Link
benign_personal_chat_bn_f11_001_cc733c,10,
scam_loan_app_banglish_f06_016_59db1d,35,Payment Request
scam_loan_app_bn_f04_021_2474f6,10,
scam_job_scam_bn_f01_011_bcbb29,10,
scam_fake_prize_bn_f05_011_dad450,45,Suspicious Link;Unsolicited Prize / Reward
benign_bank_notification_banglish_f05_003_a98233,10,
benign_gen_advisory_bn_f04_002_c3def7,10,
scam_kyc_block_en_f04_018_f1f386,50,Account Threat;Suspicious Link
scam_wrong_transfer_en_f04_024_1de045,35,Payment Request
benign_personal_chat_en_f02_021_f0fa9c,10,
scam_otp_harvest_en_f06_006_7656df,10,
scam_kyc_block_en_f01_010_7819d6,70,Urgency Pressure;Account Threat;Suspicious Link
scam_fake_prize_banglish_f01_014_110dcb,55,Payment Request;Unsolicited Prize / Reward
scam_fake_agent_banglish_f04_003_c04862,35,Account Threat
benign_bank_notification_en_f12_017_7cc754,10,
benign_personal_chat_en_f03_022_1bf6f2,10,
benign_personal_chat_bn_f08_001_4eade6,10,
benign_bank_notification_en_f12_033_190569,10,
benign_innocent_keywords_bn_f08_001_55db41,30,Urgency Pressure
benign_gen_advisory_en_f10_003_993ed0,10,
benign_bank_notification_banglish_f04_000_190deb,10,
scam_wrong_transfer_bn_f05_025_ca55b8,35,Payment Request
scam_job_scam_banglish_f06_019_d3bf4e,35,Payment Request
benign_bank_notification_en_f11_019_cfc71c,10,
benign_bank_notification_en_f02_022_eae75d,10,
scam_wrong_transfer_banglish_f06_008_06179b,10,
benign_personal_chat_en_f07_013_243371,10,
scam_otp_harvest_banglish_f08_023_759a9d,30,Urgency Pressure
scam_fake_prize_bn_f08_006_43cef8,10,
scam_fake_agent_en_f05_016_c6399d,10,
benign_bank_notification_banglish_f05_030_288b78,10,
benign_gen_advisory_en_f09_016_53cae0,10,
scam_loan_app_en_f04_001_91bbff,35,Payment Request
scam_remote_access_banglish_f06_002_9e9618,10,
benign_gen_advisory_banglish_f06_005_195919,10,
scam_job_scam_banglish_f08_017_ce61ea,25,Suspicious Link
scam_otp_harvest_banglish_f02_005_6531d2,40,OTP Harvesting
benign_personal_chat_banglish_f02_013_88604f,10,
scam_otp_harvest_banglish_f01_004_d600eb,40,OTP Harvesting
scam_loan_app_bn_f03_023_53f849,25,Suspicious Link
scam_otp_harvest_banglish_f02_008_18cfcb,40,OTP Harvesting
benign_bank_notification_bn_f06_011_ca31fe,10,
scam_fake_prize_en_f07_017_d385b6,10,
benign_otp_safety_banglish_f01_000_7f8c75,10,
scam_loan_app_bn_f02_000_d53083,35,Payment Request
scam_kyc_block_bn_f01_005_cfb5d1,45,Urgency Pressure;Suspicious Link
benign_bank_notification_bn_f11_030_9f21bd,10,
scam_fake_prize_banglish_f08_025_001cdb,10,
benign_bank_notification_en_f08_004_f67896,10,
scam_fake_agent_bn_f07_011_255813,10,
benign_innocent_keywords_banglish_f04_012_596830,10,
scam_wrong_transfer_bn_f08_018_b4e13e,30,Emotional Manipulation
benign_otp_safety_en_f06_032_6b095b,10,
benign_otp_safety_banglish_f07_004_64e7b6,10,
scam_kyc_block_banglish_f04_025_4cd6a7,25,Suspicious Link
scam_otp_harvest_banglish_f02_012_48ee57,40,OTP Harvesting
scam_otp_harvest_en_f05_007_7be71a,25,Suspicious Link
benign_bank_notification_en_f07_013_e2b5d3,10,
scam_loan_app_en_f07_015_ef64aa,25,Suspicious Link
scam_loan_app_bn_f07_017_38ed5a,35,Payment Request
benign_bank_notification_banglish_f02_010_3a6259,10,
benign_bank_notification_banglish_f02_012_020f0b,10,
scam_fake_agent_banglish_f03_019_c61c7f,10,
scam_wrong_transfer_bn_f06_002_0d0c7f,30,Urgency Pressure
scam_loan_app_en_f05_018_3e10e0,35,Payment Request
benign_bank_notification_bn_f01_001_bb766b,10,
benign_innocent_keywords_banglish_f03_000_a9a209,10,
scam_fake_prize_en_f06_006_1f83c9,55,Suspicious Link;OTP Harvesting
benign_otp_safety_banglish_f07_003_dc9e39,10,
benign_personal_chat_banglish_f08_001_f49215,10,
scam_wrong_transfer_en_f03_010_f39c0d,10,
benign_bank_notification_banglish_f08_000_e61ab6,10,
benign_bank_notification_en_f05_000_099fff,10,
scam_wrong_transfer_banglish_f08_011_b3ef96,35,Payment Request
scam_job_scam_bn_f01_004_d95e54,10,
benign_personal_chat_banglish_f07_009_b3b1fe,10,
scam_kyc_block_en_f01_021_39c9e4,70,Urgency Pressure;Account Threat;Suspicious Link
benign_personal_chat_banglish_f02_016_66395b,10,
benign_bank_notification_en_f06_024_804ffd,10,
benign_bank_notification_bn_f08_029_16e177,10,
scam_fake_prize_banglish_f08_017_daadc0,10,
scam_wrong_transfer_bn_f05_022_608804,35,Payment Request
scam_kyc_block_en_f04_012_12ae92,50,Account Threat;Suspicious Link
scam_kyc_block_bn_f01_024_8549cb,45,Urgency Pressure;Suspicious Link
benign_personal_chat_bn_f10_009_aa31c1,10,
scam_kyc_block_banglish_f05_013_295c5c,25,Suspicious Link
scam_fake_agent_banglish_f07_010_47ec64,40,OTP Harvesting
scam_fake_agent_en_f06_013_4f3e75,10,
scam_fake_agent_banglish_f05_003_b0a69d,10,
scam_kyc_block_banglish_f07_000_74e3d3,45,Urgency Pressure;Suspicious Link
scam_fake_agent_banglish_f08_008_c4abad,10,
benign_bank_notification_banglish_f04_010_57aebe,10,
benign_otp_safety_en_f04_002_895665,10,
benign_personal_chat_banglish_f12_003_f01ba9,10,
benign_personal_chat_banglish_f06_006_280fc6,10,
benign_otp_safety_en_f12_018_14eafe,10,
benign_personal_chat_en_f08_002_9d0c6b,10,
benign_bank_notification_banglish_f03_026_4cd26a,10,
benign_personal_chat_banglish_f09_013_064431,10,
scam_job_scam_banglish_f04_025_27485a,35,Payment Request
scam_fake_prize_en_f07_003_aa8c09,10,
benign_innocent_keywords_banglish_f12_020_358e2c,10,
benign_innocent_keywords_en_f01_019_0ed117,10,
benign_innocent_keywords_en_f05_001_527ece,10,
scam_remote_access_banglish_f02_001_75972c,40,OTP Harvesting
benign_personal_chat_en_f04_025_c2a7a8,10,
scam_otp_harvest_banglish_f01_011_5e45d5,65,Account Threat;OTP Harvesting
benign_innocent_keywords_banglish_f03_002_8a2c54,10,
benign_bank_notification_bn_f10_004_0def1a,10,
scam_remote_access_banglish_f01_013_576044,40,OTP Harvesting
scam_remote_access_banglish_f02_011_ad182b,40,OTP Harvesting
scam_wrong_transfer_en_f08_019_c6458c,10,
scam_job_scam_en_f01_010_72392d,35,Payment Request
scam_wrong_transfer_en_f08_008_1a3ede,10,
scam_loan_app_en_f05_014_b7e4e6,35,Payment Request
scam_fake_agent_en_f05_024_5a6ce7,10,
scam_fake_prize_banglish_f08_003_e8d64f,10,
benign_bank_notification_banglish_f11_008_91abbb,10,
benign_bank_notification_banglish_f09_029_82433f,10,
scam_wrong_transfer_banglish_f05_002_12997f,10,
scam_fake_prize_bn_f05_009_bf7ffa,45,Suspicious Link;Unsolicited Prize / Reward
benign_innocent_keywords_bn_f01_026_2548d9,10,
scam_loan_app_bn_f07_021_3eac04,35,Payment Request
scam_kyc_block_en_f02_016_c5093a,70,Urgency Pressure;Account Threat;Suspicious Link
scam_wrong_transfer_bn_f07_015_29d9ac,10,
scam_loan_app_bn_f08_009_259590,25,Suspicious Link
scam_fake_agent_bn_f02_019_deebfb,65,OTP Harvesting;Authority Impersonation
benign_innocent_keywords_banglish_f05_006_71e66f,30,Urgency Pressure
scam_kyc_block_en_f08_011_955599,70,Urgency Pressure;Account Threat;Suspicious Link
scam_kyc_block_banglish_f02_023_a15fc7,70,Urgency Pressure;Account Threat;Suspicious Link
benign_otp_safety_bn_f04_018_9d8148,10,
scam_wrong_transfer_bn_f02_016_f22984,10,
scam_loan_app_banglish_f01_023_9eb494,35,Payment Request
benign_bank_notification_bn_f09_022_aa1259,10,
scam_otp_harvest_en_f03_001_ef9384,40,OTP Harvesting
scam_otp_harvest_en_f06_013_60154f,10,
scam_wrong_transfer_banglish_f05_021_753b66,10,
benign_bank_notification_banglish_f08_001_e52979,10,
scam_fake_prize_en_f03_004_0bf5ea,35,Payment Request
benign_personal_chat_banglish_f06_019_f26dc1,10,
scam_remote_access_banglish_f06_007_e769b9,10,
benign_innocent_keywords_banglish_f01_023_520557,10,
benign_personal_chat_en_f07_007_da8d12,10,
benign_bank_notification_en_f10_005_8d29e1,10,
scam_fake_prize_banglish_f02_000_41ff2c,45,Suspicious Link;Unsolicited Prize / Reward
benign_bank_notification_bn_f07_018_c5b8b0,10,
benign_bank_notification_banglish_f01_025_d96b39,10,
benign_gen_advisory_bn_f13_009_a1ebcf,10,
scam_job_scam_en_f08_016_445f5d,35,Payment Request
scam_loan_app_banglish_f01_012_5d3ea8,35,Payment Request
benign_bank_notification_bn_f07_000_8b4f12,10,
benign_bank_notification_en_f10_008_17349b,10,
scam_fake_agent_en_f01_006_d70f2f,35,Account Threat
scam_job_scam_bn_f06_020_4bd22f,10,
scam_loan_app_banglish_f05_005_98ac9f,35,Payment Request
scam_fake_prize_en_f07_014_9bc672,10,
benign_otp_safety_bn_f01_003_250b67,10,
benign_gen_advisory_bn_f10_002_89e9c6,10,
benign_personal_chat_banglish_f06_000_6b9678,10,
benign_innocent_keywords_banglish_f02_001_084a24,10,
benign_bank_notification_en_f04_027_be9ee2,10,
benign_innocent_keywords_banglish_f03_021_456f4e,10,
scam_loan_app_en_f04_016_83dd8e,35,Payment Request
benign_bank_notification_en_f03_025_eea984,10,
scam_fake_prize_bn_f02_020_62d8ba,45,Suspicious Link;Unsolicited Prize / Reward
scam_kyc_block_banglish_f03_014_5dd67f,50,Account Threat;Suspicious Link
benign_bank_notification_bn_f03_027_1063ab,10,
scam_fake_prize_en_f05_012_65b043,30,Urgency Pressure
scam_loan_app_banglish_f08_001_c2a39c,35,Payment Request
benign_otp_safety_bn_f10_016_fea838,10,
scam_otp_harvest_en_f03_011_fa3c0a,40,OTP Harvesting
scam_fake_prize_banglish_f02_010_1ac2c4,45,Suspicious Link;Unsolicited Prize / Reward
scam_remote_access_en_f01_001_e71869,40,OTP Harvesting
benign_personal_chat_en_f02_005_70a363,10,
benign_bank_notification_banglish_f09_009_0aef6b,10,
benign_bank_notification_bn_f10_009_1a0b04,10,
scam_job_scam_banglish_f02_014_573950,35,Payment Request
scam_wrong_transfer_bn_f05_017_76d8b0,35,Payment Request
benign_gen_advisory_banglish_f05_002_8d9eff,10,
benign_innocent_keywords_en_f05_026_d3d4f2,10,
benign_otp_safety_bn_f02_014_03afce,10,
benign_innocent_keywords_banglish_f08_000_613bce,10,
scam_remote_access_banglish_f01_001_66edd2,40,OTP Harvesting
scam_kyc_block_en_f01_020_18e166,70,Urgency Pressure;Account Threat;Suspicious Link
benign_gen_advisory_banglish_f09_012_da83ed,10,
benign_personal_chat_bn_f12_035_f3b6ad,10,
scam_fake_prize_bn_f04_008_6c0546,35,Payment Request
benign_bank_notification_banglish_f01_010_4ecbb6,10,
scam_remote_access_en_f06_005_a5d38e,10,
benign_otp_safety_en_f08_019_3ea628,40,OTP Harvesting
benign_personal_chat_banglish_f07_013_b531c6,10,
scam_fake_agent_banglish_f08_012_945ac3,10,
scam_kyc_block_bn_f01_025_30862f,45,Urgency Pressure;Suspicious Link
scam_loan_app_bn_f05_021_3bcc05,35,Payment Request
scam_job_scam_banglish_f04_018_4c16b4,35,Payment Request
benign_otp_safety_banglish_f01_029_63f1d4,10,
benign_bank_notification_banglish_f08_031_584afd,10,
benign_personal_chat_bn_f02_022_f4f2d2,10,
scam_loan_app_en_f06_019_ad8f97,55,Urgency Pressure;Payment Request
scam_remote_access_bn_f06_001_7bc39f,10,
scam_wrong_transfer_banglish_f05_001_1bad1f,10,
benign_bank_notification_bn_f06_031_c6d125,10,
scam_fake_prize_en_f04_015_a4d18b,35,Payment Request
scam_fake_prize_en_f03_017_03a1e1,35,Payment Request
scam_job_scam_en_f04_013_304bcf,50,Payment Request;Suspicious Link
benign_gen_advisory_en_f12_002_9769f1,10,
benign_bank_notification_en_f06_014_c66f0f,10,
benign_bank_notification_en_f03_001_7b0020,10,
scam_otp_harvest_bn_f06_019_ebfa5b,55,Suspicious Link;OTP Harvesting
scam_job_scam_banglish_f04_006_289dc6,35,Payment Request
benign_personal_chat_en_f11_027_94f6fc,10,
scam_fake_agent_banglish_f06_009_bfa576,35,Authority Impersonation
benign_bank_notification_bn_f10_013_6e6b24,10,
benign_otp_safety_banglish_f02_002_f2371c,10,
scam_job_scam_en_f03_001_260643,35,Payment Request
scam_fake_prize_en_f01_001_b4e439,55,Payment Request;Unsolicited Prize / Reward
benign_gen_advisory_en_f06_014_19c6df,10,
benign_bank_notification_en_f07_028_4801b7,10,
scam_job_scam_banglish_f03_016_da4e43,25,Suspicious Link
benign_personal_chat_banglish_f05_006_fd6fae,10,
benign_personal_chat_en_f08_030_ff35c0,10,
benign_bank_notification_banglish_f05_020_9e4d3b,10,
benign_personal_chat_banglish_f07_015_c14194,10,
benign_gen_advisory_banglish_f12_014_4e6383,10,
benign_bank_notification_bn_f08_032_455b94,10,
benign_gen_advisory_banglish_f07_001_d13f45,10,
benign_gen_advisory_banglish_f02_019_46d29e,10,
scam_fake_agent_en_f07_026_c1a909,35,Account Threat
scam_loan_app_banglish_f03_017_737b74,25,Suspicious Link
benign_bank_notification_banglish_f05_029_a6774b,10,
scam_loan_app_banglish_f05_016_1a4b9a,10,
scam_loan_app_banglish_f03_007_4c10ac,25,Suspicious Link
benign_otp_safety_banglish_f06_031_bd76c7,10,
benign_personal_chat_banglish_f05_016_006466,10,
benign_personal_chat_en_f01_017_5de4a2,10,
scam_loan_app_banglish_f06_021_f2de02,35,Payment Request
scam_fake_agent_en_f01_018_82bf20,35,Account Threat
scam_otp_harvest_en_f02_016_13eec7,40,OTP Harvesting
benign_bank_notification_bn_f06_026_e1ea21,10,
scam_remote_access_en_f06_008_64a111,10,
scam_loan_app_bn_f07_015_c6d8ff,35,Payment Request
benign_personal_chat_en_f03_014_b626af,10,
scam_fake_prize_banglish_f08_005_358293,10,
scam_kyc_block_en_f06_019_d1148e,70,Urgency Pressure;Account Threat;Suspicious Link
benign_otp_safety_banglish_f09_019_b9cbe6,10,
scam_loan_app_en_f03_020_ba7eaf,50,Payment Request;Suspicious Link
scam_fake_agent_en_f08_007_600045,35,Authority Impersonation
benign_bank_notification_bn_f12_030_ef4a2a,10,
benign_personal_chat_en_f03_005_c2fbcf,10,
scam_fake_prize_en_f02_013_bfcacc,45,Suspicious Link;Unsolicited Prize / Reward
benign_bank_notification_en_f10_011_8bbe69,10,
scam_fake_prize_en_f02_001_771cd0,45,Suspicious Link;Unsolicited Prize / Reward
scam_job_scam_en_f01_023_836b96,35,Payment Request
benign_otp_safety_bn_f03_033_264d45,10,
benign_personal_chat_banglish_f10_024_fb1288,10,
benign_bank_notification_banglish_f05_012_1cdede,10,
benign_bank_notification_bn_f07_019_ccec48,10,
scam_wrong_transfer_bn_f06_022_7a1f41,30,Urgency Pressure
scam_wrong_transfer_bn_f08_024_8b7e95,30,Emotional Manipulation
scam_kyc_block_en_f05_010_4f0397,25,Suspicious Link
benign_bank_notification_bn_f01_019_b0e8ee,10,
scam_kyc_block_banglish_f02_021_165839,70,Urgency Pressure;Account Threat;Suspicious Link
benign_otp_safety_en_f12_010_bdc65c,10,
benign_personal_chat_en_f05_029_84f4f2,10,
scam_kyc_block_bn_f02_016_b7981c,50,Account Threat;Suspicious Link
scam_fake_prize_banglish_f06_025_dccade,30,Unsolicited Prize / Reward
benign_personal_chat_en_f07_027_d13b9e,10,
benign_otp_safety_en_f04_006_9e322b,10,
scam_wrong_transfer_en_f06_006_7c1f14,10,
benign_otp_safety_en_f02_026_fdd719,10,
scam_fake_prize_en_f07_007_4e1f92,10,
scam_otp_harvest_en_f08_022_681393,10,
benign_innocent_keywords_banglish_f12_001_95962c,10,
benign_personal_chat_banglish_f10_008_42308c,10,
benign_bank_notification_banglish_f10_017_c5cc37,10,
scam_wrong_transfer_bn_f04_023_8e0081,35,Account Threat
benign_personal_chat_en_f09_000_1618cb,10,
scam_job_scam_bn_f07_013_a83666,25,Suspicious Link
scam_fake_prize_bn_f08_016_56ccf5,10,
scam_wrong_transfer_bn_f07_023_d71c7f,10,
scam_fake_prize_banglish_f01_022_118c8d,55,Payment Request;Unsolicited Prize / Reward
scam_fake_agent_en_f08_018_3f6f17,35,Authority Impersonation
benign_personal_chat_en_f05_014_9e8a64,10,
scam_fake_agent_bn_f08_010_f939e6,10,
scam_wrong_transfer_en_f07_022_db5280,10,
scam_fake_prize_bn_f08_017_b968ae,10,
benign_gen_advisory_en_f06_008_b502c9,10,
scam_fake_prize_en_f03_021_f58889,35,Payment Request
benign_innocent_keywords_banglish_f02_000_77e75f,10,
scam_remote_access_bn_f03_003_52f336,10,
scam_otp_harvest_en_f05_016_f41148,25,Suspicious Link
benign_bank_notification_en_f04_033_973fde,10,
benign_bank_notification_en_f10_004_9b7b6f,10,
scam_fake_prize_banglish_f04_010_aa3a9f,30,Unsolicited Prize / Reward
scam_fake_prize_en_f05_019_801c82,30,Urgency Pressure
benign_bank_notification_bn_f02_012_c053a8,10,
scam_loan_app_bn_f08_019_e7034e,25,Suspicious Link
scam_fake_prize_bn_f08_001_6c060d,10,
scam_kyc_block_banglish_f02_013_097069,70,Urgency Pressure;Account Threat;Suspicious Link
scam_fake_agent_banglish_f06_020_e36fd1,35,Authority Impersonation
benign_personal_chat_bn_f05_006_462a5b,10,
scam_job_scam_en_f05_017_c55a6d,10,
scam_wrong_transfer_en_f06_004_cefec4,10,
scam_wrong_transfer_banglish_f07_017_31bdf4,35,Payment Request
benign_personal_chat_bn_f07_005_a3476e,10,
scam_loan_app_bn_f03_003_c9c001,25,Suspicious Link
benign_innocent_keywords_banglish_f07_002_0069aa,10,
benign_gen_advisory_bn_f14_002_584fc3,30,Urgency Pressure
scam_otp_harvest_bn_f01_006_872901,40,OTP Harvesting
scam_kyc_block_en_f04_008_bf56a1,50,Account Threat;Suspicious Link
benign_innocent_keywords_banglish_f02_012_dd7563,10,
scam_wrong_transfer_en_f03_014_371823,10,
scam_kyc_block_banglish_f04_007_ee7f61,25,Suspicious Link
benign_bank_notification_en_f12_002_304c56,10,
benign_gen_advisory_bn_f05_005_6a1be9,10,
scam_fake_prize_bn_f05_015_8075ff,45,Suspicious Link;Unsolicited Prize / Reward
benign_gen_advisory_en_f09_007_250f30,10,
benign_innocent_keywords_banglish_f04_015_918cb7,10,
scam_wrong_transfer_bn_f03_023_8d27c6,35,Payment Request
benign_gen_advisory_banglish_f11_018_806152,10,
scam_loan_app_en_f07_002_95b405,25,Suspicious Link
benign_bank_notification_en_f12_031_c21fe0,10,
benign_bank_notification_bn_f01_030_30a0af,10,
scam_fake_agent_en_f03_017_64a3d7,60,Urgency Pressure;OTP Harvesting
benign_personal_chat_en_f04_009_1994a9,10,
scam_fake_prize_bn_f03_021_9465af,55,Payment Request;Unsolicited Prize / Reward
benign_gen_advisory_banglish_f08_003_4b84f1,10,
benign_bank_notification_en_f07_015_7f7958,10,
benign_personal_chat_en_f02_011_ebf062,10,
scam_loan_app_banglish_f08_013_e3c91d,35,Payment Request
scam_fake_prize_bn_f07_017_d2c7dd,30,Unsolicited Prize / Reward
benign_otp_safety_banglish_f04_005_ff2b34,10,
benign_bank_notification_en_f10_031_3a4986,10,
scam_job_scam_en_f05_002_1128bc,10,
scam_job_scam_banglish_f05_001_66521b,10,
benign_personal_chat_banglish_f07_020_4ad827,10,
benign_bank_notification_bn_f03_006_9bebca,10,
scam_wrong_transfer_bn_f06_005_7d5f71,30,Urgency Pressure
benign_otp_safety_banglish_f04_001_071215,10,
benign_personal_chat_banglish_f09_002_2dbfcc,10,
benign_otp_safety_bn_f07_008_877013,10,
scam_otp_harvest_en_f08_017_dec780,10,
scam_fake_prize_bn_f01_023_420d81,55,Payment Request;Unsolicited Prize / Reward
scam_fake_prize_bn_f06_005_e97b36,10,
benign_otp_safety_banglish_f12_016_fb330e,40,OTP Harvesting
benign_bank_notification_en_f09_006_df1595,10,
benign_personal_chat_bn_f03_030_1ce68c,10,
scam_remote_access_en_f06_000_c4626c,10,
scam_fake_prize_en_f08_010_7d3756,10,
benign_personal_chat_en_f05_024_6fed46,10,
benign_innocent_keywords_banglish_f06_010_414c51,10,
benign_otp_safety_en_f03_006_3d75e0,10,
scam_fake_agent_bn_f02_000_ee64bf,65,OTP Harvesting;Authority Impersonation
benign_personal_chat_banglish_f11_023_e10089,10,
scam_fake_prize_en_f06_001_f67ff8,55,Suspicious Link;OTP Harvesting
benign_innocent_keywords_en_f06_024_1bf121,10,
scam_otp_harvest_banglish_f07_021_778042,10,
scam_loan_app_bn_f07_005_47a55b,35,Payment Request
scam_wrong_transfer_banglish_f02_008_750f3b,55,Payment Request;Emotional Manipulation
benign_otp_safety_bn_f03_008_2a8094,10,
scam_fake_agent_en_f06_016_dec82a,10,
benign_personal_chat_en_f12_026_05a0de,10,
scam_kyc_block_en_f07_016_581079,50,Account Threat;Suspicious Link
scam_otp_harvest_en_f01_008_0834bf,40,OTP Harvesting
benign_bank_notification_bn_f12_000_bf4da7,10,
benign_gen_advisory_banglish_f11_015_8eaded,10,
scam_otp_harvest_banglish_f01_013_f6d2a3,65,Account Threat;OTP Harvesting
scam_wrong_transfer_bn_f06_000_a25ce6,30,Urgency Pressure
scam_fake_prize_bn_f03_009_1e0160,55,Payment Request;Unsolicited Prize / Reward
scam_fake_prize_en_f01_014_800681,55,Payment Request;Unsolicited Prize / Reward
scam_otp_harvest_bn_f01_001_594249,40,OTP Harvesting
benign_personal_chat_bn_f05_000_9d06fe,10,
scam_fake_agent_bn_f03_010_b22dc1,60,Account Threat;Authority Impersonation
benign_innocent_keywords_en_f12_003_0265c4,10,
scam_wrong_transfer_banglish_f06_014_6295ca,10,
scam_otp_harvest_en_f03_003_e9d4c9,40,OTP Harvesting
scam_kyc_block_en_f05_024_a2607f,25,Suspicious Link
benign_personal_chat_en_f04_021_a8cb8f,10,
scam_kyc_block_banglish_f08_024_0ca026,25,Suspicious Link
scam_fake_prize_bn_f02_016_41ca2b,45,Suspicious Link;Unsolicited Prize / Reward
scam_wrong_transfer_en_f02_019_99c23b,35,Payment Request
benign_gen_advisory_banglish_f03_003_27ac9d,10,
scam_otp_harvest_banglish_f02_013_e6f371,40,OTP Harvesting
benign_bank_notification_en_f07_027_13eb1c,10,
benign_bank_notification_banglish_f07_005_43b293,10,
benign_personal_chat_bn_f10_004_1caf78,10,
scam_wrong_transfer_bn_f03_008_69bb90,35,Payment Request
scam_fake_agent_en_f07_005_348a34,35,Account Threat
scam_fake_prize_bn_f04_021_8defd5,35,Payment Request
benign_bank_notification_en_f03_033_e99e74,10,
scam_wrong_transfer_bn_f04_001_e0591e,35,Account Threat
scam_job_scam_bn_f05_006_76ce93,10,
benign_personal_chat_banglish_f05_031_ebb32b,10,
benign_otp_safety_en_f04_012_9911d7,10,
scam_wrong_transfer_banglish_f05_022_ca00cf,10,
scam_job_scam_bn_f04_001_628efe,35,Payment Request
benign_bank_notification_en_f05_010_1c8601,10,
benign_innocent_keywords_banglish_f01_031_9352e5,10,
scam_loan_app_en_f08_023_a0e045,10,
benign_innocent_keywords_en_f07_016_1e41f8,10,
benign_bank_notification_bn_f03_028_039638,10,
benign_personal_chat_en_f01_001_e4e15b,10,
benign_gen_advisory_banglish_f06_000_545b7d,10,
benign_personal_chat_banglish_f10_028_263c36,10,
benign_innocent_keywords_banglish_f11_003_6ea6f2,10,
scam_kyc_block_bn_f05_003_de927f,25,Suspicious Link
benign_innocent_keywords_bn_f06_006_afbee5,10,
benign_gen_advisory_en_f09_008_a44f7e,10,
benign_bank_notification_en_f12_025_8aa661,10,
scam_otp_harvest_banglish_f02_014_f4c077,40,OTP Harvesting
benign_innocent_keywords_en_f09_020_9a043a,35,Payment Request
benign_gen_advisory_bn_f08_003_d0efc0,10,
scam_wrong_transfer_banglish_f07_026_26a77a,35,Payment Request
scam_fake_prize_en_f02_022_eacfea,45,Suspicious Link;Unsolicited Prize / Reward
scam_fake_agent_bn_f08_020_405676,10,
benign_gen_advisory_bn_f08_001_beca3a,10,
benign_bank_notification_banglish_f04_027_20beb3,10,
benign_innocent_keywords_en_f09_006_bd276e,35,Payment Request
benign_gen_advisory_en_f09_001_ce101a,10,
benign_bank_notification_banglish_f09_028_725e22,10,
benign_personal_chat_en_f04_000_63093b,10,
scam_loan_app_bn_f04_019_895e65,10,
scam_kyc_block_en_f08_007_5d7a81,70,Urgency Pressure;Account Threat;Suspicious Link
scam_fake_agent_banglish_f03_016_e353e5,10,
scam_loan_app_bn_f04_008_621499,10,
benign_gen_advisory_bn_f12_001_1baf31,10,
benign_innocent_keywords_en_f11_000_223df5,10,
benign_bank_notification_banglish_f07_018_4ac1eb,10,
scam_otp_harvest_banglish_f04_010_d091e8,30,Urgency Pressure
benign_personal_chat_banglish_f01_024_0b97b7,10,
scam_fake_prize_bn_f08_022_61e3bc,10,
benign_innocent_keywords_banglish_f12_011_3d21d6,10,
scam_otp_harvest_en_f03_025_ef9384,40,OTP Harvesting
scam_fake_agent_banglish_f02_024_0a1752,40,OTP Harvesting
scam_kyc_block_banglish_f08_012_513d9f,25,Suspicious Link
benign_gen_advisory_banglish_f06_017_c2bf2c,10,
benign_bank_notification_en_f12_024_644ddd,10,
scam_wrong_transfer_banglish_f05_015_59016d,10,
benign_otp_safety_bn_f07_000_877013,10,
benign_innocent_keywords_banglish_f09_011_4dbf00,60,Account Threat;Payment Request
scam_wrong_transfer_en_f03_023_3a7bcf,10,
scam_loan_app_bn_f06_015_d76656,35,Payment Request
scam_fake_prize_en_f06_007_6813e6,55,Suspicious Link;OTP Harvesting
benign_bank_notification_banglish_f10_021_6a106f,10,
scam_otp_harvest_bn_f02_010_a88e42,10,
scam_job_scam_banglish_f04_000_82aea6,35,Payment Request
scam_job_scam_en_f08_001_b6f3fa,35,Payment Request
scam_fake_prize_en_f01_008_290c37,55,Payment Request;Unsolicited Prize / Reward
scam_job_scam_bn_f08_000_ced1e8,10,
scam_fake_prize_bn_f05_007_42b7d7,45,Suspicious Link;Unsolicited Prize / Reward
benign_personal_chat_bn_f04_011_ecfe7d,10,
scam_otp_harvest_en_f02_014_d818ad,10,
scam_wrong_transfer_en_f04_016_ff2869,35,Payment Request
scam_wrong_transfer_en_f01_018_81180e,35,Payment Request
scam_loan_app_en_f07_004_7150ba,25,Suspicious Link
scam_fake_prize_bn_f03_019_acd504,55,Payment Request;Unsolicited Prize / Reward
benign_gen_advisory_bn_f13_000_5605c1,10,
benign_bank_notification_bn_f07_030_e77bc3,10,
scam_fake_prize_en_f05_021_9f7ce8,30,Urgency Pressure
benign_bank_notification_en_f02_031_727b20,10,
scam_fake_agent_banglish_f03_010_aba2d3,10,
scam_job_scam_bn_f04_016_ce8ccd,35,Payment Request
scam_job_scam_banglish_f08_020_571421,25,Suspicious Link
scam_loan_app_banglish_f04_009_97b831,10,
scam_loan_app_bn_f03_012_bb654e,25,Suspicious Link
benign_otp_safety_banglish_f05_006_973ba9,10,
scam_fake_prize_bn_f04_011_229884,35,Payment Request
scam_fake_agent_bn_f04_011_44faaa,35,Authority Impersonation
scam_fake_prize_bn_f01_014_fceeb9,55,Payment Request;Unsolicited Prize / Reward
benign_gen_advisory_bn_f01_007_842926,10,
scam_job_scam_en_f06_019_d7e2eb,25,Suspicious Link
scam_fake_agent_en_f01_007_ed8211,35,Account Threat
scam_loan_app_bn_f08_017_fd144e,25,Suspicious Link
benign_personal_chat_banglish_f06_015_b81bf3,10,
benign_otp_safety_en_f05_020_af1b4c,10,
scam_job_scam_en_f01_020_4da73b,35,Payment Request
scam_fake_prize_en_f02_015_b8ecdf,45,Suspicious Link;Unsolicited Prize / Reward
scam_fake_prize_bn_f04_000_af51e9,35,Payment Request
scam_wrong_transfer_banglish_f08_027_7e4368,35,Payment Request
benign_bank_notification_en_f12_032_626e22,10,
scam_wrong_transfer_bn_f03_005_a35142,35,Payment Request
scam_fake_prize_banglish_f01_006_e67dbd,55,Payment Request;Unsolicited Prize / Reward
scam_otp_harvest_bn_f02_024_bf059d,10,
benign_bank_notification_banglish_f08_022_9f2eff,10,
benign_personal_chat_bn_f01_018_4329ba,10,
scam_otp_harvest_banglish_f04_016_883653,30,Urgency Pressure
benign_personal_chat_bn_f09_010_82c5a0,10,
scam_loan_app_en_f01_008_eb135f,10,
scam_wrong_transfer_en_f08_004_c90280,10,
benign_gen_advisory_banglish_f05_019_1f1612,10,
scam_kyc_block_bn_f07_012_e5ee30,45,Urgency Pressure;Suspicious Link
scam_job_scam_banglish_f07_017_e56524,10,
scam_wrong_transfer_bn_f04_003_d83ea9,35,Account Threat
benign_bank_notification_banglish_f04_003_05872c,10,
benign_personal_chat_banglish_f07_018_fff41f,10,
benign_personal_chat_en_f08_022_cbc8ce,10,
scam_job_scam_en_f08_018_840151,35,Payment Request
benign_personal_chat_en_f10_034_3062c8,10,
scam_fake_prize_bn_f04_016_99a857,35,Payment Request
scam_kyc_block_bn_f06_008_69b777,25,Suspicious Link
scam_wrong_transfer_en_f01_016_d4269a,35,Payment Request
scam_fake_agent_banglish_f06_021_155bb8,35,Authority Impersonation
benign_personal_chat_bn_f10_000_af5ffc,10,
scam_otp_harvest_en_f06_004_7656df,10,
benign_personal_chat_bn_f01_027_5767c1,10,
scam_loan_app_en_f07_019_c1e788,25,Suspicious Link
scam_fake_agent_en_f04_023_2bbcc7,10,
benign_bank_notification_en_f01_033_4bbfce,10,
scam_kyc_block_banglish_f06_005_980cdc,25,Suspicious Link
scam_loan_app_bn_f05_024_4f95e5,35,Payment Request
scam_loan_app_bn_f08_007_432411,25,Suspicious Link
benign_personal_chat_en_f04_017_1acadc,10,
benign_otp_safety_bn_f07_001_0e8103,10,
scam_kyc_block_banglish_f05_006_209711,25,Suspicious Link
benign_personal_chat_bn_f04_022_08b599,10,
benign_otp_safety_banglish_f09_005_6339f4,10,
scam_remote_access_bn_f03_000_7a5cda,10,
scam_otp_harvest_en_f01_001_69334c,40,OTP Harvesting
scam_fake_prize_banglish_f05_001_1fb59e,25,Suspicious Link
scam_fake_agent_bn_f08_004_70cd4e,10,
benign_innocent_keywords_en_f08_007_d78dd8,10,
benign_personal_chat_banglish_f01_027_186bea,10,
scam_loan_app_en_f01_022_6465f2,10,
benign_personal_chat_bn_f06_016_24bd77,10,
benign_bank_notification_banglish_f11_022_a8368e,10,
benign_bank_notification_en_f06_010_ab111b,10,
benign_bank_notification_en_f11_006_cc6a6e,10,
benign_otp_safety_en_f12_015_e6484c,10,
scam_fake_agent_banglish_f07_022_7ebd3b,40,OTP Harvesting
scam_fake_prize_en_f07_009_03e1a2,10,
benign_bank_notification_banglish_f07_029_555215,10,
benign_personal_chat_banglish_f10_021_ea856f,10,
scam_otp_harvest_en_f01_003_44bd4e,40,OTP Harvesting
scam_loan_app_bn_f08_011_0160c8,25,Suspicious Link
scam_fake_prize_bn_f07_010_9a5607,30,Unsolicited Prize / Reward
scam_remote_access_bn_f01_005_475867,40,OTP Harvesting
benign_otp_safety_bn_f11_010_07e361,10,
benign_innocent_keywords_en_f03_005_33490e,10,
scam_otp_harvest_en_f05_012_019aa9,25,Suspicious Link
benign_otp_safety_bn_f04_007_b32830,10,
benign_personal_chat_bn_f09_003_5a7cdd,10,
benign_personal_chat_bn_f11_026_f7d2c1,10,
scam_wrong_transfer_bn_f07_008_8d4cfd,10,
benign_bank_notification_en_f07_004_f2c6c2,10,
scam_kyc_block_banglish_f01_012_36a06b,70,Urgency Pressure;Account Threat;Suspicious Link
benign_personal_chat_bn_f12_005_ad4b21,10,
benign_personal_chat_bn_f04_023_db9484,10,
benign_bank_notification_en_f08_013_46c0dd,10,
scam_wrong_transfer_banglish_f03_017_bea7c0,10,
scam_fake_prize_bn_f04_023_5a2e04,35,Payment Request
scam_job_scam_banglish_f01_025_5c6843,35,Payment Request
benign_personal_chat_banglish_f11_024_60845f,10,
scam_wrong_transfer_banglish_f02_009_71c02e,55,Payment Request;Emotional Manipulation
scam_fake_agent_bn_f08_013_688497,10,
scam_fake_agent_banglish_f01_007_66bb9d,35,Authority Impersonation
scam_kyc_block_bn_f02_013_0f0ee9,50,Account Threat;Suspicious Link
scam_fake_prize_banglish_f02_003_41ab5a,45,Suspicious Link;Unsolicited Prize / Reward
scam_loan_app_banglish_f01_001_f2563a,35,Payment Request
benign_personal_chat_banglish_f08_004_a31b68,10,
scam_wrong_transfer_banglish_f04_023_4e4302,35,Payment Request
scam_wrong_transfer_en_f02_011_c9cb1e,55,Payment Request;Emotional Manipulation
benign_bank_notification_banglish_f11_010_e9b615,10,
benign_bank_notification_en_f04_031_5ab5e3,10,
scam_fake_prize_en_f08_017_917e63,10,
scam_fake_agent_en_f07_012_d4f73a,35,Account Threat
benign_innocent_keywords_banglish_f09_014_935438,60,Account Threat;Payment Request
benign_gen_advisory_en_f04_010_a8b65b,10,
benign_bank_notification_en_f03_026_d39b1b,10,
scam_wrong_transfer_banglish_f03_018_d5e92b,10,
scam_kyc_block_banglish_f01_023_5a14a0,70,Urgency Pressure;Account Threat;Suspicious Link
benign_otp_safety_banglish_f11_009_99b1fe,10,
benign_personal_chat_banglish_f04_027_88c68e,10,
benign_bank_notification_en_f01_005_6e3841,10,
benign_personal_chat_en_f09_033_c43639,10,
scam_job_scam_bn_f02_000_521f93,35,Payment Request
scam_fake_prize_en_f04_010_552847,35,Payment Request
scam_job_scam_banglish_f02_015_62238a,35,Payment Request
scam_loan_app_banglish_f06_002_f0144f,35,Payment Request
benign_innocent_keywords_banglish_f02_003_11cb0e,10,
benign_bank_notification_bn_f10_031_5bb155,10,
scam_loan_app_banglish_f04_001_157062,10,
benign_personal_chat_en_f10_009_af944e,10,
benign_bank_notification_bn_f06_002_75b613,10,
benign_bank_notification_banglish_f05_018_3f1e50,10,
scam_fake_prize_banglish_f05_007_dbb0b4,25,Suspicious Link
scam_fake_prize_banglish_f01_018_4b0981,55,Payment Request;Unsolicited Prize / Reward
benign_bank_notification_banglish_f01_020_a59234,10,
scam_fake_agent_bn_f07_000_f8b0c1,10,
scam_kyc_block_banglish_f02_015_eb9bca,70,Urgency Pressure;Account Threat;Suspicious Link
benign_bank_notification_bn_f07_020_8cf329,10,
scam_job_scam_en_f08_020_fc5ea5,35,Payment Request
scam_fake_prize_en_f05_023_001c5c,30,Urgency Pressure
benign_personal_chat_banglish_f01_015_2ae7aa,10,
scam_job_scam_banglish_f06_009_8f8d48,35,Payment Request
scam_fake_prize_en_f05_008_c1dbb8,30,Urgency Pressure
benign_gen_advisory_banglish_f03_017_f0f782,10,
scam_fake_prize_banglish_f05_008_b891f5,25,Suspicious Link
benign_personal_chat_bn_f01_003_0ed7c7,10,
benign_personal_chat_bn_f12_020_59271c,10,
scam_wrong_transfer_banglish_f02_005_c9fef6,55,Payment Request;Emotional Manipulation
scam_loan_app_bn_f01_009_b9bba8,35,Payment Request
benign_otp_safety_bn_f03_015_0f45fb,10,
benign_personal_chat_en_f04_014_a2162e,10,
scam_fake_prize_banglish_f08_002_d0075f,10,
benign_personal_chat_banglish_f09_015_18cc48,10,
benign_personal_chat_banglish_f07_017_fc6a47,10,
scam_fake_agent_banglish_f08_024_13c5b3,10,
scam_fake_prize_banglish_f01_025_5135fd,55,Payment Request;Unsolicited Prize / Reward
benign_gen_advisory_bn_f15_000_f7b42c,10,
scam_kyc_block_en_f03_017_f10125,50,Account Threat;Suspicious Link
benign_bank_notification_banglish_f07_009_d23613,10,
benign_bank_notification_bn_f01_005_d1928d,10,
scam_remote_access_bn_f01_000_b9ede9,40,OTP Harvesting
scam_fake_prize_en_f03_011_1b72a7,35,Payment Request
scam_wrong_transfer_bn_f01_007_cccc8a,55,Payment Request;Emotional Manipulation
scam_kyc_block_en_f05_011_c6861d,25,Suspicious Link
benign_gen_advisory_bn_f12_004_c18b7c,10,
scam_fake_agent_bn_f04_001_456632,35,Authority Impersonation
scam_job_scam_banglish_f08_008_dadc59,25,Suspicious Link
benign_personal_chat_banglish_f02_007_569022,10,
scam_kyc_block_bn_f02_025_bf2f23,50,Account Threat;Suspicious Link
benign_innocent_keywords_banglish_f08_020_28bb9a,10,
benign_personal_chat_banglish_f08_011_a04658,10,
scam_job_scam_en_f05_018_90cb6b,10,
scam_wrong_transfer_bn_f08_017_b4f550,30,Emotional Manipulation
benign_bank_notification_en_f06_029_e8346d,10,
benign_bank_notification_bn_f10_003_01616e,10,
benign_bank_notification_en_f02_016_6a7e14,10,
scam_wrong_transfer_banglish_f03_010_96388d,10,
scam_job_scam_bn_f06_014_f1819f,10,
scam_fake_agent_bn_f06_019_94b077,10,
scam_wrong_transfer_bn_f05_020_168552,35,Payment Request
benign_gen_advisory_banglish_f05_000_0d8ac1,10,
benign_personal_chat_en_f02_015_c527f5,10,
scam_loan_app_banglish_f06_008_ee3867,35,Payment Request
benign_bank_notification_banglish_f10_016_47dd43,10,
scam_job_scam_bn_f06_002_926266,10,
scam_remote_access_banglish_f01_015_1e22a2,40,OTP Harvesting
scam_loan_app_banglish_f01_007_3c14fc,35,Payment Request
benign_bank_notification_en_f06_023_ee61c1,10,
benign_gen_advisory_en_f04_007_055624,10,
scam_job_scam_en_f07_021_a8619d,35,Payment Request
scam_job_scam_banglish_f08_011_68a185,25,Suspicious Link
benign_bank_notification_bn_f11_022_c97604,10,
benign_personal_chat_banglish_f11_028_d9d96f,10,
benign_bank_notification_banglish_f03_018_c5b810,10,
scam_loan_app_bn_f05_022_bf4f69,35,Payment Request
benign_personal_chat_banglish_f09_012_f37241,10,
benign_personal_chat_en_f05_028_d12eed,10,
benign_personal_chat_banglish_f07_014_6a7a15,10,
scam_job_scam_banglish_f01_012_c8d548,35,Payment Request
benign_personal_chat_en_f06_003_a631a0,10,
benign_innocent_keywords_banglish_f10_004_cc4f90,10,
scam_wrong_transfer_bn_f03_018_090429,35,Payment Request
scam_remote_access_bn_f03_013_c357c1,10,
scam_fake_prize_banglish_f04_022_ca5d82,30,Unsolicited Prize / Reward
scam_job_scam_en_f02_020_e7d017,35,Payment Request
scam_fake_prize_banglish_f02_012_5d7cde,45,Suspicious Link;Unsolicited Prize / Reward
benign_personal_chat_en_f04_026_80d8fb,10,
scam_fake_agent_banglish_f02_004_b9ed7e,40,OTP Harvesting
scam_wrong_transfer_bn_f01_001_670808,55,Payment Request;Emotional Manipulation
scam_fake_prize_en_f07_000_13add8,10,
benign_bank_notification_bn_f02_031_8e2ba9,10,
scam_kyc_block_en_f08_018_211af5,70,Urgency Pressure;Account Threat;Suspicious Link
scam_fake_prize_banglish_f08_010_2a55e5,10,
scam_wrong_transfer_en_f05_000_c811b4,35,Account Threat
scam_wrong_transfer_bn_f05_011_a90150,35,Payment Request
scam_otp_harvest_banglish_f06_012_91f536,25,Suspicious Link
scam_fake_prize_en_f01_005_0aa4a2,55,Payment Request;Unsolicited Prize / Reward
benign_bank_notification_en_f04_005_bbcbc8,10,
scam_job_scam_banglish_f01_016_44ba3c,35,Payment Request
scam_loan_app_bn_f02_001_98b801,35,Payment Request
scam_wrong_transfer_bn_f01_025_557fa9,55,Payment Request;Emotional Manipulation
scam_fake_prize_bn_f03_008_db40dd,55,Payment Request;Unsolicited Prize / Reward
benign_bank_notification_en_f11_009_08fa18,10,
benign_gen_advisory_en_f05_004_f57ab8,40,OTP Harvesting
scam_fake_agent_banglish_f05_017_f70a3c,10,
scam_job_scam_banglish_f02_005_1da152,35,Payment Request
scam_fake_prize_bn_f04_007_bd5aea,35,Payment Request
benign_bank_notification_banglish_f09_032_086319,10,
scam_job_scam_en_f06_011_0f589a,25,Suspicious Link
scam_fake_prize_banglish_f07_018_c2b556,10,
scam_loan_app_en_f04_019_c777dc,35,Payment Request
benign_innocent_keywords_en_f07_012_183d7e,10,
scam_otp_harvest_bn_f02_020_4707b2,10,
scam_kyc_block_banglish_f01_018_7af874,70,Urgency Pressure;Account Threat;Suspicious Link
benign_gen_advisory_bn_f10_001_83baaa,10,
scam_job_scam_en_f05_010_08a9bf,10,
benign_bank_notification_en_f05_005_76983c,10,
benign_personal_chat_bn_f08_015_e6f880,10,
scam_fake_agent_bn_f02_025_cae20f,65,OTP Harvesting;Authority Impersonation
benign_personal_chat_banglish_f03_019_42ba9a,10,
scam_kyc_block_en_f03_018_f77430,50,Account Threat;Suspicious Link
scam_otp_harvest_en_f05_001_076c7c,25,Suspicious Link
scam_fake_agent_banglish_f07_013_29f283,40,OTP Harvesting
benign_personal_chat_en_f07_009_34e820,10,
benign_personal_chat_en_f04_028_f27b77,10,
scam_job_scam_en_f03_002_24106a,35,Payment Request
scam_fake_agent_en_f01_022_7e2696,35,Account Threat
scam_fake_prize_banglish_f04_003_21819b,30,Unsolicited Prize / Reward
scam_kyc_block_bn_f03_001_cd14b7,45,Urgency Pressure;Suspicious Link
scam_wrong_transfer_en_f05_005_9fd302,35,Account Threat
benign_bank_notification_banglish_f11_021_76ddd3,10,
scam_job_scam_banglish_f05_021_ff4a5f,10,
scam_kyc_block_en_f07_015_e38f5b,50,Account Threat;Suspicious Link
benign_personal_chat_en_f09_003_b66cd9,10,
scam_job_scam_en_f03_010_143b98,35,Payment Request
scam_otp_harvest_en_f06_008_05b8e4,10,
scam_fake_prize_bn_f05_025_4c96f1,45,Suspicious Link;Unsolicited Prize / Reward
scam_fake_agent_bn_f03_011_ff059c,60,Account Threat;Authority Impersonation
scam_remote_access_banglish_f03_001_41bdc8,10,
scam_remote_access_en_f05_003_bf6c26,40,OTP Harvesting
scam_kyc_block_banglish_f04_001_d0a016,25,Suspicious Link
scam_otp_harvest_en_f01_019_411f59,40,OTP Harvesting
scam_fake_agent_banglish_f04_009_8876d5,35,Account Threat
benign_otp_safety_banglish_f04_031_071215,10,
scam_remote_access_bn_f07_000_385c97,40,OTP Harvesting
scam_loan_app_bn_f03_024_51fcb0,25,Suspicious Link
benign_bank_notification_banglish_f06_026_1cc2b8,10,
scam_job_scam_en_f07_019_eec902,35,Payment Request
scam_kyc_block_en_f07_005_95cc79,50,Account Threat;Suspicious Link
benign_innocent_keywords_en_f03_018_801ee6,10,
benign_personal_chat_bn_f07_009_d55129,10,
scam_wrong_transfer_en_f01_003_f257fa,35,Payment Request
benign_otp_safety_en_f02_015_ac5aae,10,
benign_personal_chat_en_f08_033_ff35c0,10,
benign_otp_safety_bn_f11_000_970132,10,
benign_gen_advisory_en_f08_007_b2dbc9,10,
benign_innocent_keywords_bn_f07_030_85b209,10,
benign_bank_notification_en_f07_011_385c9d,10,
scam_loan_app_bn_f01_006_fd98b5,35,Payment Request
benign_bank_notification_en_f04_012_f19143,10,
scam_job_scam_bn_f07_005_d49bf3,25,Suspicious Link
benign_personal_chat_bn_f08_009_79be94,10,
scam_job_scam_en_f06_008_3558a3,25,Suspicious Link
benign_bank_notification_bn_f03_033_c1dba2,10,
benign_bank_notification_bn_f01_017_41601a,10,
scam_remote_access_en_f04_004_c7a4ca,40,OTP Harvesting
scam_otp_harvest_bn_f05_023_428711,30,Urgency Pressure
benign_gen_advisory_banglish_f03_010_59245a,10,
scam_wrong_transfer_en_f04_014_b3ccde,35,Payment Request
benign_bank_notification_en_f04_003_b1a524,10,
scam_loan_app_en_f08_019_dbec22,10,
benign_bank_notification_bn_f11_005_b8be14,10,
scam_remote_access_en_f05_004_2f25aa,40,OTP Harvesting
scam_job_scam_bn_f01_007_d8fa98,10,
scam_otp_harvest_en_f02_025_d4498f,40,OTP Harvesting
benign_personal_chat_bn_f03_008_ad4098,10,
scam_remote_access_en_f02_004_c2f715,40,OTP Harvesting
scam_fake_prize_bn_f02_007_0f5af3,45,Suspicious Link;Unsolicited Prize / Reward
benign_bank_notification_banglish_f12_033_cc1201,10,
scam_fake_prize_bn_f05_020_bd84b6,45,Suspicious Link;Unsolicited Prize / Reward
scam_fake_agent_bn_f05_024_fa28ec,10,
scam_fake_agent_bn_f05_025_270f9f,10,
benign_bank_notification_bn_f12_025_282aea,10,
benign_personal_chat_en_f07_003_d6fdee,10,
benign_personal_chat_en_f07_000_fd544b,10,
benign_bank_notification_bn_f06_021_6ea00c,10,
scam_wrong_transfer_en_f08_003_6177bb,10,
benign_personal_chat_banglish_f02_032_108f9c,10,
benign_personal_chat_banglish_f10_006_dff7bf,10,
scam_wrong_transfer_en_f03_005_161f44,10,
benign_bank_notification_bn_f04_019_9c5066,10,
scam_fake_prize_banglish_f08_027_65d70f,10,
scam_fake_agent_banglish_f07_021_369a41,40,OTP Harvesting
benign_personal_chat_banglish_f10_022_760d8d,10,
scam_remote_access_banglish_f06_000_046958,10,
scam_fake_agent_banglish_f08_003_cfcf04,10,
benign_personal_chat_banglish_f01_026_303f0a,10,
scam_fake_prize_bn_f01_019_28367c,55,Payment Request;Unsolicited Prize / Reward
benign_bank_notification_bn_f08_006_b05f68,10,
scam_kyc_block_bn_f01_008_b9062f,45,Urgency Pressure;Suspicious Link
benign_personal_chat_bn_f12_008_901900,10,
scam_loan_app_bn_f07_019_5fd930,35,Payment Request
scam_wrong_transfer_banglish_f07_003_3a20ef,35,Payment Request
benign_innocent_keywords_en_f02_001_ffd216,10,
benign_innocent_keywords_bn_f03_018_a1083d,10,
benign_bank_notification_bn_f08_012_78d814,10,
scam_fake_agent_banglish_f07_011_51a41d,40,OTP Harvesting
scam_otp_harvest_banglish_f02_024_23ccf7,40,OTP Harvesting
benign_bank_notification_en_f11_005_07c331,10,
scam_kyc_block_en_f02_005_39cc0d,70,Urgency Pressure;Account Threat;Suspicious Link
benign_bank_notification_banglish_f05_021_5e0e9e,10,
scam_otp_harvest_en_f02_021_13eec7,40,OTP Harvesting
benign_personal_chat_banglish_f05_014_11bbf4,10,
scam_job_scam_en_f07_005_33447d,35,Payment Request
scam_loan_app_banglish_f07_016_cb4a9d,25,Suspicious Link
scam_fake_prize_banglish_f03_000_dc5fcd,75,Urgency Pressure;Payment Request;Unsolicited Prize / Reward
scam_wrong_transfer_en_f07_023_e69d07,10,
benign_innocent_keywords_banglish_f02_032_4e9f57,10,
scam_loan_app_bn_f04_024_f4ac7a,10,
benign_innocent_keywords_bn_f12_009_c7084b,10,
benign_innocent_keywords_en_f12_001_d3f4b9,10,
benign_bank_notification_en_f09_017_31bbe2,10,
benign_otp_safety_banglish_f03_016_102e1a,10,
scam_kyc_block_bn_f04_000_dca2a0,25,Suspicious Link
scam_fake_agent_banglish_f07_017_920f80,40,OTP Harvesting
benign_bank_notification_banglish_f01_002_800e4e,10,
benign_bank_notification_en_f06_005_d164c8,10,
benign_otp_safety_en_f01_012_8d20f6,10,
scam_fake_agent_en_f06_023_199e15,10,
benign_personal_chat_bn_f04_004_26796e,10,
scam_loan_app_en_f02_022_01b1b3,35,Payment Request
benign_personal_chat_en_f06_009_e9dfc3,10,
scam_fake_agent_bn_f01_005_8246ba,35,Authority Impersonation
benign_innocent_keywords_banglish_f06_006_c8db3e,10,
scam_loan_app_banglish_f08_022_689b2c,35,Payment Request
scam_remote_access_banglish_f03_000_2f8d8a,10,
scam_loan_app_bn_f05_012_f13bb8,35,Payment Request
scam_loan_app_banglish_f01_019_7f15b7,35,Payment Request
scam_wrong_transfer_bn_f01_019_190d27,55,Payment Request;Emotional Manipulation
benign_bank_notification_en_f08_000_37d353,10,
scam_wrong_transfer_banglish_f02_024_0234a9,55,Payment Request;Emotional Manipulation
scam_otp_harvest_banglish_f08_005_09645e,30,Urgency Pressure
scam_fake_agent_en_f04_003_c87434,10,
scam_fake_prize_bn_f02_025_b4484f,45,Suspicious Link;Unsolicited Prize / Reward
benign_bank_notification_bn_f03_013_57acfe,10,
benign_innocent_keywords_en_f11_011_89c953,10,
benign_innocent_keywords_banglish_f03_007_a9a209,10,
benign_bank_notification_bn_f11_003_fad1fc,10,
benign_bank_notification_banglish_f03_014_b8d826,10,
scam_wrong_transfer_en_f08_011_90e7e7,10,
scam_fake_prize_bn_f04_005_c916ae,35,Payment Request
scam_remote_access_en_f06_007_f3faec,10,
scam_otp_harvest_banglish_f06_014_e8c7b0,25,Suspicious Link
benign_bank_notification_en_f07_007_aa5b43,10,
benign_personal_chat_banglish_f01_030_fa211b,10,
scam_loan_app_bn_f07_018_635e12,35,Payment Request
benign_personal_chat_banglish_f06_017_cd0649,10,
scam_fake_agent_bn_f02_001_65e92e,65,OTP Harvesting;Authority Impersonation
scam_fake_agent_banglish_f08_018_b56e60,10,
benign_bank_notification_bn_f04_025_2e27c2,10,
benign_innocent_keywords_bn_f09_015_d495b1,35,Payment Request
scam_remote_access_banglish_f04_007_678ac3,10,
scam_job_scam_banglish_f03_002_d407e5,25,Suspicious Link
benign_innocent_keywords_en_f12_008_abaafd,10,
benign_innocent_keywords_en_f04_005_347cb6,10,
scam_loan_app_bn_f02_005_b94ba1,35,Payment Request
scam_kyc_block_banglish_f02_025_bd4e3e,70,Urgency Pressure;Account Threat;Suspicious Link
benign_bank_notification_banglish_f11_002_0c0ae3,10,
benign_bank_notification_en_f12_018_e8064c,10,
benign_bank_notification_en_f09_028_fe0ceb,10,
scam_otp_harvest_banglish_f02_019_df4597,40,OTP Harvesting
benign_personal_chat_bn_f02_005_9ffa13,10,
benign_bank_notification_bn_f11_006_cd3d24,10,
benign_gen_advisory_bn_f05_007_aa2e94,10,
benign_otp_safety_bn_f06_009_4b88ab,40,OTP Harvesting
benign_bank_notification_bn_f11_025_9c7d7a,10,
scam_fake_prize_bn_f07_004_f87576,30,Unsolicited Prize / Reward
benign_gen_advisory_en_f04_014_643aed,10,
scam_job_scam_en_f02_010_a29929,35,Payment Request
benign_bank_notification_en_f12_028_e97e2a,10,
benign_innocent_keywords_banglish_f01_033_daa686,10,
benign_bank_notification_bn_f12_002_abdca7,10,
scam_fake_agent_bn_f03_015_b716ed,60,Account Threat;Authority Impersonation
scam_fake_agent_en_f07_013_3af899,35,Account Threat
benign_personal_chat_banglish_f11_014_03b916,10,
benign_personal_chat_bn_f11_002_b9293d,10,
benign_gen_advisory_bn_f12_008_8b2b72,10,
benign_gen_advisory_en_f07_010_152d69,10,
scam_fake_prize_banglish_f01_024_65ebfc,55,Payment Request;Unsolicited Prize / Reward
scam_loan_app_en_f02_018_bf07a3,35,Payment Request
scam_wrong_transfer_banglish_f04_018_89472b,35,Payment Request
benign_innocent_keywords_en_f09_008_9a043a,35,Payment Request
benign_bank_notification_en_f03_002_12163f,10,
scam_fake_prize_bn_f04_019_f0ce3c,35,Payment Request
benign_otp_safety_en_f12_022_82b02b,10,
benign_otp_safety_banglish_f07_028_8d6293,10,
scam_otp_harvest_en_f04_005_aca9cb,40,OTP Harvesting
benign_personal_chat_banglish_f01_023_f7b8d6,10,
scam_kyc_block_bn_f08_010_20b0b9,45,Urgency Pressure;Suspicious Link
scam_kyc_block_banglish_f06_018_765050,25,Suspicious Link
scam_job_scam_bn_f08_017_e65115,10,
benign_bank_notification_bn_f06_025_f4328f,10,
scam_fake_prize_banglish_f03_007_5aaf8c,75,Urgency Pressure;Payment Request;Unsolicited Prize / Reward
scam_wrong_transfer_en_f07_018_4e4840,10,
scam_kyc_block_banglish_f04_023_a68d49,25,Suspicious Link
benign_gen_advisory_banglish_f06_011_8eb6bb,10,
benign_otp_safety_banglish_f02_014_4be91b,10,
scam_remote_access_banglish_f06_005_046958,10,
benign_personal_chat_banglish_f02_000_2c218a,10,
benign_bank_notification_en_f07_031_2b6c3f,10,
scam_loan_app_banglish_f02_014_96f128,35,Payment Request
scam_wrong_transfer_banglish_f01_014_656673,55,Payment Request;Emotional Manipulation
scam_kyc_block_en_f08_017_373390,70,Urgency Pressure;Account Threat;Suspicious Link
scam_kyc_block_en_f07_021_688099,50,Account Threat;Suspicious Link
scam_fake_prize_banglish_f07_007_7336ce,10,
scam_kyc_block_bn_f02_010_f18582,50,Account Threat;Suspicious Link
benign_gen_advisory_banglish_f01_001_715e19,10,
scam_fake_agent_banglish_f08_025_9884c7,10,
scam_wrong_transfer_banglish_f04_000_0660a0,35,Payment Request
scam_loan_app_bn_f05_001_9b1ba2,35,Payment Request
benign_personal_chat_bn_f09_033_48dcab,10,
scam_wrong_transfer_bn_f07_016_bc8fe8,10,
scam_remote_access_banglish_f08_002_95b578,40,OTP Harvesting
benign_bank_notification_banglish_f02_006_da05f8,10,
scam_fake_prize_banglish_f06_015_b354f4,30,Unsolicited Prize / Reward
scam_fake_agent_bn_f03_007_23f96c,60,Account Threat;Authority Impersonation
scam_fake_prize_en_f07_021_7b30a7,10,
scam_wrong_transfer_en_f04_018_e8d354,35,Payment Request
benign_personal_chat_en_f02_032_99521f,10,
benign_gen_advisory_banglish_f10_009_b0ba9b,10,
scam_fake_prize_en_f07_024_1fa492,10,
scam_job_scam_banglish_f04_014_2691c1,35,Payment Request
benign_gen_advisory_en_f04_008_413005,10,
benign_otp_safety_en_f02_013_09e857,10,
benign_personal_chat_banglish_f12_010_9f3fd6,10,
scam_fake_prize_en_f05_007_e53a26,30,Urgency Pressure
benign_gen_advisory_bn_f12_014_6a959f,10,
benign_personal_chat_bn_f06_006_ddf7b6,10,
scam_job_scam_en_f04_010_9890b2,50,Payment Request;Suspicious Link
scam_job_scam_bn_f08_024_b3332d,10,
scam_loan_app_bn_f06_014_fb917d,35,Payment Request
scam_wrong_transfer_banglish_f02_014_e70fd6,55,Payment Request;Emotional Manipulation
scam_fake_agent_bn_f06_020_ecf53d,10,
scam_otp_harvest_en_f04_022_7c65a2,40,OTP Harvesting
scam_remote_access_banglish_f03_006_8f1de8,10,
scam_otp_harvest_en_f01_020_d47307,40,OTP Harvesting
benign_personal_chat_en_f05_007_014899,10,
benign_personal_chat_en_f10_010_f26050,10,
benign_bank_notification_banglish_f03_006_dcf5cc,10,
scam_job_scam_bn_f06_004_6e4b38,10,
scam_job_scam_en_f05_019_8aad03,10,
scam_wrong_transfer_bn_f02_010_c35405,10,
scam_fake_prize_en_f08_003_912afa,10,
scam_job_scam_en_f05_020_9dfaab,10,
benign_bank_notification_bn_f02_013_a726ab,10,
scam_fake_agent_banglish_f02_015_cd1b7d,40,OTP Harvesting
benign_bank_notification_en_f05_014_1865b1,10,
scam_wrong_transfer_bn_f05_021_6a6a17,35,Payment Request
benign_personal_chat_banglish_f01_002_a56f0f,10,
scam_remote_access_bn_f01_004_924097,40,OTP Harvesting
benign_bank_notification_bn_f03_000_9fa2f6,10,
benign_bank_notification_bn_f05_030_8c8636,10,
benign_personal_chat_bn_f05_001_462a5b,10,
scam_job_scam_bn_f06_018_98a369,10,
benign_personal_chat_en_f03_012_a63511,10,
benign_gen_advisory_banglish_f09_018_900c2a,10,
benign_bank_notification_en_f12_016_06e944,10,
benign_gen_advisory_bn_f03_004_472208,10,
scam_otp_harvest_banglish_f07_024_6e559d,10,
scam_loan_app_en_f04_020_41cb51,35,Payment Request
benign_personal_chat_bn_f09_013_8c5474,10,
scam_remote_access_en_f04_012_8c3b86,40,OTP Harvesting
benign_personal_chat_banglish_f09_014_981527,10,
scam_loan_app_en_f08_005_93d436,10,
scam_fake_prize_en_f03_001_a484e2,35,Payment Request
scam_fake_agent_bn_f08_027_dc01bc,10,
scam_job_scam_banglish_f05_003_a2840e,10,
scam_remote_access_en_f08_011_abb91d,10,
scam_fake_agent_bn_f07_015_efcdf4,10,
benign_personal_chat_en_f01_011_3c032c,10,
benign_bank_notification_banglish_f07_001_c094e1,10,
scam_fake_agent_banglish_f02_021_8f4177,40,OTP Harvesting
benign_otp_safety_en_f08_017_c469c7,40,OTP Harvesting
benign_personal_chat_en_f07_022_d40592,10,
scam_fake_agent_bn_f01_003_aeb178,35,Authority Impersonation
scam_kyc_block_banglish_f02_008_f95af0,70,Urgency Pressure;Account Threat;Suspicious Link
scam_fake_agent_banglish_f03_013_de602d,10,
benign_bank_notification_en_f11_016_f21985,10,
benign_innocent_keywords_en_f10_002_5019e1,10,
scam_kyc_block_bn_f04_017_c34151,25,Suspicious Link
scam_kyc_block_bn_f06_005_2fbe66,25,Suspicious Link
benign_bank_notification_en_f05_027_f18dd6,10,
scam_job_scam_en_f04_012_6654f5,50,Payment Request;Suspicious Link
benign_gen_advisory_banglish_f10_000_c0df7d,10,
scam_fake_agent_banglish_f06_018_ce8b69,35,Authority Impersonation
benign_bank_notification_banglish_f05_023_48cfc6,10,
scam_kyc_block_banglish_f08_022_d777de,50,Account Threat;Suspicious Link
benign_otp_safety_banglish_f06_009_234fcd,10,
scam_otp_harvest_en_f04_025_5983e0,40,OTP Harvesting
benign_gen_advisory_en_f06_006_53e83b,10,
scam_job_scam_banglish_f07_011_a60e50,10,
scam_kyc_block_banglish_f05_014_c408a9,25,Suspicious Link
benign_bank_notification_bn_f04_014_52c8db,10,
benign_personal_chat_bn_f07_017_2f04c7,10,
benign_innocent_keywords_banglish_f07_030_0501d7,10,
benign_personal_chat_en_f07_031_592690,10,
scam_kyc_block_bn_f08_013_026b71,45,Urgency Pressure;Suspicious Link
benign_gen_advisory_en_f03_013_45a979,10,
scam_remote_access_en_f02_001_a7aa5b,40,OTP Harvesting
benign_personal_chat_en_f02_033_db5b04,10,
benign_personal_chat_en_f08_015_b66803,10,
benign_innocent_keywords_banglish_f12_022_7b5843,10,
scam_fake_agent_banglish_f07_015_c73741,40,OTP Harvesting
benign_gen_advisory_en_f05_011_1b826a,40,OTP Harvesting
benign_innocent_keywords_en_f01_024_8ede79,10,
benign_otp_safety_bn_f06_013_cad0f4,40,OTP Harvesting
benign_otp_safety_en_f09_000_c40ed3,10,
benign_personal_chat_en_f04_029_4c571e,10,
benign_innocent_keywords_banglish_f06_009_31e84d,10,
scam_job_scam_en_f07_000_d61a90,35,Payment Request
benign_bank_notification_banglish_f06_001_f43be1,10,
benign_innocent_keywords_banglish_f01_011_1a9cb1,10,
benign_gen_advisory_en_f06_009_c3f074,10,
scam_loan_app_en_f02_017_767c5d,35,Payment Request
benign_innocent_keywords_banglish_f05_000_a7619e,30,Urgency Pressure
scam_fake_prize_banglish_f05_013_769e64,25,Suspicious Link
scam_wrong_transfer_en_f02_012_946024,55,Payment Request;Emotional Manipulation
scam_job_scam_en_f04_009_5f4709,50,Payment Request;Suspicious Link
scam_job_scam_banglish_f02_021_024ade,35,Payment Request
benign_gen_advisory_bn_f06_007_b205c0,10,
benign_otp_safety_en_f05_031_59d5ba,10,
benign_personal_chat_en_f05_023_ddac92,10,
benign_bank_notification_banglish_f08_015_d68682,10,
scam_fake_prize_bn_f06_009_c4b4b8,10,
benign_bank_notification_bn_f09_017_d2381d,10,
scam_loan_app_bn_f07_006_23b89b,35,Payment Request
scam_otp_harvest_banglish_f05_017_884053,40,OTP Harvesting
benign_bank_notification_banglish_f01_013_776e6e,10,
scam_remote_access_banglish_f05_021_44f62b,40,OTP Harvesting
scam_kyc_block_banglish_f04_009_04e1dd,25,Suspicious Link
scam_fake_prize_bn_f08_023_fa4168,10,
scam_otp_harvest_banglish_f05_000_f9eaeb,40,OTP Harvesting
scam_kyc_block_en_f01_015_34b285,70,Urgency Pressure;Account Threat;Suspicious Link
scam_job_scam_banglish_f02_017_c6b724,35,Payment Request
scam_job_scam_banglish_f08_015_a67bc7,25,Suspicious Link
benign_innocent_keywords_en_f11_030_0e5abb,10,
benign_personal_chat_en_f04_003_9dbf5d,10,
scam_remote_access_banglish_f01_011_025172,40,OTP Harvesting
benign_bank_notification_bn_f04_015_5fa151,10,
scam_loan_app_en_f01_021_8fd986,10,
benign_personal_chat_banglish_f08_015_807aeb,10,
benign_gen_advisory_en_f05_013_d96ca7,40,OTP Harvesting
scam_kyc_block_bn_f06_019_8e8b73,25,Suspicious Link
scam_job_scam_banglish_f08_021_5f2239,25,Suspicious Link
benign_bank_notification_bn_f08_019_8c3ff1,10,
benign_personal_chat_banglish_f04_005_f2537c,10,
scam_job_scam_en_f03_017_4d6fe3,35,Payment Request
scam_job_scam_en_f07_002_bad58d,35,Payment Request
benign_gen_advisory_en_f10_010_780dca,10,
benign_personal_chat_banglish_f04_028_f9ac6d,10,
benign_innocent_keywords_en_f07_004_04aa4b,10,
scam_wrong_transfer_en_f05_010_db6d2d,35,Account Threat
scam_loan_app_en_f01_006_871fd2,10,
benign_personal_chat_banglish_f08_002_af0ff4,10,
benign_bank_notification_bn_f08_025_bceec9,10,
scam_fake_agent_en_f03_023_4b9639,60,Urgency Pressure;OTP Harvesting
benign_otp_safety_en_f09_008_22f526,10,
benign_bank_notification_en_f03_004_2b8d88,10,
benign_innocent_keywords_bn_f01_000_17623f,10,
benign_bank_notification_en_f10_032_384907,10,
scam_wrong_transfer_bn_f08_001_749370,30,Emotional Manipulation
scam_job_scam_en_f08_011_61d8b1,35,Payment Request
scam_wrong_transfer_bn_f05_012_3ad5a8,35,Payment Request
scam_kyc_block_en_f02_000_45f2b1,70,Urgency Pressure;Account Threat;Suspicious Link
benign_personal_chat_bn_f11_005_a3b3d4,10,
benign_innocent_keywords_en_f02_008_fe5307,10,
benign_bank_notification_bn_f05_021_ac1db0,10,
scam_loan_app_banglish_f04_021_44adac,10,
benign_bank_notification_en_f10_025_a786a2,10,
scam_otp_harvest_bn_f06_021_a22aa7,55,Suspicious Link;OTP Harvesting
scam_kyc_block_banglish_f07_023_438a3d,45,Urgency Pressure;Suspicious Link
scam_otp_harvest_banglish_f07_001_d8088c,10,
scam_otp_harvest_en_f05_003_9ca111,25,Suspicious Link
benign_otp_safety_en_f02_030_09e857,10,
scam_kyc_block_en_f06_005_55b4cc,70,Urgency Pressure;Account Threat;Suspicious Link
benign_gen_advisory_en_f11_001_dce812,10,
benign_bank_notification_bn_f08_001_ce70fb,10,
scam_fake_agent_bn_f02_017_d2418d,65,OTP Harvesting;Authority Impersonation
scam_wrong_transfer_bn_f04_012_507895,35,Account Threat
scam_job_scam_banglish_f01_019_5b0f6f,35,Payment Request
benign_bank_notification_bn_f11_033_8923f7,10,
scam_wrong_transfer_en_f03_003_0e9a58,10,
scam_kyc_block_banglish_f06_015_d6297f,25,Suspicious Link
benign_bank_notification_bn_f08_003_2fa504,10,
benign_bank_notification_bn_f08_024_81aefd,10,
scam_job_scam_bn_f01_022_85d5b0,10,
scam_loan_app_bn_f02_015_1c520b,35,Payment Request
benign_bank_notification_banglish_f10_030_6fb02c,10,
scam_wrong_transfer_en_f02_010_dfe5dd,55,Payment Request;Emotional Manipulation
benign_bank_notification_en_f01_001_4bcc19,10,
scam_kyc_block_en_f02_008_76aadf,70,Urgency Pressure;Account Threat;Suspicious Link
benign_bank_notification_banglish_f02_023_60cd72,10,
scam_fake_agent_bn_f04_008_3a3af3,35,Authority Impersonation
scam_kyc_block_banglish_f08_002_5f9153,25,Suspicious Link
benign_otp_safety_bn_f01_033_43946e,10,
scam_kyc_block_banglish_f03_002_b378fc,50,Account Threat;Suspicious Link
scam_loan_app_en_f01_000_0535b0,10,
benign_bank_notification_en_f08_006_1d04e3,10,
benign_gen_advisory_en_f05_010_bbcf41,40,OTP Harvesting
scam_loan_app_banglish_f01_021_ec3bcc,35,Payment Request
scam_otp_harvest_en_f02_001_9cbfcd,40,OTP Harvesting
scam_remote_access_banglish_f01_002_0e9dd2,40,OTP Harvesting
benign_bank_notification_banglish_f07_014_5cb032,10,
benign_bank_notification_en_f06_017_0f11e9,10,
scam_loan_app_en_f08_001_4e61cc,10,
scam_wrong_transfer_bn_f03_010_cc1163,35,Payment Request
benign_bank_notification_en_f02_014_81b50e,10,
scam_job_scam_banglish_f01_013_178c83,35,Payment Request
scam_kyc_block_bn_f03_010_333a4c,45,Urgency Pressure;Suspicious Link
scam_job_scam_en_f01_019_315282,35,Payment Request
benign_bank_notification_en_f10_009_b263bc,10,
benign_personal_chat_banglish_f05_001_c564b1,10,
benign_bank_notification_bn_f07_032_8ea88e,10,
scam_loan_app_en_f03_005_3048c3,50,Payment Request;Suspicious Link
scam_otp_harvest_bn_f03_016_913e77,55,Urgency Pressure;Authority Impersonation
benign_personal_chat_bn_f10_029_cce01a,10,
benign_gen_advisory_bn_f03_001_b55501,10,
benign_bank_notification_banglish_f08_026_7e6b3b,10,
benign_gen_advisory_bn_f12_000_e1e533,10,
scam_kyc_block_en_f08_022_79ead0,70,Urgency Pressure;Account Threat;Suspicious Link
scam_fake_prize_en_f03_020_a1ebb4,35,Payment Request
scam_fake_prize_en_f01_025_280ae8,55,Payment Request;Unsolicited Prize / Reward
scam_otp_harvest_bn_f02_009_89ee71,10,
scam_kyc_block_banglish_f03_015_b4e1ab,50,Account Threat;Suspicious Link
benign_bank_notification_banglish_f11_029_4c8f3c,10,
scam_fake_agent_en_f02_009_a11637,35,Account Threat
benign_bank_notification_bn_f08_005_d158c1,10,
scam_fake_agent_bn_f02_021_f26c20,65,OTP Harvesting;Authority Impersonation
scam_fake_prize_bn_f07_008_4e8c92,30,Unsolicited Prize / Reward
scam_loan_app_bn_f08_013_9c508c,25,Suspicious Link
benign_personal_chat_en_f01_030_c8798c,10,
scam_loan_app_en_f06_009_64a644,55,Urgency Pressure;Payment Request
scam_kyc_block_en_f03_020_c69bb8,50,Account Threat;Suspicious Link
benign_bank_notification_bn_f03_022_3e8f6e,10,
benign_otp_safety_en_f09_002_9a4495,10,
scam_loan_app_banglish_f07_009_b443b4,25,Suspicious Link
scam_fake_prize_banglish_f06_022_af723b,30,Unsolicited Prize / Reward
scam_job_scam_banglish_f01_018_c212ae,35,Payment Request
scam_otp_harvest_bn_f08_000_92c06b,60,Urgency Pressure;OTP Harvesting
benign_gen_advisory_banglish_f03_009_c4a33e,10,
scam_kyc_block_bn_f04_007_dedc05,25,Suspicious Link
benign_personal_chat_bn_f03_013_1ce68c,10,
scam_kyc_block_bn_f04_023_42d38d,25,Suspicious Link
benign_innocent_keywords_en_f10_000_7df2c4,10,
benign_personal_chat_en_f04_024_c2ef5c,10,
scam_loan_app_bn_f07_022_7a132f,35,Payment Request
scam_fake_agent_banglish_f07_024_78733c,40,OTP Harvesting
benign_bank_notification_bn_f09_033_82b33d,10,
benign_bank_notification_en_f04_013_7fecaf,10,
benign_innocent_keywords_bn_f12_031_c7e972,10,
scam_fake_agent_en_f06_015_c17e97,10,
benign_bank_notification_en_f04_015_9fc1dd,10,
benign_otp_safety_en_f06_025_4b5c0e,10,
benign_gen_advisory_banglish_f01_009_1e3d1a,10,
benign_personal_chat_en_f11_018_255370,10,
scam_wrong_transfer_en_f05_017_8c4e9f,35,Account Threat
benign_bank_notification_banglish_f03_002_b3cad4,10,
scam_loan_app_en_f06_018_c33969,55,Urgency Pressure;Payment Request
benign_personal_chat_bn_f06_001_f26f13,10,
benign_otp_safety_en_f07_033_bcc100,10,
benign_bank_notification_bn_f02_007_48bf2f,10,
scam_fake_agent_bn_f01_004_634507,35,Authority Impersonation
scam_fake_agent_en_f01_020_09d86d,35,Account Threat
scam_wrong_transfer_banglish_f08_019_421682,35,Payment Request
benign_bank_notification_en_f07_016_3c4d1a,10,
scam_job_scam_en_f01_005_bc3d6e,35,Payment Request
scam_job_scam_en_f06_009_5de2b0,25,Suspicious Link
scam_fake_prize_bn_f08_012_d7dd38,10,
benign_personal_chat_en_f06_025_8071e9,10,
scam_fake_agent_en_f02_016_0d3546,35,Account Threat
scam_job_scam_bn_f01_000_7aae07,10,
scam_loan_app_banglish_f05_015_6b451c,35,Payment Request
scam_job_scam_bn_f08_010_44b3a1,10,
scam_loan_app_banglish_f05_008_cde884,35,Payment Request
benign_otp_safety_en_f05_006_af1b4c,10,
benign_bank_notification_banglish_f03_011_808b88,10,
scam_fake_agent_en_f01_011_c67dea,35,Account Threat
benign_otp_safety_bn_f11_005_434259,10,
scam_wrong_transfer_bn_f07_014_daa432,10,
scam_fake_prize_en_f07_018_d2dd83,10,
scam_job_scam_en_f04_017_a1915f,50,Payment Request;Suspicious Link
scam_job_scam_bn_f02_007_66cbd6,35,Payment Request
scam_otp_harvest_banglish_f04_014_555844,30,Urgency Pressure
scam_wrong_transfer_bn_f01_014_c715a9,55,Payment Request;Emotional Manipulation
scam_otp_harvest_banglish_f03_008_71010d,35,Authority Impersonation
scam_job_scam_bn_f07_003_188f29,25,Suspicious Link
scam_wrong_transfer_banglish_f07_002_c0a948,35,Payment Request
scam_job_scam_bn_f03_007_049811,25,Suspicious Link
scam_job_scam_bn_f08_002_0add91,10,
scam_loan_app_banglish_f04_008_4bf68b,10,
benign_bank_notification_banglish_f07_028_4c6894,10,
scam_wrong_transfer_en_f06_012_133328,10,
benign_otp_safety_en_f05_007_02b6da,10,
scam_kyc_block_banglish_f02_006_ad7d0c,70,Urgency Pressure;Account Threat;Suspicious Link
scam_job_scam_bn_f02_019_521f93,35,Payment Request
scam_otp_harvest_bn_f05_002_96bcf3,30,Urgency Pressure
scam_wrong_transfer_banglish_f05_008_4bb9a2,10,
benign_personal_chat_banglish_f02_029_ce29d3,10,
benign_bank_notification_bn_f12_022_0ae9c8,10,
scam_remote_access_en_f06_001_93c138,10,
benign_innocent_keywords_banglish_f06_012_506cda,10,
benign_bank_notification_bn_f12_031_b3a435,10,
scam_job_scam_banglish_f06_024_eeebc4,35,Payment Request
scam_kyc_block_bn_f01_021_192d5e,45,Urgency Pressure;Suspicious Link
benign_personal_chat_en_f03_023_09f7e3,10,
scam_wrong_transfer_banglish_f01_016_949a34,55,Payment Request;Emotional Manipulation
scam_kyc_block_en_f07_004_16eb9c,25,Suspicious Link
scam_otp_harvest_en_f04_000_979ad4,40,OTP Harvesting
benign_innocent_keywords_en_f01_000_8ede79,10,
scam_wrong_transfer_banglish_f02_019_933738,55,Payment Request;Emotional Manipulation
scam_wrong_transfer_banglish_f08_013_5bb527,35,Payment Request
benign_bank_notification_bn_f04_004_f60569,10,
scam_remote_access_en_f07_000_1d730c,40,OTP Harvesting
scam_kyc_block_bn_f02_009_edbb0a,50,Account Threat;Suspicious Link
scam_kyc_block_bn_f03_018_aa8bd2,45,Urgency Pressure;Suspicious Link
benign_otp_safety_banglish_f07_006_44f5ac,10,
scam_loan_app_en_f06_003_7c5f0f,55,Urgency Pressure;Payment Request
benign_bank_notification_bn_f08_008_c9cab3,10,
scam_kyc_block_en_f06_009_c73e61,70,Urgency Pressure;Account Threat;Suspicious Link
benign_bank_notification_bn_f12_028_8093db,10,
scam_loan_app_en_f08_006_dcd718,10,
benign_bank_notification_banglish_f07_007_276545,10,
benign_bank_notification_bn_f10_001_597018,10,
benign_bank_notification_en_f01_016_a5dba5,10,
benign_bank_notification_bn_f12_033_21e575,10,
scam_loan_app_en_f08_008_7affd5,10,
benign_personal_chat_en_f10_012_d56655,10,
scam_wrong_transfer_en_f05_006_008875,35,Account Threat
benign_bank_notification_en_f11_000_e07e90,10,
benign_personal_chat_en_f04_030_862293,10,
scam_loan_app_banglish_f02_013_2737ec,35,Payment Request
scam_otp_harvest_en_f01_007_94f1c1,40,OTP Harvesting
scam_job_scam_en_f01_002_c301e7,35,Payment Request
benign_innocent_keywords_banglish_f05_019_2a9540,30,Urgency Pressure
scam_kyc_block_en_f05_012_b75a2d,25,Suspicious Link
benign_innocent_keywords_banglish_f10_019_f52538,10,
benign_personal_chat_en_f11_000_2545a6,10,
benign_bank_notification_en_f05_006_683221,10,
benign_otp_safety_en_f08_020_3ea628,40,OTP Harvesting
benign_personal_chat_banglish_f03_003_7cefeb,10,
scam_wrong_transfer_banglish_f07_027_ac3a93,35,Payment Request
benign_personal_chat_en_f04_005_0cfe22,10,
benign_innocent_keywords_en_f07_000_c07a82,10,
benign_personal_chat_banglish_f09_023_e7cbb4,10,
benign_personal_chat_banglish_f01_009_2a3ae3,10,
scam_remote_access_en_f02_021_50c06f,40,OTP Harvesting
scam_loan_app_bn_f01_023_112137,35,Payment Request
scam_job_scam_en_f03_016_cdb5bf,35,Payment Request
benign_bank_notification_banglish_f02_031_0532da,10,
scam_otp_harvest_banglish_f04_025_2ebb0c,30,Urgency Pressure
scam_wrong_transfer_bn_f08_009_928208,30,Emotional Manipulation
scam_remote_access_banglish_f02_025_4d92f8,40,OTP Harvesting
scam_kyc_block_banglish_f05_008_c71177,25,Suspicious Link
benign_personal_chat_banglish_f01_021_264e22,10,
scam_fake_prize_en_f02_000_732cda,45,Suspicious Link;Unsolicited Prize / Reward
scam_wrong_transfer_bn_f01_002_5ac5f8,55,Payment Request;Emotional Manipulation
scam_fake_agent_en_f06_003_ff517f,10,
scam_kyc_block_en_f07_001_bda087,50,Account Threat;Suspicious Link
benign_bank_notification_bn_f10_006_41b888,10,
benign_otp_safety_en_f11_020_51293e,60,OTP Harvesting;Unsolicited Prize / Reward
scam_wrong_transfer_banglish_f04_009_10408c,35,Payment Request
scam_job_scam_banglish_f07_019_40509c,10,
benign_personal_chat_banglish_f04_010_949286,10,
benign_otp_safety_en_f05_021_f70912,10,
benign_gen_advisory_bn_f06_002_4fe714,10,
benign_personal_chat_banglish_f09_006_2399e3,10,
scam_loan_app_en_f08_025_f222dd,10,
benign_personal_chat_banglish_f06_032_5a893e,10,
scam_wrong_transfer_bn_f08_019_9dc61d,30,Emotional Manipulation
scam_otp_harvest_banglish_f04_017_b3a42f,30,Urgency Pressure
benign_personal_chat_bn_f12_013_5bc624,10,
scam_remote_access_en_f04_003_ded5d5,40,OTP Harvesting
benign_personal_chat_banglish_f08_022_fdd43c,10,
benign_bank_notification_bn_f07_022_27ea9d,10,
scam_kyc_block_en_f01_023_ff417d,70,Urgency Pressure;Account Threat;Suspicious Link
scam_fake_prize_bn_f04_015_a5d48b,35,Payment Request
scam_job_scam_banglish_f05_018_568973,10,
scam_fake_agent_banglish_f04_002_f8b778,35,Account Threat
benign_otp_safety_banglish_f07_002_a291ee,10,
scam_wrong_transfer_bn_f01_023_a94fa7,55,Payment Request;Emotional Manipulation
scam_kyc_block_en_f01_012_5d9ec2,70,Urgency Pressure;Account Threat;Suspicious Link
scam_wrong_transfer_banglish_f08_023_4b4ac9,35,Payment Request
benign_personal_chat_en_f09_022_91462a,10,
benign_bank_notification_banglish_f01_004_8ad6a2,10,
scam_otp_harvest_banglish_f02_011_c7803d,40,OTP Harvesting
scam_job_scam_en_f05_022_da5d51,10,
scam_remote_access_bn_f04_009_31f7b6,10,
scam_wrong_transfer_bn_f02_020_ab274d,10,
benign_bank_notification_bn_f03_030_c5f0ca,10,
scam_fake_agent_banglish_f04_008_11580e,35,Account Threat
scam_wrong_transfer_bn_f02_005_fee9d4,10,
scam_kyc_block_en_f05_001_ea5e2f,25,Suspicious Link
scam_wrong_transfer_banglish_f07_009_33a132,35,Payment Request
scam_fake_prize_bn_f08_003_f6ae64,10,
benign_personal_chat_en_f05_004_5c1297,10,
scam_fake_prize_en_f07_010_d66ea4,10,
benign_bank_notification_banglish_f10_013_923fd8,10,
scam_kyc_block_en_f03_007_c066c4,50,Account Threat;Suspicious Link
scam_wrong_transfer_en_f01_025_de7f6a,35,Payment Request
benign_bank_notification_banglish_f12_012_47601b,10,
scam_kyc_block_bn_f07_001_e4f366,45,Urgency Pressure;Suspicious Link
scam_kyc_block_en_f08_002_02fb9b,70,Urgency Pressure;Account Threat;Suspicious Link
benign_personal_chat_banglish_f05_020_678261,10,
scam_kyc_block_banglish_f07_025_6486c6,45,Urgency Pressure;Suspicious Link
scam_kyc_block_bn_f03_004_494b45,45,Urgency Pressure;Suspicious Link
scam_loan_app_bn_f05_004_a04e1d,35,Payment Request
scam_fake_prize_bn_f07_001_a6e4dc,30,Unsolicited Prize / Reward
scam_fake_prize_bn_f01_015_e78ad1,55,Payment Request;Unsolicited Prize / Reward
benign_gen_advisory_en_f12_017_e9989f,10,
scam_loan_app_en_f06_008_313909,55,Urgency Pressure;Payment Request
scam_loan_app_en_f06_022_f67006,55,Urgency Pressure;Payment Request
scam_kyc_block_en_f04_016_24810d,50,Account Threat;Suspicious Link
scam_fake_agent_bn_f08_007_b31bf0,10,
scam_fake_prize_bn_f07_009_f488b1,30,Unsolicited Prize / Reward
scam_kyc_block_en_f03_013_e6c447,50,Account Threat;Suspicious Link
benign_personal_chat_en_f09_009_6b7c4b,10,
benign_bank_notification_en_f06_020_0aefdf,10,
benign_personal_chat_banglish_f01_005_b998af,10,
scam_fake_prize_banglish_f01_008_546c92,55,Payment Request;Unsolicited Prize / Reward
scam_job_scam_banglish_f01_021_2bc6df,35,Payment Request
scam_fake_agent_banglish_f03_022_fc886e,10,
scam_wrong_transfer_en_f02_009_6776e6,55,Payment Request;Emotional Manipulation
benign_bank_notification_bn_f03_020_53ef70,10,
scam_loan_app_en_f02_015_019bef,35,Payment Request
scam_loan_app_bn_f01_004_0f66b7,35,Payment Request
benign_personal_chat_bn_f02_002_07b3a5,10,
benign_otp_safety_en_f05_003_da3811,10,
scam_remote_access_en_f01_005_afdd9c,40,OTP Harvesting
benign_gen_advisory_bn_f01_001_30b866,10,
scam_fake_prize_banglish_f03_009_185cfb,75,Urgency Pressure;Payment Request;Unsolicited Prize / Reward
benign_otp_safety_en_f02_025_94f3a9,10,
benign_personal_chat_en_f01_027_f19590,10,
scam_fake_prize_banglish_f05_024_de9938,25,Suspicious Link
scam_fake_agent_en_f02_001_680a60,35,Account Threat
scam_fake_prize_banglish_f03_003_5a5d4f,75,Urgency Pressure;Payment Request;Unsolicited Prize / Reward
scam_otp_harvest_banglish_f08_008_12474f,30,Urgency Pressure
benign_innocent_keywords_en_f04_029_54b27c,10,
scam_loan_app_en_f07_020_e15bd4,25,Suspicious Link
benign_innocent_keywords_banglish_f11_000_73b771,10,
scam_otp_harvest_banglish_f01_022_83da5f,65,Account Threat;OTP Harvesting
scam_fake_agent_en_f06_004_6fded0,10,
benign_bank_notification_bn_f03_024_895c67,10,
benign_gen_advisory_banglish_f12_011_b169da,10,
benign_otp_safety_banglish_f07_018_e226d6,10,
scam_fake_agent_en_f01_013_b8fde6,35,Account Threat
benign_personal_chat_banglish_f09_007_003e81,10,
benign_otp_safety_en_f12_005_bfe6ef,10,
scam_kyc_block_banglish_f05_016_196782,25,Suspicious Link
scam_fake_prize_bn_f07_015_53b758,30,Unsolicited Prize / Reward
benign_otp_safety_banglish_f11_017_582144,10,
scam_loan_app_en_f01_012_00db0f,10,
scam_otp_harvest_bn_f06_017_99b7fc,55,Suspicious Link;OTP Harvesting
scam_fake_prize_bn_f06_015_77a4c7,10,
scam_fake_agent_banglish_f08_000_3dee49,10,
benign_bank_notification_banglish_f12_031_2dea8d,10,
benign_personal_chat_banglish_f09_018_6a3f2d,10,
scam_wrong_transfer_banglish_f06_005_7d05bb,10,
benign_gen_advisory_bn_f11_008_9ccfea,10,
benign_otp_safety_banglish_f06_001_952193,10,
scam_fake_prize_banglish_f07_006_8fccce,10,
scam_loan_app_bn_f06_002_0cb322,35,Payment Request
benign_personal_chat_en_f03_001_beff99,10,
benign_innocent_keywords_en_f07_006_8fe489,10,
benign_personal_chat_banglish_f04_019_0622a7,10,
scam_loan_app_bn_f07_010_ba493c,35,Payment Request
scam_fake_agent_bn_f06_007_1e9500,10,
scam_otp_harvest_en_f04_002_96fe16,40,OTP Harvesting
benign_gen_advisory_bn_f05_002_78d319,10,
benign_otp_safety_bn_f07_006_02a7ca,10,
scam_kyc_block_en_f03_002_b68717,50,Account Threat;Suspicious Link
scam_remote_access_bn_f03_011_7a5cda,10,
scam_kyc_block_en_f08_006_44d4b7,70,Urgency Pressure;Account Threat;Suspicious Link
benign_bank_notification_en_f03_015_dc0fb9,10,
scam_otp_harvest_bn_f06_022_6a2396,55,Suspicious Link;OTP Harvesting
benign_otp_safety_en_f04_021_1c409a,10,
scam_fake_prize_en_f01_024_93a916,55,Payment Request;Unsolicited Prize / Reward
scam_job_scam_bn_f06_019_006397,10,
scam_kyc_block_banglish_f02_007_f97279,70,Urgency Pressure;Account Threat;Suspicious Link
benign_bank_notification_bn_f05_007_91bbe3,10,
benign_gen_advisory_banglish_f08_002_7d3e6d,10,
scam_otp_harvest_banglish_f01_016_ebdc56,65,Account Threat;OTP Harvesting
scam_kyc_block_en_f03_006_889069,50,Account Threat;Suspicious Link
benign_otp_safety_bn_f04_002_b6528c,10,
scam_kyc_block_bn_f05_017_e48119,25,Suspicious Link
scam_wrong_transfer_banglish_f06_022_1ee5ad,10,
benign_personal_chat_en_f06_015_6b1d15,10,
benign_personal_chat_en_f05_013_27d9e9,10,
benign_personal_chat_bn_f06_013_a16f44,10,
benign_innocent_keywords_banglish_f02_006_084a24,10,
scam_fake_agent_bn_f01_001_d7ea6f,35,Authority Impersonation
scam_fake_prize_banglish_f04_008_25cef5,30,Unsolicited Prize / Reward
benign_gen_advisory_bn_f03_018_4fc9c1,10,
scam_fake_prize_en_f08_020_1d05e0,10,
scam_fake_agent_en_f07_008_230e3d,35,Account Threat
scam_otp_harvest_banglish_f06_004_e9d60a,25,Suspicious Link
benign_bank_notification_banglish_f09_007_05599b,10,
scam_wrong_transfer_banglish_f04_020_a2fd6e,35,Payment Request
scam_fake_agent_banglish_f07_004_550ab5,40,OTP Harvesting
benign_bank_notification_banglish_f05_017_d2dc1b,10,
benign_otp_safety_banglish_f04_004_9fc906,10,
scam_remote_access_en_f08_003_6bbb35,10,
scam_wrong_transfer_en_f07_005_5d28bd,10,
scam_job_scam_bn_f06_011_04512c,10,
benign_gen_advisory_en_f09_017_b82415,10,
scam_job_scam_bn_f04_012_5f526c,35,Payment Request
scam_fake_agent_banglish_f05_015_7b309b,10,
benign_otp_safety_banglish_f11_010_88a23f,10,
scam_wrong_transfer_en_f03_015_98d268,10,
scam_fake_prize_banglish_f01_004_2aea7e,55,Payment Request;Unsolicited Prize / Reward
scam_loan_app_bn_f08_025_af2b2f,25,Suspicious Link
scam_fake_agent_banglish_f05_010_d75183,10,
scam_fake_prize_bn_f06_010_bf070f,10,
benign_bank_notification_en_f01_023_d3b67f,10,
scam_fake_prize_bn_f07_005_8f7068,30,Unsolicited Prize / Reward
scam_otp_harvest_en_f03_005_e9d4c9,40,OTP Harvesting
scam_otp_harvest_banglish_f01_007_f03fc0,65,Account Threat;OTP Harvesting
scam_fake_prize_en_f06_024_04034d,55,Suspicious Link;OTP Harvesting
benign_innocent_keywords_banglish_f11_013_0124a8,10,
scam_loan_app_banglish_f07_020_11ec6c,25,Suspicious Link
scam_wrong_transfer_en_f07_000_982cc8,10,
scam_loan_app_bn_f07_025_4959cc,35,Payment Request
benign_bank_notification_banglish_f12_022_df2527,10,
scam_kyc_block_en_f02_025_1c90fd,70,Urgency Pressure;Account Threat;Suspicious Link
benign_bank_notification_bn_f01_016_6c10c4,10,
benign_bank_notification_bn_f07_029_b26e8f,10,
benign_personal_chat_bn_f06_010_c00687,10,
scam_loan_app_bn_f06_006_d4b5b1,35,Payment Request
scam_fake_prize_banglish_f06_019_3839a6,30,Unsolicited Prize / Reward
benign_bank_notification_en_f09_029_2bb532,10,
scam_remote_access_en_f06_021_9f97dc,10,
benign_bank_notification_en_f06_033_b64d22,10,
benign_bank_notification_en_f05_001_7b0ec3,10,
scam_fake_agent_bn_f05_017_7174f3,10,
benign_personal_chat_bn_f10_007_90cdec,10,
scam_fake_agent_bn_f01_007_c2ccc4,35,Authority Impersonation
benign_bank_notification_bn_f04_027_89dd3f,10,
benign_gen_advisory_en_f10_004_c111c6,10,
benign_gen_advisory_en_f05_005_4dccf4,10,
benign_personal_chat_banglish_f12_000_1575b8,10,
scam_fake_agent_banglish_f01_010_2ccf20,35,Authority Impersonation
benign_personal_chat_en_f09_011_5dd49a,10,
scam_fake_agent_bn_f03_009_cb7532,60,Account Threat;Authority Impersonation
scam_fake_prize_banglish_f03_017_439a10,75,Urgency Pressure;Payment Request;Unsolicited Prize / Reward
scam_job_scam_en_f01_024_620241,35,Payment Request
scam_fake_agent_banglish_f03_002_0d5e81,10,
benign_personal_chat_banglish_f08_008_f1d38a,10,
benign_bank_notification_banglish_f08_027_bfc999,10,
scam_wrong_transfer_bn_f04_019_98efff,35,Account Threat
benign_personal_chat_en_f08_023_b6128e,10,
scam_kyc_block_bn_f05_019_c69058,25,Suspicious Link
scam_otp_harvest_banglish_f07_006_8d5917,10,
benign_personal_chat_en_f07_006_f865c7,10,
scam_wrong_transfer_en_f05_018_107b24,35,Account Threat
scam_fake_agent_bn_f07_006_1bd304,10,
scam_kyc_block_banglish_f02_005_26cb52,70,Urgency Pressure;Account Threat;Suspicious Link
scam_fake_prize_bn_f03_022_cb39b1,55,Payment Request;Unsolicited Prize / Reward
scam_loan_app_en_f05_000_02e202,35,Payment Request
benign_gen_advisory_bn_f08_016_5425d1,10,
scam_fake_prize_en_f06_022_aecbc5,25,Suspicious Link
scam_wrong_transfer_en_f02_014_e7d79f,55,Payment Request;Emotional Manipulation
scam_fake_agent_banglish_f05_020_776003,10,
benign_innocent_keywords_bn_f04_004_44d2ca,10,
benign_bank_notification_banglish_f08_014_9cca22,10,
scam_fake_agent_bn_f02_004_628c1f,65,OTP Harvesting;Authority Impersonation
benign_bank_notification_bn_f03_031_476608,10,
scam_fake_agent_en_f05_006_5b1d69,10,
scam_loan_app_en_f01_001_444312,10,
scam_remote_access_banglish_f07_009_8fe22a,10,
scam_fake_prize_banglish_f08_000_323a61,10,
scam_kyc_block_bn_f05_014_79cff6,25,Suspicious Link
scam_fake_agent_en_f04_015_0940a3,10,
scam_fake_prize_bn_f02_019_43ebf8,45,Suspicious Link;Unsolicited Prize / Reward
scam_loan_app_en_f06_004_2e5eca,55,Urgency Pressure;Payment Request
benign_personal_chat_bn_f06_004_4d211d,10,
scam_fake_prize_en_f07_020_b759a4,10,
scam_remote_access_en_f02_008_c2f715,40,OTP Harvesting
scam_job_scam_bn_f01_018_ac0640,10,
scam_fake_agent_en_f01_001_09f7ce,35,Account Threat
benign_otp_safety_en_f02_000_8eac7c,10,
scam_wrong_transfer_banglish_f06_001_3b1b34,10,
benign_personal_chat_banglish_f08_028_e5a317,10,
scam_job_scam_banglish_f04_024_69d504,35,Payment Request
benign_bank_notification_banglish_f01_031_44e804,10,
benign_bank_notification_bn_f09_013_080a11,10,
scam_fake_agent_bn_f08_025_fc2dd6,10,
benign_bank_notification_bn_f05_027_b1ae8f,10,
scam_job_scam_bn_f05_002_b55e67,10,
scam_job_scam_en_f02_016_9686c4,35,Payment Request
scam_kyc_block_banglish_f07_021_3e4f1f,45,Urgency Pressure;Suspicious Link
benign_personal_chat_en_f07_004_1317f1,10,
benign_gen_advisory_banglish_f02_006_a58fc7,10,
scam_fake_agent_banglish_f01_016_f2912a,35,Authority Impersonation
scam_wrong_transfer_en_f08_001_ce9feb,10,
benign_personal_chat_banglish_f06_007_4cd1fc,10,
scam_loan_app_bn_f02_008_45f6fd,35,Payment Request
benign_personal_chat_en_f01_022_b848a0,10,
scam_fake_prize_banglish_f03_006_031956,75,Urgency Pressure;Payment Request;Unsolicited Prize / Reward
benign_innocent_keywords_en_f06_014_71890e,10,
benign_bank_notification_banglish_f08_010_21ed29,10,
scam_kyc_block_banglish_f07_011_4ca523,45,Urgency Pressure;Suspicious Link
scam_fake_agent_en_f07_016_5f3ad3,35,Account Threat
benign_otp_safety_bn_f04_000_54b26f,10,
scam_loan_app_bn_f05_002_13e707,35,Payment Request
benign_bank_notification_bn_f09_010_eed9d7,10,
benign_gen_advisory_en_f12_018_b0c675,10,
benign_bank_notification_banglish_f08_029_7af223,10,
scam_fake_prize_banglish_f02_002_75d457,45,Suspicious Link;Unsolicited Prize / Reward
scam_fake_agent_banglish_f04_000_79fa28,35,Account Threat
scam_otp_harvest_banglish_f04_006_974f31,30,Urgency Pressure
scam_remote_access_banglish_f02_005_18db8f,40,OTP Harvesting
benign_personal_chat_en_f05_005_64a546,10,
scam_otp_harvest_en_f08_015_16ec88,10,
benign_bank_notification_banglish_f01_009_512ac0,10,
scam_fake_agent_banglish_f08_020_4db9fe,10,
scam_fake_agent_bn_f08_015_5c630f,10,
benign_gen_advisory_en_f01_018_6346ef,10,
benign_gen_advisory_en_f10_015_96f34d,10,
benign_innocent_keywords_banglish_f08_006_28bb9a,10,
benign_personal_chat_en_f11_019_22c656,10,
benign_gen_advisory_bn_f10_006_cd614e,10,
scam_fake_agent_bn_f05_023_4839da,10,
scam_kyc_block_bn_f08_009_b95ead,45,Urgency Pressure;Suspicious Link
scam_fake_prize_en_f04_024_7585d9,35,Payment Request
benign_bank_notification_banglish_f06_012_cf1a53,10,
scam_otp_harvest_bn_f02_018_d3e1e4,10,
scam_loan_app_banglish_f04_014_5561ac,10,
scam_fake_prize_bn_f03_005_1c251f,55,Payment Request;Unsolicited Prize / Reward
scam_loan_app_en_f08_000_5d1efc,10,
scam_fake_agent_bn_f06_004_fab248,10,
scam_job_scam_bn_f05_012_710cba,10,
benign_otp_safety_en_f12_000_b89852,10,
scam_otp_harvest_banglish_f06_017_012ba5,25,Suspicious Link
scam_wrong_transfer_en_f04_021_7f2707,35,Payment Request
benign_innocent_keywords_bn_f11_010_ca8084,10,
benign_otp_safety_en_f09_001_d5f2be,10,
scam_loan_app_bn_f07_020_0f65cf,35,Payment Request
scam_wrong_transfer_bn_f02_012_da4061,10,
scam_fake_agent_bn_f08_023_7ab904,10,
scam_fake_agent_bn_f05_022_eeeb5f,10,
scam_loan_app_banglish_f05_024_5a5e3b,35,Payment Request
scam_otp_harvest_en_f01_011_a91e0b,40,OTP Harvesting
benign_personal_chat_en_f12_010_d0122e,10,
benign_bank_notification_banglish_f01_005_c60be9,10,
scam_kyc_block_bn_f01_002_1d9ad7,45,Urgency Pressure;Suspicious Link
scam_loan_app_bn_f06_022_ed56d5,35,Payment Request
benign_gen_advisory_bn_f08_002_99e926,10,
benign_gen_advisory_en_f12_011_23d50b,10,
scam_fake_prize_en_f02_010_ca0a52,45,Suspicious Link;Unsolicited Prize / Reward
scam_wrong_transfer_en_f08_014_9e757d,10,
scam_wrong_transfer_en_f08_015_1649a1,10,
benign_gen_advisory_bn_f11_017_886607,10,
scam_fake_prize_en_f04_004_431a80,35,Payment Request
scam_fake_prize_en_f08_023_d2a8dc,10,
scam_loan_app_en_f08_009_3bc815,10,
scam_loan_app_bn_f06_009_c868d1,35,Payment Request
scam_wrong_transfer_banglish_f05_025_4ae4b2,10,
scam_otp_harvest_bn_f02_016_3a0b23,10,
benign_bank_notification_bn_f04_006_b23067,10,
benign_bank_notification_bn_f02_010_93c2b5,10,
benign_bank_notification_banglish_f10_029_31696e,10,
benign_innocent_keywords_banglish_f08_030_ba94b5,10,
scam_remote_access_banglish_f02_020_aae294,40,OTP Harvesting
scam_remote_access_en_f01_010_2bf39f,40,OTP Harvesting
benign_personal_chat_bn_f06_033_b95ed9,10,
scam_remote_access_en_f07_002_967b5a,40,OTP Harvesting
scam_wrong_transfer_banglish_f08_001_67210f,35,Payment Request
benign_bank_notification_bn_f10_022_10668a,10,
scam_loan_app_banglish_f08_019_49cc24,35,Payment Request
benign_innocent_keywords_en_f11_023_1eb176,10,
scam_otp_harvest_en_f08_005_100b57,10,
benign_bank_notification_bn_f03_009_480145,10,
benign_personal_chat_banglish_f04_006_ea0bea,10,
scam_loan_app_en_f03_001_68426c,50,Payment Request;Suspicious Link
scam_loan_app_en_f05_011_7274a1,35,Payment Request
benign_bank_notification_en_f09_032_751647,10,
scam_loan_app_en_f07_005_1d41d2,25,Suspicious Link
benign_personal_chat_en_f07_023_1197e1,10,
scam_wrong_transfer_bn_f04_010_dbaed3,35,Account Threat
benign_personal_chat_banglish_f01_033_1334b2,10,
scam_job_scam_bn_f01_014_d2b66c,10,
scam_wrong_transfer_banglish_f04_004_719efe,35,Payment Request
benign_gen_advisory_en_f03_019_cb97e7,10,
benign_bank_notification_bn_f11_023_75d051,10,
scam_fake_agent_bn_f05_018_ec8284,10,
benign_innocent_keywords_banglish_f06_000_b6205b,10,
benign_bank_notification_en_f02_032_40fccc,10,
scam_kyc_block_banglish_f02_019_80a9ca,70,Urgency Pressure;Account Threat;Suspicious Link
scam_loan_app_bn_f04_015_baf87e,10,
scam_loan_app_bn_f06_021_f1cebf,35,Payment Request
benign_otp_safety_bn_f01_004_21fc82,10,
scam_job_scam_en_f04_022_8049b3,50,Payment Request;Suspicious Link
scam_job_scam_bn_f07_009_522e43,25,Suspicious Link
scam_otp_harvest_bn_f06_011_d567e1,55,Suspicious Link;OTP Harvesting
benign_gen_advisory_bn_f01_006_07b500,10,
scam_wrong_transfer_banglish_f04_024_905916,35,Payment Request
scam_fake_agent_en_f02_002_9bacb1,35,Account Threat
benign_personal_chat_banglish_f09_009_d7e190,10,
scam_job_scam_en_f04_023_c2b5a9,50,Payment Request;Suspicious Link
scam_job_scam_en_f01_022_9c4065,35,Payment Request
benign_bank_notification_en_f09_005_c93be3,10,
benign_bank_notification_banglish_f06_003_a9e590,10,
scam_wrong_transfer_en_f07_013_5f9e17,10,
scam_otp_harvest_en_f06_001_1601c3,10,
benign_bank_notification_en_f02_010_c17c07,10,
scam_fake_agent_banglish_f04_011_01fe50,35,Account Threat
scam_wrong_transfer_en_f04_015_847766,35,Payment Request
benign_innocent_keywords_banglish_f06_024_e09896,10,
scam_fake_prize_bn_f07_002_f1bce6,30,Unsolicited Prize / Reward
benign_personal_chat_banglish_f01_011_7081a4,10,
benign_personal_chat_banglish_f09_017_adc4ad,10,
scam_fake_agent_en_f01_021_351849,35,Account Threat
scam_job_scam_banglish_f06_004_42ef9f,35,Payment Request
scam_wrong_transfer_banglish_f04_003_cc759c,35,Payment Request
scam_wrong_transfer_banglish_f05_009_3e4717,10,
scam_wrong_transfer_bn_f02_002_adaaf2,10,
benign_personal_chat_en_f03_032_6fd5b5,10,
scam_kyc_block_en_f02_024_6b34ff,70,Urgency Pressure;Account Threat;Suspicious Link
benign_otp_safety_banglish_f06_017_4367ae,10,
benign_personal_chat_banglish_f11_019_5a2c30,10,
benign_innocent_keywords_banglish_f10_007_69f00b,10,
scam_fake_agent_banglish_f04_004_95dcc0,35,Account Threat
benign_bank_notification_en_f10_014_1ad2cf,10,
scam_fake_prize_banglish_f04_021_5ce0b9,30,Unsolicited Prize / Reward
scam_kyc_block_en_f02_004_47e46c,70,Urgency Pressure;Account Threat;Suspicious Link
scam_fake_prize_bn_f08_004_914da8,10,
scam_fake_agent_bn_f08_003_b44c6f,10,
scam_kyc_block_banglish_f02_001_93d616,70,Urgency Pressure;Account Threat;Suspicious Link
scam_otp_harvest_banglish_f06_022_0a4e4e,25,Suspicious Link
benign_bank_notification_en_f10_020_093b3c,10,
scam_kyc_block_en_f02_006_2e7232,70,Urgency Pressure;Account Threat;Suspicious Link
benign_bank_notification_bn_f05_024_b690ff,10,
benign_otp_safety_bn_f02_004_2e6c92,10,
scam_loan_app_bn_f03_013_c08805,25,Suspicious Link
scam_job_scam_en_f05_004_a8ea13,10,
benign_bank_notification_banglish_f09_001_f48bf4,10,
scam_wrong_transfer_banglish_f08_022_3d002e,35,Payment Request
benign_bank_notification_en_f01_003_42e278,10,
benign_otp_safety_banglish_f04_007_376cbb,10,
benign_personal_chat_banglish_f02_011_4440be,10,
benign_personal_chat_banglish_f11_032_f746e3,10,
scam_fake_prize_banglish_f04_001_da8d03,30,Unsolicited Prize / Reward
benign_bank_notification_banglish_f06_009_41679a,10,
benign_personal_chat_bn_f06_024_b95ed9,10,
scam_kyc_block_bn_f04_018_b70826,25,Suspicious Link
benign_personal_chat_banglish_f10_029_06cab3,10,
benign_innocent_keywords_en_f07_021_8fe489,10,
benign_bank_notification_banglish_f06_000_c6ae12,10,
scam_fake_prize_banglish_f01_000_91a8f9,55,Payment Request;Unsolicited Prize / Reward
scam_fake_agent_banglish_f04_023_dab579,35,Account Threat
scam_kyc_block_banglish_f06_016_0fb8fe,25,Suspicious Link
scam_fake_prize_banglish_f02_001_c9141a,45,Suspicious Link;Unsolicited Prize / Reward
scam_fake_agent_bn_f08_021_232e25,10,
scam_loan_app_banglish_f03_025_e1b2a5,25,Suspicious Link
scam_fake_prize_bn_f08_025_95d167,10,
scam_fake_prize_banglish_f06_014_6d4802,30,Unsolicited Prize / Reward
scam_otp_harvest_bn_f06_010_0c6400,55,Suspicious Link;OTP Harvesting
benign_personal_chat_bn_f03_001_00c95b,10,
scam_otp_harvest_en_f05_018_7be71a,25,Suspicious Link
scam_loan_app_bn_f02_020_2e4d9e,35,Payment Request
scam_job_scam_banglish_f04_023_ca4280,35,Payment Request
benign_otp_safety_banglish_f02_024_d253fe,10,
benign_bank_notification_en_f12_011_010df7,10,
benign_innocent_keywords_en_f09_018_fb4d51,35,Payment Request
benign_gen_advisory_en_f08_016_e01e7a,10,
scam_fake_agent_bn_f07_010_36ca93,10,
benign_bank_notification_en_f01_028_86e800,10,
scam_job_scam_en_f03_011_17f523,35,Payment Request
scam_otp_harvest_en_f05_014_78948e,25,Suspicious Link
scam_remote_access_bn_f03_017_c357c1,10,
benign_personal_chat_en_f12_005_f10689,10,
benign_bank_notification_banglish_f04_014_85a2f4,10,
scam_kyc_block_bn_f05_022_2cacf6,25,Suspicious Link
scam_job_scam_en_f08_014_b3ab4c,35,Payment Request
benign_personal_chat_en_f12_017_b7890c,10,
scam_kyc_block_bn_f05_009_f4e174,25,Suspicious Link
scam_fake_prize_banglish_f06_024_b0971a,30,Unsolicited Prize / Reward
scam_loan_app_en_f08_015_6b6892,10,
scam_fake_prize_bn_f08_005_32bac2,10,
scam_remote_access_bn_f08_000_271413,10,
scam_kyc_block_en_f03_019_25787d,50,Account Threat;Suspicious Link
benign_personal_chat_banglish_f07_021_69724d,10,
benign_personal_chat_bn_f10_001_5e9a3a,10,
scam_otp_harvest_banglish_f08_011_04e9a2,30,Urgency Pressure
benign_gen_advisory_banglish_f02_010_b0aafe,10,
scam_kyc_block_banglish_f08_009_073224,25,Suspicious Link
benign_innocent_keywords_bn_f04_008_1cfb6a,10,
benign_personal_chat_bn_f07_002_968879,10,
scam_fake_prize_banglish_f07_021_741b2c,10,
scam_fake_prize_bn_f08_018_7a8130,10,
scam_fake_agent_banglish_f05_021_621335,10,
benign_personal_chat_bn_f12_012_fe7e71,10,
scam_loan_app_en_f03_019_dd7c0a,50,Payment Request;Suspicious Link
benign_bank_notification_banglish_f02_025_f226da,10,
benign_personal_chat_en_f05_011_d12eed,10,
benign_gen_advisory_banglish_f05_015_251f3e,10,
scam_remote_access_en_f02_000_c2f715,40,OTP Harvesting
scam_wrong_transfer_en_f08_018_7729a0,10,
scam_job_scam_bn_f08_008_e36165,10,
scam_kyc_block_bn_f05_016_422947,25,Suspicious Link
scam_loan_app_banglish_f06_005_edc95a,35,Payment Request
scam_fake_agent_en_f02_010_5e0964,35,Account Threat
benign_otp_safety_banglish_f04_014_9fc906,10,
scam_wrong_transfer_banglish_f05_005_19157c,10,
benign_bank_notification_bn_f05_004_a1867d,10,
benign_bank_notification_banglish_f04_020_3aad87,10,
scam_otp_harvest_bn_f03_000_fa04a4,55,Urgency Pressure;Authority Impersonation
benign_bank_notification_banglish_f06_027_680b2a,10,
scam_remote_access_en_f08_006_834435,10,
scam_wrong_transfer_banglish_f07_015_1c2f8b,35,Payment Request
scam_wrong_transfer_banglish_f07_024_16809e,35,Payment Request
benign_personal_chat_en_f10_001_ff5124,10,
scam_kyc_block_banglish_f01_007_ca24a7,70,Urgency Pressure;Account Threat;Suspicious Link
scam_kyc_block_banglish_f07_004_2802b6,45,Urgency Pressure;Suspicious Link
scam_remote_access_en_f08_008_a14f0d,10,
benign_bank_notification_bn_f01_000_94186d,10,
benign_innocent_keywords_bn_f12_003_2e3515,10,
scam_remote_access_bn_f01_020_924097,40,OTP Harvesting
scam_kyc_block_en_f06_018_35b2be,70,Urgency Pressure;Account Threat;Suspicious Link
benign_innocent_keywords_bn_f01_018_98b0b9,10,
benign_gen_advisory_bn_f01_012_9ab002,10,
scam_wrong_transfer_banglish_f08_000_895caa,35,Payment Request
scam_job_scam_banglish_f03_012_b5e4c4,25,Suspicious Link
benign_bank_notification_en_f09_009_d57ad9,10,
scam_kyc_block_bn_f02_012_71d21d,50,Account Threat;Suspicious Link
scam_kyc_block_en_f03_025_f81b78,50,Account Threat;Suspicious Link
scam_otp_harvest_en_f01_025_3a6a42,40,OTP Harvesting
scam_kyc_block_en_f07_019_1011c7,50,Account Threat;Suspicious Link
scam_fake_prize_en_f07_004_31b63a,10,
benign_otp_safety_bn_f01_032_7131de,10,
benign_gen_advisory_en_f03_005_7b1597,10,
scam_loan_app_en_f05_016_2f3871,35,Payment Request
scam_fake_prize_banglish_f02_019_ccae85,45,Suspicious Link;Unsolicited Prize / Reward
scam_wrong_transfer_banglish_f04_010_1738a6,35,Payment Request
benign_bank_notification_en_f04_007_d2fd3b,10,
scam_remote_access_en_f04_007_46f93b,40,OTP Harvesting
scam_remote_access_banglish_f08_024_551a74,40,OTP Harvesting
scam_fake_agent_en_f01_002_aad07f,10,
scam_fake_prize_banglish_f05_020_370749,25,Suspicious Link
scam_wrong_transfer_banglish_f02_018_a9fd38,55,Payment Request;Emotional Manipulation
scam_job_scam_banglish_f05_015_70db96,10,
scam_job_scam_en_f03_008_31c0b8,35,Payment Request
scam_fake_prize_en_f06_011_7a90b3,55,Suspicious Link;OTP Harvesting
scam_kyc_block_banglish_f08_015_4d3285,25,Suspicious Link
scam_fake_prize_en_f06_010_b7c64b,55,Suspicious Link;OTP Harvesting
benign_bank_notification_en_f12_000_a5a5a1,10,
benign_innocent_keywords_bn_f07_008_08b549,10,
benign_bank_notification_bn_f02_024_5b9bf8,10,
scam_job_scam_banglish_f05_014_ec3f3c,10,
scam_wrong_transfer_en_f06_003_dcd4c6,10,
scam_fake_agent_en_f03_001_68952e,60,Urgency Pressure;OTP Harvesting
scam_fake_prize_en_f01_023_d975d9,55,Payment Request;Unsolicited Prize / Reward
scam_otp_harvest_banglish_f03_005_c7a054,35,Authority Impersonation
scam_job_scam_en_f06_017_23640e,25,Suspicious Link
scam_job_scam_banglish_f07_026_9cc150,10,
scam_wrong_transfer_banglish_f06_002_f172b6,10,
benign_gen_advisory_en_f08_001_398cfc,10,
scam_wrong_transfer_banglish_f01_019_bf0a72,55,Payment Request;Emotional Manipulation
benign_otp_safety_en_f01_004_d03ed0,10,
scam_loan_app_banglish_f06_019_72e0c9,35,Payment Request
scam_kyc_block_en_f08_001_ae030f,70,Urgency Pressure;Account Threat;Suspicious Link
scam_loan_app_bn_f05_000_6d0252,35,Payment Request
scam_wrong_transfer_banglish_f04_002_209ac7,35,Payment Request
benign_bank_notification_banglish_f08_019_9cd7b1,10,
benign_bank_notification_bn_f04_020_40d8d8,10,
benign_bank_notification_bn_f04_007_9fabe3,10,
benign_bank_notification_en_f03_032_ba610a,10,
scam_fake_prize_en_f04_017_80ce31,35,Payment Request
benign_bank_notification_banglish_f01_007_3e7650,10,
scam_fake_agent_en_f01_010_06a110,35,Account Threat
scam_loan_app_banglish_f07_008_110aa4,25,Suspicious Link
benign_bank_notification_banglish_f08_011_77b2ab,10,
scam_kyc_block_banglish_f03_003_6cd436,50,Account Threat;Suspicious Link
scam_wrong_transfer_banglish_f01_001_34ccca,55,Payment Request;Emotional Manipulation
benign_innocent_keywords_bn_f08_029_c72d4f,30,Urgency Pressure
benign_personal_chat_en_f01_033_8d18da,10,
scam_remote_access_en_f04_006_cf0c63,40,OTP Harvesting
scam_fake_prize_banglish_f05_019_ae1b28,25,Suspicious Link
benign_personal_chat_banglish_f05_011_ad8a63,10,
benign_gen_advisory_en_f07_008_43e53b,10,
scam_fake_prize_bn_f02_011_d1fe3f,45,Suspicious Link;Unsolicited Prize / Reward
scam_wrong_transfer_banglish_f07_004_9b0de5,35,Payment Request
benign_otp_safety_banglish_f01_012_0bd5b9,10,
scam_job_scam_banglish_f01_014_00c24f,35,Payment Request
scam_wrong_transfer_en_f05_007_242a39,35,Account Threat
scam_fake_agent_bn_f02_008_e5218f,65,OTP Harvesting;Authority Impersonation
benign_otp_safety_en_f04_019_9e322b,10,
scam_fake_agent_en_f06_021_4798c5,10,
scam_fake_prize_banglish_f02_022_eec0a7,45,Suspicious Link;Unsolicited Prize / Reward
benign_personal_chat_banglish_f04_007_86c681,10,
scam_wrong_transfer_bn_f07_002_4f4ddf,10,
scam_loan_app_bn_f02_012_33b01a,35,Payment Request
scam_fake_prize_banglish_f03_013_4e29e9,75,Urgency Pressure;Payment Request;Unsolicited Prize / Reward
scam_otp_harvest_en_f06_014_cb7da9,10,
scam_job_scam_banglish_f01_006_ed8409,35,Payment Request
benign_otp_safety_banglish_f01_001_7f8c75,10,
benign_otp_safety_en_f08_004_e25b38,40,OTP Harvesting
benign_personal_chat_banglish_f03_016_49a1d2,10,
benign_bank_notification_bn_f11_019_60f1e8,10,
benign_otp_safety_en_f03_000_6700a0,10,
scam_job_scam_en_f01_018_727562,35,Payment Request
scam_kyc_block_en_f02_021_444989,70,Urgency Pressure;Account Threat;Suspicious Link
scam_kyc_block_bn_f08_021_7664ce,45,Urgency Pressure;Suspicious Link
scam_loan_app_bn_f02_024_9830b6,35,Payment Request
scam_fake_agent_banglish_f03_024_0ec7b8,10,
benign_bank_notification_en_f01_025_5eabdc,10,
benign_gen_advisory_en_f10_001_7ee6ac,10,
scam_fake_agent_banglish_f02_022_914d7c,40,OTP Harvesting
benign_gen_advisory_banglish_f05_006_fea6a4,10,
benign_otp_safety_banglish_f06_000_b13e07,10,
scam_fake_prize_banglish_f02_021_3f32b5,45,Suspicious Link;Unsolicited Prize / Reward
benign_innocent_keywords_banglish_f05_005_b41c45,30,Urgency Pressure
benign_personal_chat_en_f03_000_6fd5b5,10,
scam_wrong_transfer_banglish_f01_008_18b7c3,55,Payment Request;Emotional Manipulation
scam_otp_harvest_banglish_f01_015_c58f27,65,Account Threat;OTP Harvesting
benign_gen_advisory_banglish_f04_015_34a6c6,10,
benign_gen_advisory_en_f08_000_3afba1,10,
benign_personal_chat_en_f08_031_1694a1,10,
scam_fake_prize_en_f02_005_98e54e,45,Suspicious Link;Unsolicited Prize / Reward
benign_personal_chat_banglish_f07_006_bdfc00,10,
benign_otp_safety_en_f02_009_4a95ca,10,
scam_job_scam_en_f03_003_e2df8d,35,Payment Request
scam_fake_agent_bn_f06_024_ae204d,10,
scam_loan_app_en_f08_017_dc9cfe,10,
scam_wrong_transfer_en_f06_015_4ef303,10,
scam_fake_agent_banglish_f05_014_f60625,10,
scam_loan_app_bn_f03_008_970df2,25,Suspicious Link
scam_wrong_transfer_bn_f05_018_d0fe9a,35,Payment Request
benign_bank_notification_banglish_f11_034_09e9ae,10,
benign_gen_advisory_en_f02_008_e2c898,10,
scam_remote_access_en_f06_023_0abd29,10,
scam_job_scam_banglish_f06_021_69ac36,35,Payment Request
scam_wrong_transfer_banglish_f05_012_f85b2b,10,
benign_personal_chat_banglish_f03_028_f33ca6,10,
scam_loan_app_bn_f05_023_589516,35,Payment Request
scam_otp_harvest_bn_f02_011_77ddf9,10,
scam_fake_agent_en_f02_012_1d3772,35,Account Threat
benign_otp_safety_en_f10_006_75b4e9,10,
scam_remote_access_bn_f03_007_86a57d,10,
scam_job_scam_bn_f06_023_8ee2fd,10,
benign_bank_notification_banglish_f04_015_01f188,10,
benign_gen_advisory_en_f11_005_d24c15,10,
benign_bank_notification_banglish_f02_009_d6878e,10,
scam_job_scam_banglish_f02_023_d4e2d0,35,Payment Request
scam_loan_app_en_f07_027_9a7836,25,Suspicious Link
scam_wrong_transfer_bn_f07_020_0d8c9a,10,
benign_innocent_keywords_en_f07_001_8fe489,10,
scam_wrong_transfer_en_f01_020_66c6e8,35,Payment Request
benign_gen_advisory_banglish_f12_012_48e2b7,10,
scam_kyc_block_banglish_f03_006_0a223a,50,Account Threat;Suspicious Link
benign_otp_safety_banglish_f01_017_7fb57d,10,
scam_loan_app_en_f01_002_888d11,10,
scam_wrong_transfer_banglish_f06_000_919885,10,
scam_job_scam_en_f01_013_360746,35,Payment Request
benign_bank_notification_en_f10_015_73e491,10,
benign_innocent_keywords_en_f03_032_86fee4,10,
benign_personal_chat_en_f08_017_e66cd5,10,
benign_bank_notification_en_f02_021_37c9a5,10,
scam_wrong_transfer_banglish_f01_021_6d1c0b,55,Payment Request;Emotional Manipulation
scam_kyc_block_banglish_f05_012_804a8d,25,Suspicious Link
scam_job_scam_bn_f04_022_2291bd,35,Payment Request
scam_remote_access_banglish_f06_021_699366,10,
scam_wrong_transfer_en_f02_008_d8cfa3,55,Payment Request;Emotional Manipulation
benign_otp_safety_en_f07_031_d70da8,10,
scam_otp_harvest_banglish_f03_021_ecd0b5,35,Authority Impersonation
scam_fake_agent_banglish_f08_016_059f5f,10,
benign_otp_safety_en_f02_008_fb7f81,10,
benign_gen_advisory_banglish_f08_004_fba7b5,10,
benign_bank_notification_bn_f10_034_4045fd,10,
scam_otp_harvest_bn_f06_001_0e0ba4,55,Suspicious Link;OTP Harvesting
scam_fake_agent_banglish_f08_026_c6509f,10,
benign_bank_notification_en_f02_005_2b72d1,10,
benign_bank_notification_en_f11_031_0fbd85,10,
benign_personal_chat_en_f07_030_eaecd4,10,
scam_loan_app_banglish_f05_003_97a188,35,Payment Request
scam_fake_agent_en_f02_020_c8e631,35,Account Threat
benign_bank_notification_bn_f03_008_b3cede,10,
benign_gen_advisory_bn_f13_001_d41ae1,10,
benign_gen_advisory_en_f02_019_4378f9,10,
scam_loan_app_bn_f08_001_93dd5b,25,Suspicious Link
scam_otp_harvest_en_f05_000_3bbebd,25,Suspicious Link
benign_innocent_keywords_en_f12_016_827ecf,10,
benign_bank_notification_banglish_f02_000_33261b,10,
benign_bank_notification_banglish_f05_010_45fc4a,10,
benign_gen_advisory_banglish_f05_010_f10db9,10,
scam_job_scam_en_f01_015_dbb997,35,Payment Request
benign_bank_notification_bn_f01_022_664c39,10,
scam_kyc_block_bn_f07_013_7e5755,45,Urgency Pressure;Suspicious Link
benign_gen_advisory_banglish_f03_012_3090f8,10,
benign_personal_chat_en_f10_025_2fbd0b,10,
scam_remote_access_en_f04_000_fb376b,40,OTP Harvesting
benign_innocent_keywords_bn_f12_006_c1945d,10,
scam_fake_agent_banglish_f06_016_c0cb30,35,Authority Impersonation
scam_fake_agent_banglish_f01_018_4c393b,35,Authority Impersonation
scam_loan_app_bn_f08_023_97a73f,25,Suspicious Link
scam_kyc_block_en_f06_003_fa263e,70,Urgency Pressure;Account Threat;Suspicious Link
benign_innocent_keywords_en_f12_006_d5bb21,10,
benign_gen_advisory_banglish_f04_005_d153df,10,
scam_otp_harvest_banglish_f06_010_071500,25,Suspicious Link
scam_loan_app_bn_f07_027_3ccc85,35,Payment Request
scam_fake_agent_banglish_f06_007_db5b07,35,Authority Impersonation
benign_personal_chat_en_f02_003_9502c1,10,
scam_job_scam_bn_f07_019_ecb997,25,Suspicious Link
benign_gen_advisory_bn_f09_000_34bf06,10,
scam_loan_app_en_f03_023_506c81,50,Payment Request;Suspicious Link
benign_gen_advisory_banglish_f05_004_9ac66d,10,
scam_fake_prize_bn_f05_022_ec07f3,45,Suspicious Link;Unsolicited Prize / Reward
scam_remote_access_banglish_f04_000_cb4076,10,
scam_loan_app_bn_f04_011_504c79,10,
scam_kyc_block_banglish_f02_024_c27ffe,70,Urgency Pressure;Account Threat;Suspicious Link
scam_fake_agent_en_f07_024_bc75ea,35,Account Threat
scam_remote_access_banglish_f04_016_3478b4,10,
benign_personal_chat_banglish_f03_023_91b4e8,10,
scam_loan_app_bn_f05_005_424aee,35,Payment Request
scam_remote_access_banglish_f06_013_7dcdac,10,
benign_bank_notification_en_f12_019_6d146d,10,
benign_personal_chat_en_f09_029_1af8d5,10,
benign_personal_chat_en_f12_009_403c65,10,
scam_wrong_transfer_banglish_f06_004_4c1d85,10,
scam_fake_agent_en_f03_008_0049da,60,Urgency Pressure;OTP Harvesting
scam_kyc_block_en_f01_024_59d38d,70,Urgency Pressure;Account Threat;Suspicious Link
benign_bank_notification_bn_f06_009_7cca8d,10,
benign_bank_notification_en_f11_032_829f75,10,
benign_personal_chat_banglish_f03_004_b920d1,10,
scam_fake_prize_banglish_f06_005_676d92,30,Unsolicited Prize / Reward
scam_kyc_block_banglish_f05_015_7d87f4,25,Suspicious Link
scam_fake_agent_en_f07_003_e3fc9f,35,Account Threat
scam_fake_agent_bn_f04_007_64e3e1,35,Authority Impersonation
benign_otp_safety_en_f10_011_bab67f,10,
scam_otp_harvest_banglish_f07_026_0eabde,10,
scam_kyc_block_bn_f08_006_d48123,45,Urgency Pressure;Suspicious Link
scam_wrong_transfer_en_f07_001_827472,10,
scam_fake_prize_en_f01_012_bad249,55,Payment Request;Unsolicited Prize / Reward
benign_personal_chat_banglish_f02_005_65110b,10,
benign_otp_safety_banglish_f01_028_d568c9,10,
benign_bank_notification_en_f03_018_016fd8,10,
scam_job_scam_banglish_f04_015_905c89,35,Payment Request
benign_personal_chat_en_f07_032_84cf4e,10,
scam_remote_access_banglish_f03_018_818bce,10,
scam_kyc_block_en_f05_018_4e5958,25,Suspicious Link
benign_personal_chat_bn_f08_019_ccb2ee,10,
scam_job_scam_bn_f01_024_7f29ff,10,
scam_fake_agent_en_f08_011_e15fbb,35,Authority Impersonation
scam_wrong_transfer_bn_f05_024_99f235,35,Payment Request
scam_fake_prize_banglish_f03_021_32daee,75,Urgency Pressure;Payment Request;Unsolicited Prize / Reward
benign_personal_chat_banglish_f04_001_cea5fd,10,
benign_personal_chat_banglish_f03_027_5d81b4,10,
scam_fake_agent_en_f06_024_45f874,10,
scam_remote_access_en_f07_022_e3d8b3,40,OTP Harvesting
benign_bank_notification_en_f04_020_bd8f64,10,
benign_personal_chat_en_f08_011_a0dd58,10,
scam_loan_app_banglish_f05_007_3641f5,35,Payment Request
benign_bank_notification_en_f01_021_4d379d,10,
scam_job_scam_bn_f02_010_85b749,35,Payment Request
scam_otp_harvest_en_f08_003_5d8e60,10,
scam_kyc_block_en_f07_026_9646d1,50,Account Threat;Suspicious Link
benign_bank_notification_bn_f11_029_b9ac38,10,
benign_innocent_keywords_bn_f10_032_454162,10,
benign_gen_advisory_en_f02_010_ef72c1,10,
benign_bank_notification_bn_f04_012_f1da1a,10,
scam_loan_app_bn_f07_016_b5a83c,35,Payment Request
benign_innocent_keywords_en_f02_000_ffd216,10,
benign_bank_notification_en_f01_030_554a06,10,
scam_job_scam_bn_f08_016_8690e6,10,
scam_job_scam_bn_f06_009_7443b9,10,
benign_personal_chat_bn_f01_001_80177b,10,
scam_kyc_block_bn_f05_013_a4444b,25,Suspicious Link
scam_job_scam_bn_f05_019_323a21,10,
scam_fake_agent_bn_f03_005_171df4,60,Account Threat;Authority Impersonation
benign_personal_chat_banglish_f03_009_65d8e6,10,
scam_wrong_transfer_en_f01_015_4624e2,35,Payment Request
scam_remote_access_bn_f01_011_44d636,40,OTP Harvesting
benign_bank_notification_en_f02_025_e29ed6,10,
benign_personal_chat_banglish_f06_021_5f8426,10,
scam_fake_prize_banglish_f04_011_0965a0,30,Unsolicited Prize / Reward
scam_remote_access_en_f03_000_3b3dea,10,
benign_personal_chat_en_f09_005_5465d7,10,
scam_kyc_block_bn_f01_019_f5d2c5,45,Urgency Pressure;Suspicious Link
benign_otp_safety_bn_f02_006_db6e4f,10,
benign_bank_notification_banglish_f10_020_0c48df,10,
benign_bank_notification_bn_f07_012_eec8c9,10,
benign_personal_chat_bn_f03_005_e891d5,10,
scam_fake_agent_en_f02_014_6ae7ad,35,Account Threat
benign_bank_notification_banglish_f09_031_4ffd31,10,
scam_fake_prize_banglish_f05_000_62d032,25,Suspicious Link
scam_otp_harvest_banglish_f08_003_cd547c,30,Urgency Pressure
scam_fake_prize_banglish_f08_006_e90770,10,
scam_fake_agent_en_f03_025_4e0c12,60,Urgency Pressure;OTP Harvesting
benign_personal_chat_en_f06_000_dfcce6,10,
benign_gen_advisory_en_f03_010_d4b703,10,
scam_job_scam_banglish_f02_013_c3f14d,35,Payment Request
scam_loan_app_en_f06_010_f9ba9e,55,Urgency Pressure;Payment Request
scam_fake_prize_banglish_f04_013_a9a169,30,Unsolicited Prize / Reward
scam_fake_agent_bn_f02_018_9291e7,65,OTP Harvesting;Authority Impersonation
scam_fake_prize_banglish_f03_014_0ce184,75,Urgency Pressure;Payment Request;Unsolicited Prize / Reward
scam_job_scam_en_f06_005_ca9d28,25,Suspicious Link
scam_kyc_block_en_f04_010_3ca77b,50,Account Threat;Suspicious Link
benign_innocent_keywords_banglish_f03_014_456f4e,10,
scam_loan_app_banglish_f07_023_9fccbd,25,Suspicious Link
scam_kyc_block_en_f04_013_697bcc,50,Account Threat;Suspicious Link
scam_fake_agent_banglish_f02_014_f3deea,40,OTP Harvesting
benign_personal_chat_banglish_f02_020_2191b6,10,
scam_job_scam_en_f08_009_d1bea3,35,Payment Request
benign_otp_safety_banglish_f08_018_5932a0,10,
scam_job_scam_en_f07_011_02966a,35,Payment Request
scam_loan_app_banglish_f02_002_f8bc84,35,Payment Request
scam_loan_app_en_f06_016_211c9a,55,Urgency Pressure;Payment Request
scam_otp_harvest_bn_f02_004_33da1a,10,
scam_job_scam_banglish_f06_020_7d62d1,35,Payment Request
benign_bank_notification_en_f02_030_58b2e3,10,
scam_remote_access_banglish_f06_009_4d203e,10,
scam_fake_prize_banglish_f05_017_83c8f8,25,Suspicious Link
scam_job_scam_banglish_f03_009_50dbbd,25,Suspicious Link
scam_job_scam_banglish_f06_013_619395,35,Payment Request
benign_otp_safety_bn_f02_015_a105fc,10,
benign_bank_notification_banglish_f07_022_0e9736,10,
scam_kyc_block_en_f07_027_31c121,50,Account Threat;Suspicious Link
benign_innocent_keywords_bn_f03_032_6c2ef2,10,
benign_innocent_keywords_en_f05_008_c9fbbb,10,
benign_personal_chat_en_f06_031_931218,10,
benign_personal_chat_bn_f12_000_f8a6ee,10,
benign_gen_advisory_banglish_f02_013_27485d,10,
benign_bank_notification_en_f07_030_b44822,10,
benign_bank_notification_bn_f09_003_7fc3ba,10,
scam_kyc_block_en_f03_012_36d0e3,50,Account Threat;Suspicious Link
benign_personal_chat_bn_f09_017_d163b1,10,
benign_gen_advisory_banglish_f11_008_b11881,10,
scam_kyc_block_banglish_f06_024_617a25,25,Suspicious Link
benign_innocent_keywords_en_f05_000_527ece,10,
scam_loan_app_en_f06_020_abd690,55,Urgency Pressure;Payment Request
benign_otp_safety_banglish_f05_017_e997f6,10,
benign_bank_notification_en_f02_001_9c655a,10,
benign_innocent_keywords_bn_f03_003_3586c0,10,
benign_bank_notification_en_f03_006_1b9fe9,10,
scam_loan_app_bn_f06_005_96314b,35,Payment Request
benign_personal_chat_en_f02_019_e53e9a,10,
scam_fake_prize_en_f06_017_08b27d,55,Suspicious Link;OTP Harvesting
scam_fake_agent_bn_f05_016_bc46a6,10,
scam_remote_access_banglish_f02_017_c7e76e,40,OTP Harvesting
scam_kyc_block_en_f04_017_993a92,50,Account Threat;Suspicious Link
benign_bank_notification_bn_f03_018_758431,10,
scam_wrong_transfer_banglish_f05_006_b8d591,10,
scam_loan_app_banglish_f08_018_b72ab7,35,Payment Request
scam_otp_harvest_en_f02_022_c435a7,40,OTP Harvesting
scam_remote_access_banglish_f08_000_9b85fc,40,OTP Harvesting
scam_loan_app_en_f05_012_d02a6c,35,Payment Request
scam_fake_prize_bn_f01_001_b6c648,55,Payment Request;Unsolicited Prize / Reward
scam_wrong_transfer_en_f07_025_492533,10,
benign_otp_safety_en_f07_004_d8064f,10,
benign_personal_chat_en_f04_027_9dbf5d,10,
scam_wrong_transfer_banglish_f06_009_5b7c37,10,
scam_wrong_transfer_banglish_f01_017_e74e65,55,Payment Request;Emotional Manipulation
benign_bank_notification_en_f08_001_634331,10,
scam_remote_access_bn_f03_006_be6ac9,10,
scam_fake_agent_en_f07_015_1cfb4a,35,Account Threat
benign_bank_notification_bn_f02_003_e7a990,10,
benign_otp_safety_banglish_f04_011_6fef40,10,
scam_otp_harvest_bn_f04_023_0040ab,40,OTP Harvesting
scam_job_scam_en_f06_002_9189ff,25,Suspicious Link
benign_gen_advisory_bn_f07_005_89bd80,10,
scam_kyc_block_en_f04_020_899ad5,50,Account Threat;Suspicious Link
benign_bank_notification_banglish_f01_033_176046,10,
benign_innocent_keywords_en_f08_009_d78dd8,10,
benign_bank_notification_banglish_f07_006_de712c,10,
benign_personal_chat_banglish_f02_022_6359ca,10,
benign_innocent_keywords_banglish_f08_017_613bce,10,
scam_loan_app_banglish_f02_022_415903,35,Payment Request
scam_loan_app_banglish_f03_006_2bd006,25,Suspicious Link
scam_fake_agent_banglish_f06_005_110729,35,Authority Impersonation
benign_bank_notification_bn_f10_005_b6dfe3,10,
scam_job_scam_en_f04_006_f3381a,50,Payment Request;Suspicious Link
benign_innocent_keywords_bn_f06_002_9846e7,10,
benign_personal_chat_en_f05_000_ecf779,10,
benign_bank_notification_bn_f12_006_2085b9,10,
benign_innocent_keywords_bn_f02_002_7cf6bc,10,
benign_otp_safety_en_f06_001_0895d9,10,
scam_wrong_transfer_banglish_f02_001_e34af1,55,Payment Request;Emotional Manipulation
scam_loan_app_en_f02_013_86f8e9,35,Payment Request
scam_loan_app_bn_f01_000_2d7cc9,35,Payment Request
benign_bank_notification_banglish_f04_022_a41ba8,10,
benign_personal_chat_bn_f03_006_dd3e0b,10,
scam_fake_agent_en_f03_002_c83eb4,60,Urgency Pressure;OTP Harvesting
scam_remote_access_en_f04_002_2969d4,40,OTP Harvesting
scam_loan_app_banglish_f08_017_dcf4fd,35,Payment Request
scam_fake_prize_en_f05_024_a06f1e,30,Urgency Pressure
scam_kyc_block_banglish_f03_021_27e59f,50,Account Threat;Suspicious Link
benign_bank_notification_en_f04_004_fa8794,10,
benign_bank_notification_en_f04_026_3f15ce,10,
scam_remote_access_banglish_f01_008_caedb4,40,OTP Harvesting
scam_loan_app_banglish_f04_005_7ca083,10,
benign_personal_chat_en_f01_032_33c9dd,10,
benign_bank_notification_en_f05_023_52159f,10,
scam_wrong_transfer_banglish_f06_012_67de85,10,
benign_bank_notification_bn_f07_013_a79af7,10,
scam_loan_app_banglish_f02_015_6f4b9c,35,Payment Request
scam_fake_prize_banglish_f07_020_414358,10,
benign_gen_advisory_banglish_f04_009_714b33,10,
benign_bank_notification_en_f10_013_42634d,10,
benign_personal_chat_banglish_f06_010_2040b0,10,
scam_loan_app_en_f01_017_3f2f8c,10,
benign_bank_notification_banglish_f10_012_04c8e2,10,
scam_wrong_transfer_en_f07_019_c22894,10,
benign_innocent_keywords_bn_f05_003_8819fd,10,
scam_loan_app_bn_f02_007_43b6fa,35,Payment Request
scam_fake_agent_banglish_f04_012_f285c3,35,Account Threat
benign_gen_advisory_en_f04_015_52a686,10,
benign_otp_safety_banglish_f02_032_e5a75f,10,
benign_personal_chat_bn_f08_008_f85b59,10,
scam_fake_prize_bn_f06_007_6b3de8,10,
scam_job_scam_banglish_f04_021_e61756,35,Payment Request
scam_fake_prize_banglish_f04_016_980ffa,30,Unsolicited Prize / Reward
scam_loan_app_banglish_f06_007_2b1002,35,Payment Request
scam_wrong_transfer_en_f05_025_dc5631,35,Account Threat
scam_wrong_transfer_banglish_f06_018_1f5631,10,
benign_personal_chat_bn_f01_019_42b1e4,10,
scam_fake_prize_bn_f03_014_93117d,55,Payment Request;Unsolicited Prize / Reward
scam_wrong_transfer_banglish_f08_002_454b29,35,Payment Request
scam_loan_app_en_f07_016_fb85fb,25,Suspicious Link
scam_kyc_block_bn_f08_003_6a8434,45,Urgency Pressure;Suspicious Link
benign_personal_chat_banglish_f05_025_b2b02c,10,
benign_otp_safety_en_f07_000_56bdfa,10,
benign_bank_notification_banglish_f10_001_37a42d,10,
scam_kyc_block_bn_f06_004_2a5203,25,Suspicious Link
benign_bank_notification_banglish_f01_008_64d5b8,10,
scam_fake_agent_banglish_f06_019_18c64d,35,Authority Impersonation
scam_otp_harvest_en_f03_004_4ba406,40,OTP Harvesting
scam_remote_access_banglish_f08_001_c48350,40,OTP Harvesting
scam_wrong_transfer_en_f04_017_434277,35,Payment Request
scam_loan_app_banglish_f07_026_f1765b,25,Suspicious Link
benign_bank_notification_banglish_f01_029_c52835,10,
benign_bank_notification_en_f06_007_5bacd6,10,
scam_wrong_transfer_banglish_f07_007_ef93ce,35,Payment Request
benign_innocent_keywords_bn_f09_018_652edd,35,Payment Request
benign_innocent_keywords_en_f04_025_b12b65,10,
scam_fake_prize_bn_f01_006_7ed523,55,Payment Request;Unsolicited Prize / Reward
scam_job_scam_banglish_f04_017_ff321d,35,Payment Request
benign_otp_safety_bn_f10_018_d476c0,10,
benign_bank_notification_en_f10_029_e118ff,10,
benign_personal_chat_bn_f04_030_b34070,10,
benign_innocent_keywords_en_f12_009_a3dcfe,10,
benign_bank_notification_banglish_f04_005_544cf7,10,
benign_bank_notification_bn_f12_027_1d0216,10,
scam_loan_app_bn_f05_008_e78472,35,Payment Request
benign_bank_notification_en_f02_004_b1c176,10,
benign_bank_notification_banglish_f04_024_7a32d1,10,
scam_fake_prize_banglish_f01_005_69facf,55,Payment Request;Unsolicited Prize / Reward
scam_remote_access_en_f07_006_6ad491,40,OTP Harvesting
benign_otp_safety_bn_f11_003_a17960,10,
benign_personal_chat_en_f11_003_0fd7be,10,
benign_bank_notification_banglish_f04_023_e680ec,10,
benign_personal_chat_bn_f02_010_1e8e20,10,
benign_bank_notification_en_f07_001_9ef1c2,10,
benign_gen_advisory_bn_f01_000_397afd,10,
benign_bank_notification_en_f08_030_b2e0cc,10,
scam_loan_app_bn_f06_011_f4ee12,35,Payment Request
benign_innocent_keywords_en_f10_035_60df62,10,
benign_gen_advisory_en_f09_018_451370,10,
benign_personal_chat_en_f12_011_ba3aa7,10,
scam_fake_agent_banglish_f08_011_f74264,10,
benign_personal_chat_bn_f01_029_fe08d8,10,
benign_innocent_keywords_en_f11_001_ab0f12,10,
scam_fake_agent_bn_f06_014_bae796,10,
benign_innocent_keywords_banglish_f11_028_3247db,10,
benign_bank_notification_en_f08_028_7e9e7a,10,
scam_remote_access_banglish_f05_024_dc472a,40,OTP Harvesting
scam_loan_app_bn_f02_019_c6216c,35,Payment Request
scam_fake_agent_banglish_f01_004_6f635c,35,Authority Impersonation
scam_kyc_block_en_f05_017_bab293,25,Suspicious Link
scam_loan_app_bn_f02_014_9706f5,35,Payment Request
scam_job_scam_banglish_f04_012_e9ae4a,35,Payment Request
benign_personal_chat_en_f02_012_aa8273,10,
benign_bank_notification_en_f08_027_8f976c,10,
benign_otp_safety_bn_f01_000_4badfe,10,
scam_remote_access_en_f01_002_771b7e,40,OTP Harvesting
scam_fake_prize_en_f04_003_753a00,35,Payment Request
benign_personal_chat_bn_f10_003_7128d3,10,
scam_job_scam_bn_f02_016_7b051d,35,Payment Request
scam_job_scam_bn_f08_018_02cbe5,10,
scam_wrong_transfer_bn_f08_016_57e03d,30,Emotional Manipulation
scam_kyc_block_bn_f02_018_5e6372,50,Account Threat;Suspicious Link
scam_loan_app_banglish_f07_010_0da29f,25,Suspicious Link
scam_loan_app_bn_f01_014_c91538,35,Payment Request
benign_personal_chat_banglish_f04_024_20abe9,10,
scam_job_scam_bn_f02_005_5a7fd3,35,Payment Request
scam_fake_prize_en_f01_019_a896c7,55,Payment Request;Unsolicited Prize / Reward
benign_bank_notification_banglish_f11_013_cae084,10,
scam_otp_harvest_en_f08_026_3c42f4,10,
scam_loan_app_banglish_f05_012_edf9f0,35,Payment Request
scam_loan_app_banglish_f05_011_3489bd,35,Payment Request
scam_loan_app_bn_f03_020_32178e,25,Suspicious Link
benign_personal_chat_bn_f03_021_fa9019,10,
benign_bank_notification_en_f11_004_2d0a52,10,
benign_personal_chat_en_f02_006_f9628d,10,
scam_loan_app_banglish_f08_015_6d1f08,35,Payment Request
scam_wrong_transfer_en_f01_009_e10938,35,Payment Request
scam_loan_app_en_f01_016_338051,10,
benign_personal_chat_bn_f01_008_b892ed,10,
scam_fake_agent_en_f06_001_6a1b50,10,
benign_gen_advisory_banglish_f12_003_f11c9c,10,
scam_otp_harvest_banglish_f05_002_443a2e,40,OTP Harvesting
scam_job_scam_bn_f05_001_f7af92,10,
benign_bank_notification_banglish_f08_033_ceb86e,10,
benign_otp_safety_en_f09_022_9b8ef5,10,
scam_loan_app_bn_f03_018_fec73b,25,Suspicious Link
scam_job_scam_banglish_f05_008_4db542,10,
scam_wrong_transfer_banglish_f01_022_7eedc2,55,Payment Request;Emotional Manipulation
scam_kyc_block_bn_f02_011_f2db8b,50,Account Threat;Suspicious Link
scam_wrong_transfer_banglish_f07_025_66efb4,35,Payment Request
scam_loan_app_banglish_f02_003_886994,35,Payment Request
benign_gen_advisory_en_f09_004_f70628,10,
scam_fake_prize_banglish_f08_019_9c3c60,10,
benign_innocent_keywords_banglish_f04_023_262ee0,10,
scam_job_scam_en_f02_011_27a0c3,35,Payment Request
scam_fake_agent_banglish_f07_014_4cde31,40,OTP Harvesting
scam_fake_prize_bn_f06_024_d4c15a,10,
scam_fake_agent_banglish_f06_023_2f41e8,35,Authority Impersonation
scam_wrong_transfer_banglish_f01_009_e240bf,55,Payment Request;Emotional Manipulation
benign_personal_chat_en_f07_010_d71914,10,
benign_bank_notification_en_f02_006_9077f7,10,
scam_loan_app_en_f07_009_a6e38f,25,Suspicious Link
benign_personal_chat_banglish_f01_032_8de7e5,10,
benign_gen_advisory_bn_f12_006_0b9fa7,10,
benign_bank_notification_bn_f12_013_7aa847,10,
scam_loan_app_banglish_f03_021_14bf8b,25,Suspicious Link
scam_remote_access_en_f06_018_fb7180,10,
benign_personal_chat_bn_f10_018_847b50,10,
scam_fake_prize_banglish_f06_001_9cedbb,30,Unsolicited Prize / Reward
scam_fake_prize_en_f03_009_09aaec,35,Payment Request
scam_wrong_transfer_en_f08_016_4f712c,10,
benign_gen_advisory_en_f05_019_93a2ab,40,OTP Harvesting
scam_job_scam_banglish_f03_004_da296a,25,Suspicious Link
scam_fake_agent_en_f04_020_1639ce,10,
scam_remote_access_banglish_f06_011_9f872e,10,
scam_otp_harvest_en_f06_010_6a7046,10,
scam_job_scam_bn_f03_009_bdebb0,25,Suspicious Link
scam_fake_prize_bn_f07_021_04251d,30,Unsolicited Prize / Reward
benign_personal_chat_banglish_f10_016_d1c5be,10,
benign_personal_chat_banglish_f01_010_628600,10,
benign_personal_chat_bn_f07_003_e2eb86,10,
scam_loan_app_en_f08_004_f43ea8,10,
benign_personal_chat_en_f07_002_d559f6,10,
benign_personal_chat_en_f01_012_8cc2dc,10,
benign_personal_chat_bn_f09_004_ed5336,10,
benign_personal_chat_en_f02_010_d6cc71,10,
scam_job_scam_bn_f01_023_286a07,10,
benign_innocent_keywords_banglish_f07_011_7c5f29,10,
scam_job_scam_bn_f04_004_86d868,35,Payment Request
scam_fake_prize_en_f04_014_e963b5,35,Payment Request
benign_bank_notification_bn_f06_003_cc58a7,10,
benign_otp_safety_banglish_f08_008_0a9fe7,10,
scam_fake_prize_en_f04_006_b3aeb0,35,Payment Request
scam_job_scam_banglish_f02_001_ae52c7,35,Payment Request
scam_fake_prize_bn_f02_021_3c55b4,45,Suspicious Link;Unsolicited Prize / Reward
benign_bank_notification_banglish_f06_030_280933,10,
scam_fake_prize_bn_f06_011_fc8d1f,10,
scam_wrong_transfer_banglish_f06_016_18da16,10,
scam_loan_app_en_f02_002_b9fe53,35,Payment Request
scam_wrong_transfer_bn_f05_007_0ac4ce,35,Payment Request
scam_job_scam_en_f08_007_4f2f26,35,Payment Request
scam_fake_prize_bn_f01_007_811967,55,Payment Request;Unsolicited Prize / Reward
scam_fake_agent_bn_f01_017_f6d144,35,Authority Impersonation
scam_wrong_transfer_banglish_f05_014_5608aa,10,
scam_kyc_block_en_f02_013_be5dbe,70,Urgency Pressure;Account Threat;Suspicious Link
scam_fake_agent_bn_f04_003_ecb13a,35,Authority Impersonation
scam_fake_prize_banglish_f02_024_582d1b,45,Suspicious Link;Unsolicited Prize / Reward
benign_innocent_keywords_banglish_f04_004_4ba8e4,10,
benign_bank_notification_bn_f07_004_a2d9f5,10,
benign_bank_notification_bn_f05_025_8b1a53,10,
benign_bank_notification_banglish_f12_021_7c9e42,10,
scam_wrong_transfer_bn_f08_013_47ef73,30,Emotional Manipulation
scam_job_scam_banglish_f01_008_4a936f,35,Payment Request
benign_bank_notification_bn_f06_015_2559b1,10,
benign_gen_advisory_banglish_f01_010_caaaee,10,
scam_fake_prize_en_f08_013_beb13c,10,
scam_loan_app_en_f03_018_8b2587,50,Payment Request;Suspicious Link
scam_otp_harvest_bn_f08_023_a4938f,60,Urgency Pressure;OTP Harvesting
scam_fake_prize_banglish_f07_010_779d41,10,
scam_otp_harvest_en_f02_006_e6e115,40,OTP Harvesting
benign_bank_notification_en_f05_013_b7118f,10,
scam_fake_prize_banglish_f01_012_e97bdc,55,Payment Request;Unsolicited Prize / Reward
scam_remote_access_en_f01_019_709e30,40,OTP Harvesting
benign_gen_advisory_banglish_f11_016_8461e9,10,
scam_loan_app_en_f01_014_9c5b32,10,
scam_kyc_block_en_f02_007_e69208,70,Urgency Pressure;Account Threat;Suspicious Link
scam_fake_prize_banglish_f08_023_0957be,10,
scam_job_scam_banglish_f04_016_166338,35,Payment Request
scam_wrong_transfer_banglish_f08_005_0b68f5,10,
scam_fake_prize_banglish_f08_021_67e1af,10,
benign_otp_safety_bn_f01_014_81ee7e,10,
benign_bank_notification_en_f12_003_a95798,10,
benign_personal_chat_en_f01_000_102c42,10,
scam_otp_harvest_en_f06_017_9959db,10,
scam_loan_app_bn_f06_008_9c2404,35,Payment Request
benign_otp_safety_bn_f04_022_6b6045,10,
scam_kyc_block_en_f05_003_047153,25,Suspicious Link
scam_fake_prize_en_f04_012_4efdaa,35,Payment Request
scam_fake_prize_bn_f06_018_98a99e,10,
scam_job_scam_en_f02_017_da511f,35,Payment Request
scam_fake_prize_banglish_f06_021_7076f6,30,Unsolicited Prize / Reward
scam_wrong_transfer_bn_f03_003_4ef295,35,Payment Request
benign_bank_notification_bn_f09_019_e71257,10,
benign_gen_advisory_en_f07_015_c22a23,10,
scam_remote_access_banglish_f06_015_a67468,10,
scam_job_scam_banglish_f01_003_a2a2f7,35,Payment Request
scam_fake_agent_en_f04_002_99f8cd,10,
scam_job_scam_bn_f03_016_e6c502,25,Suspicious Link
benign_personal_chat_en_f06_024_fddc39,10,
benign_bank_notification_en_f02_019_561a61,10,
scam_kyc_block_en_f04_024_82577e,50,Account Threat;Suspicious Link
benign_bank_notification_bn_f11_035_d8539c,10,
benign_personal_chat_bn_f02_000_d01cbb,10,
scam_wrong_transfer_banglish_f03_015_709d93,10,
scam_otp_harvest_banglish_f03_012_c23b56,35,Authority Impersonation
benign_bank_notification_banglish_f09_024_e4a9e3,10,
benign_bank_notification_bn_f12_003_172edd,10,
benign_gen_advisory_bn_f10_005_ca1fd5,10,
scam_job_scam_bn_f06_005_743ffb,10,
scam_loan_app_banglish_f06_009_109819,35,Payment Request
benign_bank_notification_banglish_f08_004_73efcd,10,
scam_job_scam_en_f06_024_512829,25,Suspicious Link
benign_gen_advisory_banglish_f11_002_992039,10,
scam_job_scam_banglish_f01_017_edbd43,35,Payment Request
benign_bank_notification_banglish_f03_015_d0ea57,10,
scam_loan_app_bn_f03_017_c20c86,25,Suspicious Link
scam_fake_agent_banglish_f08_001_99a0d0,10,
scam_fake_prize_en_f06_005_53eb82,55,Suspicious Link;OTP Harvesting
benign_otp_safety_en_f07_014_d7347a,10,
benign_personal_chat_banglish_f11_013_a3b2d2,10,
benign_personal_chat_bn_f02_014_5a5576,10,
scam_remote_access_en_f01_012_79a91a,40,OTP Harvesting
scam_kyc_block_banglish_f08_027_525c94,50,Account Threat;Suspicious Link
scam_wrong_transfer_bn_f05_005_4953ec,35,Payment Request
scam_otp_harvest_en_f01_015_69334c,40,OTP Harvesting
scam_loan_app_bn_f02_002_9b5588,35,Payment Request
benign_gen_advisory_banglish_f06_016_206a5d,10,
benign_personal_chat_en_f02_024_ef71e2,10,
scam_job_scam_bn_f05_024_d008ec,10,
scam_fake_prize_banglish_f01_009_c900f3,55,Payment Request;Unsolicited Prize / Reward
benign_gen_advisory_en_f07_006_b774bd,10,
benign_personal_chat_banglish_f12_035_972ab3,10,
scam_fake_prize_bn_f07_026_e42dc6,30,Unsolicited Prize / Reward
benign_innocent_keywords_en_f12_020_6f22a5,10,
scam_kyc_block_en_f06_004_fceaeb,70,Urgency Pressure;Account Threat;Suspicious Link
scam_fake_agent_banglish_f05_024_64157b,10,
scam_kyc_block_bn_f01_015_a26634,45,Urgency Pressure;Suspicious Link
scam_otp_harvest_en_f04_001_96fe16,40,OTP Harvesting
benign_innocent_keywords_en_f12_012_0c5665,10,
scam_fake_prize_banglish_f03_023_00eb29,75,Urgency Pressure;Payment Request;Unsolicited Prize / Reward
scam_fake_prize_bn_f01_022_378abc,55,Payment Request;Unsolicited Prize / Reward
scam_kyc_block_bn_f03_024_eeefb3,45,Urgency Pressure;Suspicious Link
benign_personal_chat_en_f02_022_99412b,10,
scam_fake_agent_banglish_f03_012_bfd022,10,
benign_personal_chat_bn_f05_028_96a569,10,
scam_fake_prize_banglish_f03_002_10edbd,75,Urgency Pressure;Payment Request;Unsolicited Prize / Reward
benign_bank_notification_en_f01_018_b06063,10,
scam_wrong_transfer_banglish_f04_019_52f924,35,Payment Request
scam_otp_harvest_en_f05_024_fe66d2,25,Suspicious Link
benign_personal_chat_banglish_f03_013_c3114e,10,
scam_fake_prize_banglish_f02_015_b6e697,45,Suspicious Link;Unsolicited Prize / Reward
scam_remote_access_banglish_f07_000_bd7b9d,10,
scam_fake_prize_en_f06_014_b1ccdf,55,Suspicious Link;OTP Harvesting
scam_fake_prize_en_f03_003_ebc9c0,35,Payment Request
scam_kyc_block_banglish_f07_017_711bc0,45,Urgency Pressure;Suspicious Link
benign_otp_safety_en_f06_014_adb3b1,10,
benign_otp_safety_bn_f09_000_46e93d,10,
benign_personal_chat_en_f09_016_f6d7e6,10,
benign_personal_chat_bn_f03_022_05713c,10,
benign_otp_safety_banglish_f12_007_243bdc,40,OTP Harvesting
benign_personal_chat_en_f11_011_398df7,10,
scam_remote_access_banglish_f05_009_6acd16,40,OTP Harvesting
benign_otp_safety_banglish_f09_014_022f0a,10,
scam_fake_agent_banglish_f02_002_4f3c7a,40,OTP Harvesting
scam_wrong_transfer_en_f06_000_7b8bdf,10,
benign_gen_advisory_en_f03_004_d8a174,10,
scam_wrong_transfer_bn_f06_003_f63fc1,30,Urgency Pressure
benign_bank_notification_banglish_f11_017_99b5f2,10,
benign_personal_chat_banglish_f05_028_893f4e,10,
benign_bank_notification_bn_f06_014_aa7b2e,10,
benign_personal_chat_bn_f09_006_5a7cdd,10,
benign_bank_notification_banglish_f12_008_0a3200,10,
benign_gen_advisory_bn_f02_002_e69fb7,35,Authority Impersonation
scam_job_scam_banglish_f06_014_45b53c,35,Payment Request
scam_wrong_transfer_banglish_f02_015_23e2a9,55,Payment Request;Emotional Manipulation
scam_remote_access_bn_f03_024_fee99c,10,
benign_bank_notification_banglish_f12_014_aa4360,10,
benign_bank_notification_en_f09_004_94d2dd,10,
benign_personal_chat_en_f05_019_cc4b95,10,
scam_job_scam_en_f06_015_513ea4,25,Suspicious Link
benign_bank_notification_bn_f05_008_3fe865,10,
scam_job_scam_bn_f04_020_b80549,35,Payment Request
scam_fake_agent_en_f05_018_241e05,10,
scam_wrong_transfer_en_f02_025_2aa45d,55,Payment Request;Emotional Manipulation
benign_bank_notification_bn_f12_018_5ada64,10,
scam_fake_agent_en_f01_003_5d987d,35,Account Threat
scam_remote_access_banglish_f02_008_b3dd37,40,OTP Harvesting
benign_bank_notification_bn_f09_001_4f43d8,10,
scam_fake_agent_bn_f03_018_9e8582,60,Account Threat;Authority Impersonation
scam_fake_agent_en_f01_005_5dc200,35,Account Threat
benign_bank_notification_banglish_f05_033_0040f9,10,
scam_wrong_transfer_banglish_f05_011_4b21e0,10,
scam_job_scam_en_f08_005_485c33,35,Payment Request
benign_otp_safety_en_f01_009_7fa7a3,10,
scam_wrong_transfer_bn_f03_001_817dd0,35,Payment Request
scam_job_scam_en_f08_000_97d05a,35,Payment Request
scam_fake_agent_banglish_f02_020_a99932,40,OTP Harvesting
benign_personal_chat_bn_f01_009_7a5b27,10,
scam_wrong_transfer_bn_f06_023_59d434,30,Urgency Pressure
scam_job_scam_bn_f02_014_cc8a31,35,Payment Request
scam_otp_harvest_en_f05_010_05ba35,25,Suspicious Link
benign_innocent_keywords_en_f12_004_f468a6,10,
scam_fake_prize_bn_f08_019_ea9e75,10,
scam_loan_app_bn_f03_004_e6185c,25,Suspicious Link
scam_loan_app_banglish_f07_014_0fc6ab,25,Suspicious Link
scam_job_scam_en_f07_001_8cef66,35,Payment Request
benign_bank_notification_bn_f02_006_4260ee,10,
scam_kyc_block_bn_f01_000_bba218,45,Urgency Pressure;Suspicious Link
benign_gen_advisory_banglish_f02_009_4a66cf,10,
scam_fake_prize_bn_f05_024_34920b,45,Suspicious Link;Unsolicited Prize / Reward
scam_job_scam_banglish_f04_013_313ff3,35,Payment Request
benign_personal_chat_bn_f04_002_c4e33a,10,
scam_kyc_block_en_f04_021_34bae4,50,Account Threat;Suspicious Link
scam_loan_app_banglish_f08_014_bde179,35,Payment Request
scam_otp_harvest_banglish_f01_017_e19d1d,65,Account Threat;OTP Harvesting
benign_personal_chat_en_f04_013_389efd,10,
benign_innocent_keywords_banglish_f10_001_a6b3c1,10,
scam_fake_prize_bn_f07_012_c68656,30,Unsolicited Prize / Reward
scam_fake_prize_en_f08_018_6a599a,10,
scam_loan_app_bn_f03_001_379e35,25,Suspicious Link
scam_kyc_block_bn_f08_005_67044f,45,Urgency Pressure;Suspicious Link
benign_bank_notification_banglish_f07_024_31ea53,10,
scam_job_scam_banglish_f05_017_c5fa50,10,
benign_bank_notification_bn_f02_021_e36975,10,
benign_innocent_keywords_banglish_f10_025_4de840,10,
scam_job_scam_en_f03_014_9b24f3,35,Payment Request
scam_otp_harvest_bn_f06_020_92fad0,55,Suspicious Link;OTP Harvesting
benign_otp_safety_bn_f05_014_b2d1b1,10,
benign_personal_chat_en_f07_021_bd67f9,10,
scam_kyc_block_banglish_f04_008_f042be,25,Suspicious Link
scam_remote_access_banglish_f05_003_e4a9c6,40,OTP Harvesting
benign_personal_chat_banglish_f02_012_5d68bd,10,
scam_fake_prize_banglish_f07_017_2cfa7c,10,
scam_wrong_transfer_bn_f07_006_961f23,10,
benign_innocent_keywords_en_f04_006_b12b65,10,
scam_fake_agent_banglish_f02_010_00b766,40,OTP Harvesting
scam_fake_agent_en_f03_015_fd8b69,60,Urgency Pressure;OTP Harvesting
scam_kyc_block_banglish_f08_025_36bef8,25,Suspicious Link
benign_personal_chat_en_f07_012_f39d68,10,
scam_loan_app_banglish_f02_005_0c6f93,35,Payment Request
scam_loan_app_bn_f06_007_72d331,35,Payment Request
benign_personal_chat_en_f11_017_c46b80,10,
benign_otp_safety_banglish_f09_024_4381f6,10,
scam_fake_agent_en_f06_000_92510b,10,
benign_personal_chat_en_f09_012_426fba,10,
benign_bank_notification_banglish_f06_007_6f14f8,10,
scam_kyc_block_en_f04_005_24810d,50,Account Threat;Suspicious Link
scam_fake_prize_en_f08_019_4dc2af,10,
benign_gen_advisory_banglish_f10_007_5b4238,10,
benign_personal_chat_bn_f11_013_f53dff,10,
scam_fake_prize_banglish_f04_012_3bd9d1,30,Unsolicited Prize / Reward
benign_otp_safety_banglish_f06_025_a3a800,10,
benign_bank_notification_bn_f05_033_9f979e,10,
benign_innocent_keywords_bn_f09_019_e0dc66,35,Payment Request
scam_loan_app_en_f02_020_02c02b,35,Payment Request
benign_innocent_keywords_bn_f08_000_55db41,30,Urgency Pressure
scam_loan_app_banglish_f04_015_f41eb2,10,
benign_personal_chat_bn_f09_024_ee2b7f,10,
benign_bank_notification_bn_f09_021_070c69,10,
benign_personal_chat_banglish_f07_008_83c868,10,
scam_job_scam_banglish_f07_023_3fb4fc,10,
scam_wrong_transfer_banglish_f05_010_ebbe2e,10,
scam_kyc_block_bn_f02_020_bf0722,50,Account Threat;Suspicious Link
benign_bank_notification_en_f11_018_fd2c06,10,
benign_bank_notification_en_f11_022_447e89,10,
benign_bank_notification_en_f07_008_7fb74b,10,
benign_bank_notification_banglish_f08_021_857e92,10,
benign_otp_safety_banglish_f09_000_b9cbe6,10,
scam_fake_agent_banglish_f07_016_e1e8f3,40,OTP Harvesting
scam_loan_app_banglish_f02_009_847c1a,35,Payment Request
scam_fake_prize_banglish_f06_010_b41f87,30,Unsolicited Prize / Reward
scam_remote_access_en_f07_012_67ca10,40,OTP Harvesting
benign_otp_safety_banglish_f05_026_5b0871,10,
scam_fake_agent_bn_f06_002_e67767,10,
benign_bank_notification_en_f02_020_36bff5,10,
scam_fake_agent_en_f03_003_5075b6,60,Urgency Pressure;OTP Harvesting
scam_wrong_transfer_en_f02_018_7c0eae,55,Payment Request;Emotional Manipulation
scam_fake_agent_banglish_f05_006_ec6f4a,10,
scam_job_scam_banglish_f06_018_ab1d1f,35,Payment Request
benign_bank_notification_bn_f07_028_d68ece,10,
scam_kyc_block_en_f03_009_3fb1c2,50,Account Threat;Suspicious Link
benign_innocent_keywords_bn_f01_032_e017ff,10,
benign_otp_safety_bn_f05_020_da1ac5,10,
scam_fake_prize_banglish_f03_018_b0d1c7,75,Urgency Pressure;Payment Request;Unsolicited Prize / Reward
benign_bank_notification_banglish_f06_033_3b143c,10,
benign_bank_notification_en_f12_006_9aea21,10,
benign_otp_safety_en_f08_000_5949e5,40,OTP Harvesting
scam_loan_app_bn_f08_003_ab64be,25,Suspicious Link
scam_remote_access_banglish_f01_000_576044,40,OTP Harvesting
scam_job_scam_bn_f02_022_da96de,35,Payment Request
scam_remote_access_banglish_f04_012_678ac3,10,
benign_personal_chat_banglish_f06_024_80e016,10,
benign_bank_notification_banglish_f01_001_607eea,10,
scam_fake_prize_bn_f04_012_d5276e,35,Payment Request
scam_fake_prize_bn_f03_013_f63f45,55,Payment Request;Unsolicited Prize / Reward
benign_bank_notification_banglish_f02_033_d27970,10,
benign_innocent_keywords_en_f08_005_11bc57,10,
scam_fake_prize_bn_f04_022_ea8e8e,35,Payment Request
benign_bank_notification_bn_f11_020_81a0de,10,
scam_kyc_block_bn_f07_020_045cc1,45,Urgency Pressure;Suspicious Link
benign_bank_notification_banglish_f01_023_f010ad,10,
scam_fake_prize_en_f08_011_a3a746,10,
benign_personal_chat_banglish_f12_025_e57232,10,
scam_loan_app_en_f03_025_a662c0,50,Payment Request;Suspicious Link
scam_fake_prize_bn_f08_015_15105a,10,
scam_fake_agent_bn_f06_000_4d6451,10,
benign_personal_chat_banglish_f02_017_722772,10,
benign_bank_notification_banglish_f11_011_2f36b8,10,
scam_otp_harvest_banglish_f06_018_e8c7b0,25,Suspicious Link
benign_innocent_keywords_banglish_f11_002_a71c27,10,
benign_otp_safety_bn_f03_018_264d45,10,
benign_bank_notification_bn_f01_003_96b50d,10,
benign_personal_chat_bn_f05_019_fd32e3,10,
scam_loan_app_en_f04_004_7e752b,35,Payment Request
scam_remote_access_banglish_f01_017_a92b6a,40,OTP Harvesting
scam_fake_prize_en_f08_012_ee327c,10,
scam_wrong_transfer_en_f03_025_c138f7,10,
scam_remote_access_banglish_f03_009_5a50d3,10,
scam_wrong_transfer_en_f03_020_4a431e,10,
benign_gen_advisory_banglish_f09_003_740357,10,
scam_fake_prize_en_f05_010_9945c3,30,Urgency Pressure
scam_loan_app_banglish_f01_014_c1d0e2,35,Payment Request
scam_fake_agent_banglish_f04_007_397aa2,35,Account Threat
scam_kyc_block_bn_f05_025_c1f309,25,Suspicious Link
scam_job_scam_bn_f05_013_3cf82e,10,
benign_otp_safety_en_f10_000_69b839,10,
scam_wrong_transfer_banglish_f04_017_e1096b,35,Payment Request
benign_personal_chat_en_f02_013_780936,10,
benign_gen_advisory_banglish_f04_017_4a32bd,10,
benign_personal_chat_en_f04_018_6a5f12,10,
benign_personal_chat_bn_f03_003_05713c,10,
scam_wrong_transfer_en_f07_011_90f185,10,
benign_personal_chat_en_f10_004_657300,10,
scam_fake_prize_en_f06_003_c93314,55,Suspicious Link;OTP Harvesting
scam_remote_access_en_f02_006_5d7618,40,OTP Harvesting
scam_otp_harvest_banglish_f02_006_854084,40,OTP Harvesting
scam_remote_access_en_f08_012_babb4f,10,
scam_otp_harvest_banglish_f02_001_15cfde,40,OTP Harvesting
benign_personal_chat_en_f10_026_22109f,10,
scam_remote_access_bn_f05_005_84e0bb,40,OTP Harvesting
benign_bank_notification_banglish_f12_023_d004c8,10,
benign_personal_chat_en_f08_007_ac49b9,10,
scam_job_scam_en_f08_003_5c8857,35,Payment Request
scam_remote_access_banglish_f02_002_b20e8b,40,OTP Harvesting
scam_job_scam_bn_f08_019_e6b2d4,10,
benign_bank_notification_bn_f12_023_824f26,10,
scam_loan_app_bn_f05_015_91d092,35,Payment Request
scam_job_scam_bn_f01_002_344383,10,
benign_bank_notification_banglish_f09_005_67cad3,10,
scam_loan_app_bn_f01_010_d50319,35,Payment Request
benign_personal_chat_en_f12_035_754544,10,
scam_fake_agent_en_f06_012_334afb,10,
benign_bank_notification_en_f04_023_445462,10,
scam_fake_prize_banglish_f08_011_51888a,10,
scam_fake_prize_banglish_f06_013_745f96,30,Unsolicited Prize / Reward
scam_loan_app_en_f06_007_6a3055,55,Urgency Pressure;Payment Request
benign_bank_notification_en_f03_019_451be9,10,
benign_otp_safety_banglish_f10_010_07f8fb,10,
benign_bank_notification_en_f11_011_be2f33,10,
benign_personal_chat_bn_f01_021_08e598,10,
scam_remote_access_bn_f01_007_213f9c,40,OTP Harvesting
benign_otp_safety_en_f02_007_328549,10,
scam_kyc_block_en_f05_016_08c8f7,25,Suspicious Link
scam_fake_prize_banglish_f02_006_7de81d,45,Suspicious Link;Unsolicited Prize / Reward
benign_otp_safety_banglish_f04_006_bd9639,10,
scam_job_scam_en_f03_024_c8d5bf,35,Payment Request
scam_kyc_block_en_f06_021_9f1f5c,70,Urgency Pressure;Account Threat;Suspicious Link
benign_personal_chat_en_f09_024_251c32,10,
scam_kyc_block_en_f05_014_c9a0ff,25,Suspicious Link
benign_gen_advisory_en_f02_012_f91d8a,10,
scam_fake_prize_banglish_f07_009_e0fea7,10,
benign_otp_safety_banglish_f03_014_bfa8b1,10,
scam_fake_prize_banglish_f06_007_bada85,30,Unsolicited Prize / Reward
benign_otp_safety_bn_f01_022_250b67,10,
scam_otp_harvest_bn_f04_014_ed8a1a,40,OTP Harvesting
scam_kyc_block_en_f02_011_33dceb,70,Urgency Pressure;Account Threat;Suspicious Link
scam_loan_app_banglish_f02_000_e3bae6,35,Payment Request
scam_loan_app_banglish_f05_018_06d162,35,Payment Request
scam_job_scam_banglish_f08_012_29bf1c,25,Suspicious Link
benign_otp_safety_bn_f05_017_da1ac5,10,
benign_personal_chat_banglish_f08_016_c462ce,10,
scam_fake_prize_en_f03_023_1b35f5,35,Payment Request
benign_bank_notification_en_f03_023_ad83c6,10,
scam_job_scam_bn_f08_025_3a378c,10,
scam_fake_agent_banglish_f08_014_2fe487,10,
scam_fake_agent_banglish_f02_013_ac3166,40,OTP Harvesting
scam_wrong_transfer_bn_f03_015_f1a553,35,Payment Request
scam_fake_prize_en_f08_027_14bdc3,10,
benign_otp_safety_en_f03_002_8d047b,10,
scam_otp_harvest_bn_f02_015_33da1a,10,
scam_wrong_transfer_en_f07_021_a8edf6,10,
scam_fake_prize_banglish_f07_024_f5cc2c,10,
benign_otp_safety_banglish_f03_021_a8df93,10,
scam_wrong_transfer_en_f04_001_80094c,35,Payment Request
scam_fake_agent_banglish_f03_001_e0852f,10,
benign_personal_chat_en_f12_001_a93d6a,10,
scam_kyc_block_banglish_f07_019_123a71,45,Urgency Pressure;Suspicious Link
benign_personal_chat_en_f09_021_fc6eff,10,
scam_loan_app_banglish_f07_012_b4fdda,25,Suspicious Link
scam_fake_prize_banglish_f04_018_a8d618,30,Unsolicited Prize / Reward
scam_fake_prize_en_f02_024_03f78f,45,Suspicious Link;Unsolicited Prize / Reward
benign_innocent_keywords_banglish_f07_003_db325e,10,
benign_gen_advisory_bn_f10_004_a1574a,10,
benign_otp_safety_banglish_f04_008_0ba73d,10,
benign_bank_notification_banglish_f12_019_1a45ae,10,
scam_wrong_transfer_en_f05_019_dd9650,35,Account Threat
benign_personal_chat_bn_f09_008_8bf7c6,10,
benign_innocent_keywords_banglish_f12_002_8d0ac7,10,
scam_fake_prize_banglish_f03_011_fa4440,75,Urgency Pressure;Payment Request;Unsolicited Prize / Reward
benign_personal_chat_en_f01_013_f92f97,10,
benign_personal_chat_banglish_f10_007_527dde,10,
benign_bank_notification_banglish_f03_023_5598f5,10,
scam_remote_access_banglish_f02_018_62cbaa,40,OTP Harvesting
benign_bank_notification_en_f02_008_723bb3,10,
scam_job_scam_banglish_f05_002_de03a1,10,
benign_innocent_keywords_en_f04_022_334b23,10,
scam_kyc_block_banglish_f03_000_74a0bf,50,Account Threat;Suspicious Link
benign_personal_chat_en_f01_005_5b0dd0,10,
scam_kyc_block_bn_f03_019_082228,45,Urgency Pressure;Suspicious Link
scam_job_scam_banglish_f06_008_2b1689,35,Payment Request
scam_fake_prize_banglish_f01_015_0ea510,55,Payment Request;Unsolicited Prize / Reward
benign_otp_safety_banglish_f05_032_decfe6,10,
benign_otp_safety_banglish_f08_009_afee72,10,
scam_fake_agent_bn_f01_002_e1aed0,35,Authority Impersonation
scam_fake_agent_banglish_f08_010_b50ef5,10,
benign_personal_chat_bn_f12_016_6b6790,10,
scam_fake_prize_banglish_f07_011_71ac0a,10,
scam_kyc_block_bn_f02_004_301d3a,50,Account Threat;Suspicious Link
benign_innocent_keywords_banglish_f01_002_9352e5,10,
benign_bank_notification_banglish_f12_034_1ce703,10,
benign_bank_notification_en_f01_017_28a706,10,
scam_otp_harvest_banglish_f08_004_d5a1ea,30,Urgency Pressure
benign_bank_notification_banglish_f05_027_56e26e,10,
scam_remote_access_banglish_f01_019_025172,40,OTP Harvesting
benign_bank_notification_en_f06_011_a8721a,10,
benign_bank_notification_bn_f10_017_4e9972,10,
benign_innocent_keywords_banglish_f06_017_e09896,10,
benign_bank_notification_banglish_f06_015_8e0feb,10,
scam_fake_agent_banglish_f02_001_308f11,40,OTP Harvesting
scam_fake_prize_banglish_f08_024_143334,10,
scam_loan_app_en_f04_018_646add,35,Payment Request
benign_otp_safety_en_f11_014_91d2e1,60,OTP Harvesting;Unsolicited Prize / Reward
scam_fake_prize_en_f02_025_f94bff,45,Suspicious Link;Unsolicited Prize / Reward
benign_innocent_keywords_banglish_f02_013_80ad27,10,
benign_bank_notification_en_f11_020_de1010,10,
benign_bank_notification_en_f07_002_1999e2,10,
scam_wrong_transfer_en_f08_020_cccfb8,10,
scam_job_scam_bn_f02_015_2934f0,35,Payment Request
scam_fake_agent_en_f01_009_b5107e,35,Account Threat
benign_personal_chat_banglish_f09_033_c1f12a,10,
scam_fake_prize_en_f07_015_bd199f,10,
scam_fake_prize_en_f03_013_443e0b,35,Payment Request
benign_bank_notification_en_f02_003_3fddd2,10,
scam_fake_agent_banglish_f03_007_a17b3d,10,
benign_bank_notification_bn_f04_030_82c074,10,
benign_otp_safety_banglish_f01_002_63f1d4,10,
benign_innocent_keywords_bn_f12_028_b6e079,10,
scam_kyc_block_banglish_f07_027_c0f78c,45,Urgency Pressure;Suspicious Link
scam_job_scam_bn_f05_022_cf669b,10,
scam_wrong_transfer_banglish_f05_016_d53480,10,
benign_personal_chat_bn_f07_000_f7444a,10,
scam_job_scam_en_f04_024_aee84a,50,Payment Request;Suspicious Link
benign_personal_chat_en_f06_007_03ecdb,10,
benign_bank_notification_en_f08_020_6a7e50,10,
benign_bank_notification_banglish_f05_011_ea65da,10,
benign_personal_chat_banglish_f12_012_c080cf,10,
benign_personal_chat_en_f02_027_623560,10,
scam_otp_harvest_en_f08_002_9b91fb,10,
benign_bank_notification_en_f03_000_00b9d8,10,
scam_remote_access_en_f08_010_a0b06d,10,
benign_bank_notification_en_f06_028_bca68a,10,
scam_job_scam_banglish_f07_005_09fce3,10,
scam_fake_agent_bn_f06_017_22acbb,10,
scam_job_scam_banglish_f05_023_d8a97d,10,
benign_innocent_keywords_en_f01_005_8ede79,10,
benign_innocent_keywords_en_f11_012_365260,10,
benign_bank_notification_banglish_f09_023_5d50f1,10,
scam_wrong_transfer_bn_f06_007_5ed0f0,30,Urgency Pressure
benign_bank_notification_en_f11_023_4a10b9,10,
benign_otp_safety_en_f11_006_71baf2,60,OTP Harvesting;Unsolicited Prize / Reward
scam_wrong_transfer_en_f03_021_4e139e,10,
scam_job_scam_bn_f08_006_bb20e4,10,
scam_fake_agent_banglish_f07_009_faff38,40,OTP Harvesting
benign_bank_notification_en_f09_026_79eb0b,10,
scam_job_scam_bn_f01_001_a83774,10,
scam_job_scam_banglish_f07_009_4dc90d,10,
scam_kyc_block_en_f06_016_9d26ac,70,Urgency Pressure;Account Threat;Suspicious Link
benign_bank_notification_en_f11_027_07f208,10,
scam_fake_agent_bn_f03_022_90cab7,60,Account Threat;Authority Impersonation
scam_job_scam_banglish_f04_007_db80d6,35,Payment Request
scam_loan_app_banglish_f04_000_c51c10,10,
scam_loan_app_bn_f07_024_7570ee,35,Payment Request
scam_kyc_block_en_f08_008_21251f,70,Urgency Pressure;Account Threat;Suspicious Link
scam_loan_app_bn_f05_020_0d3a4a,35,Payment Request
benign_personal_chat_bn_f12_002_cb4c67,10,
benign_bank_notification_banglish_f03_021_eea23e,10,
benign_bank_notification_bn_f02_030_256d17,10,
scam_loan_app_banglish_f05_020_de384a,35,Payment Request
scam_kyc_block_en_f02_015_be5dbe,70,Urgency Pressure;Account Threat;Suspicious Link
benign_personal_chat_en_f08_001_3a68b4,10,
scam_loan_app_bn_f02_025_88f3e1,35,Payment Request
benign_bank_notification_bn_f03_002_c50b0d,10,
benign_bank_notification_bn_f06_028_c9a6b0,10,
scam_kyc_block_en_f02_009_59a4ee,70,Urgency Pressure;Account Threat;Suspicious Link
benign_bank_notification_bn_f07_011_0f4931,10,
benign_bank_notification_banglish_f06_005_dbfaf8,10,
benign_gen_advisory_bn_f14_016_b833a7,30,Urgency Pressure
scam_remote_access_bn_f05_000_84e0bb,40,OTP Harvesting
scam_loan_app_banglish_f02_006_755272,35,Payment Request
scam_job_scam_bn_f04_025_48dddd,35,Payment Request
scam_remote_access_banglish_f02_015_8ebc32,40,OTP Harvesting
benign_bank_notification_banglish_f03_027_ae09ec,10,
benign_bank_notification_en_f05_007_111736,10,
scam_fake_prize_en_f04_001_54d867,35,Payment Request
benign_personal_chat_en_f12_023_781a0d,10,
benign_personal_chat_bn_f09_000_877512,10,
benign_innocent_keywords_banglish_f12_027_e11434,10,
benign_gen_advisory_banglish_f07_005_b51e6d,10,
scam_fake_prize_banglish_f05_016_f632c1,25,Suspicious Link
scam_fake_agent_en_f06_008_adbf88,10,
benign_bank_notification_banglish_f02_029_55b643,10,
benign_bank_notification_en_f08_025_693135,10,
scam_wrong_transfer_banglish_f05_020_9e1eb1,10,
scam_wrong_transfer_banglish_f01_018_c6a968,55,Payment Request;Emotional Manipulation
benign_innocent_keywords_en_f08_000_d78dd8,10,
scam_kyc_block_banglish_f05_023_196782,25,Suspicious Link
scam_wrong_transfer_bn_f08_025_340d5f,30,Emotional Manipulation
scam_fake_agent_bn_f05_007_516155,10,
scam_remote_access_bn_f03_016_e260bf,10,
benign_personal_chat_banglish_f06_022_6b9678,10,
scam_fake_prize_banglish_f01_011_98e1d0,55,Payment Request;Unsolicited Prize / Reward
benign_personal_chat_banglish_f08_000_cb7d55,10,
scam_loan_app_en_f02_006_e5d49b,35,Payment Request
scam_fake_prize_en_f08_001_700c00,10,
scam_kyc_block_en_f07_023_2d4f40,50,Account Threat;Suspicious Link
scam_wrong_transfer_banglish_f04_012_3a3b9f,35,Payment Request
benign_bank_notification_en_f05_021_54d685,10,
scam_fake_agent_bn_f03_006_be661e,60,Account Threat;Authority Impersonation
benign_personal_chat_banglish_f11_009_809fb6,10,
benign_bank_notification_bn_f06_029_04898a,10,
benign_innocent_keywords_banglish_f07_025_844890,10,
scam_otp_harvest_en_f03_021_2e5ba3,40,OTP Harvesting
benign_innocent_keywords_banglish_f05_022_c53ba6,30,Urgency Pressure
benign_bank_notification_en_f03_014_bfc240,10,
benign_otp_safety_bn_f08_026_84360c,40,OTP Harvesting
scam_remote_access_bn_f02_006_af3f79,10,
scam_loan_app_bn_f03_009_de8105,25,Suspicious Link
scam_remote_access_en_f08_007_383e11,10,
scam_loan_app_bn_f06_013_9c543c,35,Payment Request
benign_gen_advisory_banglish_f09_019_c798d0,10,
scam_wrong_transfer_en_f05_016_fef080,35,Account Threat
scam_remote_access_banglish_f03_004_ac52a7,10,
scam_fake_prize_bn_f01_017_5d3018,55,Payment Request;Unsolicited Prize / Reward
benign_bank_notification_banglish_f04_026_dae605,10,
scam_job_scam_bn_f04_015_7b4eba,35,Payment Request
benign_innocent_keywords_en_f06_001_097fdb,10,
scam_fake_prize_en_f02_011_fd9934,45,Suspicious Link;Unsolicited Prize / Reward
scam_loan_app_bn_f01_024_dd152e,35,Payment Request
scam_loan_app_en_f04_023_b1d14c,35,Payment Request
scam_fake_prize_en_f03_002_11fe88,35,Payment Request
scam_wrong_transfer_bn_f06_018_9cc147,30,Urgency Pressure
scam_kyc_block_en_f05_009_7fe329,25,Suspicious Link
scam_remote_access_bn_f08_002_996ef0,10,
scam_fake_agent_bn_f05_013_fd247b,10,
scam_kyc_block_bn_f04_006_b199ce,25,Suspicious Link
scam_fake_agent_bn_f05_002_3e6535,10,
benign_innocent_keywords_en_f06_012_bd4851,10,
scam_fake_prize_en_f04_005_0ca411,35,Payment Request
scam_kyc_block_en_f08_000_938490,70,Urgency Pressure;Account Threat;Suspicious Link
benign_bank_notification_bn_f01_033_6cb2cf,10,
scam_otp_harvest_en_f04_010_7c65a2,40,OTP Harvesting
scam_fake_prize_bn_f08_008_cf6a74,10,
benign_bank_notification_banglish_f11_030_5d03ae,10,
scam_loan_app_en_f08_012_d3cff5,10,
benign_personal_chat_en_f07_016_3b74d9,10,
scam_kyc_block_banglish_f06_008_616391,25,Suspicious Link
scam_kyc_block_en_f01_000_4310cd,70,Urgency Pressure;Account Threat;Suspicious Link
scam_job_scam_banglish_f03_011_c63b26,25,Suspicious Link
scam_job_scam_bn_f07_008_e848d5,25,Suspicious Link
benign_bank_notification_banglish_f10_035_0fd7af,10,
benign_personal_chat_en_f12_018_ff644c,10,
scam_wrong_transfer_bn_f08_002_958c60,30,Emotional Manipulation
benign_bank_notification_bn_f06_022_e7af28,10,
benign_bank_notification_banglish_f04_018_e8367e,10,
scam_kyc_block_banglish_f06_010_1c7c53,25,Suspicious Link
scam_loan_app_banglish_f02_023_1aa398,35,Payment Request
scam_loan_app_banglish_f03_020_8f6211,25,Suspicious Link
scam_job_scam_en_f06_003_055eaf,25,Suspicious Link
scam_wrong_transfer_banglish_f06_020_26c9b0,10,
benign_personal_chat_bn_f04_014_4a4aa5,10,
benign_bank_notification_en_f03_011_a40d91,10,
benign_personal_chat_bn_f08_004_7fc5e3,10,
benign_otp_safety_en_f01_017_928aba,10,
scam_wrong_transfer_en_f06_009_7812ab,10,
benign_gen_advisory_en_f12_000_3b1b37,10,
scam_wrong_transfer_bn_f06_019_316e25,30,Urgency Pressure
benign_innocent_keywords_banglish_f07_023_ad78fe,10,
scam_loan_app_banglish_f02_016_f667ba,35,Payment Request
benign_personal_chat_banglish_f08_012_fd030e,10,
scam_job_scam_bn_f06_022_40799e,10,
benign_bank_notification_banglish_f04_030_27206b,10,
benign_bank_notification_en_f12_023_7682dd,10,
scam_fake_prize_banglish_f07_015_c62649,10,
scam_wrong_transfer_bn_f03_000_ba9050,35,Payment Request
scam_job_scam_en_f08_026_db1198,35,Payment Request
scam_wrong_transfer_bn_f07_004_c2cd04,10,
scam_loan_app_en_f07_026_193486,25,Suspicious Link
scam_loan_app_bn_f07_023_72ddbc,35,Payment Request
benign_bank_notification_bn_f01_006_c70704,10,
scam_job_scam_bn_f05_004_ed4a78,10,
benign_otp_safety_banglish_f01_008_d18158,10,
scam_loan_app_en_f04_022_a1a6a3,35,Payment Request
benign_bank_notification_en_f07_010_ae441c,10,
scam_fake_agent_en_f06_019_e16196,10,
benign_gen_advisory_en_f06_011_a1f62e,10,
scam_loan_app_bn_f05_013_5ae25f,35,Payment Request
benign_bank_notification_en_f06_009_62eea7,10,
scam_job_scam_banglish_f07_008_793b2f,10,
scam_wrong_transfer_en_f05_020_da3799,35,Account Threat
scam_fake_prize_en_f02_020_a82c79,45,Suspicious Link;Unsolicited Prize / Reward
scam_job_scam_en_f04_018_007610,50,Payment Request;Suspicious Link
benign_otp_safety_en_f02_033_3261b2,10,
scam_remote_access_banglish_f02_010_f98aa7,40,OTP Harvesting
benign_personal_chat_banglish_f09_028_ad9eb0,10,
scam_fake_agent_banglish_f08_021_e66a63,10,
benign_bank_notification_bn_f05_014_17895f,10,
benign_personal_chat_en_f12_027_392322,10,
benign_gen_advisory_banglish_f03_011_e5231f,10,
benign_otp_safety_banglish_f01_010_027cb6,10,
scam_kyc_block_en_f07_002_cb8c14,50,Account Threat;Suspicious Link
benign_innocent_keywords_en_f09_022_7cd710,35,Payment Request
benign_personal_chat_en_f01_015_5dfbc3,10,
scam_wrong_transfer_en_f01_001_d85519,35,Payment Request
benign_personal_chat_en_f08_018_4e3116,10,
scam_otp_harvest_bn_f02_003_7a1c22,10,
benign_bank_notification_banglish_f07_015_ff6640,10,
benign_bank_notification_bn_f11_002_30109f,10,
benign_bank_notification_en_f06_032_03820f,10,
scam_job_scam_bn_f04_006_8c5901,35,Payment Request
benign_gen_advisory_en_f02_015_d4cca6,10,
scam_fake_prize_bn_f06_000_e2d068,10,
benign_bank_notification_bn_f02_028_d8e81e,10,
scam_otp_harvest_en_f06_022_158493,10,
scam_loan_app_banglish_f08_006_80841b,35,Payment Request
scam_otp_harvest_banglish_f03_014_7d8c2c,10,
scam_remote_access_en_f08_005_2d13ad,10,
benign_personal_chat_bn_f08_011_819a42,10,
benign_innocent_keywords_banglish_f01_015_f9a031,10,
scam_fake_prize_banglish_f07_002_456665,10,
benign_innocent_keywords_banglish_f05_009_7bb12f,10,
benign_bank_notification_en_f10_003_df931d,10,
scam_kyc_block_banglish_f07_015_96b7bd,45,Urgency Pressure;Suspicious Link
scam_remote_access_en_f04_024_a596e3,40,OTP Harvesting
scam_wrong_transfer_bn_f05_009_33b5d0,35,Payment Request
scam_job_scam_banglish_f07_012_99e392,10,
benign_personal_chat_banglish_f01_007_3c6f40,10,
scam_job_scam_bn_f06_007_10d9b5,10,
scam_job_scam_en_f04_020_b40dbd,50,Payment Request;Suspicious Link
benign_personal_chat_en_f01_004_da297b,10,
scam_loan_app_bn_f01_003_05448a,35,Payment Request
scam_wrong_transfer_en_f04_003_922809,35,Payment Request
scam_job_scam_banglish_f08_006_105e5a,25,Suspicious Link
scam_loan_app_banglish_f04_018_da7b0e,10,
scam_wrong_transfer_en_f06_005_99b2f6,10,
scam_fake_agent_bn_f01_010_e2b75c,35,Authority Impersonation
scam_loan_app_en_f05_002_f58268,35,Payment Request
scam_kyc_block_banglish_f05_005_56d5c7,25,Suspicious Link
benign_bank_notification_bn_f05_028_89730f,10,
scam_wrong_transfer_banglish_f01_020_591579,55,Payment Request;Emotional Manipulation
scam_loan_app_banglish_f01_015_776997,35,Payment Request
scam_otp_harvest_bn_f03_002_fa04a4,55,Urgency Pressure;Authority Impersonation
scam_wrong_transfer_en_f01_022_94f08a,35,Payment Request
scam_fake_agent_en_f05_015_e40efa,10,
scam_fake_agent_bn_f01_015_52bc76,35,Authority Impersonation
scam_loan_app_en_f02_003_cb2f7c,35,Payment Request
scam_kyc_block_bn_f01_022_67d401,45,Urgency Pressure;Suspicious Link
benign_personal_chat_bn_f05_010_96a569,10,
benign_gen_advisory_en_f06_005_2c1d9f,10,
scam_remote_access_banglish_f03_003_818bce,10,
scam_job_scam_bn_f03_014_019708,25,Suspicious Link
benign_innocent_keywords_banglish_f12_005_81a83f,10,
scam_fake_prize_banglish_f04_019_fcef49,30,Unsolicited Prize / Reward
scam_wrong_transfer_en_f07_004_9534c6,10,
scam_job_scam_en_f06_010_37e6e9,25,Suspicious Link
scam_otp_harvest_bn_f02_023_8e25ff,10,
scam_loan_app_banglish_f05_017_ff8e37,35,Payment Request
benign_bank_notification_bn_f05_009_f2d3c3,10,
scam_remote_access_en_f06_019_92b42c,10,
scam_job_scam_en_f02_012_36ca8e,35,Payment Request
benign_otp_safety_en_f04_008_9e322b,10,
scam_wrong_transfer_bn_f03_004_daf5b2,35,Payment Request
scam_otp_harvest_banglish_f07_009_dec843,10,
benign_bank_notification_banglish_f04_012_9a3981,10,
benign_bank_notification_banglish_f11_025_f29ee0,10,
benign_bank_notification_banglish_f07_010_1c3a50,10,
benign_bank_notification_bn_f05_015_df8f75,10,
scam_loan_app_bn_f02_010_4daee4,35,Payment Request
scam_job_scam_banglish_f05_016_93776a,10,
benign_bank_notification_en_f09_014_a2e354,10,
scam_otp_harvest_bn_f06_012_5a64c4,55,Suspicious Link;OTP Harvesting
scam_kyc_block_banglish_f07_012_14bbea,45,Urgency Pressure;Suspicious Link
scam_job_scam_en_f01_021_d9a329,35,Payment Request
scam_otp_harvest_en_f06_000_6e8aa4,10,
benign_personal_chat_bn_f09_025_071f14,10,
benign_innocent_keywords_banglish_f07_033_df62bb,10,
scam_kyc_block_bn_f04_013_e3856a,25,Suspicious Link
scam_wrong_transfer_banglish_f02_020_68e2e3,55,Payment Request;Emotional Manipulation
scam_loan_app_bn_f04_007_87fc52,10,
benign_personal_chat_en_f12_007_267f85,10,
scam_wrong_transfer_banglish_f04_013_258c60,35,Payment Request
benign_otp_safety_banglish_f07_009_f32dbf,10,
benign_personal_chat_banglish_f03_012_532aa7,10,
benign_bank_notification_bn_f09_030_baca58,10,
scam_fake_agent_banglish_f06_013_4e0425,35,Authority Impersonation
scam_job_scam_bn_f01_009_c0a8c0,10,
scam_loan_app_en_f02_021_c10721,35,Payment Request
benign_otp_safety_banglish_f08_003_0a9fe7,10,
scam_kyc_block_en_f06_011_f0621e,70,Urgency Pressure;Account Threat;Suspicious Link
scam_wrong_transfer_bn_f01_003_61db54,55,Payment Request;Emotional Manipulation
scam_job_scam_banglish_f08_014_f3e89a,25,Suspicious Link
scam_kyc_block_bn_f02_002_284535,50,Account Threat;Suspicious Link
scam_job_scam_en_f04_005_32a985,50,Payment Request;Suspicious Link
scam_otp_harvest_en_f05_005_f41148,25,Suspicious Link
benign_innocent_keywords_en_f04_000_b12b65,10,
scam_loan_app_en_f08_027_2399ba,10,
benign_innocent_keywords_banglish_f07_019_0501d7,10,
benign_bank_notification_bn_f09_029_8bedec,10,
benign_personal_chat_bn_f01_011_20d574,10,
benign_bank_notification_bn_f10_000_c742e5,10,
scam_fake_prize_banglish_f04_007_78e48f,30,Unsolicited Prize / Reward
benign_otp_safety_en_f09_024_dd3638,10,
benign_gen_advisory_banglish_f09_004_4a338e,10,
benign_bank_notification_banglish_f07_031_cbbae6,10,
scam_kyc_block_bn_f02_007_34a3cf,50,Account Threat;Suspicious Link
benign_otp_safety_banglish_f11_014_331c26,10,
benign_personal_chat_banglish_f06_012_b5f226,10,
scam_job_scam_en_f03_021_7d4e20,35,Payment Request
benign_personal_chat_banglish_f11_006_c1837b,10,
scam_fake_prize_bn_f03_017_749599,55,Payment Request;Unsolicited Prize / Reward
scam_job_scam_bn_f05_025_b93595,10,
benign_bank_notification_banglish_f05_014_972a00,10,
benign_innocent_keywords_bn_f11_000_afde5a,10,
scam_loan_app_en_f01_019_410a2c,10,
benign_bank_notification_en_f09_015_1be403,10,
benign_bank_notification_bn_f09_020_118177,10,
scam_fake_prize_banglish_f07_000_842cc7,10,
benign_bank_notification_en_f10_035_ce3109,10,
scam_loan_app_en_f04_000_9d2df9,35,Payment Request
benign_bank_notification_banglish_f01_014_bead4f,10,
benign_innocent_keywords_bn_f09_012_ad5ed1,35,Payment Request
scam_remote_access_en_f02_009_a7aa5b,40,OTP Harvesting
scam_loan_app_banglish_f05_000_422c0f,35,Payment Request
scam_job_scam_banglish_f05_022_fec532,10,
benign_bank_notification_en_f10_023_8cf167,10,
scam_loan_app_bn_f02_018_3d345b,35,Payment Request
scam_kyc_block_bn_f04_005_6e9f5a,25,Suspicious Link
scam_remote_access_banglish_f08_011_37dcab,40,OTP Harvesting
scam_loan_app_en_f05_003_2f7e47,35,Payment Request
scam_fake_prize_bn_f04_020_9638af,35,Payment Request
benign_innocent_keywords_en_f12_025_de2ea0,10,
benign_innocent_keywords_en_f06_005_097fdb,10,
scam_fake_agent_bn_f08_012_3caafb,10,
scam_kyc_block_banglish_f03_010_9a2fd1,50,Account Threat;Suspicious Link
benign_bank_notification_en_f01_032_bc8edd,10,
scam_remote_access_en_f04_008_a5be17,40,OTP Harvesting
benign_bank_notification_banglish_f04_033_4524d3,10,
scam_loan_app_banglish_f04_013_35514c,10,
benign_bank_notification_en_f07_022_184866,10,
benign_otp_safety_banglish_f07_000_5840f6,10,
scam_otp_harvest_en_f01_006_970144,10,
scam_fake_agent_bn_f07_013_682f71,10,
benign_bank_notification_banglish_f02_030_10fc6c,10,
benign_bank_notification_banglish_f02_007_830bf0,10,
scam_job_scam_bn_f01_019_845132,10,
scam_fake_agent_bn_f05_015_96de66,10,
benign_otp_safety_bn_f07_002_ee9a19,10,
scam_wrong_transfer_bn_f03_019_e29522,35,Payment Request
scam_kyc_block_bn_f03_015_026140,45,Urgency Pressure;Suspicious Link
scam_wrong_transfer_bn_f01_000_de5fa8,55,Payment Request;Emotional Manipulation
scam_fake_prize_en_f07_002_f58cee,10,
scam_wrong_transfer_bn_f06_012_bc9c87,30,Urgency Pressure
scam_job_scam_bn_f01_008_919ef2,10,
benign_bank_notification_bn_f12_001_68e324,10,
scam_fake_agent_en_f05_017_86fa0a,10,
scam_wrong_transfer_en_f06_017_ab2466,10,
benign_gen_advisory_bn_f14_003_8512d7,30,Urgency Pressure
benign_personal_chat_en_f03_030_859e93,10,
benign_bank_notification_banglish_f01_003_173de1,10,
scam_otp_harvest_en_f01_009_9d87dc,40,OTP Harvesting
benign_bank_notification_bn_f10_026_6ea1b8,10,
scam_wrong_transfer_banglish_f01_025_54603c,55,Payment Request;Emotional Manipulation
scam_fake_agent_en_f05_020_00e243,10,
benign_otp_safety_bn_f09_015_dc42e9,10,
benign_gen_advisory_bn_f08_007_9c3054,10,
benign_innocent_keywords_bn_f12_015_1587cc,10,
benign_gen_advisory_en_f05_001_7f9222,40,OTP Harvesting
scam_wrong_transfer_en_f02_015_ecd45f,55,Payment Request;Emotional Manipulation
benign_otp_safety_en_f11_001_14a015,60,OTP Harvesting;Unsolicited Prize / Reward
benign_otp_safety_en_f03_004_6700a0,10,
benign_personal_chat_bn_f08_002_bd4d70,10,
benign_innocent_keywords_banglish_f07_013_33a1ec,10,
benign_innocent_keywords_en_f09_013_f79dd8,35,Payment Request
benign_innocent_keywords_banglish_f01_010_e20a5f,10,
scam_remote_access_en_f08_020_dc111e,10,
benign_innocent_keywords_banglish_f02_029_24c6eb,10,
scam_wrong_transfer_banglish_f08_004_6beeac,35,Payment Request
scam_wrong_transfer_banglish_f03_019_49109e,10,
benign_bank_notification_en_f04_000_4c93d8,10,
benign_bank_notification_banglish_f05_006_e49487,10,
benign_bank_notification_banglish_f02_014_051ba4,10,
scam_fake_agent_en_f01_004_63b86c,35,Account Threat
scam_loan_app_en_f01_011_3f1197,10,
benign_bank_notification_bn_f04_008_49fd3b,10,
scam_loan_app_en_f04_006_c834c5,35,Payment Request
benign_personal_chat_banglish_f03_020_b8554f,10,
scam_job_scam_banglish_f02_016_3a04cf,35,Payment Request
scam_job_scam_en_f04_007_d64649,50,Payment Request;Suspicious Link
benign_bank_notification_en_f12_035_5b81f5,10,
scam_otp_harvest_banglish_f03_024_dabab2,35,Authority Impersonation
benign_bank_notification_en_f05_030_54ef5f,10,
benign_bank_notification_en_f01_010_016bf2,10,
scam_kyc_block_bn_f05_021_ece858,25,Suspicious Link
benign_personal_chat_banglish_f04_032_93ce72,10,
benign_personal_chat_bn_f03_020_281591,10,
benign_personal_chat_banglish_f05_008_51d05b,10,
benign_personal_chat_en_f11_028_fde7f1,10,
scam_wrong_transfer_bn_f06_010_7fccc8,30,Urgency Pressure
scam_loan_app_banglish_f01_009_2fd495,35,Payment Request
scam_fake_agent_bn_f08_006_c07698,10,
scam_otp_harvest_en_f07_003_c63b57,30,Urgency Pressure
scam_otp_harvest_en_f05_011_ba7427,25,Suspicious Link
scam_remote_access_banglish_f01_003_ce15ee,40,OTP Harvesting
scam_wrong_transfer_banglish_f02_022_488de9,55,Payment Request;Emotional Manipulation
scam_fake_prize_en_f08_025_10d222,10,
scam_job_scam_banglish_f07_000_f9a6b2,10,
benign_bank_notification_bn_f11_004_2476f0,10,
benign_bank_notification_en_f05_026_82e368,10,
benign_bank_notification_banglish_f02_003_f7266e,10,
scam_wrong_transfer_bn_f07_003_1857b8,10,
benign_personal_chat_banglish_f11_003_e26cda,10,
benign_personal_chat_en_f01_018_7c19b5,10,
scam_wrong_transfer_banglish_f07_012_981825,35,Payment Request
scam_job_scam_banglish_f04_005_78272d,35,Payment Request
benign_otp_safety_banglish_f01_014_3e1302,10,
benign_personal_chat_bn_f01_000_8e89d4,10,
scam_otp_harvest_banglish_f03_007_c7a054,35,Authority Impersonation
scam_fake_prize_bn_f07_018_54691c,30,Unsolicited Prize / Reward
scam_remote_access_en_f07_001_39148c,40,OTP Harvesting
benign_bank_notification_en_f01_013_1b6c1f,10,
scam_remote_access_en_f08_004_28e0d5,10,
scam_job_scam_bn_f05_016_c12472,10,
benign_bank_notification_bn_f02_009_3bcc76,10,
benign_innocent_keywords_en_f09_023_532d7f,35,Payment Request
scam_fake_agent_bn_f06_001_eb94c7,10,
scam_job_scam_en_f02_023_345e01,35,Payment Request
benign_bank_notification_en_f08_012_8f9875,10,
scam_fake_prize_en_f03_016_7ef509,35,Payment Request
benign_personal_chat_en_f01_002_fa56f7,10,
scam_fake_agent_bn_f06_015_11d24b,10,
scam_job_scam_banglish_f08_004_6988a2,25,Suspicious Link
benign_bank_notification_bn_f07_017_a6f2c1,10,
benign_bank_notification_bn_f01_014_426caa,10,
benign_otp_safety_en_f02_004_a051a6,10,
scam_loan_app_en_f06_005_254ab5,55,Urgency Pressure;Payment Request
scam_wrong_transfer_en_f08_007_97f5ed,10,
scam_remote_access_en_f03_008_aa6d0e,10,
scam_kyc_block_en_f08_025_a76ace,70,Urgency Pressure;Account Threat;Suspicious Link
scam_job_scam_en_f06_001_6b0963,25,Suspicious Link
scam_fake_agent_en_f07_004_29f0ff,35,Account Threat
scam_job_scam_bn_f07_024_c5699a,25,Suspicious Link
scam_kyc_block_bn_f04_012_6588c7,25,Suspicious Link
scam_job_scam_bn_f03_019_d320df,25,Suspicious Link
benign_gen_advisory_en_f06_004_4c8184,10,
benign_otp_safety_bn_f05_028_9b2714,10,
scam_otp_harvest_banglish_f04_009_41ee39,30,Urgency Pressure
scam_job_scam_banglish_f05_011_24ded8,10,
scam_fake_prize_en_f05_018_8d574e,30,Urgency Pressure
benign_bank_notification_banglish_f08_032_6ae621,10,
scam_fake_agent_bn_f08_001_d302a7,10,
benign_personal_chat_bn_f03_010_281591,10,
benign_bank_notification_bn_f09_004_a9eb6e,10,
scam_fake_prize_en_f02_017_bee177,45,Suspicious Link;Unsolicited Prize / Reward
scam_fake_prize_banglish_f04_002_1006e2,30,Unsolicited Prize / Reward
scam_fake_agent_en_f06_002_0b2bce,10,
scam_loan_app_banglish_f06_012_c69466,35,Payment Request
scam_loan_app_banglish_f03_023_958828,25,Suspicious Link
benign_gen_advisory_en_f10_006_5aefbd,10,
benign_personal_chat_en_f04_033_d7c530,10,
scam_job_scam_bn_f06_015_62cb58,10,
scam_wrong_transfer_banglish_f07_021_5c9273,35,Payment Request
scam_fake_prize_bn_f05_000_ea0815,45,Suspicious Link;Unsolicited Prize / Reward
scam_fake_agent_en_f08_015_185fa8,35,Authority Impersonation
scam_wrong_transfer_bn_f06_001_cdeefa,30,Urgency Pressure
benign_bank_notification_en_f10_019_ff17fd,10,
scam_wrong_transfer_en_f05_002_d635e0,35,Account Threat
benign_gen_advisory_bn_f08_008_d3e9aa,10,
scam_wrong_transfer_en_f01_012_fcebc1,35,Payment Request
scam_remote_access_bn_f03_005_4ec88b,10,
scam_fake_agent_banglish_f05_005_6a3f84,10,
benign_personal_chat_banglish_f12_007_f5ebb8,10,
scam_loan_app_banglish_f07_013_f2025e,25,Suspicious Link
benign_gen_advisory_banglish_f01_013_4035f6,10,
scam_wrong_transfer_bn_f02_023_be8370,10,
benign_gen_advisory_banglish_f05_013_f21f18,10,
benign_gen_advisory_banglish_f11_006_84bb0a,10,
scam_job_scam_en_f07_003_3fbf91,35,Payment Request
benign_gen_advisory_en_f11_010_5da202,10,
scam_wrong_transfer_bn_f03_007_1ba702,35,Payment Request
scam_job_scam_en_f05_014_b3df32,10,
scam_fake_prize_bn_f01_008_25338c,55,Payment Request;Unsolicited Prize / Reward
scam_kyc_block_en_f02_002_e54711,70,Urgency Pressure;Account Threat;Suspicious Link
scam_fake_agent_en_f01_016_d4a239,35,Account Threat
scam_loan_app_en_f04_002_58fb29,35,Payment Request
benign_gen_advisory_en_f10_011_2c7478,10,
benign_otp_safety_banglish_f11_008_f64adf,10,
benign_otp_safety_bn_f10_000_42d24d,10,
scam_wrong_transfer_banglish_f01_010_eae20b,55,Payment Request;Emotional Manipulation
scam_loan_app_en_f02_001_78b82b,35,Payment Request
benign_gen_advisory_bn_f09_005_1c504e,10,
benign_bank_notification_bn_f01_018_36b519,10,
scam_wrong_transfer_banglish_f07_000_373fe2,35,Payment Request
benign_innocent_keywords_banglish_f02_005_77e75f,10,
benign_personal_chat_banglish_f04_011_164b3e,10,
benign_bank_notification_en_f04_024_9b8c2b,10,
scam_fake_agent_banglish_f02_003_4d3d21,40,OTP Harvesting
benign_personal_chat_en_f07_014_027265,10,
scam_loan_app_banglish_f04_024_fbd72b,10,
benign_bank_notification_bn_f10_014_c25282,10,
scam_job_scam_en_f04_001_094ff0,50,Payment Request;Suspicious Link
scam_fake_agent_bn_f07_019_d52052,10,
scam_loan_app_banglish_f08_002_912017,35,Payment Request
benign_personal_chat_banglish_f02_014_5526fd,10,
benign_personal_chat_en_f07_026_3f266d,10,
scam_kyc_block_bn_f04_024_4d13e9,25,Suspicious Link
benign_innocent_keywords_en_f03_004_1c3330,10,
scam_wrong_transfer_bn_f02_007_ad2d2a,10,
scam_loan_app_banglish_f08_012_901b92,35,Payment Request
benign_otp_safety_banglish_f05_013_6b37b7,10,
scam_wrong_transfer_banglish_f06_021_c14874,10,
benign_gen_advisory_en_f10_005_1e5f17,10,
scam_job_scam_banglish_f05_013_419d6c,10,
benign_gen_advisory_banglish_f11_019_b76628,10,
benign_otp_safety_bn_f07_010_6ef021,10,
benign_gen_advisory_banglish_f02_000_9c502c,10,
scam_kyc_block_en_f01_001_432cf8,70,Urgency Pressure;Account Threat;Suspicious Link
benign_bank_notification_banglish_f03_013_a1e3a4,10,
benign_bank_notification_banglish_f10_034_539967,10,
benign_gen_advisory_bn_f05_000_2f9aca,10,
scam_kyc_block_banglish_f05_018_b6fe54,25,Suspicious Link
scam_otp_harvest_bn_f05_010_6b4ad2,30,Urgency Pressure
benign_gen_advisory_en_f04_000_990fe7,10,
scam_kyc_block_en_f04_009_24a06a,50,Account Threat;Suspicious Link
benign_gen_advisory_banglish_f10_006_274c8d,10,
benign_innocent_keywords_en_f07_005_060526,10,
benign_bank_notification_bn_f04_016_45b328,10,
scam_fake_agent_en_f07_010_84346e,35,Account Threat
scam_remote_access_en_f04_005_a18460,40,OTP Harvesting
benign_bank_notification_bn_f07_016_969de5,10,
scam_wrong_transfer_banglish_f06_023_0d5cef,10,
scam_otp_harvest_en_f08_020_431802,10,
scam_loan_app_en_f08_010_e113cb,10,
scam_job_scam_bn_f02_013_f5516d,35,Payment Request
scam_otp_harvest_en_f08_004_30de3f,10,
benign_otp_safety_en_f08_001_e25b38,40,OTP Harvesting
benign_bank_notification_en_f07_003_531c88,10,
benign_personal_chat_en_f01_031_c24a6a,10,
scam_job_scam_bn_f06_001_8e7357,10,
benign_bank_notification_bn_f12_032_b45bc7,10,
scam_fake_prize_bn_f01_003_d84fa9,55,Payment Request;Unsolicited Prize / Reward
scam_fake_agent_en_f04_025_470979,10,
benign_gen_advisory_banglish_f06_015_9dad7c,10,
scam_job_scam_en_f06_021_bd098f,25,Suspicious Link
scam_loan_app_en_f06_013_b4e24a,55,Urgency Pressure;Payment Request
scam_fake_agent_banglish_f03_005_86b2d6,10,
scam_otp_harvest_banglish_f08_002_e860c1,30,Urgency Pressure
scam_remote_access_banglish_f04_003_70f6e5,10,
scam_kyc_block_banglish_f02_011_36bd27,70,Urgency Pressure;Account Threat;Suspicious Link
benign_bank_notification_banglish_f11_028_6c4a8d,10,
scam_kyc_block_bn_f02_022_bf0722,50,Account Threat;Suspicious Link
benign_otp_safety_bn_f02_005_b3897a,10,
benign_otp_safety_bn_f06_002_4b88ab,40,OTP Harvesting
scam_otp_harvest_bn_f06_002_24fb0d,55,Suspicious Link;OTP Harvesting
scam_kyc_block_bn_f05_001_6be049,25,Suspicious Link
scam_loan_app_en_f06_021_8469c5,55,Urgency Pressure;Payment Request
benign_personal_chat_en_f08_008_6debb5,10,
benign_personal_chat_en_f11_034_3ad87c,10,
benign_otp_safety_banglish_f01_019_adb4dc,10,
scam_wrong_transfer_bn_f06_017_08b055,30,Urgency Pressure
scam_fake_prize_bn_f03_007_84783b,55,Payment Request;Unsolicited Prize / Reward
benign_innocent_keywords_en_f09_000_adec00,35,Payment Request
scam_kyc_block_bn_f04_008_b199ce,25,Suspicious Link
scam_loan_app_en_f06_000_32a9a6,55,Urgency Pressure;Payment Request
scam_fake_prize_banglish_f03_019_39e9cc,75,Urgency Pressure;Payment Request;Unsolicited Prize / Reward
benign_innocent_keywords_bn_f01_005_17623f,10,
scam_remote_access_en_f06_002_53db4c,10,
benign_gen_advisory_banglish_f08_010_f9631f,10,
scam_loan_app_en_f03_016_4eacdf,50,Payment Request;Suspicious Link
benign_otp_safety_banglish_f04_012_f14c5d,10,
scam_otp_harvest_en_f04_019_979ad4,40,OTP Harvesting
benign_personal_chat_banglish_f03_006_2f9dba,10,
benign_bank_notification_banglish_f08_013_0c832b,10,
benign_innocent_keywords_banglish_f04_005_262ee0,10,
scam_fake_prize_banglish_f03_012_51b8ba,75,Urgency Pressure;Payment Request;Unsolicited Prize / Reward
benign_bank_notification_en_f07_006_f89ec5,10,
scam_loan_app_bn_f08_002_23dd90,25,Suspicious Link
benign_gen_advisory_en_f03_007_2bcf7f,10,
scam_wrong_transfer_en_f02_003_c21532,55,Payment Request;Emotional Manipulation
benign_personal_chat_banglish_f06_020_f26dc1,10,
benign_gen_advisory_banglish_f01_002_45cdcd,10,
benign_bank_notification_bn_f10_002_303938,10,
scam_fake_agent_banglish_f03_014_a13d44,10,
benign_bank_notification_bn_f05_013_5f845d,10,
scam_loan_app_banglish_f05_013_2863ff,35,Payment Request
scam_remote_access_en_f03_024_2fed54,10,
benign_bank_notification_banglish_f11_023_bf8a27,10,
benign_personal_chat_en_f11_031_ef0dbb,10,
benign_personal_chat_en_f03_021_adbb18,10,
benign_personal_chat_banglish_f11_005_017f03,10,
scam_fake_prize_en_f02_003_a0c127,45,Suspicious Link;Unsolicited Prize / Reward
benign_otp_safety_bn_f07_011_02a7ca,10,
benign_gen_advisory_en_f11_006_758c2e,10,
scam_fake_prize_bn_f08_007_0fb8cd,10,
benign_personal_chat_bn_f02_016_5c46da,10,
benign_bank_notification_bn_f06_008_ca31fe,10,
scam_fake_prize_en_f08_002_bbe001,10,
scam_job_scam_bn_f06_016_746581,10,
scam_fake_agent_bn_f04_015_18b9e5,35,Authority Impersonation
scam_fake_prize_en_f03_018_c5c486,35,Payment Request
scam_kyc_block_bn_f06_018_0cfb60,25,Suspicious Link
scam_job_scam_bn_f04_003_388a0a,35,Payment Request
scam_loan_app_en_f07_023_2084a3,25,Suspicious Link
scam_fake_agent_en_f06_022_8262e4,10,
benign_bank_notification_bn_f02_014_12a502,10,
scam_fake_prize_banglish_f01_001_e16838,55,Payment Request;Unsolicited Prize / Reward
scam_kyc_block_en_f07_006_7e6ce3,50,Account Threat;Suspicious Link
benign_personal_chat_banglish_f08_018_25ba99,10,
benign_personal_chat_en_f03_004_5aea33,10,
benign_innocent_keywords_banglish_f08_023_6789e6,10,
scam_job_scam_banglish_f08_009_ab64dd,25,Suspicious Link
scam_wrong_transfer_en_f03_013_27c595,10,
scam_fake_prize_en_f01_021_ba328b,55,Payment Request;Unsolicited Prize / Reward
scam_job_scam_en_f05_001_888384,10,
scam_loan_app_banglish_f06_015_d48160,35,Payment Request
scam_remote_access_bn_f03_012_4ec88b,10,
scam_wrong_transfer_bn_f06_009_de8a4e,30,Urgency Pressure
scam_loan_app_banglish_f01_020_dfaef8,35,Payment Request
scam_wrong_transfer_en_f01_014_78f04a,35,Payment Request
benign_personal_chat_en_f11_016_55c8bb,10,
benign_innocent_keywords_en_f03_006_96e3c9,10,
scam_loan_app_bn_f05_018_a50cbe,35,Payment Request
scam_fake_prize_en_f07_001_ed220a,10,
benign_innocent_keywords_banglish_f10_033_2e4f6f,10,
scam_fake_agent_banglish_f01_000_cdec3b,35,Authority Impersonation
scam_job_scam_bn_f04_023_fbb7df,35,Payment Request
scam_fake_prize_bn_f06_001_df6619,10,
benign_otp_safety_en_f04_020_e778b9,10,
scam_wrong_transfer_en_f07_017_84ea76,10,
benign_otp_safety_banglish_f01_016_7fb57d,10,
scam_remote_access_banglish_f06_004_0dfb60,10,
scam_loan_app_banglish_f01_003_091fab,35,Payment Request
scam_fake_agent_banglish_f01_005_b93843,10,
scam_loan_app_bn_f02_023_e34d8e,35,Payment Request
benign_bank_notification_en_f05_028_f49701,10,
benign_personal_chat_banglish_f02_033_f7e5fa,10,
benign_bank_notification_banglish_f11_024_59f926,10,
scam_kyc_block_bn_f06_017_b4ffad,25,Suspicious Link
benign_bank_notification_bn_f07_007_c63283,10,
scam_job_scam_banglish_f07_003_a273e5,10,
scam_kyc_block_bn_f05_012_fc3b90,25,Suspicious Link
benign_bank_notification_en_f12_034_586680,10,
benign_bank_notification_banglish_f03_008_fff80b,10,
benign_bank_notification_bn_f06_006_2af172,10,
scam_loan_app_bn_f01_012_ef500d,35,Payment Request
benign_personal_chat_banglish_f07_032_839dba,10,
benign_bank_notification_bn_f09_006_8bedec,10,
scam_wrong_transfer_banglish_f02_023_1fadef,55,Payment Request;Emotional Manipulation
benign_bank_notification_bn_f04_002_c21844,10,
benign_personal_chat_banglish_f02_004_a7a28e,10,
benign_otp_safety_bn_f07_013_a2beac,10,
scam_remote_access_en_f06_009_55b357,10,
scam_fake_prize_banglish_f07_019_3fe1a4,10,
scam_wrong_transfer_en_f05_001_8423bd,35,Account Threat
benign_gen_advisory_en_f06_000_706bef,10,
scam_job_scam_bn_f07_014_8518e9,25,Suspicious Link
scam_otp_harvest_en_f02_023_a595fe,40,OTP Harvesting
scam_kyc_block_bn_f02_008_16e9e3,50,Account Threat;Suspicious Link
benign_gen_advisory_bn_f06_001_a8b94a,10,
scam_loan_app_banglish_f08_023_c8000b,35,Payment Request
scam_loan_app_bn_f05_017_18deb2,35,Payment Request
scam_kyc_block_en_f04_000_51d2b7,50,Account Threat;Suspicious Link
benign_otp_safety_banglish_f12_019_9be060,40,OTP Harvesting
benign_personal_chat_banglish_f09_024_1f4c69,10,
benign_bank_notification_bn_f02_000_1488b2,10,
scam_fake_prize_en_f04_002_ab9554,35,Payment Request
benign_bank_notification_banglish_f02_024_25fc2d,10,
scam_otp_harvest_en_f06_018_d9b8da,10,
scam_loan_app_banglish_f03_000_2f511c,25,Suspicious Link
benign_gen_advisory_en_f01_008_9e93b8,10,
benign_bank_notification_bn_f05_010_8e9e6a,10,
scam_otp_harvest_en_f05_023_6a0f41,25,Suspicious Link
scam_loan_app_banglish_f08_011_3806cf,35,Payment Request
scam_fake_prize_banglish_f01_013_46b5c2,55,Payment Request;Unsolicited Prize / Reward
scam_wrong_transfer_en_f03_017_3e3cc9,10,
benign_bank_notification_en_f01_012_35ca57,10,
benign_bank_notification_banglish_f06_010_a97511,10,
benign_gen_advisory_banglish_f06_007_d7a303,10,
scam_otp_harvest_en_f06_002_dde89b,10,
benign_otp_safety_en_f06_009_23fbd8,10,
benign_otp_safety_bn_f08_003_08b436,40,OTP Harvesting
benign_bank_notification_banglish_f11_018_abafb2,10,
benign_bank_notification_banglish_f12_029_87ab6d,10,
scam_wrong_transfer_en_f05_012_5cf175,35,Account Threat
scam_kyc_block_en_f03_016_abb396,50,Account Threat;Suspicious Link
benign_bank_notification_bn_f09_015_38a94f,10,
benign_bank_notification_en_f09_031_dceefa,10,
scam_job_scam_banglish_f03_005_e9be2d,25,Suspicious Link
benign_personal_chat_bn_f06_031_32a87b,10,
scam_remote_access_en_f01_014_9b2822,40,OTP Harvesting
scam_kyc_block_en_f04_015_963712,50,Account Threat;Suspicious Link
benign_bank_notification_banglish_f10_018_f19b56,10,
benign_bank_notification_banglish_f10_027_f8b119,10,
benign_gen_advisory_banglish_f03_018_e1e66a,10,
scam_fake_prize_bn_f02_015_43fff3,45,Suspicious Link;Unsolicited Prize / Reward
scam_loan_app_banglish_f02_024_c93bab,35,Payment Request
benign_bank_notification_bn_f01_010_d99633,10,
scam_fake_prize_banglish_f03_001_f01732,75,Urgency Pressure;Payment Request;Unsolicited Prize / Reward
scam_kyc_block_banglish_f05_021_209711,25,Suspicious Link
scam_kyc_block_bn_f03_014_2516e2,45,Urgency Pressure;Suspicious Link
benign_bank_notification_banglish_f09_006_2be336,10,
benign_gen_advisory_en_f04_003_e3114c,10,
benign_gen_advisory_en_f06_018_1bd5eb,10,
scam_loan_app_bn_f07_014_ead644,35,Payment Request
benign_bank_notification_bn_f05_022_2d4399,10,
benign_bank_notification_en_f12_008_989303,10,
benign_bank_notification_en_f04_022_ee0d57,10,
scam_job_scam_banglish_f03_023_e57b6c,25,Suspicious Link
scam_loan_app_en_f01_020_64aac7,10,
scam_kyc_block_banglish_f08_016_93b16a,25,Suspicious Link
benign_personal_chat_bn_f02_031_045616,10,
scam_job_scam_banglish_f05_007_6cd350,10,
scam_job_scam_banglish_f01_007_6343ca,35,Payment Request
benign_bank_notification_bn_f11_000_b493a1,10,
scam_loan_app_en_f05_013_a28651,35,Payment Request
scam_loan_app_banglish_f03_010_6e0f2f,25,Suspicious Link
scam_kyc_block_bn_f06_002_7d7dff,25,Suspicious Link
benign_bank_notification_banglish_f04_004_c385ea,10,
benign_personal_chat_bn_f01_015_152a37,10,
scam_wrong_transfer_bn_f02_022_aa3a9d,10,
benign_otp_safety_banglish_f10_005_8349f1,10,
scam_loan_app_en_f08_018_7df392,10,
scam_kyc_block_bn_f04_004_714526,25,Suspicious Link
benign_innocent_keywords_en_f03_002_96e3c9,10,
benign_personal_chat_banglish_f02_015_eb440b,10,
benign_personal_chat_banglish_f11_022_2a3cf0,10,
scam_kyc_block_bn_f08_001_af24ac,45,Urgency Pressure;Suspicious Link
benign_personal_chat_en_f02_001_95edb3,10,
scam_remote_access_banglish_f03_015_ef50d1,10,
benign_bank_notification_en_f11_012_e627e5,10,
scam_fake_agent_bn_f07_021_da9c18,10,
benign_gen_advisory_banglish_f04_019_e18e82,10,
scam_job_scam_banglish_f07_016_73f04c,10,
scam_wrong_transfer_banglish_f03_006_448528,10,
scam_kyc_block_banglish_f03_025_fd7901,50,Account Threat;Suspicious Link
benign_innocent_keywords_banglish_f03_020_7b30b5,10,
benign_bank_notification_bn_f12_029_0023b2,10,
benign_bank_notification_en_f11_030_f1b0be,10,
scam_fake_agent_banglish_f01_009_508b6d,35,Authority Impersonation
benign_otp_safety_banglish_f01_005_63f1d4,10,
benign_innocent_keywords_en_f06_019_2198cb,10,
scam_wrong_transfer_banglish_f03_013_da8b50,10,
benign_otp_safety_banglish_f01_011_7fb57d,10,
benign_innocent_keywords_en_f04_009_12393b,10,
scam_fake_agent_bn_f05_005_e8c30f,10,
benign_gen_advisory_banglish_f03_008_e9c14c,10,
scam_wrong_transfer_bn_f01_016_8f6adf,55,Payment Request;Emotional Manipulation
scam_otp_harvest_banglish_f02_025_f97d7e,40,OTP Harvesting
scam_job_scam_banglish_f03_020_8a8c05,25,Suspicious Link
benign_bank_notification_banglish_f12_035_a58f78,10,
benign_personal_chat_bn_f05_031_7cf31f,10,
benign_bank_notification_en_f09_018_6ae9a1,10,
scam_kyc_block_banglish_f07_014_de190a,45,Urgency Pressure;Suspicious Link
scam_job_scam_banglish_f06_025_b159f0,35,Payment Request
benign_personal_chat_en_f01_007_59291f,10,
scam_job_scam_banglish_f05_009_dd7b88,10,
benign_personal_chat_en_f09_025_f801e3,10,
scam_wrong_transfer_en_f08_027_6301e3,10,
benign_bank_notification_bn_f08_031_2f5c35,10,
scam_loan_app_bn_f08_004_fd5fa2,25,Suspicious Link
scam_job_scam_en_f02_022_638e08,35,Payment Request
benign_otp_safety_banglish_f07_017_dc625f,10,
benign_innocent_keywords_bn_f09_009_ad5ed1,35,Payment Request
scam_loan_app_en_f03_012_5b132b,50,Payment Request;Suspicious Link
benign_innocent_keywords_banglish_f07_001_8fb3de,10,
benign_bank_notification_en_f04_006_7311cd,10,
benign_bank_notification_bn_f12_011_49ab1f,10,
scam_fake_agent_banglish_f01_003_873474,35,Authority Impersonation
benign_personal_chat_en_f11_004_5255af,10,
scam_loan_app_en_f03_007_aeae49,50,Payment Request;Suspicious Link
benign_personal_chat_en_f07_029_443386,10,
benign_innocent_keywords_bn_f01_011_488f77,10,
scam_fake_prize_bn_f04_004_7aba75,35,Payment Request
scam_loan_app_bn_f04_023_5909af,10,
benign_bank_notification_bn_f10_011_575913,10,
benign_otp_safety_en_f12_001_5d08c9,10,
benign_personal_chat_banglish_f04_016_e67739,10,
benign_otp_safety_banglish_f02_011_578ea0,10,
benign_bank_notification_bn_f07_010_1b22a3,10,
scam_fake_agent_banglish_f08_017_8e289e,10,
benign_personal_chat_bn_f04_024_ae9706,10,
benign_bank_notification_bn_f02_002_de1855,10,
benign_bank_notification_banglish_f03_017_8e549e,10,
benign_innocent_keywords_bn_f12_001_56d911,10,
scam_kyc_block_banglish_f04_010_e21096,25,Suspicious Link
scam_job_scam_banglish_f03_025_2bf1d2,25,Suspicious Link
scam_fake_prize_banglish_f02_016_5e8417,45,Suspicious Link;Unsolicited Prize / Reward
benign_bank_notification_banglish_f03_007_38973a,10,
benign_bank_notification_banglish_f09_019_1b4644,10,
scam_job_scam_en_f07_006_d142e3,35,Payment Request
scam_fake_agent_en_f03_013_63b64b,60,Urgency Pressure;OTP Harvesting
scam_otp_harvest_banglish_f05_024_5f54cd,40,OTP Harvesting
scam_fake_prize_banglish_f03_025_ea0ec7,75,Urgency Pressure;Payment Request;Unsolicited Prize / Reward
benign_bank_notification_banglish_f04_001_01b82d,10,
benign_innocent_keywords_bn_f08_003_241bbc,30,Urgency Pressure
scam_fake_agent_bn_f04_021_d16fca,35,Authority Impersonation
scam_fake_agent_banglish_f08_005_1634ce,10,
benign_personal_chat_banglish_f01_003_9ff7cb,10,
benign_bank_notification_en_f03_024_1db946,10,
benign_personal_chat_banglish_f02_001_2c3384,10,
scam_otp_harvest_bn_f06_004_22f072,55,Suspicious Link;OTP Harvesting
benign_bank_notification_en_f04_018_c2efbf,10,
scam_wrong_transfer_bn_f03_014_5db59c,35,Payment Request
scam_wrong_transfer_banglish_f03_021_80e4c8,10,
scam_fake_agent_banglish_f06_015_40ca2a,35,Authority Impersonation
benign_personal_chat_bn_f12_001_05e3cb,10,
benign_personal_chat_banglish_f04_023_2e6791,10,
scam_wrong_transfer_bn_f01_004_283e76,55,Payment Request;Emotional Manipulation
scam_kyc_block_en_f03_008_4183fa,50,Account Threat;Suspicious Link
scam_otp_harvest_banglish_f01_000_2c9dca,65,Account Threat;OTP Harvesting
benign_otp_safety_banglish_f04_016_6fef40,10,
scam_loan_app_banglish_f04_012_c385b0,10,
benign_bank_notification_en_f05_008_e507e3,10,
benign_personal_chat_banglish_f03_029_c1dbee,10,
scam_wrong_transfer_banglish_f08_008_2eadb6,35,Payment Request
scam_fake_prize_en_f08_024_15a39f,10,
scam_remote_access_bn_f04_023_871e2b,10,
scam_fake_agent_en_f07_011_60be8e,35,Account Threat
benign_bank_notification_bn_f03_026_4f61bb,10,
benign_personal_chat_bn_f12_024_459428,10,
benign_personal_chat_banglish_f08_017_7dbd6b,10,
benign_bank_notification_en_f01_031_809187,10,
scam_kyc_block_banglish_f04_015_a9f76e,25,Suspicious Link
scam_otp_harvest_banglish_f03_002_dabab2,35,Authority Impersonation
benign_bank_notification_banglish_f02_017_7e38a9,10,
scam_job_scam_en_f08_023_ce1adb,35,Payment Request
scam_loan_app_banglish_f08_027_3591dd,35,Payment Request
scam_wrong_transfer_bn_f01_009_328675,55,Payment Request;Emotional Manipulation
scam_loan_app_en_f02_007_87dfc1,35,Payment Request
benign_gen_advisory_en_f04_013_36b9ef,10,
scam_otp_harvest_bn_f01_012_872901,40,OTP Harvesting
scam_kyc_block_banglish_f08_003_fedcd9,50,Account Threat;Suspicious Link
scam_fake_prize_en_f07_026_e54c30,10,
scam_loan_app_en_f05_008_87b6f0,35,Payment Request
benign_personal_chat_banglish_f01_022_264e22,10,
scam_fake_agent_en_f02_008_40eb8d,35,Account Threat
scam_otp_harvest_bn_f07_018_11fec2,10,
scam_wrong_transfer_en_f07_026_622901,10,
scam_job_scam_en_f06_020_4626b7,25,Suspicious Link
scam_kyc_block_banglish_f03_018_99d95b,50,Account Threat;Suspicious Link
benign_innocent_keywords_banglish_f08_029_dcb712,10,
benign_bank_notification_banglish_f10_008_f8d07d,10,
benign_personal_chat_en_f09_018_8f0e93,10,
scam_kyc_block_en_f07_000_d6c966,50,Account Threat;Suspicious Link
benign_innocent_keywords_banglish_f04_009_8b28f1,10,
scam_job_scam_en_f08_022_7679e3,35,Payment Request
benign_gen_advisory_en_f01_002_f93667,10,
scam_job_scam_banglish_f08_022_dfb652,25,Suspicious Link
scam_fake_prize_banglish_f03_004_73c17a,75,Urgency Pressure;Payment Request;Unsolicited Prize / Reward
scam_fake_agent_banglish_f02_019_373491,40,OTP Harvesting
scam_fake_prize_banglish_f03_024_6a9f0e,75,Urgency Pressure;Payment Request;Unsolicited Prize / Reward
scam_fake_prize_bn_f07_013_96d53c,30,Unsolicited Prize / Reward
scam_wrong_transfer_en_f01_006_78e818,35,Payment Request
scam_job_scam_en_f02_003_f94051,35,Payment Request
benign_bank_notification_banglish_f07_016_78c4df,10,
benign_personal_chat_en_f12_014_90c48c,10,
scam_job_scam_bn_f03_006_349213,25,Suspicious Link
benign_personal_chat_en_f07_008_d57cb9,10,
scam_wrong_transfer_en_f03_000_161f44,10,
scam_otp_harvest_banglish_f06_006_53f4db,25,Suspicious Link
scam_loan_app_bn_f04_018_95c59f,10,
scam_loan_app_en_f07_006_51c109,25,Suspicious Link
scam_kyc_block_banglish_f05_020_fbbb44,25,Suspicious Link
benign_innocent_keywords_en_f10_001_80362e,10,
scam_kyc_block_en_f03_000_16befc,50,Account Threat;Suspicious Link
scam_fake_prize_en_f05_022_58e797,30,Urgency Pressure
benign_otp_safety_banglish_f12_017_042a0d,40,OTP Harvesting
scam_job_scam_bn_f07_020_ce7746,25,Suspicious Link
scam_job_scam_banglish_f05_012_af9dad,10,
benign_innocent_keywords_banglish_f08_032_2fd896,10,
scam_fake_agent_en_f08_014_b3d6dd,35,Authority Impersonation
scam_fake_prize_en_f02_007_6f3c7d,45,Suspicious Link;Unsolicited Prize / Reward
scam_wrong_transfer_banglish_f07_016_ac080b,35,Payment Request
scam_job_scam_banglish_f05_025_e767f9,10,
scam_fake_prize_banglish_f03_010_c3e307,75,Urgency Pressure;Payment Request;Unsolicited Prize / Reward
scam_job_scam_en_f06_022_61a8e4,25,Suspicious Link
scam_wrong_transfer_bn_f03_020_288247,35,Payment Request
scam_fake_agent_bn_f04_000_691de8,35,Authority Impersonation
scam_job_scam_bn_f03_022_6c3060,25,Suspicious Link
benign_bank_notification_en_f03_008_dc42ac,10,
benign_personal_chat_banglish_f03_005_d1b6fc,10,
scam_remote_access_en_f07_003_4b26c5,40,OTP Harvesting
scam_loan_app_banglish_f06_003_fbd818,35,Payment Request
benign_otp_safety_banglish_f04_024_3ff405,10,
scam_wrong_transfer_bn_f07_022_eb0ab7,10,
benign_personal_chat_banglish_f04_004_65af12,10,
benign_bank_notification_en_f09_013_23c7b1,10,
benign_bank_notification_banglish_f05_002_2a5e57,10,
scam_job_scam_en_f02_001_3fe0c3,35,Payment Request
benign_innocent_keywords_en_f07_032_b931e6,10,
benign_gen_advisory_en_f07_002_2403b8,10,
benign_bank_notification_bn_f01_029_ecbb8b,10,
scam_fake_prize_bn_f08_013_190f3d,10,
scam_wrong_transfer_en_f07_020_4c1f18,10,
benign_gen_advisory_banglish_f10_004_a99ffb,10,
scam_kyc_block_bn_f04_011_4d6542,25,Suspicious Link
scam_fake_agent_en_f06_005_e27e16,10,
scam_job_scam_bn_f04_011_7c285c,35,Payment Request
scam_loan_app_en_f06_001_d9079c,55,Urgency Pressure;Payment Request
scam_loan_app_banglish_f08_010_a2841f,35,Payment Request
benign_personal_chat_en_f09_014_eae7cd,10,
benign_bank_notification_banglish_f12_032_416475,10,
benign_otp_safety_en_f07_007_66b4d4,10,
benign_bank_notification_banglish_f05_025_60c14c,10,
scam_fake_agent_bn_f03_017_0d5fc4,60,Account Threat;Authority Impersonation
benign_personal_chat_en_f10_018_86c593,10,
benign_bank_notification_bn_f05_017_f2cbff,10,
scam_loan_app_en_f03_000_27379e,50,Payment Request;Suspicious Link
scam_otp_harvest_en_f07_017_423c64,30,Urgency Pressure
benign_bank_notification_banglish_f01_017_8f8dab,10,
benign_bank_notification_banglish_f02_018_369ba8,10,
benign_bank_notification_banglish_f07_013_a329ed,10,
scam_wrong_transfer_banglish_f03_003_a412a1,10,
benign_gen_advisory_en_f09_005_4f5f6f,10,
benign_gen_advisory_bn_f04_008_d47bed,10,
rob_scam_job_scam_bn_f08_026_52f6d2_prompt_injection,10,
rob_scam_job_scam_bn_f08_026_52f6d2_homoglyph,10,
rob_scam_kyc_block_en_f08_020_e29853_homoglyph,25,Suspicious Link
rob_scam_kyc_block_en_f08_020_e29853_filler_appended,70,Urgency Pressure;Account Threat;Suspicious Link
rob_scam_kyc_block_banglish_f07_002_a0a8fb_prompt_injection,45,Urgency Pressure;Suspicious Link
rob_scam_kyc_block_banglish_f07_002_a0a8fb_homoglyph,25,Suspicious Link
rob_scam_remote_access_banglish_f07_012_733d4d_homoglyph,10,
rob_scam_remote_access_banglish_f07_012_733d4d_filler_appended,10,
rob_scam_otp_harvest_banglish_f08_014_607896_prompt_injection,30,Urgency Pressure
rob_scam_otp_harvest_banglish_f08_014_607896_spaced_dots,30,Urgency Pressure
rob_scam_job_scam_bn_f08_015_0fbd86_homoglyph,10,
rob_scam_job_scam_bn_f08_015_0fbd86_prompt_injection,10,
rob_scam_fake_prize_banglish_f08_015_85cf41_filler_appended,10,
rob_scam_fake_prize_banglish_f08_015_85cf41_homoglyph,10,
rob_scam_job_scam_banglish_f07_015_d629c0_homoglyph,10,
rob_scam_job_scam_banglish_f07_015_d629c0_filler_appended,10,
rob_scam_job_scam_en_f08_013_701a99_filler_appended,35,Payment Request
rob_scam_job_scam_en_f08_013_701a99_spaced_dots,35,Payment Request
rob_scam_wrong_transfer_bn_f07_013_eee39a_spaced_dots,10,
rob_scam_wrong_transfer_bn_f07_013_eee39a_filler_appended,10,
rob_scam_fake_prize_bn_f08_020_c46861_spaced_dots,10,
rob_scam_kyc_block_en_f08_014_08f9ff_spaced_dots,70,Urgency Pressure;Account Threat;Suspicious Link
rob_scam_kyc_block_en_f08_014_08f9ff_prompt_injection,70,Urgency Pressure;Account Threat;Suspicious Link
rob_scam_wrong_transfer_banglish_f08_024_bad27d_filler_appended,35,Payment Request
rob_scam_wrong_transfer_banglish_f08_024_bad27d_homoglyph,10,
rob_scam_job_scam_en_f07_017_efd72c_prompt_injection,35,Payment Request
rob_scam_job_scam_en_f07_017_efd72c_spaced_dots,35,Payment Request
rob_scam_otp_harvest_en_f08_000_fc906b_filler_appended,10,
rob_scam_otp_harvest_en_f08_000_fc906b_homoglyph,10,
rob_scam_remote_access_bn_f08_010_679a43_filler_appended,10,
rob_scam_remote_access_bn_f08_010_679a43_spaced_dots,10,
rob_scam_fake_agent_bn_f08_019_7e6f45_filler_appended,10,
rob_scam_fake_agent_bn_f08_019_7e6f45_spaced_dots,10,
rob_scam_wrong_transfer_en_f07_024_abde03_homoglyph,10,
rob_scam_wrong_transfer_en_f07_024_abde03_prompt_injection,10,
rob_scam_job_scam_banglish_f08_023_f4399e_homoglyph,10,
rob_scam_job_scam_banglish_f08_023_f4399e_spaced_dots,25,Suspicious Link
rob_scam_wrong_transfer_banglish_f08_015_2ce188_prompt_injection,35,Payment Request
rob_scam_wrong_transfer_banglish_f08_015_2ce188_homoglyph,10,
rob_scam_kyc_block_banglish_f08_013_b8f1e5_prompt_injection,25,Suspicious Link
rob_scam_kyc_block_banglish_f08_013_b8f1e5_homoglyph,25,Suspicious Link
rob_scam_kyc_block_banglish_f07_013_227d55_prompt_injection,45,Urgency Pressure;Suspicious Link
rob_scam_kyc_block_banglish_f07_013_227d55_filler_appended,45,Urgency Pressure;Suspicious Link
rob_scam_wrong_transfer_bn_f08_026_9f623b_filler_appended,30,Emotional Manipulation
rob_scam_wrong_transfer_bn_f08_026_9f623b_spaced_dots,30,Emotional Manipulation
rob_scam_otp_harvest_en_f08_012_9ca633_prompt_injection,10,
rob_scam_otp_harvest_en_f08_012_9ca633_homoglyph,10,
rob_scam_loan_app_banglish_f07_000_73c5b6_filler_appended,25,Suspicious Link
rob_scam_loan_app_banglish_f07_000_73c5b6_prompt_injection,25,Suspicious Link
rob_scam_job_scam_bn_f08_001_e313b5_prompt_injection,10,
rob_scam_job_scam_bn_f08_001_e313b5_homoglyph,10,
rob_scam_otp_harvest_banglish_f07_005_06f3ec_homoglyph,10,
rob_scam_otp_harvest_banglish_f07_005_06f3ec_spaced_dots,10,
rob_scam_wrong_transfer_en_f08_009_822893_filler_appended,10,
rob_scam_wrong_transfer_en_f08_009_822893_homoglyph,10,
rob_scam_fake_prize_banglish_f08_022_dd9812_prompt_injection,10,
rob_scam_fake_prize_banglish_f08_022_dd9812_spaced_dots,10,
rob_scam_fake_prize_en_f07_012_e76d80_homoglyph,10,
rob_scam_fake_prize_en_f07_012_e76d80_prompt_injection,10,
rob_scam_wrong_transfer_bn_f08_008_b80ca0_prompt_injection,30,Emotional Manipulation
rob_scam_wrong_transfer_bn_f08_008_b80ca0_homoglyph,30,Emotional Manipulation
rob_scam_loan_app_bn_f07_011_20d44d_spaced_dots,35,Payment Request
rob_scam_loan_app_bn_f07_011_20d44d_filler_appended,35,Payment Request
rob_scam_loan_app_en_f08_014_9a0af7_prompt_injection,10,
rob_scam_loan_app_en_f08_014_9a0af7_spaced_dots,10,
rob_scam_job_scam_banglish_f08_007_ed88ac_filler_appended,25,Suspicious Link
rob_scam_job_scam_banglish_f08_007_ed88ac_homoglyph,25,Suspicious Link
rob_scam_job_scam_bn_f08_020_3968f6_spaced_dots,10,
rob_scam_job_scam_bn_f08_020_3968f6_filler_appended,10,
rob_scam_job_scam_banglish_f08_016_1a0a54_spaced_dots,25,Suspicious Link
rob_scam_job_scam_banglish_f08_016_1a0a54_prompt_injection,25,Suspicious Link
rob_scam_kyc_block_banglish_f07_005_b99f56_spaced_dots,45,Urgency Pressure;Suspicious Link
rob_scam_kyc_block_banglish_f07_005_b99f56_prompt_injection,45,Urgency Pressure;Suspicious Link
rob_scam_fake_agent_en_f07_022_b4e095_filler_appended,35,Account Threat
rob_scam_fake_agent_en_f07_022_b4e095_spaced_dots,35,Account Threat
rob_scam_fake_agent_bn_f07_008_9b3c09_filler_appended,10,
rob_scam_fake_agent_bn_f07_008_9b3c09_spaced_dots,10,
rob_scam_fake_prize_en_f08_015_7cb985_prompt_injection,10,
rob_scam_fake_prize_en_f08_015_7cb985_homoglyph,10,
rob_scam_kyc_block_en_f08_021_59fd89_filler_appended,70,Urgency Pressure;Account Threat;Suspicious Link
rob_scam_kyc_block_en_f08_021_59fd89_spaced_dots,70,Urgency Pressure;Account Threat;Suspicious Link
rob_scam_loan_app_banglish_f07_006_a1cc9f_spaced_dots,25,Suspicious Link
rob_scam_loan_app_banglish_f07_006_a1cc9f_prompt_injection,25,Suspicious Link
rob_scam_job_scam_en_f08_019_f64d32_spaced_dots,35,Payment Request
rob_scam_job_scam_en_f08_019_f64d32_filler_appended,35,Payment Request
rob_scam_job_scam_bn_f08_004_d0ec64_filler_appended,10,
rob_scam_job_scam_bn_f08_004_d0ec64_spaced_dots,10,
rob_scam_job_scam_banglish_f08_013_587cce_homoglyph,10,
rob_scam_job_scam_banglish_f08_013_587cce_spaced_dots,25,Suspicious Link
rob_scam_kyc_block_en_f08_005_a05ba5_prompt_injection,70,Urgency Pressure;Account Threat;Suspicious Link
rob_scam_kyc_block_en_f08_005_a05ba5_homoglyph,25,Suspicious Link
rob_scam_otp_harvest_en_f08_021_8f1b39_homoglyph,10,
rob_scam_otp_harvest_en_f08_021_8f1b39_spaced_dots,10,
rob_scam_remote_access_bn_f08_005_ed6d05_spaced_dots,10,
rob_scam_remote_access_bn_f08_005_ed6d05_prompt_injection,10,
rob_scam_fake_agent_en_f08_002_262644_spaced_dots,10,
rob_scam_fake_agent_en_f08_002_262644_filler_appended,35,Authority Impersonation
rob_scam_loan_app_banglish_f08_025_002713_prompt_injection,35,Payment Request
rob_scam_loan_app_banglish_f08_025_002713_filler_appended,35,Payment Request
rob_scam_fake_prize_banglish_f08_014_33144e_prompt_injection,10,
rob_scam_fake_prize_banglish_f08_014_33144e_filler_appended,10,
rob_scam_wrong_transfer_banglish_f08_007_91df73_prompt_injection,35,Payment Request
rob_scam_wrong_transfer_banglish_f08_007_91df73_spaced_dots,35,Payment Request
rob_scam_fake_agent_banglish_f07_001_b9d351_spaced_dots,40,OTP Harvesting
rob_scam_fake_agent_banglish_f07_001_b9d351_filler_appended,40,OTP Harvesting
rob_scam_job_scam_bn_f08_021_b5916a_filler_appended,10,
rob_scam_job_scam_bn_f08_021_b5916a_homoglyph,10,
rob_scam_remote_access_bn_f07_006_d16b50_spaced_dots,40,OTP Harvesting
rob_scam_remote_access_bn_f07_006_d16b50_filler_appended,40,OTP Harvesting
rob_scam_kyc_block_bn_f07_007_c7b874_spaced_dots,45,Urgency Pressure;Suspicious Link
rob_scam_kyc_block_bn_f07_007_c7b874_prompt_injection,45,Urgency Pressure;Suspicious Link
rob_scam_fake_agent_en_f08_010_8e1bac_spaced_dots,10,
rob_scam_fake_agent_en_f08_010_8e1bac_prompt_injection,35,Authority Impersonation
rob_scam_fake_agent_banglish_f08_019_293ed5_filler_appended,10,
rob_scam_fake_agent_banglish_f08_019_293ed5_spaced_dots,10,
rob_scam_remote_access_banglish_f08_021_7fd5e2_spaced_dots,40,OTP Harvesting
rob_scam_remote_access_banglish_f08_021_7fd5e2_homoglyph,10,
rob_scam_remote_access_banglish_f08_004_ae3d7c_filler_appended,40,OTP Harvesting
rob_scam_remote_access_banglish_f08_004_ae3d7c_homoglyph,10,
rob_scam_wrong_transfer_en_f07_014_42c59f_prompt_injection,10,
rob_scam_wrong_transfer_en_f07_014_42c59f_filler_appended,10,
rob_scam_wrong_transfer_en_f08_023_f6cfc8_prompt_injection,10,
rob_scam_wrong_transfer_en_f08_023_f6cfc8_filler_appended,10,
rob_scam_wrong_transfer_banglish_f07_011_9616ab_homoglyph,10,
rob_scam_wrong_transfer_banglish_f07_011_9616ab_filler_appended,35,Payment Request
rob_scam_otp_harvest_en_f08_014_88a8ca_prompt_injection,10,
rob_scam_otp_harvest_en_f08_014_88a8ca_spaced_dots,10,
rob_scam_remote_access_en_f08_000_5aacbe_prompt_injection,10,
rob_scam_remote_access_en_f08_000_5aacbe_homoglyph,10,
rob_scam_fake_agent_bn_f08_008_6eb4eb_prompt_injection,10,
rob_scam_fake_agent_bn_f08_008_6eb4eb_filler_appended,10,
rob_scam_remote_access_en_f07_025_1464ae_spaced_dots,40,OTP Harvesting
rob_scam_remote_access_en_f07_025_1464ae_filler_appended,40,OTP Harvesting
rob_scam_fake_agent_banglish_f08_007_76fc89_prompt_injection,10,
rob_scam_fake_agent_banglish_f08_007_76fc89_homoglyph,10,
rob_scam_loan_app_banglish_f08_021_0ceb94_homoglyph,10,
rob_scam_loan_app_banglish_f08_021_0ceb94_filler_appended,35,Payment Request
rob_scam_fake_prize_banglish_f08_013_c2cdaa_homoglyph,10,
rob_scam_fake_prize_banglish_f08_013_c2cdaa_spaced_dots,10,
rob_scam_job_scam_bn_f08_012_8a8a09_filler_appended,10,
rob_scam_job_scam_bn_f08_012_8a8a09_spaced_dots,10,
rob_scam_remote_access_en_f07_009_87a4db_homoglyph,10,
rob_scam_remote_access_en_f07_009_87a4db_filler_appended,40,OTP Harvesting
rob_scam_otp_harvest_en_f08_007_97c903_spaced_dots,10,
rob_scam_otp_harvest_en_f08_007_97c903_prompt_injection,10,
rob_scam_loan_app_en_f07_012_a432a9_homoglyph,10,
rob_scam_loan_app_en_f07_012_a432a9_filler_appended,25,Suspicious Link
rob_scam_wrong_transfer_bn_f07_027_6e3758_spaced_dots,10,
rob_scam_wrong_transfer_bn_f07_027_6e3758_prompt_injection,10,
rob_scam_fake_prize_banglish_f08_012_d473f0_homoglyph,10,
rob_scam_fake_prize_banglish_f08_012_d473f0_filler_appended,10,
rob_scam_remote_access_banglish_f08_014_a9a72f_homoglyph,10,
rob_scam_remote_access_banglish_f08_014_a9a72f_filler_appended,40,OTP Harvesting
rob_scam_loan_app_en_f08_024_8aea78_spaced_dots,10,
rob_scam_loan_app_en_f08_024_8aea78_homoglyph,10,
rob_scam_kyc_block_banglish_f07_020_607721_prompt_injection,45,Urgency Pressure;Suspicious Link
rob_scam_kyc_block_banglish_f07_020_607721_homoglyph,25,Suspicious Link
rob_scam_remote_access_banglish_f08_013_3d2a6f_homoglyph,10,
rob_scam_remote_access_banglish_f08_013_3d2a6f_spaced_dots,40,OTP Harvesting
rob_scam_kyc_block_en_f08_019_e97edc_spaced_dots,70,Urgency Pressure;Account Threat;Suspicious Link
rob_scam_kyc_block_en_f08_019_e97edc_prompt_injection,70,Urgency Pressure;Account Threat;Suspicious Link
rob_scam_job_scam_bn_f08_027_6d0d9c_prompt_injection,10,
rob_scam_job_scam_bn_f08_027_6d0d9c_spaced_dots,10,
rob_scam_loan_app_en_f07_010_898b40_spaced_dots,25,Suspicious Link
rob_scam_loan_app_en_f07_010_898b40_filler_appended,25,Suspicious Link
rob_scam_wrong_transfer_bn_f07_011_3628ab_prompt_injection,10,
rob_scam_wrong_transfer_bn_f07_011_3628ab_spaced_dots,10,
rob_scam_job_scam_bn_f08_022_74d28b_spaced_dots,10,
rob_scam_kyc_block_banglish_f07_006_04ad2f_filler_appended,45,Urgency Pressure;Suspicious Link
rob_scam_kyc_block_banglish_f07_006_04ad2f_prompt_injection,45,Urgency Pressure;Suspicious Link
rob_scam_job_scam_en_f07_027_73fc83_spaced_dots,35,Payment Request
rob_scam_job_scam_en_f07_027_73fc83_homoglyph,10,
rob_scam_otp_harvest_banglish_f08_007_b4f555_prompt_injection,30,Urgency Pressure
rob_scam_otp_harvest_banglish_f08_007_b4f555_filler_appended,30,Urgency Pressure
rob_scam_job_scam_en_f07_018_f37510_spaced_dots,35,Payment Request
rob_scam_job_scam_en_f07_018_f37510_filler_appended,35,Payment Request
rob_scam_job_scam_bn_f07_026_d6f44e_filler_appended,25,Suspicious Link
rob_scam_job_scam_bn_f07_026_d6f44e_homoglyph,25,Suspicious Link
rob_scam_fake_prize_banglish_f07_025_f0ed11_homoglyph,10,
rob_scam_fake_prize_banglish_f07_025_f0ed11_filler_appended,10,
rob_scam_kyc_block_en_f07_007_994515_homoglyph,25,Suspicious Link
rob_scam_kyc_block_en_f07_007_994515_filler_appended,50,Account Threat;Suspicious Link
rob_scam_fake_agent_banglish_f07_006_064f17_prompt_injection,40,OTP Harvesting
rob_scam_fake_agent_banglish_f07_006_064f17_homoglyph,10,
rob_scam_fake_agent_en_f08_001_1855d2_spaced_dots,10,
rob_scam_fake_agent_en_f08_001_1855d2_homoglyph,10,
rob_scam_kyc_block_en_f08_026_2fb601_spaced_dots,70,Urgency Pressure;Account Threat;Suspicious Link
rob_scam_kyc_block_en_f08_026_2fb601_homoglyph,10,
rob_scam_kyc_block_en_f08_012_03e8df_prompt_injection,70,Urgency Pressure;Account Threat;Suspicious Link
rob_scam_kyc_block_en_f08_012_03e8df_filler_appended,70,Urgency Pressure;Account Threat;Suspicious Link
rob_scam_kyc_block_en_f07_012_a08ec9_spaced_dots,50,Account Threat;Suspicious Link
rob_scam_kyc_block_en_f07_012_a08ec9_prompt_injection,50,Account Threat;Suspicious Link
rob_scam_fake_agent_en_f07_018_b4703b_spaced_dots,35,Account Threat
rob_scam_fake_agent_en_f07_018_b4703b_homoglyph,10,
rob_scam_fake_agent_banglish_f07_019_2d54c5_filler_appended,40,OTP Harvesting
rob_scam_fake_agent_banglish_f07_019_2d54c5_prompt_injection,40,OTP Harvesting
rob_scam_wrong_transfer_bn_f07_012_f78e73_homoglyph,10,
rob_scam_wrong_transfer_bn_f07_012_f78e73_filler_appended,10,
rob_scam_loan_app_bn_f07_002_8f7720_homoglyph,35,Payment Request
rob_scam_wrong_transfer_banglish_f07_006_2efaa8_spaced_dots,35,Payment Request
rob_scam_wrong_transfer_banglish_f07_006_2efaa8_prompt_injection,35,Payment Request
rob_scam_kyc_block_en_f07_022_eac8af_filler_appended,50,Account Threat;Suspicious Link
rob_scam_kyc_block_en_f07_022_eac8af_prompt_injection,50,Account Threat;Suspicious Link
rob_scam_kyc_block_en_f07_011_c8f9eb_spaced_dots,50,Account Threat;Suspicious Link
rob_scam_kyc_block_en_f07_011_c8f9eb_filler_appended,50,Account Threat;Suspicious Link
rob_scam_wrong_transfer_bn_f07_005_a75697_prompt_injection,10,
rob_scam_wrong_transfer_bn_f07_005_a75697_spaced_dots,10,
rob_scam_fake_agent_en_f08_004_420a28_homoglyph,10,
rob_scam_fake_agent_en_f08_004_420a28_prompt_injection,35,Authority Impersonation
rob_scam_fake_prize_banglish_f07_027_50ed73_filler_appended,10,
rob_scam_fake_prize_banglish_f07_027_50ed73_homoglyph,10,
rob_scam_kyc_block_bn_f08_002_648e5a_spaced_dots,45,Urgency Pressure;Suspicious Link
rob_scam_kyc_block_bn_f08_002_648e5a_homoglyph,45,Urgency Pressure;Suspicious Link
rob_scam_wrong_transfer_bn_f08_010_c91972_filler_appended,30,Emotional Manipulation
rob_scam_wrong_transfer_bn_f08_010_c91972_prompt_injection,30,Emotional Manipulation
rob_scam_job_scam_banglish_f08_000_798465_homoglyph,10,
rob_scam_job_scam_banglish_f08_000_798465_filler_appended,25,Suspicious Link
rob_scam_fake_agent_en_f07_021_9dbcc5_homoglyph,10,
rob_scam_fake_agent_en_f07_021_9dbcc5_filler_appended,35,Account Threat
rob_scam_fake_prize_en_f07_025_799a80_filler_appended,10,
rob_scam_fake_prize_en_f07_025_799a80_homoglyph,10,
rob_scam_wrong_transfer_banglish_f07_023_fc2209_homoglyph,10,
rob_scam_wrong_transfer_banglish_f07_023_fc2209_prompt_injection,35,Payment Request
rob_scam_wrong_transfer_en_f08_012_9ce198_spaced_dots,10,
rob_scam_wrong_transfer_en_f08_012_9ce198_prompt_injection,10,
rob_scam_fake_prize_en_f08_014_233df9_prompt_injection,10,
rob_scam_fake_prize_en_f08_014_233df9_filler_appended,10,
rob_scam_wrong_transfer_banglish_f08_009_4feb25_homoglyph,10,
rob_scam_wrong_transfer_banglish_f08_009_4feb25_filler_appended,35,Payment Request
rob_scam_loan_app_bn_f08_020_bf12b3_homoglyph,25,Suspicious Link
rob_scam_loan_app_bn_f08_020_bf12b3_spaced_dots,25,Suspicious Link
rob_scam_fake_prize_banglish_f07_023_dcf9ba_prompt_injection,10,
rob_scam_fake_prize_banglish_f07_023_dcf9ba_spaced_dots,10,
rob_scam_wrong_transfer_bn_f07_000_71a43b_filler_appended,10,
rob_scam_wrong_transfer_bn_f07_000_71a43b_prompt_injection,10,
rob_scam_loan_app_en_f08_007_e4d781_spaced_dots,10,
rob_scam_loan_app_en_f08_007_e4d781_homoglyph,10,
rob_scam_otp_harvest_en_f07_014_195e3f_homoglyph,10,
rob_scam_otp_harvest_en_f07_014_195e3f_prompt_injection,10,
rob_scam_fake_agent_bn_f08_018_0ecfc2_prompt_injection,10,
rob_scam_fake_agent_bn_f08_018_0ecfc2_filler_appended,10,
rob_scam_job_scam_bn_f07_022_2dc306_prompt_injection,25,Suspicious Link
rob_scam_job_scam_bn_f07_022_2dc306_spaced_dots,25,Suspicious Link
rob_scam_wrong_transfer_banglish_f08_020_31acd4_prompt_injection,35,Payment Request
rob_scam_wrong_transfer_banglish_f08_020_31acd4_spaced_dots,35,Payment Request
rob_scam_loan_app_en_f07_014_98b154_filler_appended,25,Suspicious Link
rob_scam_loan_app_en_f07_014_98b154_homoglyph,25,Suspicious Link
rob_scam_job_scam_bn_f08_005_78d54a_homoglyph,10,
rob_scam_job_scam_bn_f08_005_78d54a_prompt_injection,10,
rob_scam_fake_agent_banglish_f08_027_727ec4_prompt_injection,10,
rob_scam_fake_agent_banglish_f08_027_727ec4_filler_appended,10,
rob_scam_fake_agent_en_f07_007_2dcd9d_filler_appended,35,Account Threat
rob_scam_fake_agent_en_f07_007_2dcd9d_homoglyph,10,
rob_scam_fake_agent_bn_f08_005_c75520_spaced_dots,10,
rob_scam_remote_access_banglish_f07_014_986d97_filler_appended,10,
rob_scam_remote_access_banglish_f07_014_986d97_homoglyph,10,
rob_scam_wrong_transfer_banglish_f08_010_1adf99_filler_appended,35,Payment Request
rob_scam_wrong_transfer_banglish_f08_010_1adf99_homoglyph,10,
rob_scam_loan_app_bn_f08_010_16c80f_spaced_dots,25,Suspicious Link
rob_scam_loan_app_bn_f08_010_16c80f_prompt_injection,25,Suspicious Link
rob_scam_remote_access_en_f07_026_8bbfa0_homoglyph,10,
rob_scam_remote_access_en_f07_026_8bbfa0_prompt_injection,40,OTP Harvesting
rob_scam_job_scam_en_f07_007_1498e1_spaced_dots,35,Payment Request
rob_scam_job_scam_en_f07_007_1498e1_filler_appended,35,Payment Request
rob_scam_kyc_block_bn_f08_016_7da0b9_homoglyph,45,Urgency Pressure;Suspicious Link
rob_scam_kyc_block_bn_f08_016_7da0b9_filler_appended,45,Urgency Pressure;Suspicious Link
rob_scam_job_scam_banglish_f07_021_fbf3f6_spaced_dots,10,
rob_scam_job_scam_banglish_f07_021_fbf3f6_prompt_injection,10,
rob_scam_wrong_transfer_en_f07_012_6fa04a_spaced_dots,10,
rob_scam_wrong_transfer_en_f07_012_6fa04a_filler_appended,10,
rob_scam_loan_app_banglish_f08_003_2626fd_homoglyph,10,
rob_scam_loan_app_banglish_f08_003_2626fd_spaced_dots,35,Payment Request
rob_scam_job_scam_bn_f08_011_6299dd_prompt_injection,10,
rob_scam_job_scam_bn_f08_011_6299dd_spaced_dots,10,
rob_scam_wrong_transfer_banglish_f07_001_b09e4e_homoglyph,10,
rob_scam_wrong_transfer_banglish_f07_001_b09e4e_prompt_injection,35,Payment Request
rob_scam_fake_agent_en_f07_006_ba66ed_prompt_injection,10,
rob_scam_fake_agent_en_f07_006_ba66ed_filler_appended,10,
rob_scam_kyc_block_bn_f08_012_24efb6_spaced_dots,45,Urgency Pressure;Suspicious Link
rob_scam_kyc_block_bn_f08_012_24efb6_filler_appended,45,Urgency Pressure;Suspicious Link
rob_scam_wrong_transfer_bn_f07_009_c147b3_spaced_dots,10,
rob_scam_job_scam_bn_f08_003_1b0cc9_prompt_injection,10,
rob_scam_job_scam_bn_f08_003_1b0cc9_spaced_dots,10,
rob_scam_fake_agent_bn_f08_026_ec7333_prompt_injection,10,
rob_scam_fake_agent_bn_f08_026_ec7333_homoglyph,10,
rob_scam_remote_access_banglish_f08_007_e9f26c_homoglyph,10,
rob_scam_remote_access_banglish_f08_007_e9f26c_filler_appended,40,OTP Harvesting
rob_scam_wrong_transfer_en_f07_007_299234_spaced_dots,10,
rob_scam_wrong_transfer_en_f07_007_299234_filler_appended,10,
rob_scam_fake_prize_bn_f08_010_c34224_homoglyph,10,
rob_scam_fake_prize_bn_f08_010_c34224_prompt_injection,10,
rob_scam_loan_app_bn_f08_008_9aa7fb_filler_appended,25,Suspicious Link
rob_scam_loan_app_bn_f08_008_9aa7fb_prompt_injection,25,Suspicious Link
rob_scam_wrong_transfer_en_f07_015_cca30a_homoglyph,10,
rob_scam_wrong_transfer_en_f07_015_cca30a_filler_appended,10,
rob_scam_wrong_transfer_en_f07_003_e78d4f_filler_appended,10,
rob_scam_wrong_transfer_en_f07_003_e78d4f_spaced_dots,10,
rob_scam_fake_agent_banglish_f07_003_0a6040_filler_appended,40,OTP Harvesting
rob_scam_fake_agent_banglish_f07_003_0a6040_spaced_dots,40,OTP Harvesting
rob_scam_fake_agent_bn_f07_017_3c1c2f_filler_appended,10,
rob_scam_fake_agent_bn_f07_017_3c1c2f_homoglyph,10,
rob_scam_kyc_block_banglish_f08_000_eca2ca_filler_appended,50,Account Threat;Suspicious Link
rob_scam_kyc_block_banglish_f08_000_eca2ca_prompt_injection,50,Account Threat;Suspicious Link
rob_scam_loan_app_banglish_f08_008_709278_spaced_dots,35,Payment Request
rob_scam_loan_app_banglish_f08_008_709278_prompt_injection,35,Payment Request
rob_scam_fake_prize_en_f08_021_1d5131_prompt_injection,10,
rob_scam_fake_prize_en_f08_021_1d5131_filler_appended,10,
rob_scam_job_scam_bn_f07_011_495018_filler_appended,25,Suspicious Link
rob_scam_job_scam_bn_f07_011_495018_prompt_injection,25,Suspicious Link
rob_scam_fake_agent_banglish_f08_004_476ab6_prompt_injection,10,
rob_scam_fake_agent_banglish_f08_004_476ab6_spaced_dots,10,
rob_scam_fake_prize_en_f08_007_ca534f_filler_appended,10,
rob_scam_fake_prize_en_f08_007_ca534f_prompt_injection,10,
rob_scam_fake_agent_bn_f07_001_59c6a2_filler_appended,10,
rob_scam_fake_agent_bn_f07_001_59c6a2_spaced_dots,10,
rob_scam_fake_agent_en_f07_025_f5b232_filler_appended,35,Account Threat
rob_scam_fake_agent_en_f07_025_f5b232_prompt_injection,35,Account Threat
rob_scam_kyc_block_banglish_f08_011_f99e04_spaced_dots,25,Suspicious Link
rob_scam_kyc_block_banglish_f08_011_f99e04_homoglyph,25,Suspicious Link
rob_scam_loan_app_bn_f07_007_f51ed0_spaced_dots,35,Payment Request
rob_scam_loan_app_bn_f07_007_f51ed0_filler_appended,35,Payment Request
rob_scam_job_scam_en_f07_016_a18b6d_homoglyph,10,
rob_scam_job_scam_en_f07_016_a18b6d_prompt_injection,35,Payment Request
rob_scam_job_scam_banglish_f08_024_020c9d_homoglyph,25,Suspicious Link
rob_scam_job_scam_banglish_f08_024_020c9d_prompt_injection,25,Suspicious Link
rob_scam_wrong_transfer_bn_f08_004_fcdc33_prompt_injection,30,Emotional Manipulation
rob_scam_wrong_transfer_bn_f08_004_fcdc33_homoglyph,30,Emotional Manipulation
rob_scam_job_scam_bn_f07_018_2d543b_spaced_dots,25,Suspicious Link
rob_scam_job_scam_bn_f07_018_2d543b_prompt_injection,25,Suspicious Link
rob_scam_otp_harvest_banglish_f08_012_6ade2c_prompt_injection,30,Urgency Pressure
rob_scam_otp_harvest_banglish_f08_012_6ade2c_homoglyph,10,
rob_scam_wrong_transfer_en_f08_021_a9285c_homoglyph,10,
rob_scam_wrong_transfer_en_f08_021_a9285c_spaced_dots,10,
rob_scam_fake_agent_bn_f07_002_88f9a0_prompt_injection,10,
rob_scam_fake_agent_bn_f07_002_88f9a0_homoglyph,10,
rob_scam_otp_harvest_en_f07_011_0181ac_spaced_dots,30,Urgency Pressure
rob_scam_otp_harvest_en_f07_011_0181ac_filler_appended,30,Urgency Pressure
rob_scam_kyc_block_banglish_f07_003_4a056d_homoglyph,25,Suspicious Link
rob_scam_kyc_block_banglish_f07_003_4a056d_spaced_dots,45,Urgency Pressure;Suspicious Link
rob_scam_loan_app_bn_f07_003_fbf29c_spaced_dots,35,Payment Request
rob_scam_loan_app_bn_f07_003_fbf29c_prompt_injection,35,Payment Request
rob_scam_kyc_block_en_f07_013_5d35f7_spaced_dots,50,Account Threat;Suspicious Link
rob_scam_kyc_block_en_f07_013_5d35f7_filler_appended,50,Account Threat;Suspicious Link
rob_scam_fake_prize_bn_f08_024_3fc70a_prompt_injection,10,
rob_scam_fake_prize_bn_f08_024_3fc70a_homoglyph,10,
rob_scam_fake_agent_bn_f07_004_665ade_homoglyph,10,
rob_scam_fake_agent_bn_f07_004_665ade_filler_appended,10,
rob_scam_job_scam_en_f08_024_5e9d70_homoglyph,10,
rob_scam_job_scam_en_f08_024_5e9d70_spaced_dots,35,Payment Request
rob_scam_loan_app_banglish_f07_027_79fe58_spaced_dots,25,Suspicious Link
rob_scam_loan_app_banglish_f07_027_79fe58_homoglyph,10,
rob_scam_fake_prize_en_f07_016_94d244_prompt_injection,10,
rob_scam_fake_prize_en_f07_016_94d244_filler_appended,10,
rob_scam_fake_agent_bn_f07_003_3e245b_spaced_dots,10,
rob_scam_fake_agent_bn_f07_003_3e245b_prompt_injection,10,
rob_scam_loan_app_bn_f07_012_edcd78_prompt_injection,35,Payment Request
rob_scam_loan_app_bn_f07_012_edcd78_spaced_dots,35,Payment Request
rob_scam_otp_harvest_bn_f07_024_93ec2e_prompt_injection,10,
rob_scam_otp_harvest_bn_f07_024_93ec2e_homoglyph,10,
rob_scam_otp_harvest_banglish_f07_023_17b46a_filler_appended,10,
rob_scam_otp_harvest_banglish_f07_023_17b46a_homoglyph,10,
rob_scam_loan_app_en_f08_021_074b4b_filler_appended,10,
rob_scam_loan_app_en_f08_021_074b4b_spaced_dots,10,
rob_scam_kyc_block_banglish_f07_009_34a289_spaced_dots,45,Urgency Pressure;Suspicious Link
rob_scam_kyc_block_banglish_f07_009_34a289_filler_appended,45,Urgency Pressure;Suspicious Link
rob_scam_wrong_transfer_bn_f07_019_dad5e4_homoglyph,10,
rob_scam_wrong_transfer_bn_f07_019_dad5e4_prompt_injection,10,
rob_scam_fake_prize_en_f08_022_c7a4aa_spaced_dots,10,
rob_scam_fake_prize_en_f08_022_c7a4aa_homoglyph,10,
rob_scam_fake_prize_bn_f07_003_d503f8_homoglyph,30,Unsolicited Prize / Reward
rob_scam_fake_prize_bn_f07_003_d503f8_filler_appended,30,Unsolicited Prize / Reward
rob_scam_kyc_block_en_f07_024_b4bc58_filler_appended,50,Account Threat;Suspicious Link
rob_scam_kyc_block_en_f07_024_b4bc58_spaced_dots,50,Account Threat;Suspicious Link
rob_scam_fake_agent_banglish_f07_025_e28b7a_prompt_injection,40,OTP Harvesting
rob_scam_fake_agent_banglish_f07_025_e28b7a_homoglyph,10,
rob_scam_remote_access_banglish_f08_005_a850ba_spaced_dots,40,OTP Harvesting
rob_scam_remote_access_banglish_f08_005_a850ba_filler_appended,40,OTP Harvesting
rob_scam_fake_prize_bn_f07_006_8828f6_homoglyph,30,Unsolicited Prize / Reward
rob_scam_remote_access_en_f08_013_9d65b0_prompt_injection,10,
rob_scam_remote_access_en_f08_013_9d65b0_filler_appended,10,
rob_scam_kyc_block_banglish_f07_010_c23c7c_homoglyph,25,Suspicious Link
rob_scam_kyc_block_banglish_f07_010_c23c7c_filler_appended,45,Urgency Pressure;Suspicious Link
rob_scam_otp_harvest_banglish_f07_017_8f4326_spaced_dots,10,
rob_scam_otp_harvest_banglish_f07_017_8f4326_prompt_injection,10,
rob_scam_job_scam_bn_f07_006_13fe81_prompt_injection,25,Suspicious Link
rob_scam_job_scam_bn_f07_006_13fe81_filler_appended,25,Suspicious Link
rob_scam_otp_harvest_en_f08_008_34f646_filler_appended,10,
rob_scam_otp_harvest_en_f08_008_34f646_spaced_dots,10,
rob_scam_fake_prize_bn_f07_000_a5b865_homoglyph,30,Unsolicited Prize / Reward
rob_scam_fake_prize_bn_f07_000_a5b865_prompt_injection,30,Unsolicited Prize / Reward
rob_scam_job_scam_en_f08_008_7f1296_homoglyph,10,
rob_scam_job_scam_en_f08_008_7f1296_filler_appended,35,Payment Request
rob_scam_loan_app_bn_f08_016_00725b_homoglyph,25,Suspicious Link
rob_scam_loan_app_bn_f08_016_00725b_filler_appended,25,Suspicious Link
rob_scam_job_scam_banglish_f08_010_102969_homoglyph,25,Suspicious Link
rob_scam_job_scam_banglish_f08_010_102969_spaced_dots,25,Suspicious Link
rob_scam_kyc_block_en_f07_010_a17624_spaced_dots,50,Account Threat;Suspicious Link
rob_scam_kyc_block_en_f07_010_a17624_prompt_injection,50,Account Threat;Suspicious Link
rob_scam_job_scam_en_f07_015_b7bc70_homoglyph,10,
rob_scam_job_scam_en_f07_015_b7bc70_prompt_injection,35,Payment Request
rob_scam_kyc_block_bn_f07_000_02bdc5_spaced_dots,45,Urgency Pressure;Suspicious Link
rob_scam_kyc_block_bn_f07_000_02bdc5_filler_appended,45,Urgency Pressure;Suspicious Link
rob_scam_fake_agent_en_f08_024_e8df18_spaced_dots,10,
rob_scam_fake_agent_en_f08_024_e8df18_homoglyph,10,
rob_scam_job_scam_bn_f07_015_0235eb_homoglyph,25,Suspicious Link
rob_scam_job_scam_bn_f07_015_0235eb_filler_appended,25,Suspicious Link
rob_scam_fake_prize_en_f08_009_768a6b_spaced_dots,10,
rob_scam_fake_prize_en_f08_009_768a6b_prompt_injection,10,
rob_scam_wrong_transfer_bn_f08_006_8d1356_spaced_dots,30,Emotional Manipulation
rob_scam_wrong_transfer_bn_f08_006_8d1356_filler_appended,30,Emotional Manipulation
rob_scam_fake_prize_bn_f08_011_ee9d06_prompt_injection,10,
rob_scam_fake_prize_bn_f08_011_ee9d06_filler_appended,10,
rob_scam_otp_harvest_en_f08_024_9c5250_filler_appended,10,
rob_scam_otp_harvest_en_f08_024_9c5250_homoglyph,10,
rob_scam_fake_prize_en_f07_011_99744b_homoglyph,10,
rob_scam_fake_prize_en_f07_011_99744b_prompt_injection,10,
rob_scam_job_scam_banglish_f08_025_f8c6d5_spaced_dots,25,Suspicious Link
rob_scam_job_scam_banglish_f08_025_f8c6d5_prompt_injection,25,Suspicious Link
rob_scam_wrong_transfer_bn_f08_021_df68d1_spaced_dots,30,Emotional Manipulation
rob_scam_wrong_transfer_bn_f08_021_df68d1_filler_appended,30,Emotional Manipulation
rob_scam_fake_agent_banglish_f08_002_3b5146_filler_appended,10,
rob_scam_fake_agent_banglish_f08_002_3b5146_homoglyph,10,
rob_scam_wrong_transfer_en_f07_006_cb53dd_filler_appended,10,
rob_scam_wrong_transfer_en_f07_006_cb53dd_homoglyph,10,
rob_scam_fake_agent_en_f08_013_7269d4_filler_appended,35,Authority Impersonation
rob_scam_fake_agent_en_f08_013_7269d4_prompt_injection,35,Authority Impersonation
rob_scam_wrong_transfer_bn_f08_012_9b24a9_prompt_injection,30,Emotional Manipulation
rob_scam_wrong_transfer_bn_f08_012_9b24a9_spaced_dots,30,Emotional Manipulation
rob_scam_fake_prize_en_f07_023_50131f_spaced_dots,10,
rob_scam_fake_prize_en_f07_023_50131f_homoglyph,10,
rob_scam_wrong_transfer_bn_f08_003_9144f8_homoglyph,30,Emotional Manipulation
rob_scam_wrong_transfer_bn_f08_003_9144f8_filler_appended,30,Emotional Manipulation
rob_scam_kyc_block_banglish_f07_007_2fc1de_homoglyph,10,
rob_scam_kyc_block_banglish_f07_007_2fc1de_spaced_dots,45,Urgency Pressure;Suspicious Link
rob_scam_fake_prize_banglish_f07_001_680b60_prompt_injection,10,
rob_scam_fake_prize_banglish_f07_001_680b60_filler_appended,10,
rob_scam_job_scam_banglish_f08_005_c906d2_homoglyph,10,
rob_scam_job_scam_banglish_f08_005_c906d2_spaced_dots,25,Suspicious Link
rob_scam_fake_agent_banglish_f08_006_a586f4_prompt_injection,10,
rob_scam_fake_agent_banglish_f08_006_a586f4_homoglyph,10,
rob_scam_kyc_block_banglish_f08_004_39c2fe_filler_appended,25,Suspicious Link
rob_scam_kyc_block_banglish_f08_004_39c2fe_spaced_dots,25,Suspicious Link
rob_scam_kyc_block_banglish_f08_020_8b0bc0_prompt_injection,25,Suspicious Link
rob_scam_kyc_block_banglish_f08_020_8b0bc0_homoglyph,25,Suspicious Link
rob_scam_remote_access_en_f08_014_4a0648_homoglyph,10,
rob_scam_remote_access_en_f08_014_4a0648_spaced_dots,10,
rob_scam_job_scam_en_f08_015_d0bb1a_spaced_dots,35,Payment Request
rob_scam_job_scam_en_f08_015_d0bb1a_homoglyph,10,
rob_scam_job_scam_en_f07_023_9b6bef_spaced_dots,35,Payment Request
rob_scam_job_scam_en_f07_023_9b6bef_prompt_injection,35,Payment Request
rob_scam_wrong_transfer_en_f07_002_ea056e_filler_appended,10,
rob_scam_wrong_transfer_en_f07_002_ea056e_spaced_dots,10,
rob_scam_job_scam_bn_f08_013_ac4ed9_homoglyph,10,
rob_scam_job_scam_bn_f08_013_ac4ed9_filler_appended,10,
rob_scam_job_scam_banglish_f07_007_cf363d_prompt_injection,10,
rob_scam_job_scam_banglish_f07_007_cf363d_spaced_dots,10,
rob_scam_remote_access_en_f08_002_da51e9_homoglyph,10,
rob_scam_remote_access_en_f08_002_da51e9_spaced_dots,10,
rob_scam_loan_app_bn_f07_001_d3840f_prompt_injection,35,Payment Request
rob_scam_loan_app_bn_f07_001_d3840f_filler_appended,35,Payment Request
rob_scam_loan_app_banglish_f08_020_698e07_filler_appended,35,Payment Request
rob_scam_loan_app_banglish_f08_020_698e07_homoglyph,10,
rob_scam_otp_harvest_en_f08_013_7306f9_spaced_dots,10,
rob_scam_otp_harvest_en_f08_013_7306f9_prompt_injection,10,
rob_scam_fake_agent_bn_f07_023_c810b9_spaced_dots,10,
rob_scam_job_scam_banglish_f07_025_968f03_filler_appended,10,
rob_scam_job_scam_banglish_f07_025_968f03_spaced_dots,10,
rob_scam_fake_prize_bn_f08_021_31e76e_spaced_dots,10,
rob_scam_fake_prize_bn_f08_021_31e76e_prompt_injection,10,
rob_scam_job_scam_bn_f07_027_98f27b_filler_appended,25,Suspicious Link
rob_scam_job_scam_bn_f07_027_98f27b_prompt_injection,25,Suspicious Link
rob_scam_fake_prize_banglish_f08_020_4c84dd_prompt_injection,10,
rob_scam_fake_prize_banglish_f08_020_4c84dd_homoglyph,10,
rob_scam_kyc_block_bn_f07_027_a02675_prompt_injection,45,Urgency Pressure;Suspicious Link
rob_scam_kyc_block_bn_f07_027_a02675_filler_appended,45,Urgency Pressure;Suspicious Link
rob_scam_fake_agent_banglish_f07_023_38eb24_prompt_injection,40,OTP Harvesting
rob_scam_fake_agent_banglish_f07_023_38eb24_filler_appended,40,OTP Harvesting
rob_scam_fake_prize_banglish_f08_004_e71beb_prompt_injection,10,
rob_scam_fake_prize_banglish_f08_004_e71beb_homoglyph,10,
rob_scam_remote_access_en_f08_001_f493f1_homoglyph,10,
rob_scam_remote_access_en_f08_001_f493f1_filler_appended,10,
rob_scam_otp_harvest_en_f08_023_f1d670_spaced_dots,10,
rob_scam_otp_harvest_en_f08_023_f1d670_prompt_injection,10,
rob_scam_loan_app_bn_f07_000_a9d5c5_homoglyph,35,Payment Request
rob_scam_loan_app_bn_f07_000_a9d5c5_prompt_injection,35,Payment Request
rob_scam_kyc_block_en_f07_018_bfa254_spaced_dots,50,Account Threat;Suspicious Link
rob_scam_kyc_block_en_f07_018_bfa254_homoglyph,10,
rob_scam_wrong_transfer_bn_f07_010_40aeb9_filler_appended,10,
rob_scam_wrong_transfer_bn_f07_010_40aeb9_homoglyph,10,
rob_scam_job_scam_bn_f07_012_e2285d_spaced_dots,25,Suspicious Link
rob_scam_job_scam_bn_f07_012_e2285d_filler_appended,25,Suspicious Link
rob_scam_fake_prize_bn_f07_025_ca27a4_homoglyph,30,Unsolicited Prize / Reward
rob_scam_fake_prize_bn_f07_025_ca27a4_prompt_injection,30,Unsolicited Prize / Reward
rob_scam_fake_agent_bn_f08_009_07bf29_filler_appended,10,
rob_scam_fake_agent_bn_f08_009_07bf29_spaced_dots,10,
rob_scam_wrong_transfer_en_f08_010_68ed83_homoglyph,10,
rob_scam_wrong_transfer_en_f08_010_68ed83_prompt_injection,10,
rob_scam_loan_app_bn_f08_000_ebf05b_filler_appended,25,Suspicious Link
rob_scam_loan_app_bn_f08_000_ebf05b_spaced_dots,25,Suspicious Link
rob_scam_wrong_transfer_bn_f07_021_928dc2_homoglyph,10,
rob_scam_wrong_transfer_bn_f07_021_928dc2_filler_appended,10,
rob_scam_otp_harvest_banglish_f07_000_7e0f0c_spaced_dots,10,
rob_scam_otp_harvest_banglish_f07_000_7e0f0c_filler_appended,10,
rob_scam_fake_prize_banglish_f08_008_95906d_filler_appended,10,
rob_scam_fake_prize_banglish_f08_008_95906d_prompt_injection,10,
rob_scam_fake_agent_en_f08_009_f58cee_prompt_injection,35,Authority Impersonation
rob_scam_fake_agent_en_f08_009_f58cee_spaced_dots,10,
rob_scam_kyc_block_banglish_f07_001_0d1663_filler_appended,45,Urgency Pressure;Suspicious Link
rob_scam_kyc_block_banglish_f07_001_0d1663_spaced_dots,45,Urgency Pressure;Suspicious Link
rob_scam_fake_agent_bn_f07_007_12f6f8_prompt_injection,10,
rob_scam_fake_agent_bn_f07_007_12f6f8_spaced_dots,10,
rob_scam_kyc_block_en_f08_009_5358bc_prompt_injection,70,Urgency Pressure;Account Threat;Suspicious Link
rob_scam_kyc_block_en_f08_009_5358bc_filler_appended,70,Urgency Pressure;Account Threat;Suspicious Link
rob_scam_kyc_block_bn_f08_004_e8af3e_homoglyph,45,Urgency Pressure;Suspicious Link
rob_scam_kyc_block_bn_f08_004_e8af3e_prompt_injection,45,Urgency Pressure;Suspicious Link
rob_scam_fake_prize_banglish_f07_008_742d5e_filler_appended,10,
rob_scam_fake_prize_banglish_f07_008_742d5e_spaced_dots,10,
rob_scam_loan_app_en_f07_025_218d5b_homoglyph,25,Suspicious Link
rob_scam_loan_app_en_f07_025_218d5b_prompt_injection,25,Suspicious Link
rob_scam_fake_agent_en_f08_006_35d786_filler_appended,35,Authority Impersonation
rob_scam_fake_agent_en_f08_006_35d786_spaced_dots,10,
rob_scam_wrong_transfer_en_f08_017_29780c_prompt_injection,10,
rob_scam_wrong_transfer_en_f08_017_29780c_spaced_dots,10,
rob_scam_otp_harvest_en_f08_019_cd53f4_filler_appended,10,
rob_scam_otp_harvest_en_f08_019_cd53f4_spaced_dots,10,
rob_scam_fake_prize_bn_f08_027_3a028c_homoglyph,10,
rob_scam_fake_prize_bn_f08_027_3a028c_filler_appended,10,
rob_scam_fake_agent_bn_f07_012_c85de6_homoglyph,10,
rob_scam_fake_agent_bn_f07_012_c85de6_filler_appended,10,
rob_scam_kyc_block_en_f07_009_a39988_filler_appended,50,Account Threat;Suspicious Link
rob_scam_kyc_block_en_f07_009_a39988_homoglyph,25,Suspicious Link
rob_scam_kyc_block_bn_f07_003_a9e790_prompt_injection,45,Urgency Pressure;Suspicious Link
rob_scam_kyc_block_bn_f07_003_a9e790_spaced_dots,45,Urgency Pressure;Suspicious Link
rob_scam_loan_app_banglish_f07_021_66ff64_prompt_injection,25,Suspicious Link
rob_scam_loan_app_banglish_f07_021_66ff64_homoglyph,25,Suspicious Link
rob_scam_loan_app_bn_f08_005_b0124e_prompt_injection,25,Suspicious Link
rob_scam_loan_app_bn_f08_005_b0124e_homoglyph,25,Suspicious Link
rob_scam_loan_app_en_f07_003_06ab55_filler_appended,25,Suspicious Link
rob_scam_loan_app_en_f07_003_06ab55_spaced_dots,25,Suspicious Link
rob_scam_loan_app_en_f07_011_817cf7_prompt_injection,25,Suspicious Link
rob_scam_loan_app_en_f07_011_817cf7_filler_appended,25,Suspicious Link
rob_scam_remote_access_banglish_f08_012_4aa216_homoglyph,10,
rob_scam_remote_access_banglish_f08_012_4aa216_filler_appended,40,OTP Harvesting
rob_scam_wrong_transfer_bn_f08_023_aa6df3_filler_appended,30,Emotional Manipulation
rob_scam_wrong_transfer_bn_f08_023_aa6df3_spaced_dots,30,Emotional Manipulation
rob_scam_loan_app_en_f07_007_31efd6_homoglyph,10,
rob_scam_loan_app_en_f07_007_31efd6_prompt_injection,25,Suspicious Link
rob_scam_wrong_transfer_bn_f07_007_7ff005_prompt_injection,10,
rob_scam_wrong_transfer_bn_f07_007_7ff005_filler_appended,10,
rob_scam_loan_app_bn_f08_012_18b2b0_prompt_injection,25,Suspicious Link
rob_scam_loan_app_bn_f08_012_18b2b0_spaced_dots,25,Suspicious Link
rob_scam_job_scam_en_f07_008_5c784e_spaced_dots,35,Payment Request
rob_scam_job_scam_en_f07_008_5c784e_homoglyph,10,
rob_scam_job_scam_en_f08_025_fd57cb_homoglyph,10,
rob_scam_job_scam_en_f08_025_fd57cb_prompt_injection,35,Payment Request
rob_scam_fake_prize_banglish_f07_016_3d30b0_homoglyph,10,
rob_scam_fake_prize_banglish_f07_016_3d30b0_filler_appended,10,
rob_scam_fake_agent_banglish_f08_013_647649_homoglyph,10,
rob_scam_fake_agent_banglish_f08_013_647649_spaced_dots,10,
rob_scam_wrong_transfer_banglish_f08_025_322869_filler_appended,35,Payment Request
rob_scam_wrong_transfer_banglish_f08_025_322869_spaced_dots,35,Payment Request
rob_scam_loan_app_banglish_f07_011_3d87b5_prompt_injection,25,Suspicious Link
rob_scam_loan_app_banglish_f07_011_3d87b5_filler_appended,25,Suspicious Link
rob_scam_otp_harvest_bn_f07_004_8286a9_prompt_injection,10,
rob_scam_otp_harvest_bn_f07_004_8286a9_filler_appended,10,
rob_scam_wrong_transfer_banglish_f07_005_ac0676_filler_appended,35,Payment Request
rob_scam_wrong_transfer_banglish_f07_005_ac0676_homoglyph,10,
rob_scam_job_scam_bn_f07_017_90e9fa_filler_appended,25,Suspicious Link
rob_scam_job_scam_bn_f07_017_90e9fa_homoglyph,10,
rob_scam_fake_prize_en_f07_005_c9bb18_prompt_injection,10,
rob_scam_fake_prize_en_f07_005_c9bb18_spaced_dots,10,
rob_scam_otp_harvest_banglish_f07_010_abd708_prompt_injection,10,
rob_scam_otp_harvest_banglish_f07_010_abd708_homoglyph,10,
rob_scam_wrong_transfer_bn_f08_014_9dcca4_spaced_dots,30,Emotional Manipulation
rob_scam_wrong_transfer_bn_f08_014_9dcca4_filler_appended,30,Emotional Manipulation
rob_scam_job_scam_en_f07_010_46b9e9_filler_appended,35,Payment Request
rob_scam_job_scam_en_f07_010_46b9e9_homoglyph,10,
rob_scam_wrong_transfer_banglish_f07_010_f7589d_homoglyph,10,
rob_scam_wrong_transfer_banglish_f07_010_f7589d_filler_appended,35,Payment Request
rob_scam_job_scam_bn_f07_002_cf6485_spaced_dots,25,Suspicious Link
rob_scam_job_scam_bn_f07_002_cf6485_homoglyph,10,
rob_scam_loan_app_bn_f07_004_1dfce5_spaced_dots,35,Payment Request
rob_scam_job_scam_bn_f08_009_e1b3f9_prompt_injection,10,
rob_scam_job_scam_bn_f08_009_e1b3f9_filler_appended,10,
rob_scam_kyc_block_banglish_f07_024_1ffcda_filler_appended,45,Urgency Pressure;Suspicious Link
rob_scam_kyc_block_banglish_f07_024_1ffcda_spaced_dots,45,Urgency Pressure;Suspicious Link
rob_scam_remote_access_banglish_f07_005_31bc25_homoglyph,10,
rob_scam_remote_access_banglish_f07_005_31bc25_spaced_dots,10,
rob_scam_fake_prize_en_f08_008_470ad0_prompt_injection,10,
rob_scam_fake_prize_en_f08_008_470ad0_filler_appended,10,
rob_scam_otp_harvest_banglish_f08_001_1a0445_spaced_dots,30,Urgency Pressure
rob_scam_otp_harvest_banglish_f08_001_1a0445_filler_appended,30,Urgency Pressure
rob_scam_wrong_transfer_en_f08_006_eba452_spaced_dots,10,
rob_scam_wrong_transfer_en_f08_006_eba452_prompt_injection,10,
rob_scam_wrong_transfer_banglish_f07_018_7cf8ba_prompt_injection,35,Payment Request
rob_scam_wrong_transfer_banglish_f07_018_7cf8ba_homoglyph,10,
rob_scam_kyc_block_banglish_f08_019_d671e2_prompt_injection,25,Suspicious Link
rob_scam_kyc_block_banglish_f08_019_d671e2_filler_appended,25,Suspicious Link
rob_scam_fake_prize_banglish_f08_009_cb7bde_filler_appended,10,
rob_scam_fake_prize_banglish_f08_009_cb7bde_prompt_injection,10,
rob_scam_job_scam_en_f07_012_5cac0b_prompt_injection,35,Payment Request
rob_scam_job_scam_en_f07_012_5cac0b_homoglyph,10,
rob_scam_job_scam_banglish_f08_019_13dabd_prompt_injection,25,Suspicious Link
rob_scam_job_scam_banglish_f08_019_13dabd_filler_appended,25,Suspicious Link
rob_scam_otp_harvest_bn_f07_000_15ce1b_filler_appended,10,
rob_scam_otp_harvest_bn_f07_000_15ce1b_prompt_injection,10,
rob_scam_otp_harvest_en_f08_011_63a595_filler_appended,10,
rob_scam_otp_harvest_en_f08_011_63a595_prompt_injection,10,
rob_scam_otp_harvest_en_f08_006_a2c908_homoglyph,10,
rob_scam_otp_harvest_en_f08_006_a2c908_spaced_dots,10,
rob_scam_kyc_block_banglish_f07_026_d3b564_filler_appended,45,Urgency Pressure;Suspicious Link
rob_scam_kyc_block_banglish_f07_026_d3b564_homoglyph,25,Suspicious Link
rob_scam_remote_access_bn_f08_009_ec10d3_filler_appended,10,
rob_scam_remote_access_bn_f08_009_ec10d3_prompt_injection,10,
rob_scam_fake_prize_en_f07_006_629f30_filler_appended,10,
rob_scam_fake_prize_en_f07_006_629f30_homoglyph,10,
rob_scam_job_scam_en_f07_024_109788_spaced_dots,35,Payment Request
rob_scam_job_scam_en_f07_024_109788_filler_appended,35,Payment Request
rob_scam_fake_prize_en_f07_027_91e526_filler_appended,10,
rob_scam_fake_prize_en_f07_027_91e526_spaced_dots,10,
rob_scam_wrong_transfer_en_f08_022_b46841_homoglyph,10,
rob_scam_wrong_transfer_en_f08_022_b46841_prompt_injection,10,
rob_scam_job_scam_en_f07_014_21417d_filler_appended,35,Payment Request
rob_scam_job_scam_en_f07_014_21417d_prompt_injection,35,Payment Request
rob_scam_wrong_transfer_banglish_f08_016_3867c8_homoglyph,10,
rob_scam_wrong_transfer_banglish_f08_016_3867c8_prompt_injection,35,Payment Request
rob_scam_fake_agent_bn_f07_009_f42f5e_spaced_dots,10,
rob_scam_fake_agent_bn_f07_009_f42f5e_prompt_injection,10,
rob_scam_wrong_transfer_banglish_f07_022_bf4cf9_filler_appended,35,Payment Request
rob_scam_wrong_transfer_banglish_f07_022_bf4cf9_prompt_injection,35,Payment Request
rob_scam_job_scam_bn_f07_007_eda4ed_filler_appended,25,Suspicious Link
rob_scam_job_scam_bn_f07_007_eda4ed_homoglyph,25,Suspicious Link
rob_scam_fake_agent_bn_f08_022_387e59_homoglyph,10,
rob_scam_fake_agent_bn_f08_022_387e59_prompt_injection,10,
rob_scam_loan_app_en_f07_017_458e47_spaced_dots,25,Suspicious Link
rob_scam_loan_app_en_f07_017_458e47_homoglyph,10,
rob_scam_fake_prize_bn_f08_026_39414a_spaced_dots,10,
rob_scam_fake_prize_bn_f08_026_39414a_prompt_injection,10,
rob_scam_loan_app_banglish_f07_004_3842d4_filler_appended,25,Suspicious Link
rob_scam_loan_app_banglish_f07_004_3842d4_homoglyph,10,
rob_scam_loan_app_banglish_f08_004_b99019_spaced_dots,35,Payment Request
rob_scam_loan_app_banglish_f08_004_b99019_prompt_injection,35,Payment Request
rob_scam_fake_prize_banglish_f07_014_516ce4_prompt_injection,10,
rob_scam_fake_prize_banglish_f07_014_516ce4_filler_appended,10,
rob_scam_loan_app_en_f07_021_a6ab98_filler_appended,25,Suspicious Link
rob_scam_loan_app_en_f07_021_a6ab98_homoglyph,25,Suspicious Link
rob_scam_fake_agent_bn_f08_017_9de552_homoglyph,10,
rob_scam_fake_agent_bn_f08_017_9de552_prompt_injection,10,
rob_scam_otp_harvest_banglish_f08_009_f5daee_homoglyph,10,
rob_scam_otp_harvest_banglish_f08_009_f5daee_prompt_injection,30,Urgency Pressure
rob_scam_job_scam_bn_f07_021_c5c11d_spaced_dots,25,Suspicious Link
rob_scam_job_scam_bn_f07_021_c5c11d_prompt_injection,25,Suspicious Link
rob_scam_loan_app_banglish_f08_005_a0dbeb_filler_appended,35,Payment Request
rob_scam_loan_app_banglish_f08_005_a0dbeb_spaced_dots,35,Payment Request
rob_scam_job_scam_banglish_f08_018_e802f2_spaced_dots,25,Suspicious Link
rob_scam_job_scam_banglish_f08_018_e802f2_homoglyph,10,
rob_scam_wrong_transfer_bn_f07_025_93d954_homoglyph,10,
rob_scam_wrong_transfer_bn_f07_025_93d954_filler_appended,10,
rob_scam_fake_agent_en_f07_001_0a8c55_homoglyph,10,
rob_scam_fake_agent_en_f07_001_0a8c55_prompt_injection,35,Account Threat
rob_scam_job_scam_en_f08_002_a5e885_prompt_injection,35,Payment Request
rob_scam_job_scam_en_f08_002_a5e885_filler_appended,35,Payment Request
rob_scam_kyc_block_en_f08_010_2fc9aa_homoglyph,25,Suspicious Link
rob_scam_kyc_block_en_f08_010_2fc9aa_spaced_dots,70,Urgency Pressure;Account Threat;Suspicious Link
rob_scam_fake_agent_en_f08_008_6cf563_spaced_dots,10,
rob_scam_fake_agent_en_f08_008_6cf563_prompt_injection,10,
rob_scam_wrong_transfer_banglish_f07_008_0a4289_homoglyph,10,
rob_scam_wrong_transfer_banglish_f07_008_0a4289_prompt_injection,35,Payment Request
rob_scam_fake_prize_en_f08_004_0b1a75_filler_appended,10,
rob_scam_fake_prize_en_f08_004_0b1a75_spaced_dots,10,
rob_scam_wrong_transfer_bn_f08_020_25890c_prompt_injection,30,Emotional Manipulation
rob_scam_wrong_transfer_bn_f08_020_25890c_spaced_dots,30,Emotional Manipulation
rob_scam_job_scam_bn_f07_000_498ab4_prompt_injection,25,Suspicious Link
rob_scam_job_scam_bn_f07_000_498ab4_spaced_dots,25,Suspicious Link
rob_scam_job_scam_en_f07_009_3f163d_filler_appended,35,Payment Request
rob_scam_job_scam_en_f07_009_3f163d_homoglyph,10,
rob_scam_loan_app_bn_f08_026_828760_prompt_injection,25,Suspicious Link
rob_scam_loan_app_bn_f08_026_828760_filler_appended,25,Suspicious Link
rob_scam_loan_app_banglish_f08_007_8d4fcb_spaced_dots,35,Payment Request
rob_scam_loan_app_banglish_f08_007_8d4fcb_filler_appended,35,Payment Request
rob_scam_kyc_block_bn_f07_010_a1cf19_prompt_injection,45,Urgency Pressure;Suspicious Link
rob_scam_kyc_block_bn_f07_010_a1cf19_spaced_dots,45,Urgency Pressure;Suspicious Link
rob_scam_loan_app_en_f08_022_268953_homoglyph,10,
rob_scam_loan_app_en_f08_022_268953_filler_appended,10,
rob_scam_otp_harvest_en_f08_009_dde245_spaced_dots,10,
rob_scam_otp_harvest_en_f08_009_dde245_prompt_injection,10,
rob_scam_fake_prize_banglish_f07_013_ea8e12_filler_appended,10,
rob_scam_fake_prize_banglish_f07_013_ea8e12_prompt_injection,10,
rob_scam_fake_agent_bn_f07_022_31bf1c_spaced_dots,10,
rob_scam_fake_agent_bn_f07_022_31bf1c_prompt_injection,10,
rob_scam_loan_app_en_f07_000_a497e7_prompt_injection,25,Suspicious Link
rob_scam_loan_app_en_f07_000_a497e7_spaced_dots,25,Suspicious Link
rob_scam_wrong_transfer_bn_f08_005_310c2f_filler_appended,30,Emotional Manipulation
rob_scam_wrong_transfer_bn_f08_005_310c2f_homoglyph,30,Emotional Manipulation
rob_scam_job_scam_banglish_f08_027_e93035_homoglyph,25,Suspicious Link
rob_scam_job_scam_banglish_f08_027_e93035_spaced_dots,25,Suspicious Link
rob_scam_kyc_block_bn_f08_000_07a6e7_spaced_dots,45,Urgency Pressure;Suspicious Link
rob_scam_kyc_block_bn_f08_000_07a6e7_filler_appended,45,Urgency Pressure;Suspicious Link
rob_scam_otp_harvest_banglish_f07_007_ecdb0b_spaced_dots,10,
rob_scam_otp_harvest_banglish_f07_007_ecdb0b_prompt_injection,10,
rob_scam_kyc_block_bn_f07_026_465547_filler_appended,45,Urgency Pressure;Suspicious Link
rob_scam_kyc_block_bn_f07_026_465547_spaced_dots,45,Urgency Pressure;Suspicious Link
rob_scam_remote_access_banglish_f07_008_63ea4c_prompt_injection,10,
rob_scam_remote_access_banglish_f07_008_63ea4c_filler_appended,10,
rob_scam_fake_prize_en_f08_016_e6d0c9_homoglyph,10,
rob_scam_fake_prize_en_f08_016_e6d0c9_prompt_injection,10,
rob_scam_wrong_transfer_en_f07_016_6ac0a4_homoglyph,10,
rob_scam_wrong_transfer_en_f07_016_6ac0a4_spaced_dots,10,
rob_scam_remote_access_en_f08_017_f23dcf_prompt_injection,10,
rob_scam_remote_access_en_f08_017_f23dcf_spaced_dots,10,
rob_scam_loan_app_banglish_f07_001_8858a1_filler_appended,25,Suspicious Link
rob_scam_loan_app_banglish_f07_001_8858a1_homoglyph,25,Suspicious Link
rob_scam_job_scam_bn_f07_010_91d93c_prompt_injection,25,Suspicious Link
rob_scam_job_scam_bn_f07_010_91d93c_filler_appended,25,Suspicious Link
rob_scam_fake_prize_banglish_f07_026_40a6c5_spaced_dots,10,
rob_scam_fake_prize_banglish_f07_026_40a6c5_homoglyph,10,
rob_scam_wrong_transfer_banglish_f07_019_deda81_homoglyph,10,
rob_scam_wrong_transfer_banglish_f07_019_deda81_prompt_injection,35,Payment Request
rob_scam_fake_prize_bn_f08_014_331a8f_spaced_dots,10,
rob_scam_fake_prize_bn_f08_014_331a8f_filler_appended,10,
rob_scam_otp_harvest_banglish_f07_003_2e69d9_homoglyph,10,
rob_scam_otp_harvest_banglish_f07_003_2e69d9_spaced_dots,10,
rob_scam_kyc_block_bn_f07_002_832f5e_homoglyph,45,Urgency Pressure;Suspicious Link
rob_scam_kyc_block_bn_f07_002_832f5e_prompt_injection,45,Urgency Pressure;Suspicious Link
rob_scam_wrong_transfer_en_f07_027_813e91_homoglyph,10,
rob_scam_wrong_transfer_en_f07_027_813e91_filler_appended,10,
rob_scam_fake_prize_banglish_f07_012_e1a9c9_filler_appended,10,
rob_scam_fake_prize_banglish_f07_012_e1a9c9_spaced_dots,10,
rob_scam_job_scam_banglish_f07_022_d10e02_homoglyph,10,
rob_scam_job_scam_banglish_f07_022_d10e02_prompt_injection,10,
rob_scam_kyc_block_en_f07_003_020b67_homoglyph,10,
rob_scam_kyc_block_en_f07_003_020b67_spaced_dots,50,Account Threat;Suspicious Link
rob_scam_fake_prize_en_f08_006_bd9d22_spaced_dots,10,
rob_scam_fake_prize_en_f08_006_bd9d22_homoglyph,10,
rob_scam_job_scam_banglish_f07_004_22778e_homoglyph,10,
rob_scam_job_scam_banglish_f07_004_22778e_filler_appended,10,
rob_scam_wrong_transfer_en_f08_005_e3ac6c_spaced_dots,10,
rob_scam_wrong_transfer_en_f08_005_e3ac6c_homoglyph,10,
rob_scam_otp_harvest_banglish_f08_022_292a39_spaced_dots,30,Urgency Pressure
rob_scam_otp_harvest_banglish_f08_022_292a39_filler_appended,30,Urgency Pressure
rob_scam_job_scam_en_f07_020_1ad9d3_spaced_dots,35,Payment Request
rob_scam_job_scam_en_f07_020_1ad9d3_filler_appended,35,Payment Request
rob_scam_otp_harvest_en_f08_001_3dd7fc_filler_appended,10,
rob_scam_otp_harvest_en_f08_001_3dd7fc_prompt_injection,10,
rob_scam_job_scam_en_f08_027_49747c_prompt_injection,35,Payment Request
rob_scam_job_scam_en_f08_027_49747c_spaced_dots,35,Payment Request
rob_scam_fake_agent_en_f08_003_bfe6b5_prompt_injection,35,Authority Impersonation
rob_scam_fake_agent_en_f08_003_bfe6b5_homoglyph,10,
rob_scam_wrong_transfer_bn_f08_015_28e37f_spaced_dots,30,Emotional Manipulation
rob_scam_wrong_transfer_bn_f08_015_28e37f_filler_appended,30,Emotional Manipulation
rob_scam_kyc_block_bn_f08_020_6a594c_homoglyph,45,Urgency Pressure;Suspicious Link
rob_scam_kyc_block_bn_f08_020_6a594c_prompt_injection,45,Urgency Pressure;Suspicious Link
rob_scam_wrong_transfer_en_f08_002_015d98_spaced_dots,10,
rob_scam_wrong_transfer_en_f08_002_015d98_prompt_injection,10,
rob_scam_loan_app_banglish_f07_017_fac37e_homoglyph,10,
rob_scam_loan_app_banglish_f07_017_fac37e_spaced_dots,25,Suspicious Link
rob_scam_fake_agent_bn_f08_002_18b0b4_spaced_dots,10,
rob_scam_fake_agent_bn_f08_002_18b0b4_prompt_injection,10,
rob_scam_kyc_block_bn_f07_004_46d7f8_filler_appended,45,Urgency Pressure;Suspicious Link
rob_scam_kyc_block_bn_f07_004_46d7f8_prompt_injection,45,Urgency Pressure;Suspicious Link
rob_scam_kyc_block_banglish_f07_008_78c905_spaced_dots,45,Urgency Pressure;Suspicious Link
rob_scam_kyc_block_banglish_f07_008_78c905_filler_appended,45,Urgency Pressure;Suspicious Link
rob_scam_loan_app_bn_f07_013_3018ca_homoglyph,35,Payment Request
rob_scam_loan_app_bn_f07_013_3018ca_prompt_injection,35,Payment Request
rob_scam_fake_prize_banglish_f08_016_d6d215_homoglyph,10,
rob_scam_fake_prize_banglish_f08_016_d6d215_prompt_injection,10,
rob_scam_fake_prize_en_f07_022_67a215_prompt_injection,10,
rob_scam_fake_prize_en_f07_022_67a215_homoglyph,10,
rob_scam_otp_harvest_en_f08_010_56bf0c_prompt_injection,10,
rob_scam_otp_harvest_en_f08_010_56bf0c_filler_appended,10,
rob_scam_loan_app_en_f07_008_96535b_spaced_dots,25,Suspicious Link
rob_scam_loan_app_en_f07_008_96535b_homoglyph,25,Suspicious Link
rob_scam_otp_harvest_bn_f08_012_5380af_homoglyph,60,Urgency Pressure;OTP Harvesting
rob_scam_otp_harvest_bn_f08_012_5380af_filler_appended,60,Urgency Pressure;OTP Harvesting
rob_scam_fake_agent_banglish_f07_002_2572e7_filler_appended,40,OTP Harvesting
rob_scam_fake_agent_banglish_f07_002_2572e7_spaced_dots,40,OTP Harvesting
rob_scam_otp_harvest_banglish_f07_014_1025ed_homoglyph,10,
rob_scam_otp_harvest_banglish_f07_014_1025ed_filler_appended,10,
rob_scam_job_scam_bn_f07_016_4f67a6_filler_appended,25,Suspicious Link
rob_scam_job_scam_bn_f07_016_4f67a6_spaced_dots,25,Suspicious Link
rob_scam_fake_prize_bn_f08_009_c6622f_prompt_injection,10,
rob_scam_fake_prize_bn_f08_009_c6622f_homoglyph,10,
rob_scam_wrong_transfer_en_f08_013_816ec5_spaced_dots,10,
rob_scam_wrong_transfer_en_f08_013_816ec5_homoglyph,10,
rob_scam_job_scam_banglish_f07_020_df61c1_prompt_injection,10,
rob_scam_job_scam_banglish_f07_020_df61c1_homoglyph,10,
rob_scam_job_scam_en_f07_013_aee062_homoglyph,10,
rob_scam_job_scam_en_f07_013_aee062_prompt_injection,10,
rob_scam_wrong_transfer_en_f08_026_d01a36_prompt_injection,10,
rob_scam_wrong_transfer_en_f08_026_d01a36_spaced_dots,10,
rob_scam_fake_agent_bn_f08_014_f8ec7d_homoglyph,10,
rob_scam_fake_agent_bn_f08_014_f8ec7d_prompt_injection,10,
rob_scam_fake_prize_bn_f07_014_1d78b0_homoglyph,30,Unsolicited Prize / Reward
rob_scam_fake_prize_bn_f07_014_1d78b0_filler_appended,30,Unsolicited Prize / Reward
rob_scam_loan_app_banglish_f07_015_281b3d_spaced_dots,25,Suspicious Link
rob_scam_loan_app_banglish_f07_015_281b3d_homoglyph,25,Suspicious Link
rob_scam_fake_prize_bn_f07_020_c27aab_spaced_dots,30,Unsolicited Prize / Reward
rob_scam_fake_prize_bn_f07_020_c27aab_filler_appended,30,Unsolicited Prize / Reward
rob_scam_kyc_block_bn_f08_019_5bc430_spaced_dots,45,Urgency Pressure;Suspicious Link
rob_scam_kyc_block_bn_f08_019_5bc430_filler_appended,45,Urgency Pressure;Suspicious Link
rob_scam_fake_prize_en_f08_026_a7d82c_filler_appended,10,
rob_scam_fake_prize_en_f08_026_a7d82c_prompt_injection,10,
rob_scam_fake_prize_banglish_f07_022_f267ae_prompt_injection,10,
rob_scam_fake_prize_banglish_f07_022_f267ae_spaced_dots,10,
rob_scam_loan_app_banglish_f08_000_3c3fa5_homoglyph,10,
rob_scam_loan_app_banglish_f08_000_3c3fa5_spaced_dots,35,Payment Request
rob_scam_loan_app_banglish_f08_009_b53023_homoglyph,10,
rob_scam_loan_app_banglish_f08_009_b53023_filler_appended,35,Payment Request
rob_scam_remote_access_en_f07_004_b895a6_spaced_dots,40,OTP Harvesting
rob_scam_remote_access_en_f07_004_b895a6_prompt_injection,40,OTP Harvesting
rob_scam_otp_harvest_banglish_f08_026_3debbe_spaced_dots,30,Urgency Pressure
rob_scam_otp_harvest_banglish_f08_026_3debbe_prompt_injection,30,Urgency Pressure
rob_scam_job_scam_en_f07_026_2719ef_homoglyph,10,
rob_scam_job_scam_en_f07_026_2719ef_prompt_injection,35,Payment Request
rob_scam_fake_agent_en_f08_017_733597_filler_appended,35,Authority Impersonation
rob_scam_fake_agent_en_f08_017_733597_homoglyph,10,
rob_scam_loan_app_bn_f07_009_cfbe35_spaced_dots,35,Payment Request
rob_scam_loan_app_bn_f07_009_cfbe35_filler_appended,35,Payment Request
rob_scam_remote_access_bn_f08_008_cb998b_filler_appended,10,
rob_scam_remote_access_bn_f08_008_cb998b_homoglyph,10,
rob_scam_wrong_transfer_banglish_f08_014_1ab002_spaced_dots,35,Payment Request
rob_scam_wrong_transfer_banglish_f08_014_1ab002_filler_appended,35,Payment Request
rob_scam_fake_prize_bn_f07_027_146e93_filler_appended,30,Unsolicited Prize / Reward
rob_scam_fake_prize_bn_f07_027_146e93_prompt_injection,30,Unsolicited Prize / Reward
rob_scam_job_scam_banglish_f08_003_f7606d_prompt_injection,25,Suspicious Link
rob_scam_job_scam_banglish_f08_003_f7606d_homoglyph,25,Suspicious Link
rob_scam_remote_access_banglish_f07_016_336c9a_spaced_dots,10,
rob_scam_remote_access_banglish_f07_016_336c9a_homoglyph,10,
rob_scam_wrong_transfer_en_f07_008_b0babe_homoglyph,10,
rob_scam_wrong_transfer_en_f07_008_b0babe_spaced_dots,10,
rob_scam_fake_prize_en_f07_013_f43fda_filler_appended,10,
rob_scam_fake_prize_en_f07_013_f43fda_homoglyph,10,
rob_scam_remote_access_en_f07_005_e0ede0_filler_appended,40,OTP Harvesting
rob_scam_remote_access_en_f07_005_e0ede0_homoglyph,10,
rob_scam_job_scam_en_f08_004_f0fefa_filler_appended,35,Payment Request
rob_scam_job_scam_en_f08_004_f0fefa_homoglyph,10,
rob_scam_loan_app_bn_f08_006_a66068_prompt_injection,25,Suspicious Link
rob_scam_loan_app_bn_f08_006_a66068_homoglyph,10,
rob_scam_fake_prize_banglish_f07_003_7a3014_spaced_dots,10,
rob_scam_fake_prize_banglish_f07_003_7a3014_filler_appended,10,
rob_scam_loan_app_bn_f07_008_ea1a35_filler_appended,35,Payment Request
rob_scam_loan_app_bn_f07_008_ea1a35_homoglyph,35,Payment Request
rob_scam_wrong_transfer_bn_f08_011_66c435_filler_appended,30,Emotional Manipulation
rob_scam_wrong_transfer_bn_f08_011_66c435_spaced_dots,30,Emotional Manipulation
rob_scam_fake_agent_bn_f07_024_8c4983_prompt_injection,10,
rob_scam_fake_agent_bn_f07_024_8c4983_homoglyph,10,
rob_scam_fake_prize_banglish_f08_018_8c5fc6_homoglyph,10,
rob_scam_fake_prize_banglish_f08_018_8c5fc6_prompt_injection,10,
rob_scam_fake_agent_en_f08_023_ba6ef6_spaced_dots,10,
rob_scam_fake_agent_en_f08_023_ba6ef6_prompt_injection,35,Authority Impersonation
rob_scam_wrong_transfer_en_f08_025_35d9c0_filler_appended,10,
rob_scam_wrong_transfer_en_f08_025_35d9c0_homoglyph,10,
rob_scam_loan_app_en_f08_020_9cfad0_spaced_dots,10,
rob_scam_loan_app_en_f08_020_9cfad0_filler_appended,10,
rob_scam_job_scam_bn_f08_023_f31f9e_spaced_dots,10,
rob_scam_job_scam_bn_f08_023_f31f9e_filler_appended,10,
rob_scam_remote_access_banglish_f07_006_fd5ef3_filler_appended,10,
rob_scam_remote_access_banglish_f07_006_fd5ef3_spaced_dots,10,
rob_scam_wrong_transfer_bn_f08_022_f2ae5e_spaced_dots,30,Emotional Manipulation
rob_scam_wrong_transfer_bn_f08_022_f2ae5e_filler_appended,30,Emotional Manipulation
rob_scam_fake_prize_banglish_f08_001_d1282c_homoglyph,10,
rob_scam_fake_prize_banglish_f08_001_d1282c_prompt_injection,10,
rob_scam_fake_agent_bn_f07_025_4999c8_homoglyph,10,
rob_scam_fake_agent_bn_f07_025_4999c8_filler_appended,10,
rob_scam_job_scam_en_f08_006_78107e_homoglyph,10,
rob_scam_job_scam_en_f08_006_78107e_spaced_dots,35,Payment Request
rob_scam_kyc_block_en_f08_004_1728ea_spaced_dots,70,Urgency Pressure;Account Threat;Suspicious Link
rob_scam_kyc_block_en_f08_004_1728ea_homoglyph,25,Suspicious Link
rob_scam_fake_prize_bn_f07_016_46cced_spaced_dots,30,Unsolicited Prize / Reward
rob_scam_fake_prize_bn_f07_016_46cced_prompt_injection,30,Unsolicited Prize / Reward
rob_scam_wrong_transfer_bn_f07_026_750293_spaced_dots,10,
rob_scam_wrong_transfer_bn_f07_026_750293_filler_appended,10,
rob_scam_otp_harvest_banglish_f07_004_ef0029_filler_appended,10,
rob_scam_otp_harvest_banglish_f07_004_ef0029_homoglyph,10,
rob_scam_wrong_transfer_en_f08_024_b49974_homoglyph,10,
rob_scam_wrong_transfer_en_f08_024_b49974_filler_appended,10,
rob_scam_job_scam_banglish_f07_010_65a2f5_filler_appended,10,
rob_scam_job_scam_banglish_f07_010_65a2f5_prompt_injection,10,
rob_scam_kyc_block_banglish_f08_018_ac6355_spaced_dots,25,Suspicious Link
rob_scam_kyc_block_banglish_f08_018_ac6355_filler_appended,25,Suspicious Link
rob_scam_fake_agent_en_f07_000_8cea6d_prompt_injection,35,Account Threat
rob_scam_fake_agent_en_f07_000_8cea6d_homoglyph,10,
rob_scam_job_scam_banglish_f08_002_3e7803_filler_appended,25,Suspicious Link
rob_scam_job_scam_banglish_f08_002_3e7803_prompt_injection,25,Suspicious Link
rob_scam_fake_agent_banglish_f07_018_b86a5c_homoglyph,10,
rob_scam_fake_agent_banglish_f07_018_b86a5c_spaced_dots,40,OTP Harvesting
rob_scam_wrong_transfer_bn_f08_000_4702cc_filler_appended,30,Emotional Manipulation
rob_scam_wrong_transfer_bn_f08_000_4702cc_prompt_injection,30,Emotional Manipulation
rob_scam_fake_agent_en_f08_000_92622c_homoglyph,10,
rob_scam_fake_agent_en_f08_000_92622c_prompt_injection,35,Authority Impersonation
rob_scam_otp_harvest_en_f07_000_2a0bd9_homoglyph,10,
rob_scam_otp_harvest_en_f07_000_2a0bd9_spaced_dots,30,Urgency Pressure
rob_scam_fake_prize_banglish_f08_026_96d0ad_filler_appended,10,
rob_scam_fake_prize_banglish_f08_026_96d0ad_homoglyph,10,
rob_scam_fake_prize_en_f08_005_85cbf0_spaced_dots,10,
rob_scam_fake_prize_en_f08_005_85cbf0_prompt_injection,10,
rob_scam_fake_prize_banglish_f07_004_994d26_prompt_injection,10,
rob_scam_fake_prize_banglish_f07_004_994d26_filler_appended,10,
rob_scam_wrong_transfer_en_f08_000_19ede6_spaced_dots,10,
rob_scam_wrong_transfer_en_f08_000_19ede6_prompt_injection,10,
rob_scam_fake_agent_bn_f08_000_bb9da6_spaced_dots,10,
rob_scam_fake_agent_banglish_f07_012_2cc648_homoglyph,10,
rob_scam_fake_agent_banglish_f07_012_2cc648_spaced_dots,40,OTP Harvesting
rob_scam_wrong_transfer_en_f07_010_431c4c_prompt_injection,10,
rob_scam_wrong_transfer_en_f07_010_431c4c_homoglyph,10,
rob_scam_loan_app_banglish_f08_016_1e20c9_spaced_dots,35,Payment Request
rob_scam_loan_app_banglish_f08_016_1e20c9_homoglyph,10,
rob_scam_loan_app_en_f07_001_bab36a_filler_appended,25,Suspicious Link
rob_scam_loan_app_en_f07_001_bab36a_prompt_injection,25,Suspicious Link
rob_scam_loan_app_en_f08_026_cf682c_homoglyph,10,
rob_scam_loan_app_en_f08_026_cf682c_filler_appended,10,
rob_scam_wrong_transfer_banglish_f08_012_00e2ad_homoglyph,10,
rob_scam_wrong_transfer_banglish_f08_012_00e2ad_spaced_dots,35,Payment Request
rob_scam_fake_agent_banglish_f08_015_f61ee0_prompt_injection,10,
rob_scam_fake_agent_banglish_f08_015_f61ee0_spaced_dots,10,
rob_scam_job_scam_banglish_f07_001_aa0131_filler_appended,10,
rob_scam_job_scam_banglish_f07_001_aa0131_prompt_injection,10,
rob_scam_wrong_transfer_en_f07_009_e94cc0_filler_appended,10,
rob_scam_wrong_transfer_en_f07_009_e94cc0_homoglyph,10,
rob_scam_fake_agent_banglish_f07_020_ac4a3b_homoglyph,10,
rob_scam_fake_agent_banglish_f07_020_ac4a3b_spaced_dots,40,OTP Harvesting
rob_scam_fake_prize_en_f07_008_2fffcf_homoglyph,10,
rob_scam_fake_prize_en_f07_008_2fffcf_filler_appended,10,
rob_scam_job_scam_bn_f07_025_b710d4_homoglyph,25,Suspicious Link
rob_scam_job_scam_bn_f07_025_b710d4_filler_appended,25,Suspicious Link
rob_scam_fake_agent_en_f08_016_ae8a71_filler_appended,35,Authority Impersonation
rob_scam_fake_agent_en_f08_016_ae8a71_prompt_injection,35,Authority Impersonation
rob_scam_fake_agent_en_f07_027_5b0055_filler_appended,35,Account Threat
rob_scam_fake_agent_en_f07_027_5b0055_homoglyph,10,
rob_scam_wrong_transfer_bn_f07_001_0291e3_spaced_dots,10,
rob_scam_wrong_transfer_bn_f07_001_0291e3_prompt_injection,10,
rob_scam_loan_app_banglish_f08_024_014856_spaced_dots,35,Payment Request
rob_scam_loan_app_banglish_f08_024_014856_filler_appended,35,Payment Request
rob_scam_fake_agent_en_f07_017_ca5f24_filler_appended,35,Account Threat
rob_scam_fake_agent_en_f07_017_ca5f24_prompt_injection,35,Account Threat
rob_scam_kyc_block_bn_f07_019_dc6be0_filler_appended,45,Urgency Pressure;Suspicious Link
rob_scam_kyc_block_bn_f07_019_dc6be0_homoglyph,45,Urgency Pressure;Suspicious Link
rob_scam_loan_app_banglish_f07_003_e6cfa6_spaced_dots,25,Suspicious Link
rob_scam_loan_app_banglish_f07_003_e6cfa6_filler_appended,25,Suspicious Link
rob_scam_fake_agent_en_f07_002_ff8ef0_prompt_injection,35,Account Threat
rob_scam_fake_agent_en_f07_002_ff8ef0_spaced_dots,35,Account Threat
rob_scam_kyc_block_banglish_f08_001_9dbc6d_prompt_injection,25,Suspicious Link
rob_scam_kyc_block_banglish_f08_001_9dbc6d_spaced_dots,25,Suspicious Link
rob_scam_loan_app_banglish_f08_026_e2feb4_spaced_dots,35,Payment Request
rob_scam_loan_app_banglish_f08_026_e2feb4_filler_appended,35,Payment Request
rob_scam_otp_harvest_bn_f07_016_6ff2a5_homoglyph,10,
rob_scam_job_scam_en_f07_022_15c621_filler_appended,35,Payment Request
rob_scam_job_scam_en_f07_022_15c621_homoglyph,10,
rob_scam_loan_app_en_f08_016_ca369c_spaced_dots,10,
rob_scam_loan_app_en_f08_016_ca369c_prompt_injection,10,
rob_scam_job_scam_banglish_f07_024_87b620_homoglyph,10,
rob_scam_job_scam_banglish_f07_024_87b620_filler_appended,10,
rob_scam_fake_agent_banglish_f08_009_d67102_filler_appended,10,
rob_scam_fake_agent_banglish_f08_009_d67102_prompt_injection,10,
rob_scam_fake_prize_en_f08_000_a13585_prompt_injection,10,
rob_scam_fake_prize_en_f08_000_a13585_homoglyph,10,
rob_scam_fake_agent_en_f08_005_afd771_filler_appended,35,Authority Impersonation
rob_scam_fake_agent_en_f08_005_afd771_prompt_injection,35,Authority Impersonation
rob_scam_loan_app_bn_f08_018_eb4880_filler_appended,25,Suspicious Link
rob_scam_loan_app_bn_f08_018_eb4880_homoglyph,10,
rob_scam_wrong_transfer_banglish_f08_006_e420b4_prompt_injection,35,Payment Request
rob_scam_wrong_transfer_banglish_f08_006_e420b4_homoglyph,10,
rob_scam_loan_app_en_f08_011_c37daa_homoglyph,10,
rob_scam_loan_app_en_f08_011_c37daa_spaced_dots,10,
rob_scam_loan_app_en_f07_022_cdcab3_spaced_dots,25,Suspicious Link
rob_scam_loan_app_en_f07_022_cdcab3_filler_appended,25,Suspicious Link
rob_scam_kyc_block_en_f08_003_5a4d93_filler_appended,70,Urgency Pressure;Account Threat;Suspicious Link
rob_scam_kyc_block_en_f08_003_5a4d93_spaced_dots,70,Urgency Pressure;Account Threat;Suspicious Link
rob_scam_job_scam_en_f08_010_3dafd9_spaced_dots,35,Payment Request
rob_scam_job_scam_en_f08_010_3dafd9_homoglyph,10,
rob_scam_fake_agent_bn_f07_005_87dbde_spaced_dots,10,
rob_scam_fake_agent_bn_f07_005_87dbde_prompt_injection,10,
rob_scam_fake_prize_bn_f07_024_3a437c_prompt_injection,30,Unsolicited Prize / Reward
rob_scam_fake_prize_bn_f07_024_3a437c_filler_appended,30,Unsolicited Prize / Reward
rob_scam_fake_prize_banglish_f07_005_feca29_prompt_injection,10,
rob_scam_fake_prize_banglish_f07_005_feca29_spaced_dots,10,
rob_scam_wrong_transfer_bn_f08_027_a0f77d_homoglyph,30,Emotional Manipulation
rob_scam_wrong_transfer_bn_f08_027_a0f77d_filler_appended,30,Emotional Manipulation
rob_scam_remote_access_banglish_f08_008_7961c1_prompt_injection,40,OTP Harvesting
rob_scam_remote_access_banglish_f08_008_7961c1_spaced_dots,40,OTP Harvesting
rob_scam_job_scam_bn_f07_023_28fd9d_filler_appended,25,Suspicious Link
rob_scam_job_scam_bn_f07_023_28fd9d_spaced_dots,25,Suspicious Link
rob_scam_fake_prize_banglish_f08_007_da63c0_filler_appended,10,
rob_scam_fake_prize_banglish_f08_007_da63c0_homoglyph,10,
rob_scam_job_scam_banglish_f07_013_46056b_spaced_dots,10,
rob_scam_job_scam_banglish_f07_013_46056b_filler_appended,10,
rob_scam_fake_agent_banglish_f07_000_ca2276_spaced_dots,40,OTP Harvesting
rob_scam_fake_agent_banglish_f07_000_ca2276_prompt_injection,40,OTP Harvesting
rob_scam_loan_app_en_f08_002_f83c9e_homoglyph,10,
rob_scam_loan_app_en_f08_002_f83c9e_filler_appended,10,
rob_scam_job_scam_banglish_f07_027_57f33a_homoglyph,10,
rob_scam_job_scam_banglish_f07_027_57f33a_prompt_injection,10,
rob_scam_remote_access_banglish_f08_022_7b87df_prompt_injection,40,OTP Harvesting
rob_scam_remote_access_banglish_f08_022_7b87df_homoglyph,10,
rob_scam_loan_app_banglish_f07_018_20882c_spaced_dots,25,Suspicious Link
rob_scam_loan_app_banglish_f07_018_20882c_homoglyph,25,Suspicious Link
rob_scam_loan_app_bn_f08_024_b65449_prompt_injection,25,Suspicious Link
rob_scam_loan_app_bn_f08_024_b65449_filler_appended,25,Suspicious Link
rob_scam_fake_prize_bn_f07_007_ab08e8_homoglyph,30,Unsolicited Prize / Reward
rob_scam_fake_prize_bn_f07_007_ab08e8_filler_appended,30,Unsolicited Prize / Reward
rob_scam_fake_agent_banglish_f07_008_3e350a_spaced_dots,40,OTP Harvesting
rob_scam_fake_agent_banglish_f07_008_3e350a_prompt_injection,40,OTP Harvesting
rob_scam_job_scam_en_f08_017_e7f089_homoglyph,10,
rob_scam_job_scam_en_f08_017_e7f089_filler_appended,35,Payment Request
rob_scam_fake_agent_bn_f08_011_2595d0_spaced_dots,10,
rob_scam_fake_agent_bn_f08_011_2595d0_filler_appended,10,
rob_scam_fake_prize_bn_f08_002_3c6bac_homoglyph,10,
rob_scam_fake_prize_bn_f08_002_3c6bac_filler_appended,10,
rob_scam_fake_prize_bn_f08_000_b7bdcb_homoglyph,10,
rob_scam_fake_prize_bn_f08_000_b7bdcb_prompt_injection,10,
rob_scam_loan_app_bn_f08_021_d64f80_homoglyph,25,Suspicious Link
rob_scam_loan_app_bn_f08_021_d64f80_filler_appended,25,Suspicious Link
rob_scam_loan_app_bn_f08_027_9e24cc_spaced_dots,25,Suspicious Link
rob_scam_loan_app_bn_f08_027_9e24cc_filler_appended,25,Suspicious Link
rob_scam_remote_access_en_f07_007_9465bd_prompt_injection,40,OTP Harvesting
rob_scam_remote_access_en_f07_007_9465bd_homoglyph,10,
rob_scam_kyc_block_banglish_f08_010_cbd334_homoglyph,25,Suspicious Link
rob_scam_kyc_block_banglish_f08_010_cbd334_spaced_dots,50,Account Threat;Suspicious Link
rob_scam_job_scam_en_f08_021_0bc860_homoglyph,10,
rob_scam_job_scam_en_f08_021_0bc860_filler_appended,35,Payment Request
rob_scam_wrong_transfer_banglish_f08_021_cb56d4_spaced_dots,35,Payment Request
rob_scam_wrong_transfer_banglish_f08_021_cb56d4_prompt_injection,35,Payment Request
rob_scam_loan_app_banglish_f07_024_4839b6_spaced_dots,25,Suspicious Link
rob_scam_loan_app_banglish_f07_024_4839b6_filler_appended,25,Suspicious Link
rob_scam_loan_app_banglish_f07_002_095991_filler_appended,25,Suspicious Link
rob_scam_loan_app_banglish_f07_002_095991_homoglyph,25,Suspicious Link
rob_scam_otp_harvest_banglish_f07_002_e1a711_spaced_dots,10,
rob_scam_otp_harvest_banglish_f07_002_e1a711_filler_appended,10,
rob_scam_loan_app_en_f07_018_9d2c05_homoglyph,25,Suspicious Link
rob_scam_loan_app_en_f07_018_9d2c05_spaced_dots,25,Suspicious Link
rob_scam_wrong_transfer_banglish_f07_020_34d3a1_prompt_injection,35,Payment Request
rob_scam_wrong_transfer_banglish_f07_020_34d3a1_filler_appended,35,Payment Request
rob_scam_fake_agent_en_f08_019_00a9f9_filler_appended,35,Authority Impersonation
rob_scam_fake_agent_en_f08_019_00a9f9_prompt_injection,35,Authority Impersonation
rob_scam_job_scam_banglish_f07_002_ba5b90_homoglyph,10,
rob_scam_job_scam_banglish_f07_002_ba5b90_prompt_injection,10,
rob_scam_wrong_transfer_banglish_f07_013_e81528_homoglyph,10,
rob_scam_wrong_transfer_banglish_f07_013_e81528_filler_appended,35,Payment Request
rob_scam_job_scam_en_f08_012_d768d0_spaced_dots,35,Payment Request
rob_scam_job_scam_en_f08_012_d768d0_homoglyph,10,
rob_scam_job_scam_banglish_f08_001_91f3ab_filler_appended,25,Suspicious Link
rob_scam_job_scam_banglish_f08_001_91f3ab_homoglyph,25,Suspicious Link
rob_scam_job_scam_en_f07_004_14fe38_homoglyph,10,
rob_scam_job_scam_en_f07_004_14fe38_prompt_injection,35,Payment Request
rob_scam_job_scam_banglish_f07_018_d6dac6_prompt_injection,10,
rob_scam_job_scam_banglish_f07_018_d6dac6_spaced_dots,10,
rob_scam_otp_harvest_banglish_f08_015_19d079_prompt_injection,30,Urgency Pressure
rob_scam_otp_harvest_banglish_f08_015_19d079_homoglyph,10,
rob_scam_loan_app_en_f08_003_56a2fd_spaced_dots,10,
rob_scam_loan_app_en_f08_003_56a2fd_homoglyph,10,
rob_scam_kyc_block_en_f08_013_405bef_homoglyph,25,Suspicious Link
rob_scam_kyc_block_en_f08_013_405bef_prompt_injection,70,Urgency Pressure;Account Threat;Suspicious Link
rob_scam_fake_agent_en_f07_023_76361d_filler_appended,35,Account Threat
rob_scam_fake_agent_en_f07_023_76361d_homoglyph,10,
rob_scam_remote_access_bn_f07_004_a23e69_homoglyph,40,OTP Harvesting
rob_scam_remote_access_bn_f07_004_a23e69_spaced_dots,40,OTP Harvesting
rob_scam_loan_app_en_f07_013_2adb2f_spaced_dots,25,Suspicious Link
rob_scam_loan_app_en_f07_013_2adb2f_homoglyph,10,
rob_scam_fake_agent_banglish_f08_023_8acb16_homoglyph,10,
rob_scam_fake_agent_banglish_f08_023_8acb16_prompt_injection,10,
rob_scam_fake_agent_banglish_f07_007_062942_homoglyph,10,
rob_scam_fake_agent_banglish_f07_007_062942_spaced_dots,40,OTP Harvesting
rob_scam_loan_app_en_f07_024_095183_homoglyph,25,Suspicious Link
rob_scam_loan_app_en_f07_024_095183_filler_appended,25,Suspicious Link
rob_scam_fake_prize_bn_f07_023_a3037f_filler_appended,30,Unsolicited Prize / Reward
rob_scam_fake_prize_bn_f07_023_a3037f_homoglyph,30,Unsolicited Prize / Reward
rob_scam_kyc_block_bn_f07_016_98f7c3_prompt_injection,45,Urgency Pressure;Suspicious Link
rob_scam_kyc_block_bn_f07_016_98f7c3_homoglyph,45,Urgency Pressure;Suspicious Link
rob_scam_kyc_block_bn_f08_022_bfa328_spaced_dots,45,Urgency Pressure;Suspicious Link
rob_scam_kyc_block_bn_f08_022_bfa328_filler_appended,45,Urgency Pressure;Suspicious Link
rob_scam_wrong_transfer_bn_f08_007_53b444_filler_appended,30,Emotional Manipulation
rob_scam_wrong_transfer_bn_f08_007_53b444_homoglyph,30,Emotional Manipulation
rob_scam_loan_app_en_f08_013_b2dacb_filler_appended,10,
rob_scam_loan_app_en_f08_013_b2dacb_homoglyph,10,
rob_scam_fake_agent_banglish_f08_022_18df69_spaced_dots,10,
rob_scam_fake_agent_banglish_f08_022_18df69_homoglyph,10,
rob_scam_job_scam_banglish_f07_014_7cc565_homoglyph,10,
rob_scam_job_scam_banglish_f07_014_7cc565_filler_appended,10,
rob_scam_kyc_block_en_f07_017_449eae_prompt_injection,50,Account Threat;Suspicious Link
rob_scam_kyc_block_en_f07_017_449eae_homoglyph,25,Suspicious Link
rob_scam_job_scam_en_f07_025_c48955_spaced_dots,35,Payment Request
rob_scam_job_scam_en_f07_025_c48955_homoglyph,10,
rob_scam_kyc_block_bn_f07_005_6fd580_homoglyph,45,Urgency Pressure;Suspicious Link
rob_scam_kyc_block_bn_f07_005_6fd580_spaced_dots,45,Urgency Pressure;Suspicious Link
rob_scam_job_scam_bn_f08_014_4a52b4_homoglyph,10,
rob_scam_job_scam_bn_f08_014_4a52b4_filler_appended,10,
rob_scam_otp_harvest_en_f08_025_26f3f9_spaced_dots,10,
rob_scam_otp_harvest_en_f08_025_26f3f9_prompt_injection,10,
rob_scam_fake_prize_en_f07_019_06a9ee_homoglyph,10,
rob_scam_fake_prize_en_f07_019_06a9ee_filler_appended,10,
rob_scam_loan_app_bn_f07_026_1fb4f7_spaced_dots,35,Payment Request
rob_scam_loan_app_bn_f07_026_1fb4f7_prompt_injection,35,Payment Request
rob_scam_otp_harvest_banglish_f08_000_3f7b6b_homoglyph,10,
rob_scam_otp_harvest_banglish_f08_000_3f7b6b_filler_appended,30,Urgency Pressure
rob_scam_wrong_transfer_bn_f07_018_d86710_prompt_injection,10,
rob_scam_wrong_transfer_bn_f07_018_d86710_spaced_dots,10,
rob_scam_job_scam_bn_f07_001_7e08dd_filler_appended,25,Suspicious Link
rob_scam_job_scam_bn_f07_001_7e08dd_homoglyph,25,Suspicious Link
rob_scam_fake_prize_bn_f07_022_1d6b28_filler_appended,30,Unsolicited Prize / Reward
rob_scam_fake_prize_bn_f07_022_1d6b28_homoglyph,30,Unsolicited Prize / Reward
rob_scam_loan_app_banglish_f07_007_e2e7ed_homoglyph,25,Suspicious Link
rob_scam_loan_app_banglish_f07_007_e2e7ed_filler_appended,25,Suspicious Link
rob_scam_wrong_transfer_banglish_f08_003_4ada61_filler_appended,35,Payment Request
rob_scam_wrong_transfer_banglish_f08_003_4ada61_spaced_dots,35,Payment Request
rob_scam_loan_app_bn_f08_022_11721e_spaced_dots,25,Suspicious Link
rob_scam_loan_app_bn_f08_022_11721e_filler_appended,25,Suspicious Link
rob_scam_fake_agent_banglish_f07_005_53b27d_spaced_dots,40,OTP Harvesting
rob_scam_fake_agent_banglish_f07_005_53b27d_filler_appended,40,OTP Harvesting
rob_scam_fake_agent_en_f07_009_f3603d_filler_appended,35,Account Threat
rob_scam_fake_agent_en_f07_009_f3603d_homoglyph,10,
rob_scam_kyc_block_banglish_f08_005_328e65_homoglyph,25,Suspicious Link
rob_scam_kyc_block_banglish_f08_005_328e65_filler_appended,25,Suspicious Link
rob_scam_kyc_block_banglish_f08_007_5b8b15_homoglyph,25,Suspicious Link
rob_scam_kyc_block_banglish_f08_007_5b8b15_spaced_dots,25,Suspicious Link
rob_scam_job_scam_banglish_f08_026_da8ee8_spaced_dots,25,Suspicious Link
rob_scam_job_scam_banglish_f08_026_da8ee8_prompt_injection,25,Suspicious Link
rob_scam_kyc_block_banglish_f08_006_9f733e_prompt_injection,50,Account Threat;Suspicious Link
rob_scam_kyc_block_banglish_f08_006_9f733e_spaced_dots,25,Suspicious Link
rob_scam_job_scam_banglish_f07_006_740ffa_homoglyph,10,
rob_scam_job_scam_banglish_f07_006_740ffa_filler_appended,10,
rob_scam_kyc_block_banglish_f08_008_5d2a84_prompt_injection,50,Account Threat;Suspicious Link
rob_scam_kyc_block_banglish_f08_008_5d2a84_spaced_dots,25,Suspicious Link
rob_scam_wrong_transfer_banglish_f07_014_05c241_spaced_dots,35,Payment Request
rob_scam_wrong_transfer_banglish_f07_014_05c241_homoglyph,10,
rob_scam_fake_prize_bn_f07_019_33b082_filler_appended,30,Unsolicited Prize / Reward
rob_scam_fake_prize_bn_f07_019_33b082_prompt_injection,30,Unsolicited Prize / Reward
rob_scam_loan_app_banglish_f07_022_48a274_prompt_injection,25,Suspicious Link
rob_scam_loan_app_banglish_f07_022_48a274_filler_appended,25,Suspicious Link
rob_scam_fake_agent_en_f08_012_4f5ad6_homoglyph,10,
rob_scam_fake_agent_en_f08_012_4f5ad6_spaced_dots,10,
rob_scam_loan_app_bn_f08_014_fe6d2d_prompt_injection,25,Suspicious Link
rob_scam_loan_app_bn_f08_014_fe6d2d_spaced_dots,25,Suspicious Link
rob_scam_loan_app_banglish_f07_019_d9cea4_homoglyph,25,Suspicious Link
rob_scam_loan_app_banglish_f07_019_d9cea4_spaced_dots,25,Suspicious Link
rob_scam_kyc_block_en_f07_020_ddc401_homoglyph,10,
rob_scam_kyc_block_en_f07_020_ddc401_prompt_injection,50,Account Threat;Suspicious Link
rob_scam_kyc_block_bn_f08_014_7751ad_homoglyph,30,Urgency Pressure
rob_scam_kyc_block_bn_f08_014_7751ad_prompt_injection,45,Urgency Pressure;Suspicious Link
rob_scam_kyc_block_banglish_f07_016_8711ea_homoglyph,10,
rob_scam_kyc_block_banglish_f07_016_8711ea_filler_appended,45,Urgency Pressure;Suspicious Link
rob_scam_otp_harvest_banglish_f08_023_759a9d_prompt_injection,30,Urgency Pressure
rob_scam_otp_harvest_banglish_f08_023_759a9d_homoglyph,10,
rob_scam_fake_prize_bn_f08_006_43cef8_filler_appended,10,
rob_scam_fake_prize_bn_f08_006_43cef8_spaced_dots,10,
rob_scam_job_scam_banglish_f08_017_ce61ea_homoglyph,10,
rob_scam_job_scam_banglish_f08_017_ce61ea_filler_appended,25,Suspicious Link
rob_scam_fake_prize_en_f07_017_d385b6_prompt_injection,10,
rob_scam_fake_prize_en_f07_017_d385b6_filler_appended,10,
rob_scam_fake_prize_banglish_f08_025_001cdb_prompt_injection,10,
rob_scam_fake_prize_banglish_f08_025_001cdb_homoglyph,10,
rob_scam_fake_agent_bn_f07_011_255813_prompt_injection,10,
rob_scam_fake_agent_bn_f07_011_255813_spaced_dots,10,
rob_scam_wrong_transfer_bn_f08_018_b4e13e_prompt_injection,30,Emotional Manipulation
rob_scam_wrong_transfer_bn_f08_018_b4e13e_homoglyph,30,Emotional Manipulation
rob_scam_loan_app_en_f07_015_ef64aa_spaced_dots,25,Suspicious Link
rob_scam_loan_app_en_f07_015_ef64aa_homoglyph,25,Suspicious Link
rob_scam_loan_app_bn_f07_017_38ed5a_spaced_dots,35,Payment Request
rob_scam_loan_app_bn_f07_017_38ed5a_filler_appended,35,Payment Request
rob_scam_wrong_transfer_banglish_f08_011_b3ef96_spaced_dots,35,Payment Request
rob_scam_wrong_transfer_banglish_f08_011_b3ef96_prompt_injection,35,Payment Request
rob_scam_fake_prize_banglish_f08_017_daadc0_filler_appended,10,
rob_scam_fake_prize_banglish_f08_017_daadc0_homoglyph,10,
rob_scam_fake_agent_banglish_f07_010_47ec64_filler_appended,40,OTP Harvesting
rob_scam_fake_agent_banglish_f07_010_47ec64_spaced_dots,40,OTP Harvesting
rob_scam_kyc_block_banglish_f07_000_74e3d3_filler_appended,45,Urgency Pressure;Suspicious Link
rob_scam_kyc_block_banglish_f07_000_74e3d3_homoglyph,25,Suspicious Link
rob_scam_fake_agent_banglish_f08_008_c4abad_homoglyph,10,
rob_scam_fake_agent_banglish_f08_008_c4abad_filler_appended,10,
rob_scam_fake_prize_en_f07_003_aa8c09_homoglyph,10,
rob_scam_fake_prize_en_f07_003_aa8c09_spaced_dots,10,
rob_scam_wrong_transfer_en_f08_019_c6458c_prompt_injection,10,
rob_scam_wrong_transfer_en_f08_019_c6458c_homoglyph,10,
rob_scam_wrong_transfer_en_f08_008_1a3ede_spaced_dots,10,
rob_scam_wrong_transfer_en_f08_008_1a3ede_filler_appended,10,
rob_scam_fake_prize_banglish_f08_003_e8d64f_spaced_dots,10,
rob_scam_fake_prize_banglish_f08_003_e8d64f_filler_appended,10,
rob_scam_loan_app_bn_f07_021_3eac04_filler_appended,35,Payment Request
rob_scam_loan_app_bn_f07_021_3eac04_homoglyph,35,Payment Request
rob_scam_wrong_transfer_bn_f07_015_29d9ac_spaced_dots,10,
rob_scam_loan_app_bn_f08_009_259590_spaced_dots,25,Suspicious Link
rob_scam_loan_app_bn_f08_009_259590_filler_appended,25,Suspicious Link
rob_scam_kyc_block_en_f08_011_955599_spaced_dots,70,Urgency Pressure;Account Threat;Suspicious Link
rob_scam_kyc_block_en_f08_011_955599_filler_appended,70,Urgency Pressure;Account Threat;Suspicious Link
rob_scam_job_scam_en_f08_016_445f5d_homoglyph,10,
rob_scam_job_scam_en_f08_016_445f5d_filler_appended,35,Payment Request
rob_scam_fake_prize_en_f07_014_9bc672_filler_appended,10,
rob_scam_fake_prize_en_f07_014_9bc672_spaced_dots,10,
rob_scam_loan_app_banglish_f08_001_c2a39c_filler_appended,35,Payment Request
rob_scam_loan_app_banglish_f08_001_c2a39c_prompt_injection,35,Payment Request
rob_scam_fake_agent_banglish_f08_012_945ac3_homoglyph,10,
rob_scam_fake_agent_banglish_f08_012_945ac3_filler_appended,10,
rob_scam_fake_agent_en_f07_026_c1a909_prompt_injection,35,Account Threat
rob_scam_fake_agent_en_f07_026_c1a909_spaced_dots,35,Account Threat
rob_scam_loan_app_bn_f07_015_c6d8ff_homoglyph,35,Payment Request
rob_scam_loan_app_bn_f07_015_c6d8ff_prompt_injection,35,Payment Request
rob_scam_fake_prize_banglish_f08_005_358293_filler_appended,10,
rob_scam_fake_prize_banglish_f08_005_358293_spaced_dots,10,
rob_scam_fake_agent_en_f08_007_600045_spaced_dots,10,
rob_scam_fake_agent_en_f08_007_600045_homoglyph,10,
rob_scam_wrong_transfer_bn_f08_024_8b7e95_homoglyph,30,Emotional Manipulation
rob_scam_wrong_transfer_bn_f08_024_8b7e95_filler_appended,30,Emotional Manipulation
rob_scam_fake_prize_en_f07_007_4e1f92_prompt_injection,10,
rob_scam_fake_prize_en_f07_007_4e1f92_homoglyph,10,
rob_scam_otp_harvest_en_f08_022_681393_filler_appended,10,
rob_scam_otp_harvest_en_f08_022_681393_spaced_dots,10,
rob_scam_job_scam_bn_f07_013_a83666_filler_appended,25,Suspicious Link
rob_scam_job_scam_bn_f07_013_a83666_prompt_injection,25,Suspicious Link
rob_scam_fake_prize_bn_f08_016_56ccf5_filler_appended,10,
rob_scam_fake_prize_bn_f08_016_56ccf5_homoglyph,10,
rob_scam_wrong_transfer_bn_f07_023_d71c7f_filler_appended,10,
rob_scam_wrong_transfer_bn_f07_023_d71c7f_homoglyph,10,
rob_scam_fake_agent_en_f08_018_3f6f17_prompt_injection,35,Authority Impersonation
rob_scam_fake_agent_en_f08_018_3f6f17_homoglyph,10,
rob_scam_fake_agent_bn_f08_010_f939e6_homoglyph,10,
rob_scam_fake_agent_bn_f08_010_f939e6_filler_appended,10,
rob_scam_wrong_transfer_en_f07_022_db5280_prompt_injection,10,
rob_scam_wrong_transfer_en_f07_022_db5280_filler_appended,10,
rob_scam_fake_prize_bn_f08_017_b968ae_homoglyph,10,
rob_scam_loan_app_bn_f08_019_e7034e_homoglyph,10,
rob_scam_loan_app_bn_f08_019_e7034e_spaced_dots,25,Suspicious Link
rob_scam_fake_prize_bn_f08_001_6c060d_prompt_injection,10,
rob_scam_fake_prize_bn_f08_001_6c060d_filler_appended,10,
rob_scam_wrong_transfer_banglish_f07_017_31bdf4_prompt_injection,35,Payment Request
rob_scam_wrong_transfer_banglish_f07_017_31bdf4_spaced_dots,35,Payment Request
rob_scam_loan_app_en_f07_002_95b405_homoglyph,25,Suspicious Link
rob_scam_loan_app_en_f07_002_95b405_spaced_dots,25,Suspicious Link
rob_scam_loan_app_banglish_f08_013_e3c91d_filler_appended,35,Payment Request
rob_scam_loan_app_banglish_f08_013_e3c91d_spaced_dots,35,Payment Request
rob_scam_fake_prize_bn_f07_017_d2c7dd_filler_appended,30,Unsolicited Prize / Reward
rob_scam_fake_prize_bn_f07_017_d2c7dd_homoglyph,30,Unsolicited Prize / Reward
rob_scam_otp_harvest_en_f08_017_dec780_homoglyph,10,
rob_scam_otp_harvest_en_f08_017_dec780_spaced_dots,10,
rob_scam_fake_prize_en_f08_010_7d3756_spaced_dots,10,
rob_scam_fake_prize_en_f08_010_7d3756_filler_appended,10,
rob_scam_otp_harvest_banglish_f07_021_778042_spaced_dots,10,
rob_scam_otp_harvest_banglish_f07_021_778042_filler_appended,10,
rob_scam_loan_app_bn_f07_005_47a55b_prompt_injection,35,Payment Request
rob_scam_loan_app_bn_f07_005_47a55b_homoglyph,35,Payment Request
rob_scam_kyc_block_en_f07_016_581079_prompt_injection,50,Account Threat;Suspicious Link
rob_scam_kyc_block_en_f07_016_581079_spaced_dots,50,Account Threat;Suspicious Link
rob_scam_kyc_block_banglish_f08_024_0ca026_spaced_dots,25,Suspicious Link
rob_scam_kyc_block_banglish_f08_024_0ca026_prompt_injection,25,Suspicious Link
rob_scam_fake_agent_en_f07_005_348a34_spaced_dots,35,Account Threat
rob_scam_fake_agent_en_f07_005_348a34_filler_appended,35,Account Threat
rob_scam_loan_app_en_f08_023_a0e045_homoglyph,10,
rob_scam_loan_app_en_f08_023_a0e045_filler_appended,10,
rob_scam_wrong_transfer_banglish_f07_026_26a77a_homoglyph,10,
rob_scam_wrong_transfer_banglish_f07_026_26a77a_filler_appended,35,Payment Request
rob_scam_fake_agent_bn_f08_020_405676_homoglyph,10,
rob_scam_fake_agent_bn_f08_020_405676_filler_appended,10,
rob_scam_kyc_block_en_f08_007_5d7a81_spaced_dots,70,Urgency Pressure;Account Threat;Suspicious Link
rob_scam_kyc_block_en_f08_007_5d7a81_prompt_injection,70,Urgency Pressure;Account Threat;Suspicious Link
rob_scam_fake_prize_bn_f08_022_61e3bc_spaced_dots,10,
rob_scam_fake_prize_bn_f08_022_61e3bc_filler_appended,10,
rob_scam_kyc_block_banglish_f08_012_513d9f_prompt_injection,25,Suspicious Link
rob_scam_kyc_block_banglish_f08_012_513d9f_filler_appended,25,Suspicious Link
rob_scam_job_scam_en_f08_001_b6f3fa_homoglyph,10,
rob_scam_job_scam_en_f08_001_b6f3fa_filler_appended,35,Payment Request
rob_scam_job_scam_bn_f08_000_ced1e8_filler_appended,10,
rob_scam_job_scam_bn_f08_000_ced1e8_spaced_dots,10,
rob_scam_loan_app_en_f07_004_7150ba_homoglyph,25,Suspicious Link
rob_scam_loan_app_en_f07_004_7150ba_filler_appended,25,Suspicious Link
rob_scam_job_scam_banglish_f08_020_571421_filler_appended,25,Suspicious Link
rob_scam_job_scam_banglish_f08_020_571421_prompt_injection,25,Suspicious Link
rob_scam_loan_app_bn_f08_017_fd144e_spaced_dots,25,Suspicious Link
rob_scam_loan_app_bn_f08_017_fd144e_filler_appended,25,Suspicious Link
rob_scam_wrong_transfer_banglish_f08_027_7e4368_homoglyph,10,
rob_scam_wrong_transfer_banglish_f08_027_7e4368_filler_appended,35,Payment Request
rob_scam_wrong_transfer_en_f08_004_c90280_spaced_dots,10,
rob_scam_wrong_transfer_en_f08_004_c90280_filler_appended,10,
rob_scam_kyc_block_bn_f07_012_e5ee30_spaced_dots,45,Urgency Pressure;Suspicious Link
rob_scam_kyc_block_bn_f07_012_e5ee30_prompt_injection,45,Urgency Pressure;Suspicious Link
rob_scam_job_scam_banglish_f07_017_e56524_spaced_dots,10,
rob_scam_job_scam_banglish_f07_017_e56524_filler_appended,10,
rob_scam_job_scam_en_f08_018_840151_spaced_dots,35,Payment Request
rob_scam_job_scam_en_f08_018_840151_prompt_injection,35,Payment Request
rob_scam_loan_app_en_f07_019_c1e788_homoglyph,25,Suspicious Link
rob_scam_loan_app_en_f07_019_c1e788_prompt_injection,25,Suspicious Link
rob_scam_loan_app_bn_f08_007_432411_homoglyph,10,
rob_scam_loan_app_bn_f08_007_432411_spaced_dots,25,Suspicious Link
rob_scam_fake_agent_bn_f08_004_70cd4e_spaced_dots,10,
rob_scam_fake_agent_bn_f08_004_70cd4e_prompt_injection,10,
rob_scam_fake_agent_banglish_f07_022_7ebd3b_spaced_dots,40,OTP Harvesting
rob_scam_fake_agent_banglish_f07_022_7ebd3b_filler_appended,40,OTP Harvesting
rob_scam_fake_prize_en_f07_009_03e1a2_filler_appended,10,
rob_scam_fake_prize_en_f07_009_03e1a2_homoglyph,10,
rob_scam_loan_app_bn_f08_011_0160c8_homoglyph,25,Suspicious Link
rob_scam_loan_app_bn_f08_011_0160c8_prompt_injection,25,Suspicious Link
rob_scam_fake_prize_bn_f07_010_9a5607_spaced_dots,30,Unsolicited Prize / Reward
rob_scam_fake_prize_bn_f07_010_9a5607_prompt_injection,30,Unsolicited Prize / Reward
rob_scam_wrong_transfer_bn_f07_008_8d4cfd_homoglyph,10,
rob_scam_wrong_transfer_bn_f07_008_8d4cfd_filler_appended,10,
rob_scam_fake_agent_bn_f08_013_688497_spaced_dots,10,
rob_scam_fake_agent_bn_f08_013_688497_filler_appended,10,
rob_scam_fake_prize_en_f08_017_917e63_filler_appended,10,
rob_scam_fake_prize_en_f08_017_917e63_spaced_dots,10,
rob_scam_fake_agent_en_f07_012_d4f73a_homoglyph,10,
rob_scam_fake_agent_en_f07_012_d4f73a_spaced_dots,35,Account Threat
rob_scam_fake_agent_bn_f07_000_f8b0c1_filler_appended,10,
rob_scam_fake_agent_bn_f07_000_f8b0c1_prompt_injection,10,
rob_scam_job_scam_en_f08_020_fc5ea5_spaced_dots,35,Payment Request
rob_scam_job_scam_en_f08_020_fc5ea5_homoglyph,10,
rob_scam_fake_prize_banglish_f08_002_d0075f_homoglyph,10,
rob_scam_fake_prize_banglish_f08_002_d0075f_spaced_dots,10,
rob_scam_fake_agent_banglish_f08_024_13c5b3_homoglyph,10,
rob_scam_fake_agent_banglish_f08_024_13c5b3_prompt_injection,10,
rob_scam_job_scam_banglish_f08_008_dadc59_prompt_injection,25,Suspicious Link
rob_scam_job_scam_banglish_f08_008_dadc59_homoglyph,25,Suspicious Link
rob_scam_wrong_transfer_bn_f08_017_b4f550_filler_appended,30,Emotional Manipulation
rob_scam_wrong_transfer_bn_f08_017_b4f550_homoglyph,30,Emotional Manipulation
rob_scam_job_scam_en_f07_021_a8619d_filler_appended,35,Payment Request
rob_scam_job_scam_en_f07_021_a8619d_prompt_injection,35,Payment Request
rob_scam_job_scam_banglish_f08_011_68a185_spaced_dots,25,Suspicious Link
rob_scam_job_scam_banglish_f08_011_68a185_prompt_injection,25,Suspicious Link
rob_scam_fake_prize_en_f07_000_13add8_filler_appended,10,
rob_scam_fake_prize_en_f07_000_13add8_spaced_dots,10,
rob_scam_kyc_block_en_f08_018_211af5_prompt_injection,70,Urgency Pressure;Account Threat;Suspicious Link
rob_scam_kyc_block_en_f08_018_211af5_spaced_dots,70,Urgency Pressure;Account Threat;Suspicious Link
rob_scam_fake_prize_banglish_f08_010_2a55e5_filler_appended,10,
rob_scam_fake_prize_banglish_f08_010_2a55e5_spaced_dots,10,
rob_scam_fake_prize_banglish_f07_018_c2b556_spaced_dots,10,
rob_scam_fake_prize_banglish_f07_018_c2b556_prompt_injection,10,
rob_scam_fake_agent_banglish_f07_013_29f283_homoglyph,10,
rob_scam_fake_agent_banglish_f07_013_29f283_prompt_injection,40,OTP Harvesting
rob_scam_kyc_block_en_f07_015_e38f5b_filler_appended,50,Account Threat;Suspicious Link
rob_scam_kyc_block_en_f07_015_e38f5b_spaced_dots,50,Account Threat;Suspicious Link
rob_scam_remote_access_bn_f07_000_385c97_prompt_injection,40,OTP Harvesting
rob_scam_remote_access_bn_f07_000_385c97_spaced_dots,40,OTP Harvesting
rob_scam_job_scam_en_f07_019_eec902_spaced_dots,35,Payment Request
rob_scam_job_scam_en_f07_019_eec902_homoglyph,10,
rob_scam_kyc_block_en_f07_005_95cc79_filler_appended,50,Account Threat;Suspicious Link
rob_scam_kyc_block_en_f07_005_95cc79_spaced_dots,50,Account Threat;Suspicious Link
rob_scam_job_scam_bn_f07_005_d49bf3_homoglyph,25,Suspicious Link
rob_scam_job_scam_bn_f07_005_d49bf3_prompt_injection,25,Suspicious Link
rob_scam_loan_app_en_f08_019_dbec22_prompt_injection,10,
rob_scam_loan_app_en_f08_019_dbec22_homoglyph,10,
rob_scam_wrong_transfer_en_f08_003_6177bb_prompt_injection,10,
rob_scam_wrong_transfer_en_f08_003_6177bb_filler_appended,10,
rob_scam_fake_prize_banglish_f08_027_65d70f_filler_appended,10,
rob_scam_fake_prize_banglish_f08_027_65d70f_homoglyph,10,
rob_scam_fake_agent_banglish_f07_021_369a41_homoglyph,10,
rob_scam_fake_agent_banglish_f07_021_369a41_prompt_injection,40,OTP Harvesting
rob_scam_fake_agent_banglish_f08_003_cfcf04_prompt_injection,10,
rob_scam_fake_agent_banglish_f08_003_cfcf04_spaced_dots,10,
rob_scam_loan_app_bn_f07_019_5fd930_spaced_dots,35,Payment Request
rob_scam_loan_app_bn_f07_019_5fd930_filler_appended,35,Payment Request
rob_scam_wrong_transfer_banglish_f07_003_3a20ef_homoglyph,10,
rob_scam_wrong_transfer_banglish_f07_003_3a20ef_prompt_injection,35,Payment Request
rob_scam_fake_agent_banglish_f07_011_51a41d_filler_appended,40,OTP Harvesting
rob_scam_fake_agent_banglish_f07_011_51a41d_homoglyph,10,
rob_scam_job_scam_en_f07_005_33447d_filler_appended,35,Payment Request
rob_scam_job_scam_en_f07_005_33447d_spaced_dots,35,Payment Request
rob_scam_loan_app_banglish_f07_016_cb4a9d_prompt_injection,25,Suspicious Link
rob_scam_loan_app_banglish_f07_016_cb4a9d_filler_appended,25,Suspicious Link
rob_scam_wrong_transfer_en_f07_023_e69d07_spaced_dots,10,
rob_scam_wrong_transfer_en_f07_023_e69d07_homoglyph,10,
rob_scam_fake_agent_banglish_f07_017_920f80_spaced_dots,40,OTP Harvesting
rob_scam_fake_agent_banglish_f07_017_920f80_filler_appended,40,OTP Harvesting
rob_scam_loan_app_banglish_f08_022_689b2c_homoglyph,10,
rob_scam_loan_app_banglish_f08_022_689b2c_prompt_injection,35,Payment Request
rob_scam_otp_harvest_banglish_f08_005_09645e_spaced_dots,30,Urgency Pressure
rob_scam_otp_harvest_banglish_f08_005_09645e_homoglyph,10,
rob_scam_wrong_transfer_en_f08_011_90e7e7_prompt_injection,10,
rob_scam_wrong_transfer_en_f08_011_90e7e7_filler_appended,10,
rob_scam_loan_app_bn_f07_018_635e12_spaced_dots,35,Payment Request
rob_scam_loan_app_bn_f07_018_635e12_filler_appended,35,Payment Request
rob_scam_fake_agent_banglish_f08_018_b56e60_homoglyph,10,
rob_scam_fake_agent_banglish_f08_018_b56e60_filler_appended,10,
rob_scam_fake_prize_bn_f07_004_f87576_spaced_dots,30,Unsolicited Prize / Reward
rob_scam_fake_prize_bn_f07_004_f87576_prompt_injection,30,Unsolicited Prize / Reward
rob_scam_fake_agent_en_f07_013_3af899_prompt_injection,35,Account Threat
rob_scam_fake_agent_en_f07_013_3af899_filler_appended,35,Account Threat
rob_scam_kyc_block_bn_f08_010_20b0b9_filler_appended,45,Urgency Pressure;Suspicious Link
rob_scam_kyc_block_bn_f08_010_20b0b9_homoglyph,45,Urgency Pressure;Suspicious Link
rob_scam_job_scam_bn_f08_017_e65115_spaced_dots,10,
rob_scam_wrong_transfer_en_f07_018_4e4840_prompt_injection,10,
rob_scam_wrong_transfer_en_f07_018_4e4840_spaced_dots,10,
rob_scam_kyc_block_en_f08_017_373390_spaced_dots,70,Urgency Pressure;Account Threat;Suspicious Link
rob_scam_kyc_block_en_f08_017_373390_prompt_injection,70,Urgency Pressure;Account Threat;Suspicious Link
rob_scam_kyc_block_en_f07_021_688099_spaced_dots,50,Account Threat;Suspicious Link
rob_scam_kyc_block_en_f07_021_688099_homoglyph,10,
rob_scam_fake_prize_banglish_f07_007_7336ce_filler_appended,10,
rob_scam_fake_prize_banglish_f07_007_7336ce_spaced_dots,10,
rob_scam_fake_agent_banglish_f08_025_9884c7_homoglyph,10,
rob_scam_fake_agent_banglish_f08_025_9884c7_filler_appended,10,
rob_scam_wrong_transfer_bn_f07_016_bc8fe8_spaced_dots,10,
rob_scam_wrong_transfer_bn_f07_016_bc8fe8_filler_appended,10,
rob_scam_remote_access_banglish_f08_002_95b578_spaced_dots,40,OTP Harvesting
rob_scam_remote_access_banglish_f08_002_95b578_homoglyph,10,
rob_scam_fake_prize_en_f07_021_7b30a7_homoglyph,10,
rob_scam_fake_prize_en_f07_021_7b30a7_filler_appended,10,
rob_scam_fake_prize_en_f07_024_1fa492_prompt_injection,10,
rob_scam_fake_prize_en_f07_024_1fa492_filler_appended,10,
rob_scam_job_scam_bn_f08_024_b3332d_homoglyph,10,
rob_scam_job_scam_bn_f08_024_b3332d_filler_appended,10,
rob_scam_fake_prize_en_f08_003_912afa_prompt_injection,10,
rob_scam_fake_prize_en_f08_003_912afa_spaced_dots,10,
rob_scam_otp_harvest_banglish_f07_024_6e559d_prompt_injection,10,
rob_scam_otp_harvest_banglish_f07_024_6e559d_homoglyph,10,
rob_scam_loan_app_en_f08_005_93d436_homoglyph,10,
rob_scam_loan_app_en_f08_005_93d436_prompt_injection,10,
rob_scam_fake_agent_bn_f08_027_dc01bc_homoglyph,10,
rob_scam_remote_access_en_f08_011_abb91d_prompt_injection,10,
rob_scam_remote_access_en_f08_011_abb91d_homoglyph,10,
rob_scam_fake_agent_bn_f07_015_efcdf4_homoglyph,10,
rob_scam_kyc_block_banglish_f08_022_d777de_spaced_dots,25,Suspicious Link
rob_scam_kyc_block_banglish_f08_022_d777de_prompt_injection,50,Account Threat;Suspicious Link
rob_scam_job_scam_banglish_f07_011_a60e50_filler_appended,10,
rob_scam_job_scam_banglish_f07_011_a60e50_prompt_injection,10,
rob_scam_kyc_block_bn_f08_013_026b71_homoglyph,45,Urgency Pressure;Suspicious Link
rob_scam_kyc_block_bn_f08_013_026b71_prompt_injection,45,Urgency Pressure;Suspicious Link
rob_scam_fake_agent_banglish_f07_015_c73741_spaced_dots,40,OTP Harvesting
rob_scam_fake_agent_banglish_f07_015_c73741_prompt_injection,40,OTP Harvesting
rob_scam_job_scam_en_f07_000_d61a90_filler_appended,35,Payment Request
rob_scam_job_scam_en_f07_000_d61a90_prompt_injection,35,Payment Request
rob_scam_loan_app_bn_f07_006_23b89b_prompt_injection,35,Payment Request
rob_scam_loan_app_bn_f07_006_23b89b_filler_appended,35,Payment Request
rob_scam_fake_prize_bn_f08_023_fa4168_prompt_injection,10,
rob_scam_fake_prize_bn_f08_023_fa4168_homoglyph,10,
rob_scam_job_scam_banglish_f08_015_a67bc7_homoglyph,10,
rob_scam_job_scam_banglish_f08_015_a67bc7_filler_appended,25,Suspicious Link
rob_scam_job_scam_banglish_f08_021_5f2239_filler_appended,25,Suspicious Link
rob_scam_job_scam_banglish_f08_021_5f2239_homoglyph,25,Suspicious Link
rob_scam_job_scam_en_f07_002_bad58d_homoglyph,10,
rob_scam_job_scam_en_f07_002_bad58d_prompt_injection,35,Payment Request
rob_scam_wrong_transfer_bn_f08_001_749370_prompt_injection,30,Emotional Manipulation
rob_scam_wrong_transfer_bn_f08_001_749370_spaced_dots,30,Emotional Manipulation
rob_scam_job_scam_en_f08_011_61d8b1_homoglyph,10,
rob_scam_job_scam_en_f08_011_61d8b1_spaced_dots,35,Payment Request
rob_scam_kyc_block_banglish_f07_023_438a3d_spaced_dots,45,Urgency Pressure;Suspicious Link
rob_scam_kyc_block_banglish_f07_023_438a3d_homoglyph,25,Suspicious Link
rob_scam_otp_harvest_banglish_f07_001_d8088c_homoglyph,10,
rob_scam_otp_harvest_banglish_f07_001_d8088c_prompt_injection,10,
rob_scam_kyc_block_banglish_f08_002_5f9153_spaced_dots,25,Suspicious Link
rob_scam_kyc_block_banglish_f08_002_5f9153_filler_appended,25,Suspicious Link
rob_scam_loan_app_en_f08_001_4e61cc_prompt_injection,10,
rob_scam_loan_app_en_f08_001_4e61cc_homoglyph,10,
rob_scam_kyc_block_en_f08_022_79ead0_homoglyph,10,
rob_scam_kyc_block_en_f08_022_79ead0_spaced_dots,70,Urgency Pressure;Account Threat;Suspicious Link
rob_scam_fake_prize_bn_f07_008_4e8c92_homoglyph,30,Unsolicited Prize / Reward
rob_scam_fake_prize_bn_f07_008_4e8c92_filler_appended,30,Unsolicited Prize / Reward
rob_scam_loan_app_bn_f08_013_9c508c_filler_appended,25,Suspicious Link
rob_scam_loan_app_bn_f08_013_9c508c_spaced_dots,25,Suspicious Link
rob_scam_loan_app_banglish_f07_009_b443b4_homoglyph,25,Suspicious Link
rob_scam_loan_app_banglish_f07_009_b443b4_filler_appended,25,Suspicious Link
rob_scam_otp_harvest_bn_f08_000_92c06b_filler_appended,60,Urgency Pressure;OTP Harvesting
rob_scam_otp_harvest_bn_f08_000_92c06b_spaced_dots,60,Urgency Pressure;OTP Harvesting
rob_scam_loan_app_bn_f07_022_7a132f_homoglyph,35,Payment Request
rob_scam_loan_app_bn_f07_022_7a132f_prompt_injection,35,Payment Request
rob_scam_fake_agent_banglish_f07_024_78733c_spaced_dots,40,OTP Harvesting
rob_scam_fake_agent_banglish_f07_024_78733c_prompt_injection,40,OTP Harvesting
rob_scam_wrong_transfer_banglish_f08_019_421682_homoglyph,10,
rob_scam_wrong_transfer_banglish_f08_019_421682_spaced_dots,35,Payment Request
rob_scam_fake_prize_bn_f08_012_d7dd38_prompt_injection,10,
rob_scam_fake_prize_bn_f08_012_d7dd38_homoglyph,10,
rob_scam_job_scam_bn_f08_010_44b3a1_prompt_injection,10,
rob_scam_job_scam_bn_f08_010_44b3a1_homoglyph,10,
rob_scam_wrong_transfer_bn_f07_014_daa432_spaced_dots,10,
rob_scam_wrong_transfer_bn_f07_014_daa432_filler_appended,10,
rob_scam_fake_prize_en_f07_018_d2dd83_spaced_dots,10,
rob_scam_fake_prize_en_f07_018_d2dd83_homoglyph,10,
rob_scam_job_scam_bn_f07_003_188f29_homoglyph,10,
rob_scam_job_scam_bn_f07_003_188f29_spaced_dots,25,Suspicious Link
rob_scam_wrong_transfer_banglish_f07_002_c0a948_spaced_dots,35,Payment Request
rob_scam_wrong_transfer_banglish_f07_002_c0a948_filler_appended,35,Payment Request
rob_scam_job_scam_bn_f08_002_0add91_homoglyph,10,
rob_scam_job_scam_bn_f08_002_0add91_prompt_injection,10,
rob_scam_kyc_block_en_f07_004_16eb9c_spaced_dots,25,Suspicious Link
rob_scam_kyc_block_en_f07_004_16eb9c_homoglyph,25,Suspicious Link
rob_scam_wrong_transfer_banglish_f08_013_5bb527_prompt_injection,35,Payment Request
rob_scam_wrong_transfer_banglish_f08_013_5bb527_filler_appended,35,Payment Request
rob_scam_remote_access_en_f07_000_1d730c_spaced_dots,40,OTP Harvesting
rob_scam_remote_access_en_f07_000_1d730c_prompt_injection,40,OTP Harvesting
rob_scam_loan_app_en_f08_006_dcd718_spaced_dots,10,
rob_scam_loan_app_en_f08_006_dcd718_filler_appended,10,
rob_scam_loan_app_en_f08_008_7affd5_prompt_injection,10,
rob_scam_loan_app_en_f08_008_7affd5_spaced_dots,10,
rob_scam_wrong_transfer_banglish_f07_027_ac3a93_homoglyph,10,
rob_scam_wrong_transfer_banglish_f07_027_ac3a93_prompt_injection,35,Payment Request
rob_scam_wrong_transfer_bn_f08_009_928208_homoglyph,30,Emotional Manipulation
rob_scam_wrong_transfer_bn_f08_009_928208_filler_appended,30,Emotional Manipulation
rob_scam_kyc_block_en_f07_001_bda087_spaced_dots,50,Account Threat;Suspicious Link
rob_scam_kyc_block_en_f07_001_bda087_homoglyph,25,Suspicious Link
rob_scam_job_scam_banglish_f07_019_40509c_homoglyph,10,
rob_scam_job_scam_banglish_f07_019_40509c_filler_appended,10,
rob_scam_loan_app_en_f08_025_f222dd_prompt_injection,10,
rob_scam_loan_app_en_f08_025_f222dd_homoglyph,10,
rob_scam_wrong_transfer_bn_f08_019_9dc61d_prompt_injection,30,Emotional Manipulation
rob_scam_wrong_transfer_bn_f08_019_9dc61d_spaced_dots,30,Emotional Manipulation
rob_scam_wrong_transfer_banglish_f08_023_4b4ac9_homoglyph,10,
rob_scam_wrong_transfer_banglish_f08_023_4b4ac9_filler_appended,35,Payment Request
rob_scam_wrong_transfer_banglish_f07_009_33a132_homoglyph,10,
rob_scam_wrong_transfer_banglish_f07_009_33a132_filler_appended,35,Payment Request
rob_scam_fake_prize_bn_f08_003_f6ae64_homoglyph,10,
rob_scam_fake_prize_bn_f08_003_f6ae64_filler_appended,10,
rob_scam_fake_prize_en_f07_010_d66ea4_filler_appended,10,
rob_scam_fake_prize_en_f07_010_d66ea4_spaced_dots,10,
rob_scam_kyc_block_bn_f07_001_e4f366_spaced_dots,45,Urgency Pressure;Suspicious Link
rob_scam_kyc_block_bn_f07_001_e4f366_prompt_injection,45,Urgency Pressure;Suspicious Link
rob_scam_kyc_block_en_f08_002_02fb9b_prompt_injection,70,Urgency Pressure;Account Threat;Suspicious Link
rob_scam_kyc_block_en_f08_002_02fb9b_filler_appended,70,Urgency Pressure;Account Threat;Suspicious Link
rob_scam_kyc_block_banglish_f07_025_6486c6_homoglyph,10,
rob_scam_kyc_block_banglish_f07_025_6486c6_spaced_dots,45,Urgency Pressure;Suspicious Link
rob_scam_fake_prize_bn_f07_001_a6e4dc_spaced_dots,30,Unsolicited Prize / Reward
rob_scam_fake_agent_bn_f08_007_b31bf0_filler_appended,10,
rob_scam_fake_agent_bn_f08_007_b31bf0_spaced_dots,10,
rob_scam_fake_prize_bn_f07_009_f488b1_spaced_dots,30,Unsolicited Prize / Reward
rob_scam_fake_prize_bn_f07_009_f488b1_prompt_injection,30,Unsolicited Prize / Reward
rob_scam_otp_harvest_banglish_f08_008_12474f_prompt_injection,30,Urgency Pressure
rob_scam_otp_harvest_banglish_f08_008_12474f_spaced_dots,30,Urgency Pressure
rob_scam_loan_app_en_f07_020_e15bd4_spaced_dots,25,Suspicious Link
rob_scam_loan_app_en_f07_020_e15bd4_prompt_injection,25,Suspicious Link
rob_scam_fake_prize_bn_f07_015_53b758_prompt_injection,30,Unsolicited Prize / Reward
rob_scam_fake_prize_bn_f07_015_53b758_homoglyph,30,Unsolicited Prize / Reward
rob_scam_fake_agent_banglish_f08_000_3dee49_spaced_dots,10,
rob_scam_fake_agent_banglish_f08_000_3dee49_filler_appended,10,
rob_scam_fake_prize_banglish_f07_006_8fccce_prompt_injection,10,
rob_scam_fake_prize_banglish_f07_006_8fccce_filler_appended,10,
rob_scam_loan_app_bn_f07_010_ba493c_filler_appended,35,Payment Request
rob_scam_loan_app_bn_f07_010_ba493c_homoglyph,35,Payment Request
rob_scam_kyc_block_en_f08_006_44d4b7_spaced_dots,70,Urgency Pressure;Account Threat;Suspicious Link
rob_scam_kyc_block_en_f08_006_44d4b7_filler_appended,70,Urgency Pressure;Account Threat;Suspicious Link
rob_scam_fake_prize_en_f08_020_1d05e0_prompt_injection,10,
rob_scam_fake_prize_en_f08_020_1d05e0_homoglyph,10,
rob_scam_fake_agent_en_f07_008_230e3d_spaced_dots,35,Account Threat
rob_scam_fake_agent_en_f07_008_230e3d_homoglyph,10,
rob_scam_fake_agent_banglish_f07_004_550ab5_filler_appended,40,OTP Harvesting
rob_scam_fake_agent_banglish_f07_004_550ab5_prompt_injection,40,OTP Harvesting
rob_scam_remote_access_en_f08_003_6bbb35_homoglyph,10,
rob_scam_remote_access_en_f08_003_6bbb35_prompt_injection,10,
rob_scam_wrong_transfer_en_f07_005_5d28bd_homoglyph,10,
rob_scam_wrong_transfer_en_f07_005_5d28bd_spaced_dots,10,
rob_scam_loan_app_bn_f08_025_af2b2f_filler_appended,25,Suspicious Link
rob_scam_loan_app_bn_f08_025_af2b2f_homoglyph,10,
rob_scam_fake_prize_bn_f07_005_8f7068_homoglyph,30,Unsolicited Prize / Reward
rob_scam_loan_app_banglish_f07_020_11ec6c_filler_appended,25,Suspicious Link
rob_scam_loan_app_banglish_f07_020_11ec6c_spaced_dots,25,Suspicious Link
rob_scam_wrong_transfer_en_f07_000_982cc8_prompt_injection,10,
rob_scam_wrong_transfer_en_f07_000_982cc8_spaced_dots,10,
rob_scam_loan_app_bn_f07_025_4959cc_homoglyph,35,Payment Request
rob_scam_otp_harvest_banglish_f07_006_8d5917_spaced_dots,10,
rob_scam_otp_harvest_banglish_f07_006_8d5917_filler_appended,10,
rob_scam_fake_agent_bn_f07_006_1bd304_homoglyph,10,
rob_scam_fake_agent_bn_f07_006_1bd304_filler_appended,10,
rob_scam_remote_access_banglish_f07_009_8fe22a_filler_appended,10,
rob_scam_remote_access_banglish_f07_009_8fe22a_prompt_injection,10,
rob_scam_fake_prize_banglish_f08_000_323a61_prompt_injection,10,
rob_scam_fake_prize_banglish_f08_000_323a61_filler_appended,10,
rob_scam_fake_prize_en_f07_020_b759a4_filler_appended,10,
rob_scam_fake_prize_en_f07_020_b759a4_prompt_injection,10,
rob_scam_fake_agent_bn_f08_025_fc2dd6_spaced_dots,10,
rob_scam_fake_agent_bn_f08_025_fc2dd6_prompt_injection,10,
rob_scam_kyc_block_banglish_f07_021_3e4f1f_spaced_dots,45,Urgency Pressure;Suspicious Link
rob_scam_kyc_block_banglish_f07_021_3e4f1f_homoglyph,25,Suspicious Link
rob_scam_wrong_transfer_en_f08_001_ce9feb_prompt_injection,10,
rob_scam_wrong_transfer_en_f08_001_ce9feb_filler_appended,10,
rob_scam_kyc_block_banglish_f07_011_4ca523_spaced_dots,45,Urgency Pressure;Suspicious Link
rob_scam_kyc_block_banglish_f07_011_4ca523_homoglyph,25,Suspicious Link
rob_scam_fake_agent_en_f07_016_5f3ad3_homoglyph,10,
rob_scam_fake_agent_en_f07_016_5f3ad3_filler_appended,35,Account Threat
rob_scam_otp_harvest_en_f08_015_16ec88_filler_appended,10,
rob_scam_otp_harvest_en_f08_015_16ec88_homoglyph,10,
rob_scam_fake_agent_banglish_f08_020_4db9fe_homoglyph,10,
rob_scam_fake_agent_banglish_f08_020_4db9fe_spaced_dots,10,
rob_scam_fake_agent_bn_f08_015_5c630f_spaced_dots,10,
rob_scam_fake_agent_bn_f08_015_5c630f_prompt_injection,10,
rob_scam_kyc_block_bn_f08_009_b95ead_prompt_injection,45,Urgency Pressure;Suspicious Link
rob_scam_kyc_block_bn_f08_009_b95ead_filler_appended,45,Urgency Pressure;Suspicious Link
rob_scam_loan_app_en_f08_000_5d1efc_prompt_injection,10,
rob_scam_loan_app_en_f08_000_5d1efc_filler_appended,10,
rob_scam_loan_app_bn_f07_020_0f65cf_filler_appended,35,Payment Request
rob_scam_loan_app_bn_f07_020_0f65cf_spaced_dots,35,Payment Request
rob_scam_fake_agent_bn_f08_023_7ab904_spaced_dots,10,
rob_scam_wrong_transfer_en_f08_014_9e757d_prompt_injection,10,
rob_scam_wrong_transfer_en_f08_014_9e757d_spaced_dots,10,
rob_scam_wrong_transfer_en_f08_015_1649a1_prompt_injection,10,
rob_scam_wrong_transfer_en_f08_015_1649a1_homoglyph,10,
rob_scam_fake_prize_en_f08_023_d2a8dc_filler_appended,10,
rob_scam_fake_prize_en_f08_023_d2a8dc_homoglyph,10,
rob_scam_loan_app_en_f08_009_3bc815_spaced_dots,10,
rob_scam_loan_app_en_f08_009_3bc815_prompt_injection,10,
rob_scam_remote_access_en_f07_002_967b5a_prompt_injection,40,OTP Harvesting
rob_scam_remote_access_en_f07_002_967b5a_homoglyph,10,
rob_scam_wrong_transfer_banglish_f08_001_67210f_homoglyph,10,
rob_scam_wrong_transfer_banglish_f08_001_67210f_prompt_injection,35,Payment Request
rob_scam_loan_app_banglish_f08_019_49cc24_homoglyph,10,
rob_scam_loan_app_banglish_f08_019_49cc24_filler_appended,35,Payment Request
rob_scam_otp_harvest_en_f08_005_100b57_prompt_injection,10,
rob_scam_otp_harvest_en_f08_005_100b57_spaced_dots,10,
rob_scam_loan_app_en_f07_005_1d41d2_filler_appended,25,Suspicious Link
rob_scam_loan_app_en_f07_005_1d41d2_homoglyph,25,Suspicious Link
rob_scam_job_scam_bn_f07_009_522e43_prompt_injection,25,Suspicious Link
rob_scam_job_scam_bn_f07_009_522e43_homoglyph,25,Suspicious Link
rob_scam_wrong_transfer_en_f07_013_5f9e17_homoglyph,10,
rob_scam_wrong_transfer_en_f07_013_5f9e17_spaced_dots,10,
rob_scam_fake_prize_bn_f07_002_f1bce6_homoglyph,30,Unsolicited Prize / Reward
rob_scam_fake_prize_bn_f08_004_914da8_spaced_dots,10,
rob_scam_fake_prize_bn_f08_004_914da8_filler_appended,10,
rob_scam_fake_agent_bn_f08_003_b44c6f_homoglyph,10,
rob_scam_wrong_transfer_banglish_f08_022_3d002e_prompt_injection,35,Payment Request
rob_scam_wrong_transfer_banglish_f08_022_3d002e_filler_appended,35,Payment Request
rob_scam_fake_agent_bn_f08_021_232e25_filler_appended,10,
rob_scam_fake_agent_bn_f08_021_232e25_prompt_injection,10,
rob_scam_fake_prize_bn_f08_025_95d167_spaced_dots,10,
rob_scam_fake_prize_bn_f08_025_95d167_filler_appended,10,
rob_scam_fake_agent_bn_f07_010_36ca93_spaced_dots,10,
rob_scam_fake_agent_bn_f07_010_36ca93_prompt_injection,10,
rob_scam_job_scam_en_f08_014_b3ab4c_prompt_injection,35,Payment Request
rob_scam_job_scam_en_f08_014_b3ab4c_filler_appended,35,Payment Request
rob_scam_loan_app_en_f08_015_6b6892_spaced_dots,10,
rob_scam_loan_app_en_f08_015_6b6892_prompt_injection,10,
rob_scam_fake_prize_bn_f08_005_32bac2_filler_appended,10,
rob_scam_fake_prize_bn_f08_005_32bac2_spaced_dots,10,
rob_scam_remote_access_bn_f08_000_271413_homoglyph,10,
rob_scam_remote_access_bn_f08_000_271413_prompt_injection,10,
rob_scam_otp_harvest_banglish_f08_011_04e9a2_filler_appended,30,Urgency Pressure
rob_scam_otp_harvest_banglish_f08_011_04e9a2_spaced_dots,30,Urgency Pressure
rob_scam_kyc_block_banglish_f08_009_073224_filler_appended,25,Suspicious Link
rob_scam_kyc_block_banglish_f08_009_073224_prompt_injection,25,Suspicious Link
rob_scam_fake_prize_banglish_f07_021_741b2c_spaced_dots,10,
rob_scam_fake_prize_banglish_f07_021_741b2c_homoglyph,10,
rob_scam_fake_prize_bn_f08_018_7a8130_prompt_injection,10,
rob_scam_fake_prize_bn_f08_018_7a8130_spaced_dots,10,
rob_scam_wrong_transfer_en_f08_018_7729a0_homoglyph,10,
rob_scam_wrong_transfer_en_f08_018_7729a0_filler_appended,10,
rob_scam_job_scam_bn_f08_008_e36165_prompt_injection,10,
rob_scam_job_scam_bn_f08_008_e36165_homoglyph,10,
rob_scam_remote_access_en_f08_006_834435_spaced_dots,10,
rob_scam_remote_access_en_f08_006_834435_homoglyph,10,
rob_scam_wrong_transfer_banglish_f07_015_1c2f8b_filler_appended,35,Payment Request
rob_scam_wrong_transfer_banglish_f07_015_1c2f8b_prompt_injection,35,Payment Request
rob_scam_wrong_transfer_banglish_f07_024_16809e_homoglyph,10,
rob_scam_wrong_transfer_banglish_f07_024_16809e_spaced_dots,35,Payment Request
rob_scam_kyc_block_banglish_f07_004_2802b6_prompt_injection,45,Urgency Pressure;Suspicious Link
rob_scam_kyc_block_banglish_f07_004_2802b6_filler_appended,45,Urgency Pressure;Suspicious Link
rob_scam_remote_access_en_f08_008_a14f0d_prompt_injection,10,
rob_scam_remote_access_en_f08_008_a14f0d_spaced_dots,10,
rob_scam_wrong_transfer_banglish_f08_000_895caa_homoglyph,10,
rob_scam_wrong_transfer_banglish_f08_000_895caa_prompt_injection,35,Payment Request
rob_scam_kyc_block_en_f07_019_1011c7_prompt_injection,50,Account Threat;Suspicious Link
rob_scam_kyc_block_en_f07_019_1011c7_filler_appended,50,Account Threat;Suspicious Link
rob_scam_fake_prize_en_f07_004_31b63a_homoglyph,10,
rob_scam_fake_prize_en_f07_004_31b63a_prompt_injection,10,
rob_scam_remote_access_banglish_f08_024_551a74_spaced_dots,40,OTP Harvesting
rob_scam_remote_access_banglish_f08_024_551a74_filler_appended,40,OTP Harvesting
rob_scam_kyc_block_banglish_f08_015_4d3285_homoglyph,25,Suspicious Link
rob_scam_kyc_block_banglish_f08_015_4d3285_spaced_dots,25,Suspicious Link
rob_scam_job_scam_banglish_f07_026_9cc150_filler_appended,10,
rob_scam_job_scam_banglish_f07_026_9cc150_spaced_dots,10,
rob_scam_kyc_block_en_f08_001_ae030f_spaced_dots,70,Urgency Pressure;Account Threat;Suspicious Link
rob_scam_kyc_block_en_f08_001_ae030f_prompt_injection,70,Urgency Pressure;Account Threat;Suspicious Link
rob_scam_loan_app_banglish_f07_008_110aa4_prompt_injection,25,Suspicious Link
rob_scam_loan_app_banglish_f07_008_110aa4_filler_appended,25,Suspicious Link
rob_scam_wrong_transfer_banglish_f07_004_9b0de5_prompt_injection,35,Payment Request
rob_scam_wrong_transfer_banglish_f07_004_9b0de5_homoglyph,10,
rob_scam_wrong_transfer_bn_f07_002_4f4ddf_spaced_dots,10,
rob_scam_wrong_transfer_bn_f07_002_4f4ddf_filler_appended,10,
rob_scam_kyc_block_bn_f08_021_7664ce_filler_appended,45,Urgency Pressure;Suspicious Link
rob_scam_kyc_block_bn_f08_021_7664ce_prompt_injection,45,Urgency Pressure;Suspicious Link
rob_scam_loan_app_en_f08_017_dc9cfe_filler_appended,10,
rob_scam_loan_app_en_f08_017_dc9cfe_prompt_injection,10,
rob_scam_loan_app_en_f07_027_9a7836_spaced_dots,25,Suspicious Link
rob_scam_loan_app_en_f07_027_9a7836_homoglyph,10,
rob_scam_wrong_transfer_bn_f07_020_0d8c9a_spaced_dots,10,
rob_scam_fake_agent_banglish_f08_016_059f5f_spaced_dots,10,
rob_scam_fake_agent_banglish_f08_016_059f5f_homoglyph,10,
rob_scam_fake_agent_banglish_f08_026_c6509f_spaced_dots,10,
rob_scam_fake_agent_banglish_f08_026_c6509f_filler_appended,10,
rob_scam_loan_app_bn_f08_001_93dd5b_homoglyph,10,
rob_scam_loan_app_bn_f08_001_93dd5b_filler_appended,25,Suspicious Link
rob_scam_kyc_block_bn_f07_013_7e5755_homoglyph,45,Urgency Pressure;Suspicious Link
rob_scam_kyc_block_bn_f07_013_7e5755_prompt_injection,45,Urgency Pressure;Suspicious Link
rob_scam_loan_app_bn_f08_023_97a73f_prompt_injection,25,Suspicious Link
rob_scam_loan_app_bn_f08_023_97a73f_spaced_dots,25,Suspicious Link
rob_scam_loan_app_bn_f07_027_3ccc85_prompt_injection,35,Payment Request
rob_scam_loan_app_bn_f07_027_3ccc85_homoglyph,35,Payment Request
rob_scam_job_scam_bn_f07_019_ecb997_homoglyph,25,Suspicious Link
rob_scam_job_scam_bn_f07_019_ecb997_prompt_injection,25,Suspicious Link
rob_scam_fake_agent_en_f07_024_bc75ea_filler_appended,35,Account Threat
rob_scam_fake_agent_en_f07_024_bc75ea_prompt_injection,35,Account Threat
rob_scam_fake_agent_en_f07_003_e3fc9f_homoglyph,10,
rob_scam_fake_agent_en_f07_003_e3fc9f_spaced_dots,35,Account Threat
rob_scam_otp_harvest_banglish_f07_026_0eabde_spaced_dots,10,
rob_scam_otp_harvest_banglish_f07_026_0eabde_homoglyph,10,
rob_scam_kyc_block_bn_f08_006_d48123_prompt_injection,45,Urgency Pressure;Suspicious Link
rob_scam_kyc_block_bn_f08_006_d48123_spaced_dots,45,Urgency Pressure;Suspicious Link
rob_scam_wrong_transfer_en_f07_001_827472_homoglyph,10,
rob_scam_wrong_transfer_en_f07_001_827472_spaced_dots,10,
rob_scam_fake_agent_en_f08_011_e15fbb_filler_appended,35,Authority Impersonation
rob_scam_fake_agent_en_f08_011_e15fbb_prompt_injection,35,Authority Impersonation
rob_scam_remote_access_en_f07_022_e3d8b3_spaced_dots,40,OTP Harvesting
rob_scam_remote_access_en_f07_022_e3d8b3_homoglyph,10,
rob_scam_otp_harvest_en_f08_003_5d8e60_filler_appended,10,
rob_scam_otp_harvest_en_f08_003_5d8e60_prompt_injection,10,
rob_scam_kyc_block_en_f07_026_9646d1_filler_appended,50,Account Threat;Suspicious Link
rob_scam_kyc_block_en_f07_026_9646d1_homoglyph,25,Suspicious Link
rob_scam_loan_app_bn_f07_016_b5a83c_homoglyph,35,Payment Request
rob_scam_job_scam_bn_f08_016_8690e6_filler_appended,10,
rob_scam_job_scam_bn_f08_016_8690e6_prompt_injection,10,
rob_scam_otp_harvest_banglish_f08_003_cd547c_filler_appended,30,Urgency Pressure
rob_scam_otp_harvest_banglish_f08_003_cd547c_spaced_dots,30,Urgency Pressure
rob_scam_fake_prize_banglish_f08_006_e90770_filler_appended,10,
rob_scam_fake_prize_banglish_f08_006_e90770_homoglyph,10,
rob_scam_loan_app_banglish_f07_023_9fccbd_prompt_injection,25,Suspicious Link
rob_scam_loan_app_banglish_f07_023_9fccbd_filler_appended,25,Suspicious Link
rob_scam_job_scam_en_f08_009_d1bea3_spaced_dots,35,Payment Request
rob_scam_job_scam_en_f08_009_d1bea3_filler_appended,35,Payment Request
rob_scam_job_scam_en_f07_011_02966a_filler_appended,35,Payment Request
rob_scam_job_scam_en_f07_011_02966a_prompt_injection,35,Payment Request
rob_scam_kyc_block_en_f07_027_31c121_filler_appended,50,Account Threat;Suspicious Link
rob_scam_kyc_block_en_f07_027_31c121_spaced_dots,50,Account Threat;Suspicious Link
rob_scam_loan_app_banglish_f08_018_b72ab7_filler_appended,35,Payment Request
rob_scam_loan_app_banglish_f08_018_b72ab7_spaced_dots,35,Payment Request
rob_scam_remote_access_banglish_f08_000_9b85fc_prompt_injection,40,OTP Harvesting
rob_scam_remote_access_banglish_f08_000_9b85fc_spaced_dots,40,OTP Harvesting
rob_scam_wrong_transfer_en_f07_025_492533_prompt_injection,10,
rob_scam_wrong_transfer_en_f07_025_492533_spaced_dots,10,
rob_scam_fake_agent_en_f07_015_1cfb4a_homoglyph,10,
rob_scam_fake_agent_en_f07_015_1cfb4a_prompt_injection,35,Account Threat
rob_scam_loan_app_banglish_f08_017_dcf4fd_prompt_injection,35,Payment Request
rob_scam_loan_app_banglish_f08_017_dcf4fd_filler_appended,35,Payment Request
rob_scam_fake_prize_banglish_f07_020_414358_spaced_dots,10,
rob_scam_fake_prize_banglish_f07_020_414358_prompt_injection,10,
rob_scam_wrong_transfer_en_f07_019_c22894_spaced_dots,10,
rob_scam_wrong_transfer_en_f07_019_c22894_filler_appended,10,
rob_scam_wrong_transfer_banglish_f08_002_454b29_filler_appended,35,Payment Request
rob_scam_wrong_transfer_banglish_f08_002_454b29_homoglyph,10,
rob_scam_loan_app_en_f07_016_fb85fb_filler_appended,25,Suspicious Link
rob_scam_loan_app_en_f07_016_fb85fb_prompt_injection,25,Suspicious Link
rob_scam_kyc_block_bn_f08_003_6a8434_filler_appended,45,Urgency Pressure;Suspicious Link
rob_scam_kyc_block_bn_f08_003_6a8434_spaced_dots,45,Urgency Pressure;Suspicious Link
rob_scam_remote_access_banglish_f08_001_c48350_spaced_dots,40,OTP Harvesting
rob_scam_remote_access_banglish_f08_001_c48350_filler_appended,40,OTP Harvesting
rob_scam_loan_app_banglish_f07_026_f1765b_homoglyph,25,Suspicious Link
rob_scam_loan_app_banglish_f07_026_f1765b_prompt_injection,25,Suspicious Link
rob_scam_wrong_transfer_banglish_f07_007_ef93ce_prompt_injection,35,Payment Request
rob_scam_wrong_transfer_banglish_f07_007_ef93ce_filler_appended,35,Payment Request
rob_scam_remote_access_en_f07_006_6ad491_prompt_injection,40,OTP Harvesting
rob_scam_remote_access_en_f07_006_6ad491_spaced_dots,40,OTP Harvesting
rob_scam_fake_agent_banglish_f08_011_f74264_spaced_dots,10,
rob_scam_fake_agent_banglish_f08_011_f74264_homoglyph,10,
rob_scam_job_scam_bn_f08_018_02cbe5_spaced_dots,10,
rob_scam_job_scam_bn_f08_018_02cbe5_prompt_injection,10,
rob_scam_wrong_transfer_bn_f08_016_57e03d_filler_appended,30,Emotional Manipulation
rob_scam_wrong_transfer_bn_f08_016_57e03d_prompt_injection,30,Emotional Manipulation
rob_scam_loan_app_banglish_f07_010_0da29f_filler_appended,25,Suspicious Link
rob_scam_loan_app_banglish_f07_010_0da29f_spaced_dots,25,Suspicious Link
rob_scam_otp_harvest_en_f08_026_3c42f4_homoglyph,10,
rob_scam_otp_harvest_en_f08_026_3c42f4_spaced_dots,10,
rob_scam_loan_app_banglish_f08_015_6d1f08_spaced_dots,35,Payment Request
rob_scam_loan_app_banglish_f08_015_6d1f08_prompt_injection,35,Payment Request
rob_scam_wrong_transfer_banglish_f07_025_66efb4_prompt_injection,35,Payment Request
rob_scam_wrong_transfer_banglish_f07_025_66efb4_homoglyph,10,
rob_scam_fake_prize_banglish_f08_019_9c3c60_spaced_dots,10,
rob_scam_fake_prize_banglish_f08_019_9c3c60_homoglyph,10,
rob_scam_fake_agent_banglish_f07_014_4cde31_spaced_dots,40,OTP Harvesting
rob_scam_fake_agent_banglish_f07_014_4cde31_homoglyph,10,
rob_scam_loan_app_en_f07_009_a6e38f_filler_appended,25,Suspicious Link
rob_scam_loan_app_en_f07_009_a6e38f_homoglyph,25,Suspicious Link
rob_scam_wrong_transfer_en_f08_016_4f712c_prompt_injection,10,
rob_scam_wrong_transfer_en_f08_016_4f712c_homoglyph,10,
rob_scam_fake_prize_bn_f07_021_04251d_prompt_injection,30,Unsolicited Prize / Reward
rob_scam_fake_prize_bn_f07_021_04251d_homoglyph,30,Unsolicited Prize / Reward
rob_scam_loan_app_en_f08_004_f43ea8_spaced_dots,10,
rob_scam_loan_app_en_f08_004_f43ea8_filler_appended,10,
rob_scam_job_scam_en_f08_007_4f2f26_homoglyph,10,
rob_scam_job_scam_en_f08_007_4f2f26_spaced_dots,35,Payment Request
rob_scam_wrong_transfer_bn_f08_013_47ef73_spaced_dots,30,Emotional Manipulation
rob_scam_wrong_transfer_bn_f08_013_47ef73_prompt_injection,30,Emotional Manipulation
rob_scam_fake_prize_en_f08_013_beb13c_filler_appended,10,
rob_scam_fake_prize_en_f08_013_beb13c_prompt_injection,10,
rob_scam_otp_harvest_bn_f08_023_a4938f_homoglyph,60,Urgency Pressure;OTP Harvesting
rob_scam_otp_harvest_bn_f08_023_a4938f_prompt_injection,60,Urgency Pressure;OTP Harvesting
rob_scam_fake_prize_banglish_f07_010_779d41_homoglyph,10,
rob_scam_fake_prize_banglish_f07_010_779d41_spaced_dots,10,
rob_scam_fake_prize_banglish_f08_023_0957be_homoglyph,10,
rob_scam_fake_prize_banglish_f08_023_0957be_prompt_injection,10,
rob_scam_wrong_transfer_banglish_f08_005_0b68f5_prompt_injection,10,
rob_scam_wrong_transfer_banglish_f08_005_0b68f5_spaced_dots,10,
rob_scam_fake_prize_banglish_f08_021_67e1af_filler_appended,10,
rob_scam_fake_prize_banglish_f08_021_67e1af_prompt_injection,10,
rob_scam_fake_agent_banglish_f08_001_99a0d0_homoglyph,10,
rob_scam_fake_agent_banglish_f08_001_99a0d0_prompt_injection,10,
rob_scam_kyc_block_banglish_f08_027_525c94_filler_appended,50,Account Threat;Suspicious Link
rob_scam_kyc_block_banglish_f08_027_525c94_homoglyph,25,Suspicious Link
rob_scam_fake_prize_bn_f07_026_e42dc6_prompt_injection,30,Unsolicited Prize / Reward
rob_scam_fake_prize_bn_f07_026_e42dc6_spaced_dots,30,Unsolicited Prize / Reward
rob_scam_remote_access_banglish_f07_000_bd7b9d_spaced_dots,10,
rob_scam_remote_access_banglish_f07_000_bd7b9d_prompt_injection,10,
rob_scam_kyc_block_banglish_f07_017_711bc0_prompt_injection,45,Urgency Pressure;Suspicious Link
rob_scam_kyc_block_banglish_f07_017_711bc0_spaced_dots,45,Urgency Pressure;Suspicious Link
rob_scam_job_scam_en_f08_005_485c33_homoglyph,10,
rob_scam_job_scam_en_f08_005_485c33_prompt_injection,35,Payment Request
rob_scam_job_scam_en_f08_000_97d05a_prompt_injection,35,Payment Request
rob_scam_job_scam_en_f08_000_97d05a_homoglyph,10,
rob_scam_fake_prize_bn_f08_019_ea9e75_homoglyph,10,
rob_scam_fake_prize_bn_f08_019_ea9e75_prompt_injection,10,
rob_scam_loan_app_banglish_f07_014_0fc6ab_spaced_dots,25,Suspicious Link
rob_scam_loan_app_banglish_f07_014_0fc6ab_filler_appended,25,Suspicious Link
rob_scam_job_scam_en_f07_001_8cef66_filler_appended,35,Payment Request
rob_scam_job_scam_en_f07_001_8cef66_homoglyph,10,
rob_scam_loan_app_banglish_f08_014_bde179_spaced_dots,35,Payment Request
rob_scam_loan_app_banglish_f08_014_bde179_prompt_injection,35,Payment Request
rob_scam_fake_prize_bn_f07_012_c68656_homoglyph,30,Unsolicited Prize / Reward
rob_scam_fake_prize_en_f08_018_6a599a_prompt_injection,10,
rob_scam_fake_prize_en_f08_018_6a599a_filler_appended,10,
rob_scam_kyc_block_bn_f08_005_67044f_filler_appended,45,Urgency Pressure;Suspicious Link
rob_scam_kyc_block_bn_f08_005_67044f_prompt_injection,45,Urgency Pressure;Suspicious Link
rob_scam_fake_prize_banglish_f07_017_2cfa7c_prompt_injection,10,
rob_scam_fake_prize_banglish_f07_017_2cfa7c_spaced_dots,10,
rob_scam_wrong_transfer_bn_f07_006_961f23_homoglyph,10,
rob_scam_wrong_transfer_bn_f07_006_961f23_filler_appended,10,
rob_scam_kyc_block_banglish_f08_025_36bef8_homoglyph,10,
rob_scam_kyc_block_banglish_f08_025_36bef8_filler_appended,25,Suspicious Link
rob_scam_fake_prize_en_f08_019_4dc2af_prompt_injection,10,
rob_scam_fake_prize_en_f08_019_4dc2af_filler_appended,10,
rob_scam_job_scam_banglish_f07_023_3fb4fc_homoglyph,10,
rob_scam_job_scam_banglish_f07_023_3fb4fc_prompt_injection,10,
rob_scam_fake_agent_banglish_f07_016_e1e8f3_spaced_dots,40,OTP Harvesting
rob_scam_fake_agent_banglish_f07_016_e1e8f3_homoglyph,10,
rob_scam_remote_access_en_f07_012_67ca10_spaced_dots,40,OTP Harvesting
rob_scam_remote_access_en_f07_012_67ca10_homoglyph,10,
rob_scam_loan_app_bn_f08_003_ab64be_homoglyph,25,Suspicious Link
rob_scam_loan_app_bn_f08_003_ab64be_spaced_dots,25,Suspicious Link
rob_scam_kyc_block_bn_f07_020_045cc1_filler_appended,45,Urgency Pressure;Suspicious Link
rob_scam_kyc_block_bn_f07_020_045cc1_homoglyph,45,Urgency Pressure;Suspicious Link
rob_scam_fake_prize_en_f08_011_a3a746_spaced_dots,10,
rob_scam_fake_prize_en_f08_011_a3a746_prompt_injection,10,
rob_scam_fake_prize_bn_f08_015_15105a_spaced_dots,10,
rob_scam_fake_prize_en_f08_012_ee327c_prompt_injection,10,
rob_scam_fake_prize_en_f08_012_ee327c_homoglyph,10,
rob_scam_wrong_transfer_en_f07_011_90f185_prompt_injection,10,
rob_scam_wrong_transfer_en_f07_011_90f185_spaced_dots,10,
rob_scam_remote_access_en_f08_012_babb4f_filler_appended,10,
rob_scam_remote_access_en_f08_012_babb4f_spaced_dots,10,
rob_scam_job_scam_en_f08_003_5c8857_filler_appended,35,Payment Request
rob_scam_job_scam_en_f08_003_5c8857_homoglyph,10,
rob_scam_job_scam_bn_f08_019_e6b2d4_prompt_injection,10,
rob_scam_job_scam_bn_f08_019_e6b2d4_spaced_dots,10,
rob_scam_fake_prize_banglish_f08_011_51888a_homoglyph,10,
rob_scam_fake_prize_banglish_f08_011_51888a_spaced_dots,10,
rob_scam_fake_prize_banglish_f07_009_e0fea7_prompt_injection,10,
rob_scam_fake_prize_banglish_f07_009_e0fea7_spaced_dots,10,
rob_scam_job_scam_banglish_f08_012_29bf1c_homoglyph,10,
rob_scam_job_scam_banglish_f08_012_29bf1c_filler_appended,25,Suspicious Link
rob_scam_job_scam_bn_f08_025_3a378c_spaced_dots,10,
rob_scam_job_scam_bn_f08_025_3a378c_filler_appended,10,
rob_scam_fake_agent_banglish_f08_014_2fe487_spaced_dots,10,
rob_scam_fake_agent_banglish_f08_014_2fe487_homoglyph,10,
rob_scam_fake_prize_en_f08_027_14bdc3_homoglyph,10,
rob_scam_fake_prize_en_f08_027_14bdc3_prompt_injection,10,
rob_scam_wrong_transfer_en_f07_021_a8edf6_filler_appended,10,
rob_scam_wrong_transfer_en_f07_021_a8edf6_spaced_dots,10,
rob_scam_fake_prize_banglish_f07_024_f5cc2c_spaced_dots,10,
rob_scam_fake_prize_banglish_f07_024_f5cc2c_prompt_injection,10,
rob_scam_kyc_block_banglish_f07_019_123a71_homoglyph,10,
rob_scam_kyc_block_banglish_f07_019_123a71_spaced_dots,45,Urgency Pressure;Suspicious Link
rob_scam_loan_app_banglish_f07_012_b4fdda_prompt_injection,25,Suspicious Link
rob_scam_loan_app_banglish_f07_012_b4fdda_homoglyph,10,
rob_scam_fake_agent_banglish_f08_010_b50ef5_filler_appended,10,
rob_scam_fake_agent_banglish_f08_010_b50ef5_prompt_injection,10,
rob_scam_fake_prize_banglish_f07_011_71ac0a_prompt_injection,10,
rob_scam_fake_prize_banglish_f07_011_71ac0a_filler_appended,10,
rob_scam_otp_harvest_banglish_f08_004_d5a1ea_filler_appended,30,Urgency Pressure
rob_scam_otp_harvest_banglish_f08_004_d5a1ea_spaced_dots,30,Urgency Pressure
rob_scam_fake_prize_banglish_f08_024_143334_spaced_dots,10,
rob_scam_fake_prize_banglish_f08_024_143334_homoglyph,10,
rob_scam_wrong_transfer_en_f08_020_cccfb8_homoglyph,10,
rob_scam_wrong_transfer_en_f08_020_cccfb8_spaced_dots,10,
rob_scam_fake_prize_en_f07_015_bd199f_spaced_dots,10,
rob_scam_fake_prize_en_f07_015_bd199f_filler_appended,10,
rob_scam_kyc_block_banglish_f07_027_c0f78c_prompt_injection,45,Urgency Pressure;Suspicious Link
rob_scam_kyc_block_banglish_f07_027_c0f78c_filler_appended,45,Urgency Pressure;Suspicious Link
rob_scam_otp_harvest_en_f08_002_9b91fb_spaced_dots,10,
rob_scam_otp_harvest_en_f08_002_9b91fb_filler_appended,10,
rob_scam_remote_access_en_f08_010_a0b06d_spaced_dots,10,
rob_scam_remote_access_en_f08_010_a0b06d_homoglyph,10,
rob_scam_job_scam_banglish_f07_005_09fce3_homoglyph,10,
rob_scam_job_scam_banglish_f07_005_09fce3_prompt_injection,10,
rob_scam_job_scam_bn_f08_006_bb20e4_homoglyph,10,
rob_scam_job_scam_bn_f08_006_bb20e4_filler_appended,10,
rob_scam_fake_agent_banglish_f07_009_faff38_filler_appended,40,OTP Harvesting
rob_scam_fake_agent_banglish_f07_009_faff38_homoglyph,10,
rob_scam_job_scam_banglish_f07_009_4dc90d_filler_appended,10,
rob_scam_job_scam_banglish_f07_009_4dc90d_spaced_dots,10,
rob_scam_loan_app_bn_f07_024_7570ee_spaced_dots,35,Payment Request
rob_scam_loan_app_bn_f07_024_7570ee_filler_appended,35,Payment Request
rob_scam_kyc_block_en_f08_008_21251f_spaced_dots,70,Urgency Pressure;Account Threat;Suspicious Link
rob_scam_kyc_block_en_f08_008_21251f_prompt_injection,70,Urgency Pressure;Account Threat;Suspicious Link
rob_scam_wrong_transfer_bn_f08_025_340d5f_homoglyph,30,Emotional Manipulation
rob_scam_wrong_transfer_bn_f08_025_340d5f_prompt_injection,30,Emotional Manipulation
rob_scam_fake_prize_en_f08_001_700c00_homoglyph,10,
rob_scam_fake_prize_en_f08_001_700c00_spaced_dots,10,
rob_scam_kyc_block_en_f07_023_2d4f40_spaced_dots,50,Account Threat;Suspicious Link
rob_scam_kyc_block_en_f07_023_2d4f40_prompt_injection,50,Account Threat;Suspicious Link
rob_scam_remote_access_en_f08_007_383e11_spaced_dots,10,
rob_scam_remote_access_en_f08_007_383e11_filler_appended,10,
rob_scam_remote_access_bn_f08_002_996ef0_homoglyph,10,
rob_scam_remote_access_bn_f08_002_996ef0_filler_appended,10,
rob_scam_kyc_block_en_f08_000_938490_spaced_dots,70,Urgency Pressure;Account Threat;Suspicious Link
rob_scam_kyc_block_en_f08_000_938490_filler_appended,70,Urgency Pressure;Account Threat;Suspicious Link
rob_scam_fake_prize_bn_f08_008_cf6a74_homoglyph,10,
rob_scam_fake_prize_bn_f08_008_cf6a74_filler_appended,10,
rob_scam_loan_app_en_f08_012_d3cff5_homoglyph,10,
rob_scam_loan_app_en_f08_012_d3cff5_spaced_dots,10,
rob_scam_job_scam_bn_f07_008_e848d5_spaced_dots,25,Suspicious Link
rob_scam_job_scam_bn_f07_008_e848d5_homoglyph,25,Suspicious Link
rob_scam_wrong_transfer_bn_f08_002_958c60_filler_appended,30,Emotional Manipulation
rob_scam_wrong_transfer_bn_f08_002_958c60_spaced_dots,30,Emotional Manipulation
rob_scam_fake_prize_banglish_f07_015_c62649_filler_appended,10,
rob_scam_fake_prize_banglish_f07_015_c62649_homoglyph,10,
rob_scam_job_scam_en_f08_026_db1198_spaced_dots,35,Payment Request
rob_scam_job_scam_en_f08_026_db1198_filler_appended,35,Payment Request
rob_scam_wrong_transfer_bn_f07_004_c2cd04_prompt_injection,10,
rob_scam_wrong_transfer_bn_f07_004_c2cd04_filler_appended,10,
rob_scam_loan_app_en_f07_026_193486_filler_appended,25,Suspicious Link
rob_scam_loan_app_en_f07_026_193486_prompt_injection,25,Suspicious Link
rob_scam_loan_app_bn_f07_023_72ddbc_filler_appended,35,Payment Request
rob_scam_loan_app_bn_f07_023_72ddbc_homoglyph,35,Payment Request
rob_scam_job_scam_banglish_f07_008_793b2f_homoglyph,10,
rob_scam_job_scam_banglish_f07_008_793b2f_prompt_injection,10,
rob_scam_fake_agent_banglish_f08_021_e66a63_spaced_dots,10,
rob_scam_fake_agent_banglish_f08_021_e66a63_prompt_injection,10,
rob_scam_kyc_block_en_f07_002_cb8c14_homoglyph,25,Suspicious Link
rob_scam_kyc_block_en_f07_002_cb8c14_spaced_dots,50,Account Threat;Suspicious Link
rob_scam_loan_app_banglish_f08_006_80841b_spaced_dots,35,Payment Request
rob_scam_loan_app_banglish_f08_006_80841b_homoglyph,10,
rob_scam_remote_access_en_f08_005_2d13ad_homoglyph,10,
rob_scam_remote_access_en_f08_005_2d13ad_filler_appended,10,
rob_scam_fake_prize_banglish_f07_002_456665_spaced_dots,10,
rob_scam_fake_prize_banglish_f07_002_456665_filler_appended,10,
rob_scam_kyc_block_banglish_f07_015_96b7bd_spaced_dots,45,Urgency Pressure;Suspicious Link
rob_scam_kyc_block_banglish_f07_015_96b7bd_homoglyph,10,
rob_scam_job_scam_banglish_f07_012_99e392_homoglyph,10,
rob_scam_job_scam_banglish_f07_012_99e392_spaced_dots,10,
rob_scam_job_scam_banglish_f08_006_105e5a_prompt_injection,25,Suspicious Link
rob_scam_job_scam_banglish_f08_006_105e5a_spaced_dots,25,Suspicious Link
rob_scam_wrong_transfer_en_f07_004_9534c6_spaced_dots,10,
rob_scam_wrong_transfer_en_f07_004_9534c6_prompt_injection,10,
rob_scam_otp_harvest_banglish_f07_009_dec843_homoglyph,10,
rob_scam_otp_harvest_banglish_f07_009_dec843_prompt_injection,10,
rob_scam_kyc_block_banglish_f07_012_14bbea_spaced_dots,45,Urgency Pressure;Suspicious Link
rob_scam_kyc_block_banglish_f07_012_14bbea_prompt_injection,45,Urgency Pressure;Suspicious Link
rob_scam_job_scam_banglish_f08_014_f3e89a_filler_appended,25,Suspicious Link
rob_scam_job_scam_banglish_f08_014_f3e89a_homoglyph,25,Suspicious Link
rob_scam_loan_app_en_f08_027_2399ba_homoglyph,10,
rob_scam_loan_app_en_f08_027_2399ba_filler_appended,10,
rob_scam_fake_prize_banglish_f07_000_842cc7_filler_appended,10,
rob_scam_fake_prize_banglish_f07_000_842cc7_spaced_dots,10,
rob_scam_remote_access_banglish_f08_011_37dcab_filler_appended,40,OTP Harvesting
rob_scam_remote_access_banglish_f08_011_37dcab_homoglyph,10,
rob_scam_fake_agent_bn_f08_012_3caafb_homoglyph,10,
rob_scam_fake_agent_bn_f08_012_3caafb_prompt_injection,10,
rob_scam_fake_agent_bn_f07_013_682f71_prompt_injection,10,
rob_scam_fake_agent_bn_f07_013_682f71_homoglyph,10,
rob_scam_fake_prize_en_f07_002_f58cee_homoglyph,10,
rob_scam_fake_prize_en_f07_002_f58cee_filler_appended,10,
rob_scam_remote_access_en_f08_020_dc111e_spaced_dots,10,
rob_scam_remote_access_en_f08_020_dc111e_homoglyph,10,
rob_scam_wrong_transfer_banglish_f08_004_6beeac_spaced_dots,35,Payment Request
rob_scam_wrong_transfer_banglish_f08_004_6beeac_prompt_injection,35,Payment Request
rob_scam_fake_agent_bn_f08_006_c07698_homoglyph,10,
rob_scam_fake_agent_bn_f08_006_c07698_prompt_injection,10,
rob_scam_otp_harvest_en_f07_003_c63b57_spaced_dots,30,Urgency Pressure
rob_scam_otp_harvest_en_f07_003_c63b57_prompt_injection,30,Urgency Pressure
rob_scam_fake_prize_en_f08_025_10d222_homoglyph,10,
rob_scam_fake_prize_en_f08_025_10d222_spaced_dots,10,
rob_scam_job_scam_banglish_f07_000_f9a6b2_prompt_injection,10,
rob_scam_job_scam_banglish_f07_000_f9a6b2_homoglyph,10,
rob_scam_wrong_transfer_bn_f07_003_1857b8_filler_appended,10,
rob_scam_wrong_transfer_bn_f07_003_1857b8_spaced_dots,10,
rob_scam_wrong_transfer_banglish_f07_012_981825_spaced_dots,35,Payment Request
rob_scam_wrong_transfer_banglish_f07_012_981825_filler_appended,35,Payment Request
rob_scam_fake_prize_bn_f07_018_54691c_prompt_injection,30,Unsolicited Prize / Reward
rob_scam_fake_prize_bn_f07_018_54691c_spaced_dots,30,Unsolicited Prize / Reward
rob_scam_remote_access_en_f07_001_39148c_homoglyph,10,
rob_scam_remote_access_en_f07_001_39148c_spaced_dots,40,OTP Harvesting
rob_scam_remote_access_en_f08_004_28e0d5_filler_appended,10,
rob_scam_remote_access_en_f08_004_28e0d5_spaced_dots,10,
rob_scam_job_scam_banglish_f08_004_6988a2_prompt_injection,25,Suspicious Link
rob_scam_job_scam_banglish_f08_004_6988a2_filler_appended,25,Suspicious Link
rob_scam_wrong_transfer_en_f08_007_97f5ed_spaced_dots,10,
rob_scam_wrong_transfer_en_f08_007_97f5ed_filler_appended,10,
rob_scam_kyc_block_en_f08_025_a76ace_spaced_dots,70,Urgency Pressure;Account Threat;Suspicious Link
rob_scam_kyc_block_en_f08_025_a76ace_homoglyph,10,
rob_scam_fake_agent_en_f07_004_29f0ff_homoglyph,10,
rob_scam_fake_agent_en_f07_004_29f0ff_spaced_dots,35,Account Threat
rob_scam_job_scam_bn_f07_024_c5699a_homoglyph,10,
rob_scam_job_scam_bn_f07_024_c5699a_filler_appended,25,Suspicious Link
rob_scam_fake_agent_bn_f08_001_d302a7_homoglyph,10,
rob_scam_wrong_transfer_banglish_f07_021_5c9273_spaced_dots,35,Payment Request
rob_scam_wrong_transfer_banglish_f07_021_5c9273_filler_appended,35,Payment Request
rob_scam_fake_agent_en_f08_015_185fa8_homoglyph,10,
rob_scam_fake_agent_en_f08_015_185fa8_prompt_injection,35,Authority Impersonation
rob_scam_loan_app_banglish_f07_013_f2025e_filler_appended,25,Suspicious Link
rob_scam_loan_app_banglish_f07_013_f2025e_prompt_injection,25,Suspicious Link
rob_scam_job_scam_en_f07_003_3fbf91_homoglyph,10,
rob_scam_job_scam_en_f07_003_3fbf91_prompt_injection,35,Payment Request
rob_scam_wrong_transfer_banglish_f07_000_373fe2_homoglyph,10,
rob_scam_wrong_transfer_banglish_f07_000_373fe2_prompt_injection,35,Payment Request
rob_scam_fake_agent_bn_f07_019_d52052_homoglyph,10,
rob_scam_fake_agent_bn_f07_019_d52052_prompt_injection,10,
rob_scam_loan_app_banglish_f08_002_912017_filler_appended,35,Payment Request
rob_scam_loan_app_banglish_f08_002_912017_prompt_injection,35,Payment Request
rob_scam_loan_app_banglish_f08_012_901b92_prompt_injection,35,Payment Request
rob_scam_loan_app_banglish_f08_012_901b92_spaced_dots,35,Payment Request
rob_scam_fake_agent_en_f07_010_84346e_prompt_injection,35,Account Threat
rob_scam_fake_agent_en_f07_010_84346e_homoglyph,10,
rob_scam_otp_harvest_en_f08_020_431802_spaced_dots,10,
rob_scam_otp_harvest_en_f08_020_431802_homoglyph,10,
rob_scam_loan_app_en_f08_010_e113cb_prompt_injection,10,
rob_scam_loan_app_en_f08_010_e113cb_homoglyph,10,
rob_scam_otp_harvest_en_f08_004_30de3f_spaced_dots,10,
rob_scam_otp_harvest_en_f08_004_30de3f_prompt_injection,10,
rob_scam_otp_harvest_banglish_f08_002_e860c1_spaced_dots,30,Urgency Pressure
rob_scam_otp_harvest_banglish_f08_002_e860c1_prompt_injection,30,Urgency Pressure
rob_scam_loan_app_bn_f08_002_23dd90_spaced_dots,25,Suspicious Link
rob_scam_loan_app_bn_f08_002_23dd90_filler_appended,25,Suspicious Link
rob_scam_fake_prize_bn_f08_007_0fb8cd_homoglyph,10,
rob_scam_fake_prize_bn_f08_007_0fb8cd_prompt_injection,10,
rob_scam_fake_prize_en_f08_002_bbe001_prompt_injection,10,
rob_scam_fake_prize_en_f08_002_bbe001_homoglyph,10,
rob_scam_loan_app_en_f07_023_2084a3_homoglyph,10,
rob_scam_loan_app_en_f07_023_2084a3_spaced_dots,25,Suspicious Link
rob_scam_kyc_block_en_f07_006_7e6ce3_filler_appended,50,Account Threat;Suspicious Link
rob_scam_kyc_block_en_f07_006_7e6ce3_spaced_dots,50,Account Threat;Suspicious Link
rob_scam_job_scam_banglish_f08_009_ab64dd_filler_appended,25,Suspicious Link
rob_scam_job_scam_banglish_f08_009_ab64dd_spaced_dots,25,Suspicious Link
rob_scam_fake_prize_en_f07_001_ed220a_homoglyph,10,
rob_scam_fake_prize_en_f07_001_ed220a_filler_appended,10,
rob_scam_wrong_transfer_en_f07_017_84ea76_homoglyph,10,
rob_scam_wrong_transfer_en_f07_017_84ea76_prompt_injection,10,
rob_scam_job_scam_banglish_f07_003_a273e5_homoglyph,10,
rob_scam_job_scam_banglish_f07_003_a273e5_prompt_injection,10,
rob_scam_fake_prize_banglish_f07_019_3fe1a4_filler_appended,10,
rob_scam_fake_prize_banglish_f07_019_3fe1a4_homoglyph,10,
rob_scam_job_scam_bn_f07_014_8518e9_spaced_dots,25,Suspicious Link
rob_scam_job_scam_bn_f07_014_8518e9_homoglyph,25,Suspicious Link
rob_scam_loan_app_banglish_f08_023_c8000b_spaced_dots,35,Payment Request
rob_scam_loan_app_banglish_f08_023_c8000b_filler_appended,35,Payment Request
rob_scam_loan_app_banglish_f08_011_3806cf_homoglyph,10,
rob_scam_loan_app_banglish_f08_011_3806cf_filler_appended,35,Payment Request
rob_scam_loan_app_bn_f07_014_ead644_prompt_injection,35,Payment Request
rob_scam_loan_app_bn_f07_014_ead644_filler_appended,35,Payment Request
rob_scam_kyc_block_banglish_f08_016_93b16a_prompt_injection,25,Suspicious Link
rob_scam_kyc_block_banglish_f08_016_93b16a_homoglyph,25,Suspicious Link
rob_scam_loan_app_en_f08_018_7df392_homoglyph,10,
rob_scam_loan_app_en_f08_018_7df392_prompt_injection,10,
rob_scam_kyc_block_bn_f08_001_af24ac_prompt_injection,45,Urgency Pressure;Suspicious Link
rob_scam_kyc_block_bn_f08_001_af24ac_spaced_dots,45,Urgency Pressure;Suspicious Link
rob_scam_fake_agent_bn_f07_021_da9c18_filler_appended,10,
rob_scam_fake_agent_bn_f07_021_da9c18_spaced_dots,10,
rob_scam_job_scam_banglish_f07_016_73f04c_homoglyph,10,
rob_scam_job_scam_banglish_f07_016_73f04c_prompt_injection,10,
rob_scam_kyc_block_banglish_f07_014_de190a_prompt_injection,45,Urgency Pressure;Suspicious Link
rob_scam_kyc_block_banglish_f07_014_de190a_spaced_dots,45,Urgency Pressure;Suspicious Link
rob_scam_wrong_transfer_en_f08_027_6301e3_filler_appended,10,
rob_scam_wrong_transfer_en_f08_027_6301e3_prompt_injection,10,
rob_scam_loan_app_bn_f08_004_fd5fa2_prompt_injection,25,Suspicious Link
rob_scam_loan_app_bn_f08_004_fd5fa2_filler_appended,25,Suspicious Link
rob_scam_fake_agent_banglish_f08_017_8e289e_spaced_dots,10,
rob_scam_fake_agent_banglish_f08_017_8e289e_filler_appended,10,
rob_scam_job_scam_en_f07_006_d142e3_homoglyph,10,
rob_scam_job_scam_en_f07_006_d142e3_prompt_injection,35,Payment Request
rob_scam_fake_agent_banglish_f08_005_1634ce_prompt_injection,10,
rob_scam_fake_agent_banglish_f08_005_1634ce_spaced_dots,10,
rob_scam_wrong_transfer_banglish_f08_008_2eadb6_filler_appended,35,Payment Request
rob_scam_wrong_transfer_banglish_f08_008_2eadb6_homoglyph,10,
rob_scam_fake_prize_en_f08_024_15a39f_homoglyph,10,
rob_scam_fake_prize_en_f08_024_15a39f_prompt_injection,10,
rob_scam_fake_agent_en_f07_011_60be8e_spaced_dots,35,Account Threat
rob_scam_fake_agent_en_f07_011_60be8e_prompt_injection,35,Account Threat
rob_scam_job_scam_en_f08_023_ce1adb_homoglyph,10,
rob_scam_job_scam_en_f08_023_ce1adb_prompt_injection,35,Payment Request
rob_scam_loan_app_banglish_f08_027_3591dd_spaced_dots,35,Payment Request
rob_scam_loan_app_banglish_f08_027_3591dd_prompt_injection,35,Payment Request
rob_scam_kyc_block_banglish_f08_003_fedcd9_homoglyph,25,Suspicious Link
rob_scam_kyc_block_banglish_f08_003_fedcd9_filler_appended,50,Account Threat;Suspicious Link
rob_scam_fake_prize_en_f07_026_e54c30_spaced_dots,10,
rob_scam_fake_prize_en_f07_026_e54c30_filler_appended,10,
rob_scam_otp_harvest_bn_f07_018_11fec2_prompt_injection,10,
rob_scam_otp_harvest_bn_f07_018_11fec2_spaced_dots,10,
rob_scam_wrong_transfer_en_f07_026_622901_prompt_injection,10,
rob_scam_wrong_transfer_en_f07_026_622901_filler_appended,10,
rob_scam_kyc_block_en_f07_000_d6c966_homoglyph,25,Suspicious Link
rob_scam_kyc_block_en_f07_000_d6c966_filler_appended,50,Account Threat;Suspicious Link
rob_scam_job_scam_en_f08_022_7679e3_homoglyph,10,
rob_scam_job_scam_en_f08_022_7679e3_prompt_injection,35,Payment Request
rob_scam_job_scam_banglish_f08_022_dfb652_filler_appended,25,Suspicious Link
rob_scam_job_scam_banglish_f08_022_dfb652_prompt_injection,25,Suspicious Link
rob_scam_fake_prize_bn_f07_013_96d53c_homoglyph,30,Unsolicited Prize / Reward
rob_scam_fake_prize_bn_f07_013_96d53c_filler_appended,30,Unsolicited Prize / Reward
rob_scam_loan_app_en_f07_006_51c109_filler_appended,25,Suspicious Link
rob_scam_loan_app_en_f07_006_51c109_homoglyph,25,Suspicious Link
rob_scam_job_scam_bn_f07_020_ce7746_prompt_injection,25,Suspicious Link
rob_scam_job_scam_bn_f07_020_ce7746_homoglyph,25,Suspicious Link
rob_scam_fake_agent_en_f08_014_b3d6dd_homoglyph,10,
rob_scam_fake_agent_en_f08_014_b3d6dd_spaced_dots,10,
rob_scam_wrong_transfer_banglish_f07_016_ac080b_prompt_injection,35,Payment Request
rob_scam_wrong_transfer_banglish_f07_016_ac080b_spaced_dots,35,Payment Request
rob_scam_remote_access_en_f07_003_4b26c5_homoglyph,10,
rob_scam_remote_access_en_f07_003_4b26c5_prompt_injection,40,OTP Harvesting
rob_scam_wrong_transfer_bn_f07_022_eb0ab7_homoglyph,10,
rob_scam_wrong_transfer_bn_f07_022_eb0ab7_filler_appended,10,
rob_scam_fake_prize_bn_f08_013_190f3d_filler_appended,10,
rob_scam_fake_prize_bn_f08_013_190f3d_prompt_injection,10,
rob_scam_wrong_transfer_en_f07_020_4c1f18_homoglyph,10,
rob_scam_wrong_transfer_en_f07_020_4c1f18_filler_appended,10,
rob_scam_loan_app_banglish_f08_010_a2841f_prompt_injection,35,Payment Request
rob_scam_loan_app_banglish_f08_010_a2841f_homoglyph,10,
rob_scam_otp_harvest_en_f07_017_423c64_spaced_dots,30,Urgency Pressure
rob_scam_otp_harvest_en_f07_017_423c64_homoglyph,10,