id,text,label,scam_type,language,length_bucket,template_id,split,source
benign_innocent_keywords_en_f02_009_f8dbd1,Can you send me the university assignment slidesss today? Our presentation is scheduled for tomorrow.,0,innocent_keywords,en,medium,benign_innocent_keywords_en_f02,train,synthetic
scam_fake_agent_banglish_f02_008_c809b0,"upay helpline: apnar wallet theke 25,000 taka kete neya hocche. Cancel korte chaile PIN bolun officer ke 01700-121212 a.",1,fake_agent,banglish,medium,scam_fake_agent_banglish_f02,train,synthetic
benign_bank_notification_bn_f06_047_d8f1cc,"অ্যাড মানি সফল: ব্যাংক একাউন্ট থেকে ১,০০০ টাকা আপনার ওয়ালেটে যুক্ত হয়েছে। ব্যালেন্স ১২,৪৫০.৭৫ টাকা।",0,bank_notification,bn,medium,benign_bank_notification_bn_f06,train,synthetic
scam_fake_agent_bn_f06_022_7a3cb8,বিজ্ঞপ্তি: বিকাশ অফিসার সাদিয়া আপনার অ্যাকাউন্ট যাচাই করছেন। এখনই পিন ও সিকিউরিটি তথ্য দিয়ে একাউন্ট নিশ্চিত করুন।,1,fake_agent,bn,medium,scam_fake_agent_bn_f06,train,synthetic
scam_wrong_transfer_banglish_f02_021_3c2b5b,"Ami bhul kore apnar number e 1,000 send money kore felechi. Mayer osukh, please taka ta 01711-001122 a return korun.",1,wrong_transfer,banglish,medium,scam_wrong_transfer_banglish_f02,train,synthetic
benign_otp_safety_bn_f01_000_43946e,"নিরাপত্তা সতর্কতা: কখনোই আপনার নগদ পিন, ওটিপি বা পাসওয়ার্ড কারো সাথে শেয়ার করবেন না। হেল্পলাইন কখনো পিন চায় না।",0,otp_safety,bn,medium,benign_otp_safety_bn_f01,train,synthetic
scam_fake_agent_bn_f02_014_0da634,"উপায় হেল্পলাইন: আপনার অ্যাকাউন্ট থেকে ১০,০০০ টাকা কেটে নেওয়া হচ্ছে। বাতিল করতে এখনই গোপন পিন কোড দিন ০১৭১১-০০১১২২ নম্বরে। 📱",1,fake_agent,bn,medium,scam_fake_agent_bn_f02,train,synthetic
benign_bank_notification_banglish_f06_038_4baca9,"Bank theke bikash wallet a Tk 5,000 add money shofol hoyeche. TrxID 9A8B7C6D. Balance Tk 25,100.00.",0,bank_notification,banglish,medium,benign_bank_notification_banglish_f06,train,synthetic
scam_fake_agent_bn_f01_006_52bc76,"প্রিয় গ্রাহক, নগদ কাস্টমার কেয়ার থেকে বলছি। আপনার অ্যাকাউন্টে সমস্যা রয়েছে। অবিলম্বে ০১৯১২-৩৪৫৬৭৮ নম্বরে যোগাযোগ করুন।",1,fake_agent,bn,medium,scam_fake_agent_bn_f01,train,synthetic
scam_fake_agent_bn_f05_014_90b237,আপনার নগদ ওয়ালেট নবায়ন করতে হবে। প্রধান হেল্পডেস্ক ০১৩০১-৪৪৫৫৬৬ এ যোগাযোগ করে নিরাপত্তা কোড নিশ্চিত করুন। ⚠️,1,fake_agent,bn,medium,scam_fake_agent_bn_f05,train,synthetic
benign_innocent_keywords_banglish_f01_004_520557,Ami ekhon bank e jacchi salary tulte. Ajke bikal bela dekha hobe. ⚠️,0,innocent_keywords,banglish,medium,benign_innocent_keywords_banglish_f01,train,synthetic
scam_job_scam_bn_f03_003_4dad2d,"অনলাইন রিভিউ জব: ঘরে বসে আয় করুন দৈনিক ১৫,০০০ টাকা। ট্রেনিং চার্জ ২৫০ টাকা দিয়ে অবিলম্বে শুরু করুন: http://mfs-customer-security.top/kyc",1,job_scam,bn,medium,scam_job_scam_bn_f03,train,synthetic
scam_loan_app_bn_f03_019_09fd42,"জরুরি ক্যাশ লোন! ৫ মিনিটে পান ৫০,০০০ টাকা। আবেদন করতে ক্লিক করুন http://secure-wallet-update.site/bd এবং চার্জ ২৫০ দিন।",1,loan_app,bn,medium,scam_loan_app_bn_f03,train,synthetic
scam_wrong_transfer_en_f04_004_2df747,"Urgent appeal: Wrong transaction of Tk 5,000 sent to your wallet. Please refund to 01844-332211 today, I am in hospital.",1,wrong_transfer,en,medium,scam_wrong_transfer_en_f04,train,synthetic
scam_fake_agent_banglish_f05_025_2db881,Apnar Rocket account suspicious activity te poreche. Ekhoni agent helpline 01844-332211 a call diye PIN verify korun.,1,fake_agent,banglish,medium,scam_fake_agent_banglish_f05,train,synthetic
scam_otp_harvest_bn_f01_017_e39b15,বিকাশ নিরাপত্তা সতর্কতা: আপনার ফোনে ৬ ডিজিটের ওটিপি পাঠানো হয়েছে। অ্যাকাউন্ট সচল রাখতে কোডটি অবিলম্বে জানান।,1,otp_harvest,bn,medium,scam_otp_harvest_bn_f01,train,synthetic
benign_bank_notification_banglish_f03_024_3e78aa,"payment shomponno hoyeche: tk 5,000 merchant tanvir ke deya hoyeche. trxid 9a8b7c6d.",0,bank_notification,banglish,medium,benign_bank_notification_banglish_f03,train,synthetic
scam_loan_app_banglish_f06_020_299489,"Pre-approved loan: 15,000 taka apnar wallet e jabe. Processing fee 300 ekhon e pathan 01912-345678 a.",1,loan_app,banglish,medium,scam_loan_app_banglish_f06,train,synthetic
benign_bank_notification_bn_f01_018_25cf62,"আপনি ০১৮৪৪-৩cy২২১১ থেকে ১,০০০ টাকা গ্রহণ করেছেন। নতুন ব্যালেন্স ২৫,১০০.০০ টাকা। ট্রানজেকশন আইডি RC339910।",0,bank_notification,bn,medium,benign_bank_notification_bn_f01,train,synthetic
scam_fake_agent_bn_f06_013_ebf917,বিজ্ঞপ্তি: উপায় অফিসার রফিক আপনার অ্যাকাউন্ট যাচাই করছেন। এখনই পিন ও সিকিউরিটি তথ্য দিয়ে একাউন্ট নিশ্চিত করুন।,1,fake_agent,bn,medium,scam_fake_agent_bn_f06,train,synthetic
benign_bank_notification_en_f03_034_c2cc92,"Payment of Tk 25,000 to merchant Mitu successful. TrxID 8X7Y6Z5W. Current Balance Tk 25,100.00.",0,bank_notification,en,medium,benign_bank_notification_en_f03,train,synthetic
benign_bank_notification_bn_f06_016_e78387,"অ্যাড মানি সফল: ব্যাংক একাউন্ট থেকে ১,০০০ টাকা আপনার ওয়ালেটে যুক্ত হয়েছে। ব্যালেন্স ১,২৪০.৫০ টাকা। 💡",0,bank_notification,bn,medium,benign_bank_notification_bn_f06,train,synthetic
benign_bank_notification_bn_f02_048_ad36d4,"ক্যাশ ইন সফল হয়েছে: ২,৫০০ টাকা এজেন্ট ০১৫৫৫-৮৮৯৯০০ থেকে জমা হয়েছে। বর্তমান ব্যালেন্স ১,২৪০.৫০ টাকা।",0,bank_notification,bn,medium,benign_bank_notification_bn_f02,train,synthetic
benign_bank_notification_bn_f04_035_2903d3,"মোবাইল রিচার্জ সফল: ০১৭৯৯-১২৩৪৫৬ নম্বরে ৫,০০০ টাকা রিচার্জ হয়েছে। অবশিষ্ট ব্যালেন্স ৫৪০.২০ টাকা।",0,bank_notification,bn,medium,benign_bank_notification_bn_f04,train,synthetic
scam_fake_agent_banglish_f02_023_3892b8,"Rocket helpline: apnar wallet theke 1,000 takaaa kete neya hocche. Cancel korte chaile PIN bolun officer ke 01819-998877 a.",1,fake_agent,banglish,medium,scam_fake_agent_banglish_f02,train,synthetic
scam_job_scam_banglish_f02_003_46be5a,"Part-time job offer: Daily 2,500 taka salary. Shuru korteee security deposit 100 pathiye den 01844-332211 a.",1,job_scam,banglish,medium,scam_job_scam_banglish_f02,train,synthetic
scam_fake_prize_banglish_f03_020_181266,"congratulations! apnar bikash number 2,500 takar big prize winner! registration fee 1,200 ekhoni pathan 01844-332211 e.",1,fake_prize,banglish,medium,scam_fake_prize_banglish_f03,train,synthetic
benign_personal_chat_en_f01_022_6f73c9,"Hey Nusrat, I paid for our dinner last night. Can you please upay me 500 whenever you get a chance?",0,personal_chat,en,medium,benign_personal_chat_en_f01,train,synthetic
scam_fake_agent_bn_f06_023_2d3437,বিজ্ঞপ্তি: রকেট অফিসার মাহমুদ আপনার অ্যাকাউন্ট যাচাই করছেন। এখনই পিন ও সিকিউরিটি তথ্য দিয়ে একাউন্ট নিশ্চিত করুন। 🛑,1,fake_agent,bn,medium,scam_fake_agent_bn_f06,train,synthetic
benign_personal_chat_en_f01_023_093028,"Hey Farhan, I paid for our dinner last night. Can you please Nagad me 500 whenever you get a chance?",0,personal_chat,en,medium,benign_personal_chat_en_f01,train,synthetic
scam_fake_agent_banglish_f01_021_47c305,Nagad customer care theke bolchi. Apnar account a shomossha dhora poreche. Shomadhan korte ekhoni 01301-445566 e call korun.,1,fake_agent,banglish,medium,scam_fake_agent_banglish_f01,train,synthetic
benign_bank_notification_bn_f01_019_4414a2,"আপনি ০১৬০০-১১২২৩৩ থেকে ৫,০০০ টাকা গ্রহণ করেছেন। নতুন ব্যালেন্স ২৫,১০০.০০ টাকা। ট্রানজেকশন আইডি 9A8B7C6D।",0,bank_notification,bn,medium,benign_bank_notification_bn_f01,train,synthetic
scam_kyc_block_bn_f03_020_36ae89,জরুরি নোটিশ: আপনার উপায় অ্যাকাউন্ট আজই ব্লক করা হবে। জাতীয় পরিচয়পত্র আপডেট করতে ক্লিক করুন: https://rocket-online-portal.xyz/pay 💡,1,kyc_block,bn,medium,scam_kyc_block_bn_f03,train,synthetic
scam_fake_agent_en_f05_002_653e2f,"bkash customer service: officer shakib is handling your kyc inquiry. call hotline 01844-332211 to secure your balance of tk 1,000.",1,fake_agent,en,medium,scam_fake_agent_en_f05,train,synthetic
benign_bank_notification_en_f03_011_d39b1b,"Payment of Tk 15,000 to merchant Sadia successful. TrxID BL4921KM. Current Balance Tk 12,450.75.",0,bank_notification,en,medium,benign_bank_notification_en_f03,train,synthetic
benign_otp_safety_banglish_f02_025_4cde70,"Sotorkota: Kew jodi bKash agent sheje apnar kache OTP chay, shathe shathe call kete din ebong report korun. 📱",0,otp_safety,banglish,medium,benign_otp_safety_banglish_f02,train,synthetic
scam_fake_prize_en_f04_018_561cf9,"You have won Tk 50,000 prize money from national tech lottery! Contact agent at 01912-345678 and pay clearance fee Tk 750.",1,fake_prize,en,medium,scam_fake_prize_en_f04,train,synthetic
scam_fake_prize_en_f04_008_c12614,"You have won Tk 15,000 prize money from national tech lottery! Contact agent at 01912-345678 and pay clearance fee Tk 300.",1,fake_prize,en,medium,scam_fake_prize_en_f04,train,synthetic
scam_fake_prize_en_f02_018_185955,"Lucky Winner! You won Tk 50,000 cashback from Rocket special raffle. Claim your jackpot at http://upay-reward.top/win today.",1,fake_prize,en,medium,scam_fake_prize_en_f02,train,synthetic
scam_job_scam_banglish_f02_018_8e3968,"Part-time job offer: Daily 1,000 taka salary. Shuru korte security deposit 100 pathiye den 01301-445566 a.",1,job_scam,banglish,medium,scam_job_scam_banglish_f02,train,synthetic
scam_fake_prize_bn_f04_010_421dde,"অভিনন্দন! আপনি জিতেছেন ১০,০০০ টাকার গ্র্যান্ড প্রাইজ। রেজিস্ট্রেশন ফি ১০০ পরিশোধ করে এখনই টাকা গ্রহণ করুন ০১৭৯৯-১২৩৪৫৬ নম্বরে।",1,fake_prize,bn,medium,scam_fake_prize_bn_f04,train,synthetic
benign_innocent_keywords_en_f06_027_304a3e,The doctor's consultation fee is Tk 800 today. We should reach the hospital clinicc right now.,0,innocent_keywords,en,medium,benign_innocent_keywords_en_f06,train,synthetic
benign_bank_notification_en_f06_032_3a9900,"Bank to Wallet transfer of Tk 50,000 completed successfully. Reference RC339910. New Balance Tk 25,100.00.",0,bank_notification,en,medium,benign_bank_notification_en_f06,train,synthetic
scam_loan_app_en_f02_012_a7e6ce,Approved loan offer: Tk 500 ready to disburse into your Nagad account. Transfer advance insurance fee Tk 300 to 01700-121212 now.,1,loan_app,en,medium,scam_loan_app_en_f02,train,synthetic
benign_bank_notification_bn_f01_016_8b2552,"আপনি ০১৮৪৪-৩cy২২১১ থেকে ৫০,০০০ টাকা গ্রহণ করেছেন। নতুন ব্যালেন্স ২৫,১০০.০০ টাকা। ট্রানজেকশন আইডি RC339910।",0,bank_notification,bn,medium,benign_bank_notification_bn_f01,train,synthetic
scam_fake_agent_bn_f02_012_3ad609,"নগদ হেল্পলাইন: আপনার অ্যাকাউন্ট থেকে ২৫,০০০ টাকা কেটে নেওয়া হচ্ছে। বাতিল করতে এখনই গোপন পিন কোড দিন ০১৩০১-৪৪৫৫৬৬ নম্বরে।",1,fake_agent,bn,medium,scam_fake_agent_bn_f02,train,synthetic
scam_remote_access_en_f06_014_20f437,Helpline engineer Sadia needs to configure your Rocket settings. Open AnyDesk and give remote access now. 💡,1,remote_access,en,medium,scam_remote_access_en_f06,train,synthetic
scam_kyc_block_banglish_f04_014_3f0248,upay shorkari nirdeshona onujayi apnar account bondho hoye jacche. Chalu rakhte ekhon e verify korun: http://upay-reward.top/win,1,kyc_block,banglish,medium,scam_kyc_block_banglish_f04,train,synthetic
scam_kyc_block_bn_f02_015_21eaff,বিজ্ঞপ্তি: এনআইডি ভেরিফিকেশন অসম্পূর্ণ থাকায় আপনার উপায় ওয়ালেট স্থগিত করা হয়েছে। পুনরায় চালু করতে যান: https://rocket-online-portal.xyz/pay 🚨,1,kyc_block,bn,long,scam_kyc_block_bn_f02,train,synthetic
benign_innocent_keywords_en_f06_001_097fdb,The doctor's consultation fee is Tk 800 today. We should reach the hospital clinic right now.,0,innocent_keywords,en,medium,benign_innocent_keywords_en_f06,train,synthetic
benign_personal_chat_banglish_f02_047_2887bf,"Bhai, bashar bazar er jonno 1,000 taka upay e pathiyechi. Peye phone dis.",0,personal_chat,banglish,medium,benign_personal_chat_banglish_f02,train,synthetic
benign_bank_notification_en_f04_035_ed8f86,"Mobile Recharge Tk 25,000 to 01301-445566 successful. TrxID NG883201. Remaining Balance Tk 3,580.00.",0,bank_notification,en,medium,benign_bank_notification_en_f04,train,synthetic
scam_kyc_block_banglish_f04_002_d35021,nogod shorkari nirdeshona onujayi apnar account bondho hoye jacche. Chalu rakhte ekhon e verify korun: https://nagad-bonus2026.site/claim,1,kyc_block,banglish,medium,scam_kyc_block_banglish_f04,train,synthetic
scam_job_scam_en_f05_023_03a27f,"International student part-time opportunity: Earn Tk 15,000 daily. To confirm placement, send Tk 100 via bKash to 01301-445566.",1,job_scam,en,medium,scam_job_scam_en_f05,train,synthetic
scam_kyc_block_banglish_f01_010_81a5ce,apnar nogod account er kyc update na koray ajkei permanently block kora hobe. ekhoni verify korun: http://upay-reward.top/win,1,kyc_block,banglish,medium,scam_kyc_block_banglish_f01,train,synthetic
scam_loan_app_banglish_f01_011_4abbc6,Emergency loan! Konorokom jamanot chara 500 taka loan nin. File processing fee 100 pathan 01555-889900 e.,1,loan_app,banglish,medium,scam_loan_app_banglish_f01,train,synthetic
scam_fake_agent_en_f02_011_644eb5,"Dear customer, thisss is upay support center. Your wallet is temporarily restricted. Contact agent Karim at 01301-445566 to verify.",1,fake_agent,en,medium,scam_fake_agent_en_f02,train,synthetic
benign_otp_safety_en_f01_038_c70629,"Security Reminder: Never share your Rocket PIN, OTP, or password with anyone. Official staff will never ask for secret codes. 🛑",0,otp_safety,en,medium,benign_otp_safety_en_f01,train,synthetic
benign_bank_notification_banglish_f03_036_a8f7a5,"Payment shomponno hoyeche: Tk 1,000 merchant Farhan ke deya hoyeche. TrxID 9A8B7C6D.",0,bank_notification,banglish,medium,benign_bank_notification_banglish_f03,train,synthetic
scam_fake_prize_bn_f05_001_e4c751,বিকাশ উৎসব অফার: আপনার ওয়ালেটে ৫০০ টাকা ক্যাশ বোনাস দেওয়া হয়েছে। পিন দিয়ে ক্লেইম করুন: http://bkash-verify-acc.xyz/login 🚨,1,fake_prize,bn,medium,scam_fake_prize_bn_f05,train,synthetic
scam_fake_prize_en_f06_012_888f81,"Surprise Bonus! upay granted Tk 25,000 reward to your account. Visit https://rocket-online-portal.xyz/pay to enter your PIN and claim immediately.",1,fake_prize,en,long,scam_fake_prize_en_f06,train,synthetic
scam_fake_agent_bn_f05_006_ea7107,আপনার বিকাশ ওয়ালেট নবায়ন করতে হবে। প্রধান হেল্পডেস্ক ০১৩০১-৪৪৫৫৬৬ এ যোগাযোগ করে নিরাপত্তা কোড নিশ্চিত করুন।,1,fake_agent,bn,medium,scam_fake_agent_bn_f05,train,synthetic
scam_wrong_transfer_banglish_f06_024_493281,ami dokan theke apnar number e bhul kore 500 nagad korechi. taka ta 01600-112233 e ferot din please.,1,wrong_transfer,banglish,medium,scam_wrong_transfer_banglish_f06,train,synthetic
scam_fake_agent_en_f06_007_4b57eb,"bKash Alert: Your recent debit of Tk 5,000 failed. Send your wallet security code to officer 01700-121212 immediately. ⚠️",1,fake_agent,en,medium,scam_fake_agent_en_f06,train,synthetic
scam_fake_agent_bn_f03_008_1e0886,"আসসালামু আলাইকুম, আমি উপায় প্রধান কার্যালয় থেকে কর্মকর্তা সাকিব। আপনার একাউন্ট স্থগিত করা হয়েছে, সচল করতে ০১৮৪৪-৩cy২২১১ এ কল করুন।",1,fake_agent,bn,medium,scam_fake_agent_bn_f03,train,synthetic
benign_personal_chat_en_f04_013_80d8fb,"Hey, could you send me 2,500 on Rocket right now? I will give it back in cash when we meet in the evening.",0,personal_chat,en,medium,benign_personal_chat_en_f04,train,synthetic
benign_personal_chat_en_f03_026_09f7e3,"assalamu alaikum uncle, sending 5,000 for grandma's medicine today. take good care of her.",0,personal_chat,en,medium,benign_personal_chat_en_f03,train,synthetic
scam_fake_prize_bn_f05_017_08b23a,"নগদ উৎসব অফার: আপনার ওয়ালেটে ৫০,০০০ টাকা ক্যাশ বোনাস দেওয়া হয়েছে। পিন দিয়ে ক্লেইম করুন: http://bangladesh-bank-alert.site/audit",1,fake_prize,bn,medium,scam_fake_prize_bn_f05,train,synthetic
scam_kyc_block_banglish_f03_023_bcedad,Urgent! Apnar upay wallet temporary freeze kora hoyeche. Account unblock korte ekhoni http://secure-wallet-update.site/bd a login korun.,1,kyc_block,banglish,medium,scam_kyc_block_banglish_f03,train,synthetic
benign_personal_chat_banglish_f02_009_a9c5e5,"bhai, bashar bazar er jonno 500 taka nogod e pathiyechi. peye phone dis.",0,personal_chat,banglish,medium,benign_personal_chat_banglish_f02,train,synthetic
scam_kyc_block_bn_f06_009_52bc06,সতর্কতা: আজই আপনার উপায় একাউন্টের তথ্য হালনাগাদ না করলে ব্যালেন্স ফ্রিজ করা হবে। লিংক: http://upay-reward.top/win,1,kyc_block,bn,medium,scam_kyc_block_bn_f06,train,synthetic
scam_fake_prize_en_f01_013_a8e11a,"CONGRATULATIONS! Your bKash number won grand prize of Tk 25,000 in 2026 Promo! To claim, deposit Tk 250 processing fee to 01819-998877.",1,fake_prize,en,medium,scam_fake_prize_en_f01,train,synthetic
scam_wrong_transfer_en_f06_019_7c356c,wrong number transfer! sent tk 500 to your upay just now. please refund the amount to 01912-345678 urgently.,1,wrong_transfer,en,medium,scam_wrong_transfer_en_f06,train,synthetic
scam_wrong_transfer_banglish_f05_024_60c4af,"emergency bhai, apnar account e bhul kore 500 dhukeche. ekhoni 01555-889900 e send money kore din.",1,wrong_transfer,banglish,medium,scam_wrong_transfer_banglish_f05,train,synthetic
benign_otp_safety_en_f02_038_37b4b0,"Cyber hygiene alert: If anyone calls asking for your 6-digit OTP claiming to be bKash agent, hang up immediately. ‼️",0,otp_safety,en,medium,benign_otp_safety_en_f02,train,synthetic
scam_remote_access_banglish_f02_003_7d063c,bikash technical team theke bolchi. apnar phone a teamviewer install korun jate amra wallet fix korte pari.,1,remote_access,banglish,medium,scam_remote_access_banglish_f02,train,synthetic
scam_fake_prize_en_f03_015_1dffac,"celebration offer: you are selected for tk 5,000 festive reward from bkash! pay registration charge of tk 500 via 01700-121212 to release.",1,fake_prize,en,medium,scam_fake_prize_en_f03,train,synthetic
scam_loan_app_banglish_f01_016_e03cf8,"Emergency loan! Konorokom jamanot chara 10,000 taka loan nin. File processing fee 300 pathan 01700-121212 e.",1,loan_app,banglish,medium,scam_loan_app_banglish_f01,train,synthetic
scam_wrong_transfer_bn_f02_004_984663,"ভুল সেন্ড মানি! আমার মায়ের চিকিৎসার ১৫,০০০ টাকা আপনার নগদ অ্যাকাউন্টে চলে গেছে। অবিলম্বে ০১৮১৯-৯৯৮৮৭৭ এ ফেরত দিন।",1,wrong_transfer,bn,medium,scam_wrong_transfer_bn_f02,train,synthetic
benign_bank_notification_en_f04_012_c1ef8c,"Mobile Recharge Tk 25,000 to 01999-556677 successful. TrxID RC339910. Remaining Balance Tk 540.20.",0,bank_notification,en,medium,benign_bank_notification_en_f04,train,synthetic
scam_wrong_transfer_bn_f06_021_48bb83,"ভুল লেনদেন! আপনার উপায় এ ১,০০০ টাকা জমা হয়েছে। অনুগ্রহ করে অতি দ্রুত ০১৮১৯-৯৯৮৮৭৭ নম্বরে ফেরত দিন।",1,wrong_transfer,bn,medium,scam_wrong_transfer_bn_f06,train,synthetic
benign_bank_notification_bn_f04_039_213367,"মোবাইল রিচার্জ সফল: ০১৭৯৯-১২৩৪৫৬ নম্বরে ২৫,০০০ টাকা রিচার্জ হয়েছে। অবশিষ্ট ব্যালেন্স ৫৪০.২০ টাকা।",0,bank_notification,bn,medium,benign_bank_notification_bn_f04,train,synthetic
benign_bank_notification_en_f03_029_55817a,"Payment of Tk 5,000 to merchant Farhan successful. TrxID RC339910. Current Balance Tk 1,240.50.",0,bank_notification,en,medium,benign_bank_notification_en_f03,train,synthetic
benign_bank_notification_en_f01_031_58b24a,"You have received Tk 15,000 from 01711-001122. Fee Tk 0.00. Balance Tk 25,100.00. TrxID 9A8B7C6D.",0,bank_notification,en,medium,benign_bank_notification_en_f01,train,synthetic
scam_job_scam_bn_f03_008_d00e43,"অনলাইন রিভিউ জব: ঘরে বসে আয় করুন দৈনিক ৫০,০০০ টাকা। ট্রেনিং চার্জ ১,২০০ টাকা দিয়ে অবিলম্বে শুরু করুন: http://mfs-customer-security.top/kyc",1,job_scam,bn,medium,scam_job_scam_bn_f03,train,synthetic
scam_otp_harvest_banglish_f04_000_b29ac4,Apnar bikash session bondho hoye jacche. Ekhoni SMS er 6 sonkhar code ta bolun to confirm account.,1,otp_harvest,banglish,medium,scam_otp_harvest_banglish_f04,train,synthetic
scam_fake_prize_en_f03_019_76aeb3,"Celebration offer: You are selected for Tk 5,000 festive reward from Nagad! Pay registration charge of Tk 100 via 01819-998877 to release.",1,fake_prize,en,medium,scam_fake_prize_en_f03,train,synthetic
scam_job_scam_banglish_f03_017_b6b98b,"Daraz product review kore din a 50,000 taka earn korun. Ekhoni register korun http://bkash-verify-acc.xyz/login a jeye fee 250 diye.",1,job_scam,banglish,medium,scam_job_scam_banglish_f03,train,synthetic
benign_otp_safety_banglish_f02_005_4be91b,"sotorkota: kew jodi nogod agent sheje apnar kache otp chay, shathe shathe call kete din ebong report korun.",0,otp_safety,banglish,medium,benign_otp_safety_banglish_f02,train,synthetic
scam_fake_agent_banglish_f03_015_b4f4f1,"Assalamu alaikum, ami upay head office theke Mitu. Apnar account update korte hobe, nahole ajkei bondho hobe.",1,fake_agent,banglish,medium,scam_fake_agent_banglish_f03,train,synthetic
benign_bank_notification_bn_f03_009_57acfe,"পেমেন্ট সফল: মার্চেন্ট রফিক কে ১০,০০০ টাকা পরিশোধ করা হয়েছে। TrxID NG883201, ব্যালেন্স ১,২৪০.৫০ টাকা।",0,bank_notification,bn,medium,benign_bank_notification_bn_f03,train,synthetic
benign_personal_chat_en_f03_022_6265c4,"Assalamu alaikum uncle, sending 500 for grandma's medicine today. Takee good care of her.",0,personal_chat,en,medium,benign_personal_chat_en_f03,train,synthetic
scam_wrong_transfer_en_f02_022_daf805,"Mistake transfer! My sick mother needs medicine and I mistakenly sent Tk 15,000 to your Rocket. Return it to 01999-556677 right now!",1,wrong_transfer,en,medium,scam_wrong_transfer_en_f02,train,synthetic
benign_innocent_keywords_en_f04_024_174a80,Traffic is completely blocked on the airport road right now due to metro construction work. ‼️,0,innocent_keywords,en,medium,benign_innocent_keywords_en_f04,train,synthetic
benign_otp_safety_banglish_f03_034_6440a8,"Nijer wallet shurokkhit rakhun: OTP ba secret password kauke bolben na, er dayityo shompurno apnar. ⚠️",0,otp_safety,banglish,medium,benign_otp_safety_banglish_f03,train,synthetic
scam_fake_prize_en_f05_016_692795,"Official Notice: Your phone number won Tk 50,000 cash reward! Claim before 5 PM by sending fee of Tk 750 to 01555-889900. 💡",1,fake_prize,en,medium,scam_fake_prize_en_f05,train,synthetic
benign_bank_notification_bn_f05_005_10dd3d,"সেন্ড মানি সফল: ২,৫০০ টাকা পাঠানো হয়েছে ০১৯১২-৩৪৫৬৭৮ নম্বরে। ট্রানজেকশন আইডি UP774412।",0,bank_notification,bn,medium,benign_bank_notification_bn_f05,train,synthetic
scam_fake_prize_bn_f02_023_a89b66,"শুভ সংবাদ! আপনি পেয়েছেন বিকাশ মেগা অফারের ২,৫০০ টাকা ক্যাশব্যাক। পুরস্কার দাবি করতে ভিজিট করুন: http://bkash-verify-acc.xyz/login",1,fake_prize,bn,medium,scam_fake_prize_bn_f02,train,synthetic
scam_otp_harvest_banglish_f04_004_9be0dc,Apnar bKash session bondho hoye jacche. Ekhoni SMS er 6 sonkhar code ta bolun to confirm account.,1,otp_harvest,banglish,medium,scam_otp_harvest_banglish_f04,train,synthetic
scam_job_scam_banglish_f02_006_b48473,"Part-time job offer: Daily 5,000 taka salary. Shuru korte security deposit 750 pathiye den 01711-001122 a.",1,job_scam,banglish,medium,scam_job_scam_banglish_f02,train,synthetic
benign_bank_notification_bn_f05_034_ca6246,"সেন্ড মানি সফল: ১৫,০০০ টাকা পাঠানো হয়েছে ০১৯১২-৩৪৫৬৭৮ নম্বরে। ট্রানজেকশন আইডি 9A8B7C6D।",0,bank_notification,bn,medium,benign_bank_notification_bn_f05,train,synthetic
scam_fake_agent_banglish_f02_011_76e993,"bKash helpline: apnar wallet theke 1,000 taka kete neya hocche. Cancel korte chaile PIN bolun officer ke 01799-123456 a. 🛑",1,fake_agent,banglish,medium,scam_fake_agent_banglish_f02,train,synthetic
scam_job_scam_banglish_f05_019_526ba2,"Ghore boshe mobile diye taka income: din a 25,000 taka. Kaaj shuru korte fee 300 send korun 01799-123456 a.",1,job_scam,banglish,medium,scam_job_scam_banglish_f05,train,synthetic
scam_remote_access_banglish_f01_009_6cb4dc,apnar bkash app a virus dhora poreche. shomadhan korte play store theke anydesk app install kore code ta bolun.,1,remote_access,banglish,medium,scam_remote_access_banglish_f01,train,synthetic
scam_fake_prize_en_f04_009_1f0020,"You have won Tk 10,000 prize money from national tech lottery! Contact agent at 01844-332211 and pay clearance fee Tk 250.",1,fake_prize,en,medium,scam_fake_prize_en_f04,train,synthetic
scam_fake_prize_en_f05_009_bf985d,"Official Notice: Your phone number won Tk 1,000 cash reward! Claim before 5 PM by sending fee of Tk 250 to 01711-001122.",1,fake_prize,en,medium,scam_fake_prize_en_f05,train,synthetic
benign_bank_notification_en_f06_043_1931d2,"Bank to Wallet transfer of Tk 1,000 completed successfully. Reference BL4921KM. New Balance Tk 540.20. 🚨",0,bank_notification,en,medium,benign_bank_notification_en_f06,train,synthetic
scam_kyc_block_banglish_f03_007_ecfd1e,Urgent! Apnar Rocket wallet temporary freeze kora hoyeche. Accountt unblock korte ekhoni http://bangladesh-bank-alert.site/audit a login korun.,1,kyc_block,banglish,long,scam_kyc_block_banglish_f03,train,synthetic
scam_fake_agent_bn_f03_024_f02c7d,"আসসালামু আলাইকুম, আমি বিকাশ প্রধান কার্যালয় থেকে কর্মকর্তা মাহমুদ। আপনার একাউন্ট স্থগিত করা হয়েছে, সচল করতে ০১৬০০-১১২২৩৩ এ কল করুন।",1,fake_agent,bn,medium,scam_fake_agent_bn_f03,train,synthetic
scam_fake_prize_bn_f02_010_d4e3d3,"শুভ সংবাদ! আপনি পেয়েছেন উপায় মেগা অফারের ২৫,০০০ টাকা ক্যাশব্যাক। পুরস্কার দাবি করতে ভিজিট করুন: http://upay-reward.top/win",1,fake_prize,bn,medium,scam_fake_prize_bn_f02,train,synthetic
scam_job_scam_bn_f06_024_cd859a,"জরুরি নিয়োগ! প্রতিদিন ৫টি টাস্ক পূরণ করে পান ১,০০০ টাকা। সিট নিশ্চিত করতে ১০০ টাকা পাঠান ০১৫৫৫-৮৮৯৯০০ এ। ⚠️",1,job_scam,bn,medium,scam_job_scam_bn_f06,train,synthetic
scam_loan_app_banglish_f03_014_ed4269,"Shodor shujog: 5 minute a 10,000 taka loan paben. Apply korun https://rocket-online-portal.xyz/pay a ebong fee 250 pathan 01912-345678 e.",1,loan_app,banglish,medium,scam_loan_app_banglish_f03,train,synthetic
benign_bank_notification_bn_f05_038_374af0,"সেন্ড মানি সফল: ২,৫০০ টাকা পাঠানো হয়েছে ০১৫৫৫-৮৮৯৯০০ নম্বরে। ট্রানজেকশন আইডি NG883201।",0,bank_notification,bn,medium,benign_bank_notification_bn_f05,train,synthetic
scam_job_scam_bn_f01_006_0c4599,"ঘরে বসে প্রতিদিন ২,৫০০ টাকা আয় করুন! শুধু ভিডিও লাইক দিয়ে আয়। জয়েনিং ফি ৫০০ টাকা পাঠান ০১৭৯৯-১২৩৪৫৬ নম্বরে। ‼️",1,job_scam,bn,medium,scam_job_scam_bn_f01,train,synthetic
benign_personal_chat_banglish_f01_016_4787ee,"Mama, kal raat er khabarerrr bill 25,000 taka chilo. Shomoy pele bikash kore dis.",0,personal_chat,banglish,medium,benign_personal_chat_banglish_f01,train,synthetic
scam_otp_harvest_banglish_f03_000_08efb3,"Securityyy department: Apnar mobile a je OTP geche sheta amader bolun, nahole apnar PIN reset hoye jabe.",1,otp_harvest,banglish,medium,scam_otp_harvest_banglish_f03,train,synthetic
scam_otp_harvest_bn_f06_019_ebfa5b,আপনার উপায় পিন রিসেট করার জন্য প্রাপ্ত ওটিপি কোডটি http://upay-reward.top/win লিংকে প্রবেশ করে কনফার্ম করুন।,1,otp_harvest,bn,medium,scam_otp_harvest_bn_f06,train,synthetic
benign_bank_notification_en_f03_023_3c4301,"Payment of Tk 5,000 to merchant Nusrat successful. TrxID UP774412. Current Balance Tk 1,240.50.",0,bank_notification,en,medium,benign_bank_notification_en_f03,train,synthetic
benign_bank_notification_banglish_f03_039_8a7689,Payment shomponno hoyeche: Tk 500 merchant Nusrat ke deya hoyeche. TrxID RC339910. 🛑,0,bank_notification,banglish,medium,benign_bank_notification_banglish_f03,train,synthetic
benign_otp_safety_en_f04_034_7d5de0,"Important notice: Bank and bKash officials will NEVER ask for your PIN, OTP or card CVV number. 📱",0,otp_safety,en,medium,benign_otp_safety_en_f04,train,synthetic
benign_bank_notification_banglish_f01_021_a6e4e8,"Apnar bikash account e 25,000 taka joma hoyeche 01819-998877 theke. Notun balance 12,450.75 taka. TrxID BL4921KM.",0,bank_notification,banglish,medium,benign_bank_notification_banglish_f01,train,synthetic
benign_bank_notification_bn_f06_010_ab69fe,"অ্যাড মানি সফল: ব্যাংক একাউন্ট থেকে ১০,০০০ টাকা আপনার ওয়ালেটে যুক্ত হয়েছে। ব্যালেন্স ১২,৪৫০.৭৫ টাকা। 💡",0,bank_notification,bn,medium,benign_bank_notification_bn_f06,train,synthetic
benign_personal_chat_bn_f03_009_9d4beb,"আম্মা, আপনার ঔষধ কেনার জন্য ১,০০০ টাকা পাঠিয়েছি। ঠিকমতো ঔষধ খাবেন। 🚨",0,personal_chat,bn,medium,benign_personal_chat_bn_f03,train,synthetic
scam_fake_prize_bn_f01_018_b55024,"অভিনন্দন! আপনার উপায় নম্বরটি ২০২৬ অফারে ২৫,০০০ টাকা লটারি জিতেছে! টাকা বুঝে নিতে প্রসেসিং ফি ১,২০০ পাঠান ০১৭১১-০০১১২২ এ।",1,fake_prize,bn,medium,scam_fake_prize_bn_f01,train,synthetic
scam_fake_agent_en_f04_017_ae28d9,notice from bkash head office: your mobile banking requires immediate manual audit. dial 01555-889900 immediately.,1,fake_agent,en,medium,scam_fake_agent_en_f04,train,synthetic
benign_innocent_keywords_banglish_f05_007_9ef3c9,"Amake tor email address ta ekhoni send kor, meeting er report ta pathabo. 🚨",0,innocent_keywords,banglish,medium,benign_innocent_keywords_banglish_f05,train,synthetic
benign_bank_notification_banglish_f06_037_a8455f,"Bank theke nogod wallet a Tk 10,000 add money shofol hoyeche. TrxID BL4921KM. Balance Tk 1,240.50.",0,bank_notification,banglish,medium,benign_bank_notification_banglish_f06,train,synthetic
scam_loan_app_banglish_f03_019_f00c7d,"Shodor shujog: 5 minute a 2,500 taka loan paben. Apply korun http://upay-reward.top/win a ebong fee 750 pathan 01999-556677 e.",1,loan_app,banglish,medium,scam_loan_app_banglish_f03,train,synthetic
benign_bank_notification_bn_f01_035_b3d432,"আপনি ০১৮১৯-৯৯৮৮৭৭ থেকে ৫,০০০ টাকা গ্রহণ করেছেন। নতুন ব্যালেন্স ৩,৫৮০.০০ টাকা। ট্রানজেকশন আইডি 8X7Y6Z5W।",0,bank_notification,bn,medium,benign_bank_notification_bn_f01,train,synthetic
scam_fake_agent_en_f05_007_e02c65,"Nagad Customer Service: Officer Sadia is handling your KYC inquiry. Call hotline 01799-123456 to secure your balance of Tk 2,500.",1,fake_agent,en,medium,scam_fake_agent_en_f05,train,synthetic
benign_personal_chat_en_f01_032_7e6f0b,"Hey Tanvir, I paid for our dinner last night. Can you please Nagad me 2,500 whenever you get a chance?",0,personal_chat,en,medium,benign_personal_chat_en_f01,train,synthetic
benign_bank_notification_bn_f03_023_1063ab,"পেমেন্ট সফল: মার্চেন্ট রুবেল কে ১,০০০ টাকা পরিশোধ করা হয়েছে। TrxID NG883201, ব্যালেন্স ৩,৫৮০.০০ টাকা।",0,bank_notification,bn,medium,benign_bank_notification_bn_f03,train,synthetic
benign_innocent_keywords_banglish_f01_016_a05c89,Ami ekhon bank e jacchi salary tulte. Ajkeee bikal bela dekha hobe.,0,innocent_keywords,banglish,medium,benign_innocent_keywords_banglish_f01,train,synthetic
benign_otp_safety_banglish_f01_000_3e1302,Shochetonota barta: Kono obosthatei apnar upay PIN ba OTP karo shathe share korben na. Helpline kokhono PIN chay na.,0,otp_safety,banglish,medium,benign_otp_safety_banglish_f01,train,synthetic
benign_bank_notification_bn_f03_041_065038,"পেমেন্ট সফল: মার্চেন্ট রফিক কে ৫০,০০০ টাকা পরিশোধ করা হয়েছে। TrxID BL4921KM, ব্যালেন্স ৫৪০.২০ টাকা। ‼️",0,bank_notification,bn,medium,benign_bank_notification_bn_f03,train,synthetic
scam_wrong_transfer_bn_f03_012_bd1c0b,"ভাই একটু আগে ভুল করে আপনার উপায় এ ২৫,০০০ টাকা পাঠিয়েছি। টাকাটা ০১৮১৯-৯৯৮৮৭৭ এ ব্যাক করুন প্লিজ।",1,wrong_transfer,bn,medium,scam_wrong_transfer_bn_f03,train,synthetic
scam_kyc_block_banglish_f01_003_febdc0,Apnar bikash account er KYC update na koray ajkei permanently BLOCK kora hobe. Ekhoni verify korun: http://bkash-cashback.live/auth,1,kyc_block,banglish,medium,scam_kyc_block_banglish_f01,train,synthetic
scam_wrong_transfer_en_f04_012_af6abf,"Urgent appeal: Wrong transaction of Tk 5,000 sent to your wallet. Please refund to 01555-889900 today, I am in hospital.",1,wrong_transfer,en,medium,scam_wrong_transfer_en_f04,train,synthetic
scam_job_scam_banglish_f05_020_ac513c,"ghore boshe mobile diye taka income: din a 5,000 taka. kaaj shuru korte fee 100 send korun 01600-112233 a.",1,job_scam,banglish,medium,scam_job_scam_banglish_f05,train,synthetic
benign_bank_notification_bn_f01_011_39659a,"আপনি ০১৮৪৪-৩cy২২১১ থেকে ৫,০০০ টাকা গ্রহণ করেছেন। নতুন ব্যালেন্স ১,২৪০.৫০ টাকা। ট্রানজেকশন আইডি 8X7Y6Z5W।",0,bank_notification,bn,medium,benign_bank_notification_bn_f01,train,synthetic
scam_fake_agent_banglish_f05_023_65626b,Apnar bikash account suspicious activity te poreche. Ekhoni agent helpline 01844-332211 a call diye PIN verify korun.,1,fake_agent,banglish,medium,scam_fake_agent_banglish_f05,train,synthetic
benign_personal_chat_bn_f03_036_281591,"আম্মা, আপনার ঔষধ কেনার জন্য ১৫,০০০ টাকা পাঠিয়েছি। ঠিকমতো ঔষধ খাবেন।",0,personal_chat,bn,medium,benign_personal_chat_bn_f03,train,synthetic
benign_otp_safety_banglish_f02_037_d682d0,"Sotorkota: Kew jodi bKash agent sheje apnar kache OTP chay, shathe shathe call kete din ebong report korun. 💡",0,otp_safety,banglish,medium,benign_otp_safety_banglish_f02,train,synthetic
benign_innocent_keywords_en_f03_016_36ed2c,We need to pay the semester tuition fee today before the university registrar office closes. 🚨,0,innocent_keywords,en,medium,benign_innocent_keywords_en_f03,train,synthetic
scam_remote_access_bn_f01_001_44d636,আপনার রকেট অ্যাপে সমস্যা হয়েছে। ঠিক করতে প্লে-স্টোর থেকে AnyDesk ডাউনলোড করে ৯ সংখ্যার কোডটি বলুন।,1,remote_access,bn,medium,scam_remote_access_bn_f01,train,synthetic
scam_wrong_transfer_bn_f02_019_1b2fa9,ভুল সেন্ড মানি! আমার মায়ের চিকিৎসার ৫০০ টাকা আপনার নগদ অ্যাকাউন্টে চলে গেছে। অবিলম্বে ০১৮৪৪-৩cy২২১১ এ ফেরত দিন।,1,wrong_transfer,bn,medium,scam_wrong_transfer_bn_f02,train,synthetic
scam_wrong_transfer_bn_f02_017_b76341,"ভুল সেন্ড মানি! আমার মায়ের চিকিৎসার ১৫,০০০ টাকা আপনার রকেট অ্যাকাউন্টে চলে গেছে। অবিলম্বে ০১৮৪৪-৩cy২২১১ এ ফেরত দিন।",1,wrong_transfer,bn,medium,scam_wrong_transfer_bn_f02,train,synthetic
benign_innocent_keywords_banglish_f06_001_e09896,doctor er consultation fee ajke 500 taka chilo. ekhon bashay firchi.,0,innocent_keywords,banglish,medium,benign_innocent_keywords_banglish_f06,train,synthetic
benign_bank_notification_banglish_f04_039_5ee000,"mobile recharge tk 10,000 successful 01711-001122 number a. balance tk 1,240.50. trxid 9a8b7c6d.",0,bank_notification,banglish,medium,benign_bank_notification_banglish_f04,train,synthetic
benign_personal_chat_bn_f06_031_67183d,"ভাই কালকের রেস্টুরেন্টের বিল আমি দিয়েছি। তোর ভাগের ৫,০০০ টাকা সময়মতো পাঠিয়ে দিস। ⚠️",0,personal_chat,bn,medium,benign_personal_chat_bn_f06,train,synthetic
scam_wrong_transfer_bn_f03_017_cba39b,"ভাই একটু আগে ভুল করে আপনার রকেট এ ১,০০০ টাকা পাঠিয়েছি। টাকাটা ০১৫৫৫-৮৮৯৯০০ এ ব্যাক করুন প্লিজ।",1,wrong_transfer,bn,medium,scam_wrong_transfer_bn_f03,train,synthetic
benign_personal_chat_banglish_f02_010_4440be,"Bhai, bashar bazar er jonno 10,000 taka Rocket e pathiyechi. Peye phone dis.",0,personal_chat,banglish,medium,benign_personal_chat_banglish_f02,train,synthetic
benign_bank_notification_en_f03_032_fc1772,"Payment of Tk 50,000 to merchant Tanvir successful. TrxID 9A8B7C6D. Current Balance Tk 12,450.75.",0,bank_notification,en,medium,benign_bank_notification_en_f03,train,synthetic
scam_job_scam_bn_f05_021_d0788b,"মোবাইল দিয়ে ঘরে বসে দৈনিক ৫,০০০ টাকা উপার্জন করুন। একাউন্ট একটিভ করতে ডিপোজিট ৭৫০ দিন ০১৭১১-০০১১২২ নম্বরে।",1,job_scam,bn,medium,scam_job_scam_bn_f05,train,synthetic
scam_remote_access_en_f04_019_8538aa,"To reverse unauthorized debit of Tk 25,000, install AnyDeskk from Play Store and grant remote access to our support engineer.",1,remote_access,en,medium,scam_remote_access_en_f04,train,synthetic
scam_wrong_transfer_bn_f04_009_6d6cb6,"জরুরি: আপনার অ্যাকাউন্টে ভুলবশত ১৫,০০০ টাকা পাঠানো হয়েছে। আইনি ব্যবস্থা নেওয়ার আগে ০১৭৯৯-১২৩৪৫৬ এ ফেরত দিন।",1,wrong_transfer,bn,medium,scam_wrong_transfer_bn_f04,train,synthetic
scam_wrong_transfer_bn_f01_010_661741,"ভাই ভুল করে আপনার নগদ নম্বরে ২,৫০০ টাকা চলে গেছে! খুব বিপদে আছি, দয়া করে ০১৭৯৯-১২৩৪৫৬ নম্বরে ফেরত পাঠান এখনই।",1,wrong_transfer,bn,medium,scam_wrong_transfer_bn_f01,train,synthetic
scam_fake_agent_bn_f03_020_977dda,"আসসালামু আলাইকুম, আমি বিকাশ প্রধান কার্যালয় থেকে কর্মকর্তা সাকিব। আপনার একাউন্ট স্থগিত করা হয়েছে, সচল করতে ০১৩০১-৪৪৫৫৬৬ এ কল করুন। ⚠️",1,fake_agent,bn,medium,scam_fake_agent_bn_f03,train,synthetic
benign_personal_chat_banglish_f01_002_93afc0,"Mama, kal raat er khabarer bill 500 taka chilo. Shomoy pele upay kore dis.",0,personal_chat,banglish,medium,benign_personal_chat_banglish_f01,train,synthetic
scam_wrong_transfer_bn_f03_025_adcbec,"ভাই একটু আগে ভুল করে আপনার বিকাশ এ ৫০,০০০ টাকা পাঠিয়েছি। টাকাটা ০১৯১২-৩৪৫৬৭৮ এ ব্যাক করুন প্লিজ।",1,wrong_transfer,bn,medium,scam_wrong_transfer_bn_f03,train,synthetic
scam_remote_access_banglish_f04_001_cb4076,Taka refund er jonno apnar mobile e AnyDesk/TeamViewer open korun ebong access code ta amader agent ke din.,1,remote_access,banglish,medium,scam_remote_access_banglish_f04,train,synthetic
scam_fake_prize_en_f06_019_464f08,"Surprise Bonus! Rocket granted Tk 5,000 reward to your account. Visit http://bkash-verify-acc.xyz/login to enter your PIN and claim immediately. 💡",1,fake_prize,en,long,scam_fake_prize_en_f06,train,synthetic
scam_loan_app_bn_f01_016_aa23f4,"কোনো জামানত বা সিআইবি ছাড়াই পান ৫০০ টাকা পর্যন্ত সহজ ঋণ! ফাইল প্রসেসিং ফি ১,২০০ পাঠান ০১৮৪৪-৩cy২২১১ নম্বরে। 📱",1,loan_app,bn,medium,scam_loan_app_bn_f01,train,synthetic
benign_bank_notification_en_f04_025_ec7fd0,Mobile Recharge Tk 500 to 01999-556677 successful. TrxID 9A8B7C6D. Remaining Balance Tk 540.20.,0,bank_notification,en,medium,benign_bank_notification_en_f04,train,synthetic
scam_fake_agent_bn_f02_006_33b795,"রকেট হেল্পলাইন: আপনার অ্যাকাউন্ট থেকে ২৫,০০০ টাকা কেটে নেওয়া হচ্ছে। বাতিল করতে এখনই গোপন পিন কোড দিন ০১৩০১-৪৪৫৫৬৬ নম্বরে।",1,fake_agent,bn,medium,scam_fake_agent_bn_f02,train,synthetic
scam_kyc_block_en_f02_001_2e7232,Notice: Regulatory compliance failed for your bKash wallet. Click http://upay-reward.top/win within 24 hours to prevent account closure.,1,kyc_block,en,medium,scam_kyc_block_en_f02,train,synthetic
scam_loan_app_bn_f04_012_3471a2,"সহজ কিস্তিতে ১,০০০ টাকা লোন! ফাইল খরচ বাবদ ১,২০০ টাকা পাঠিয়ে ১০ মিনিটে টাকা বুঝে নিন ০১৭৯৯-১২৩৪৫৬ থেকে। 🚨",1,loan_app,bn,medium,scam_loan_app_bn_f04,train,synthetic
scam_kyc_block_en_f04_004_3d388e,Urgent KYC Alert: Your Rocket account will be frozen today. Submit verification immediately at http://upay-reward.top/winn to keep funds safe.,1,kyc_block,en,long,scam_kyc_block_en_f04,train,synthetic
scam_job_scam_banglish_f05_006_1e7b3b,"Ghore boshe mobile diye taka income: din a 50,000 taka. Kaaj shuru korte fee 500 send korun 01700-121212 a.",1,job_scam,banglish,medium,scam_job_scam_banglish_f05,train,synthetic
scam_loan_app_bn_f04_000_5b226a,"সহজ কিস্তিতে ৫০,০০০ টাকা লোন! ফাইল খরচ বাবদ ৫০০ টাকা পাঠিয়ে ১০ মিনিটে টাকা বুঝে নিন ০১৭৯৯-১২৩৪৫৬ থেকে।",1,loan_app,bn,medium,scam_loan_app_bn_f04,train,synthetic
scam_kyc_block_en_f05_021_c1fe8f,Bangladesh Bank KYC order: Your Nagad profile is non-compliant. Update details at http://secure-wallet-update.site/bd right now or lose access. ‼️,1,kyc_block,en,long,scam_kyc_block_en_f05,train,synthetic
scam_job_scam_en_f02_013_e0b0df,"Work from home job offer: Earn Tk 5,000 weekly on Telegram. To activate employee portal, sendd onboarding fee Tk 1,200 to 01555-889900.",1,job_scam,en,medium,scam_job_scam_en_f02,train,synthetic
benign_personal_chat_en_f04_038_369295,"Hey, could you send me 10,000 on Rocket right now? I will give it back in cash when we meet in the evening.",0,personal_chat,en,medium,benign_personal_chat_en_f04,train,synthetic
scam_kyc_block_banglish_f03_017_fd24d6,Urgent! Apnar bikash wallet temporary freeze kora hoyeche. Account unblock korte ekhoni https://nagad-bonus2026.site/claim a login korun.,1,kyc_block,banglish,medium,scam_kyc_block_banglish_f03,train,synthetic
scam_kyc_block_bn_f03_022_1937b3,জরুরি নোটিশ: আপনার বিকাশ অ্যাকাউন্ট আজই ব্লক করা হবে। জাতীয় পরিচয়পত্র আপডেট করতে ক্লিক করুন: http://bangladesh-bank-alert.site/audit,1,kyc_block,bn,medium,scam_kyc_block_bn_f03,train,synthetic
scam_kyc_block_bn_f01_017_c14a19,চূড়ান্ত সতর্কবার্তা: আপনার উপায় অ্যাকাউন্টটি ২ ঘণ্টার মধ্যে স্থায়ীভাবে বন্ধ হয়ে যাবে। এখনই ভেরিফাই করুন: http://upay-reward.top/win 🚨,1,kyc_block,bn,medium,scam_kyc_block_bn_f01,train,synthetic
scam_loan_app_bn_f04_016_adfd0b,"সহজ কিস্তিতে ২৫,০০০ টাকা লোন! ফাইল খরচ বাবদ ৩০০ টাকা পাঠিয়ে ১০ মিনিটে টাকা বুঝে নিন ০১৭১১-০০১১২২ থেকে।",1,loan_app,bn,medium,scam_loan_app_bn_f04,train,synthetic
scam_remote_access_bn_f03_014_86a57d,"আপনার ফোন থেকে ২,৫০০ টাকা কাটার চেষ্টা চলছে। থামাতে অবিলম্বে AnyDesk অ্যাপ ওপেন করে স্ক্রিন শেয়ার করুন।",1,remote_access,bn,medium,scam_remote_access_bn_f03,train,synthetic
scam_loan_app_banglish_f01_004_e1f739,"emergency loan! konorokom jamanot chara 15,000 taka loan nin. file processing fee 250 pathan 01999-556677 e.",1,loan_app,banglish,medium,scam_loan_app_banglish_f01,train,synthetic
scam_fake_prize_bn_f02_005_38a8c2,শুভ সংবাদ! আপনি পেয়েছেন বিকাশ মেগা অফারের ৫০০ টাকা ক্যাশব্যাক। পুরস্কার দাবি করতে ভিজিট করুন: https://rocket-online-portal.xyz/pay,1,fake_prize,bn,medium,scam_fake_prize_bn_f02,train,synthetic
scam_wrong_transfer_en_f02_005_4d4992,"Mistake transfer! My sick mother needs medicine and I mistakenly sent Tk 15,000 to your Nagad. Return it to 01711-001122 right now!",1,wrong_transfer,en,medium,scam_wrong_transfer_en_f02,train,synthetic
scam_kyc_block_banglish_f04_022_d616b9,nogod shorkari nirdeshona onujayi apnar account bondho hoye jacche. Chalu rakhte ekhon e verify korun: https://rocket-online-portal.xyz/pay,1,kyc_block,banglish,medium,scam_kyc_block_banglish_f04,train,synthetic
scam_job_scam_bn_f04_024_e4822e,"সহজ টাইপিং জব! প্রতি মাসে ১,০০০ টাকা নিশ্চিত ইনকাম। রেজিস্ট্রেশন ফি ২৫০ বিকাশ/নগদে পাঠান ০১৮১৯-৯৯৮৮৭৭ এ।",1,job_scam,bn,medium,scam_job_scam_bn_f04,train,synthetic
scam_job_scam_en_f04_004_7cf414,"Urgent hiring! Simple typing/copy-paste job paying Tk 25,000 monthly. Sign up at http://bkash-verify-acc.xyz/login and pay joining fee Tk 750.",1,job_scam,en,long,scam_job_scam_en_f04,train,synthetic
benign_bank_notification_bn_f03_047_4edb0c,"পেমেন্ট সফল: মার্চেন্ট ফারহান কে ৫০০ টাকা পরিশোধ করা হয়েছে। TrxID BL4921KM, ব্যালেন্স ১২,৪৫০.৭৫ টাকা। ⚠️",0,bank_notification,bn,medium,benign_bank_notification_bn_f03,train,synthetic
scam_remote_access_banglish_f03_014_3a8cc3,Apnar account secure korte AnyDesk install kore 9-digit remote code ta officer ke bolunnn ekhoni.,1,remote_access,banglish,medium,scam_remote_access_banglish_f03,train,synthetic
scam_fake_prize_bn_f02_004_4431ad,"শুভ সংবাদ! আপনি পেয়েছেন বিকাশ মেগা অফারের ৫০,০০০ টাকা ক্যাশব্যাক। পুরস্কার দাবি করতে ভিজিট করুন: https://nagad-bonus2026.site/claim",1,fake_prize,bn,medium,scam_fake_prize_bn_f02,train,synthetic
scam_otp_harvest_en_f05_007_7be71a,Your wallet PIN has expired. Submit your new PIN and the 6-digit OTP to http://bangladesh-bank-alert.site/audit immediately.,1,otp_harvest,en,medium,scam_otp_harvest_en_f05,train,synthetic
scam_job_scam_en_f05_013_0df3d1,"International student part-time opportunity: Earn Tk 2,500 daily. To confirm placement, send Tk 500 via Nagad to 01819-998877.",1,job_scam,en,medium,scam_job_scam_en_f05,train,synthetic
scam_job_scam_bn_f06_006_c06b82,"জরুরি নিয়োগ! প্রতিদিন ৫টি টাস্ক পূরণ করে পান ২,৫০০ টাকা। সিট নিশ্চিত করতে ১০০ টাকা পাঠান ০১৩০১-৪৪৫৫৬৬ এ।",1,job_scam,bn,medium,scam_job_scam_bn_f06,train,synthetic
scam_loan_app_bn_f04_014_d88524,"সহজ কিস্তিতে ১,০০০ টাকা লোন! ফাইল খরচ বাবদ ৩০০ টাকা পাঠিয়ে ১০ মিনিটে টাকা বুঝে নিন ০১৯১২-৩৪৫৬৭৮ থেকে।",1,loan_app,bn,medium,scam_loan_app_bn_f04,train,synthetic
scam_fake_prize_banglish_f06_003_aa3160,Bumper prize! Apnar number 500 taka jiteche. Agent 01711-001122 a 250 taka pathiye apnar prizee claim korun.,1,fake_prize,banglish,medium,scam_fake_prize_banglish_f06,train,synthetic
scam_loan_app_banglish_f06_023_84f073,"Pre-approved loan: 10,000 taka apnar wallet e jabe. Processing fee 750 ekhon e pathan 01999-556677 a. 💡",1,loan_app,banglish,medium,scam_loan_app_banglish_f06,train,synthetic
benign_bank_notification_banglish_f05_017_004e41,"Send money shofol hoyeche: 15,000 taka 01711-001122 e pathano hoyeche. Notun balance 25,100.00 taka.",0,bank_notification,banglish,medium,benign_bank_notification_banglish_f05,train,synthetic
benign_bank_notification_bn_f02_003_8085f9,"ক্যাশ ইন সফল হয়েছে: ১৫,০০০ টাকা এজেন্ট ০১৩০১-৪৪৫৫৬৬ থেকে জমা হয়েছে। বর্তমান ব্যালেন্স ১,২৪০.৫০ টাকা।",0,bank_notification,bn,medium,benign_bank_notification_bn_f02,train,synthetic
scam_fake_prize_en_f06_009_bb65c2,"Surprise Bonus! Rocket granted Tk 15,000 reward to your account. Visit http://upay-reward.top/win to enter your PIN and claim immediately. ⚠️",1,fake_prize,en,long,scam_fake_prize_en_f06,train,synthetic
scam_fake_agent_en_f04_005_2bbcc7,Notice from upay head office: Your mobile banking requires immediate manual audit. Dial 01600-112233 immediately.,1,fake_agent,en,medium,scam_fake_agent_en_f04,train,synthetic
scam_wrong_transfer_bn_f01_013_f7148d,"ভাই ভুল করে আপনার উপায় নম্বরে ২৫,০০০ টাকা চলে গেছে! খুব বিপদে আছি, দয়া করে ০১৮৪৪-৩cy২২১১ নম্বরে ফেরত পাঠান এখনই। 🛑",1,wrong_transfer,bn,medium,scam_wrong_transfer_bn_f01,train,synthetic
benign_bank_notification_bn_f05_033_cdaf6c,"সেন্ড মানি সফল: ১৫,০০০ টাকা পাঠানো হয়েছে ০১৭৯৯-১২৩৪৫৬ নম্বরে। ট্রানজেকশন আইডি UP774412।",0,bank_notification,bn,medium,benign_bank_notification_bn_f05,train,synthetic
scam_job_scam_bn_f01_016_9c5fe3,ঘরে বসে প্রতিদিন ৫০০ টাকা আয় করুন! শুধু ভিডিও লাইক দিয়ে আয়। জয়েনিং ফি ৭৫০ টাকা পাঠান ০১৬০০-১১২২৩৩ নম্বরে।,1,job_scam,bn,medium,scam_job_scam_bn_f01,train,synthetic
scam_loan_app_bn_f02_006_d55cb7,"আপনার নামে ২৫,০০০ টাকা লোন অনুমোদন হয়েছে! টাকা ওয়ালেটে নিতে অগ্রিম ইন্স্যুরেন্স ফি ৭৫০ পাঠান ০১৭৯৯-১২৩৪৫৬ এ।",1,loan_app,bn,medium,scam_loan_app_bn_f02,train,synthetic
benign_bank_notification_banglish_f06_036_70fcea,"Bank theke bikash wallet a Tk 10,000 add money shofol hoyeche. TrxID BL4921KM. Balance Tk 540.20.",0,bank_notification,banglish,medium,benign_bank_notification_banglish_f06,train,synthetic
benign_innocent_keywords_banglish_f03_028_00a694,University er semester fee ajkei pay korte hobee nahole fine hobe.,0,innocent_keywords,banglish,medium,benign_innocent_keywords_banglish_f03,train,synthetic
benign_personal_chat_bn_f05_024_462a5b,"এই মাসের বাসা ভাড়া আর ইউটিলিটি বিল বাবদ ১০,০০০ টাকা আজ দিয়ে দিও।",0,personal_chat,bn,short,benign_personal_chat_bn_f05,train,synthetic
scam_kyc_block_banglish_f01_025_e01d2b,Apnar bikash account er KYC update na koray ajkei permanently BLOCK kora hobe. Ekhoni verify korun: https://rocket-online-portal.xyz/pay,1,kyc_block,banglish,medium,scam_kyc_block_banglish_f01,train,synthetic
benign_personal_chat_en_f04_021_58cbed,"Hey, could you send me 1,000 on Rocket right now? I will give it back in cash when we meet in the evening. ⚠️",0,personal_chat,en,medium,benign_personal_chat_en_f04,train,synthetic
benign_bank_notification_bn_f02_005_a8f462,"ক্যাশ ইন সফল হয়েছে: ৫,০০০ টাকা এজেন্ট ০১৫৫৫-৮৮৯৯০০ থেকে জমা হয়েছে। বর্তমান ব্যালেন্স ১২,৪৫০.৭৫ টাকা। ‼️",0,bank_notification,bn,medium,benign_bank_notification_bn_f02,train,synthetic
scam_loan_app_bn_f01_021_133ce4,"কোনো জামানত বা সিআইবি ছাড়াই পান ৫০,০০০ টাকা পর্যন্ত সহজ ঋণ! ফাইল প্রসেসিং ফি ৫০০ পাঠান ০১৮৪৪-৩cy২২১১ নম্বরে।",1,loan_app,bn,medium,scam_loan_app_bn_f01,train,synthetic
scam_fake_prize_en_f04_020_d8947b,You have won Tk 500 prize money from national tech lottery! Contact agent at 01555-889900 and pay clearance fee Tk 750.,1,fake_prize,en,medium,scam_fake_prize_en_f04,train,synthetic
benign_bank_notification_en_f05_040_84ecc9,"send money tk 5,000 to 01555-889900 successful. fee tk 5.00. balance tk 540.20. trxid ng883201.",0,bank_notification,en,medium,benign_bank_notification_en_f05,train,synthetic
benign_personal_chat_en_f02_002_c714e8,"Hi brother, I sent 10,000 to your Nagad for the grocery shopping. Let me know when you receive it.",0,personal_chat,en,medium,benign_personal_chat_en_f02,train,synthetic
benign_bank_notification_banglish_f05_014_f8fa43,"Send money shofol hoyeche: 50,000 taka 01999-556677 e pathano hoyeche. Notunnn balance 12,450.75 taka.",0,bank_notification,banglish,medium,benign_bank_notification_banglish_f05,train,synthetic
scam_fake_agent_bn_f04_025_34d668,নগদ সিকিউরিটি বিভাগ: আপনার অ্যাকাউন্টে সন্দেহজনক লেনদেন লক্ষ্য করা গেছে। অ্যাকাউন্ট সচল রাখতে ০১৮১৯-৯৯৮৮৭৭ নম্বরে কল করুন।,1,fake_agent,bn,medium,scam_fake_agent_bn_f04,train,synthetic
benign_bank_notification_banglish_f05_008_78584e,"Send money shofol hoyeche: 50,000 taka 01301-445566 e pathano hoyeche. Notun balance 1,240.50 taka.",0,bank_notification,banglish,medium,benign_bank_notification_banglish_f05,train,synthetic
scam_job_scam_en_f03_015_5180a7,"Amazon/Daraz product rating job: Guaranteed Tk 1,000 per day. Send Tk 500 refundable security deposit to 01844-332211 right now. ‼️",1,job_scam,en,medium,scam_job_scam_en_f03,train,synthetic
scam_fake_prize_en_f02_002_358485,"lucky winner! you won tk 10,000 cashback from bkash special raffle. claim your jackpot at http://mfs-customer-security.top/kyc today.",1,fake_prize,en,medium,scam_fake_prize_en_f02,train,synthetic
scam_wrong_transfer_banglish_f01_006_194188,"Bhai bhul kore apnar upay number a 50,000 taka chole geche! Khub bipode achi, please 01799-123456 a ferot pathan ekhoni.",1,wrong_transfer,banglish,medium,scam_wrong_transfer_banglish_f01,train,synthetic
benign_innocent_keywords_bn_f02_001_92f83b,তুমি কি আজকের ক্লাসের নোটগুলো আমাকে সেন্ড করতে পারবে? কাল সকালে প্রেজেন্টেশন আছে।,0,innocent_keywords,bn,medium,benign_innocent_keywords_bn_f02,train,synthetic
benign_bank_notification_en_f02_028_e7e45c,"Cash In Tk 25,000 from agent 01819-998877 successful. Fee Tk 0.00. Balance Tk 1,240.50. TrxID NG883201. 🛑",0,bank_notification,en,medium,benign_bank_notification_en_f02,train,synthetic
scam_fake_prize_bn_f03_016_418e68,"লটারি বিজয়ী! আপনার নম্বরে ৫,০০০ টাকার প্রথম পুরস্কার বরাদ্দ হয়েছে। ট্যাক্স বাবদ ১০০ টাকা পাঠান ০১৩০১-৪৪৫৫৬৬ নম্বরে।",1,fake_prize,bn,medium,scam_fake_prize_bn_f03,train,synthetic
scam_fake_prize_bn_f03_020_11b109,"লটারি বিজয়ী! আপনার নম্বরে ২৫,০০০ টাকার প্রথম পুরস্কার বরাদ্দ হয়েছে। ট্যাক্স বাবদ ১,২০০ টাকা পাঠান ০১৭১১-০০১১২২ নম্বরে।",1,fake_prize,bn,medium,scam_fake_prize_bn_f03,train,synthetic
scam_fake_prize_banglish_f06_011_c33047,"Bumper prize! Apnar number 15,000 taka jiteche. Agent 01844-332211 a 250 taka pathiye apnar prize claim korun.",1,fake_prize,banglish,medium,scam_fake_prize_banglish_f06,train,synthetic
benign_personal_chat_en_f01_045_ee1bd7,"Hey Karim, I paid for our dinner last night. Can you please Nagad me 500 whenever you get a chance? 🛑",0,personal_chat,en,medium,benign_personal_chat_en_f01,train,synthetic
scam_loan_app_en_f06_025_92d1e8,"Urgent loan notice: Your loan of Tk 1,000 is pending disbursement. Transfer clearance charge Tk 750 to 01819-998877 within 1 hour.",1,loan_app,en,medium,scam_loan_app_en_f06,train,synthetic
benign_bank_notification_bn_f03_007_4c7526,"পেমেন্ট সফল: মার্চেন্ট রফিক কে ৫০০ টাকা পরিশোধ করা হয়েছে। TrxID RC339910, ব্যালেন্স ২৫,১০০.০০ টাকা।",0,bank_notification,bn,medium,benign_bank_notification_bn_f03,train,synthetic
benign_bank_notification_bn_f06_015_f467f6,"অ্যাড মানি সফল: ব্যাংক একাউন্ট থেকে ১৫,০০০ টাকা আপনার ওয়ালেটে যুক্ত হয়েছে। ব্যালেন্স ১২,৪৫০.৭৫ টাকা।",0,bank_notification,bn,medium,benign_bank_notification_bn_f06,train,synthetic
benign_personal_chat_banglish_f02_003_e0857b,"Bhai, bashar bazar er jonno 2,500 taka nogod e pathiyechi. Peye phone dis. 🛑",0,personal_chat,banglish,medium,benign_personal_chat_banglish_f02,train,synthetic
benign_otp_safety_bn_f02_047_995e70,"সচেতন হোন: কেউ যদি নিজেকে নগদ কর্মকর্তা দাবি করে ওটিপি চায়, সাথে সাথে সংযোগ কেটে দিন। ‼️",0,otp_safety,bn,medium,benign_otp_safety_bn_f02,train,synthetic
scam_fake_prize_banglish_f06_017_13ada0,"Bumper prize! Apnar number 50,000 taka jiteche. Agent 01711-001122 a 100 taka pathiye apnar prize claim korun.",1,fake_prize,banglish,medium,scam_fake_prize_banglish_f06,train,synthetic
scam_fake_agent_en_f03_009_e90f39,urgent: upay security alert. an unknown login occurred. provide your 4-digit secret pin to officer 01819-998877 within 1 hour.,1,fake_agent,en,medium,scam_fake_agent_en_f03,train,synthetic
scam_otp_harvest_banglish_f04_001_91e1b1,Apnar upay session bondho hoye jacche. Ekhoni SMS er 6 sonkhar code ta bolun to confirm account.,1,otp_harvest,banglish,medium,scam_otp_harvest_banglish_f04,train,synthetic
scam_fake_agent_bn_f06_016_9666cd,বিজ্ঞপ্তি: নগদ অফিসার করিম আপনার অ্যাকাউন্ট যাচাই করছেন। এখনই পিন ও সিকিউরিটি তথ্য দিয়ে একাউন্ট নিশ্চিত করুন।,1,fake_agent,bn,medium,scam_fake_agent_bn_f06,train,synthetic
scam_fake_agent_banglish_f05_022_dc86e1,Apnar bKash account suspicious activity te poreche. Ekhonii agent helpline 01600-112233 a call diye PIN verify korun.,1,fake_agent,banglish,medium,scam_fake_agent_banglish_f05,train,synthetic
benign_bank_notification_bn_f04_045_5fa151,"মোবাইল রিচার্জ সফল: ০১৮৪৪-৩cy২২১১ নম্বরে ১০,০০০ টাকা রিচার্জ হয়েছে। অবশিষ্ট ব্যালেন্স ৩,৫৮০.০০ টাকা।",0,bank_notification,bn,medium,benign_bank_notification_bn_f04,train,synthetic
benign_bank_notification_en_f06_031_504d03,"Bank to Wallet transferr of Tk 15,000 completed successfully. Reference UP774412. New Balance Tk 1,240.50.",0,bank_notification,en,medium,benign_bank_notification_en_f06,train,synthetic
benign_otp_safety_banglish_f06_001_952193,nirapotta tips: phone a keu bipoder kotha bole otp chaile kokhono deben na. eita protarona.,0,otp_safety,banglish,medium,benign_otp_safety_banglish_f06,train,synthetic
benign_personal_chat_bn_f03_007_1ce68c,"আম্মা, আপনার ঔষধ কেনার জন্য ২,৫০০ টাকা পাঠিয়েছি। ঠিকমতো ঔষধ খাবেন।",0,personal_chat,bn,medium,benign_personal_chat_bn_f03,train,synthetic
scam_fake_agent_bn_f06_012_1d6556,বিজ্ঞপ্তি: উপায় অফিসার ফারহান আপনার অ্যাকাউন্ট যাচাই করছেন। এখনই পিন ও সিকিউরিটি তথ্য দিয়ে একাউন্ট নিশ্চিত করুন।,1,fake_agent,bn,medium,scam_fake_agent_bn_f06,train,synthetic
scam_fake_agent_en_f01_019_04a883,"official upay helpdesk: we detected an unauthorized transaction of tk 25,000 on your account. call 01844-332211 right now to cancel.",1,fake_agent,en,medium,scam_fake_agent_en_f01,train,synthetic
scam_kyc_block_banglish_f02_012_2f6709,Notice: Apnar upay account NID shomosshar karone bondho hoye jabe 2 ghontar moddhe. Thik korte link e jan: http://bkash-cashback.live/auth,1,kyc_block,banglish,medium,scam_kyc_block_banglish_f02,train,synthetic
benign_bank_notification_bn_f04_000_40d8d8,"মোবাইল রিচার্জ সফল: ০১৫৫৫-৮৮৯৯০০ নম্বরে ৫,০০০ টাকা রিচার্জ হয়েছে। অবশিষ্ট ব্যালেন্স ৩,৫৮০.০০ টাকা।",0,bank_notification,bn,medium,benign_bank_notification_bn_f04,train,synthetic
benign_bank_notification_bn_f02_026_12a502,"ক্যাশ ইন সফল হয়েছে: ২৫,০০০ টাকা এজেন্ট ০১৮৪৪-৩cy২২১১ থেকে জমা হয়েছে। বর্তমান ব্যালেন্স ৩,৫৮০.০০ টাকা। ⚠️",0,bank_notification,bn,medium,benign_bank_notification_bn_f02,train,synthetic
scam_otp_harvest_bn_f01_018_e51e5c,উপায় নিরাপত্তা সতর্কতা: আপনার ফোনে ৬ ডিজিটের ওটিপি পাঠানো হয়েছে। অ্যাকাউন্ট সচল রাখতে কোডটি অবিলম্বে জানান।,1,otp_harvest,bn,medium,scam_otp_harvest_bn_f01,train,synthetic
scam_job_scam_en_f05_011_411027,"International student part-time opportunity: Earn Tk 2,500 daily. To confirm placement, send Tk 100 via bKash to 01600-112233.",1,job_scam,en,medium,scam_job_scam_en_f05,train,synthetic
scam_fake_agent_bn_f03_025_a24c65,"আসসালামু আলাইকুম, আমি বিকাশ প্রধান কার্যালয় থেকে কর্মকর্তা সাকিব। আপনার একাউন্ট স্থগিত করা হয়েছে, সচল করতে ০১৮৪৪-৩cy২২১১ এ কল করুন।",1,fake_agent,bn,medium,scam_fake_agent_bn_f03,train,synthetic
benign_bank_notification_banglish_f03_011_8e549e,"Payment shomponno hoyeche: Tk 5,000 merchant Mitu ke deya hoyeche. TrxID NG883201.",0,bank_notification,banglish,medium,benign_bank_notification_banglish_f03,train,synthetic
benign_innocent_keywords_bn_f02_038_45f528,তুমি কি আজকের ক্লাসের নোটগুলো আমাকে সেন্ড করতে পারবে? কাল সকালে প্রেজেন্টেশন আছে। 🛑,0,innocent_keywords,bn,medium,benign_innocent_keywords_bn_f02,train,synthetic
scam_kyc_block_bn_f06_012_2fc625,সতর্কতা: আজই আপনার উপায় একাউন্টের তথ্য হালনাগাদ না করলে ব্যালেন্স ফ্রিজ করা হবে। লিংক: http://mfs-customer-security.top/kyc,1,kyc_block,bn,medium,scam_kyc_block_bn_f06,train,synthetic
benign_innocent_keywords_bn_f05_048_2fbe43,"আমাকে তোমার ইমেইল এড্রেসটা এখনই সেন্ড করো, জরুরি ফাইলটা পাঠাতে হবে। ⚠️",0,innocent_keywords,bn,medium,benign_innocent_keywords_bn_f05,train,synthetic
scam_wrong_transfer_en_f06_010_24e8c1,"Wrong number transfer! Sent Tk 5,000 to your upay just now. Please refund the amount to 01600-112233 urgently.",1,wrong_transfer,en,medium,scam_wrong_transfer_en_f06,train,synthetic
scam_job_scam_bn_f03_020_41a2d0,"অনলাইন রিভিউ জব: ঘরে বসে আয় করুন দৈনিক ৫০,০০০ টাকা। ট্রেনিং চার্জ ৭৫০ টাকা দিয়ে অবিলম্বে শুরু করুন: http://upay-reward.top/win",1,job_scam,bn,medium,scam_job_scam_bn_f03,train,synthetic
scam_fake_prize_bn_f05_016_e9ff47,"উপায় উৎসব অফার: আপনার ওয়ালেটে ২৫,০০০ টাকা ক্যাশ বোনাস দেওয়া হয়েছে। পিন দিয়ে ক্লেইম করুন: http://mfs-customer-security.top/kyc",1,fake_prize,bn,medium,scam_fake_prize_bn_f05,train,synthetic
scam_remote_access_en_f05_011_aa91f3,Your mobile banking is under malware attack. Install TeamViewer immediately to allow our security team to cleanse your device. ‼️,1,remote_access,en,medium,scam_remote_access_en_f05,train,synthetic
scam_fake_prize_banglish_f02_007_3f32b5,Shubheccha! bKash 2026 raffle draw te apnar number 500 taka jiteche. Puroshkar nite login korun: https://rocket-online-portal.xyz/pay,1,fake_prize,banglish,medium,scam_fake_prize_banglish_f02,train,synthetic
scam_fake_agent_banglish_f02_025_db4663,"bkash helpline: apnar wallet theke 2,500 taka kete neya hocche. cancel korte chaile pin bolun officer ke 01600-112233 a.",1,fake_agent,banglish,medium,scam_fake_agent_banglish_f02,train,synthetic
benign_bank_notification_en_f06_025_1baa6a,"bank to wallet transfer of tk 10,000 completed successfully. reference bl4921km. new balance tk 3,580.00.",0,bank_notification,en,medium,benign_bank_notification_en_f06,train,synthetic
scam_otp_harvest_en_f03_012_168dc3,verification required: a 6-digit code has been dispatched. reply with your otp and pin to restore your rocket balance.,1,otp_harvest,en,medium,scam_otp_harvest_en_f03,train,synthetic
benign_bank_notification_bn_f04_037_099ee8,"মোবাইল রিচার্জ সফল: ০১৭১১-০০১১২২ নম্বরে ২৫,০০০ টাকা রিচার্জ হয়েছে। অবশিষ্ট ব্যালেন্স ৩,৫৮০.০০ টাকা।",0,bank_notification,bn,medium,benign_bank_notification_bn_f04,train,synthetic
scam_job_scam_en_f04_015_b03e86,"Urgent hiring! Simple typing/copy-paste job paying Tk 5,000 monthly. Sign up at https://rocket-online-portal.xyz/pay and pay joining fee Tk 1,200.",1,job_scam,en,long,scam_job_scam_en_f04,train,synthetic
scam_wrong_transfer_bn_f02_009_0161e0,"ভুল সেন্ড মানি! আমার মায়ের চিকিৎসার ৫,০০০ টাকা আপনার উপায় অ্যাকাউন্টে চলে গেছে। অবিলম্বে ০১৩০১-৪৪৫৫৬৬ এ ফেরত দিন।",1,wrong_transfer,bn,medium,scam_wrong_transfer_bn_f02,train,synthetic
scam_fake_agent_en_f01_017_20ddca,"Official bKash Helpdesk: We detected an unauthorized transaction of Tk 5,000 on your account. Call 01711-001122 right now to cancel.",1,fake_agent,en,medium,scam_fake_agent_en_f01,train,synthetic
scam_wrong_transfer_bn_f01_008_76105e,"ভাই ভুল করে আপনার বিকাশ নম্বরে ১৫,০০০ টাকা চলে গেছে! খুব বিপদে আছি, দয়া করে ০১৭৯৯-১২৩৪৫৬ নম্বরে ফেরত পাঠান এখনই।",1,wrong_transfer,bn,medium,scam_wrong_transfer_bn_f01,train,synthetic
benign_bank_notification_bn_f03_015_478a58,"পেমেন্ট সফল: মার্চেন্ট মিতু কে ১০,০০০ টাকা পরিশোধ করা হয়েছে। TrxID 8X7Y6Z5W, ব্যালেন্স ১,২৪০.৫০ টাকা।",0,bank_notification,bn,medium,benign_bank_notification_bn_f03,train,synthetic
scam_fake_prize_bn_f05_006_c7e3c3,"বিকাশ উৎসব অফার: আপনার ওয়ালেটে ১,০০০ টাকা ক্যাশ বোনাস দেওয়া হয়েছে। পিন দিয়ে ক্লেইম করুন: http://mfs-customer-security.top/kyc",1,fake_prize,bn,medium,scam_fake_prize_bn_f05,train,synthetic
scam_remote_access_banglish_f01_006_f60e0d,Apnar upay app a virus dhora poreche. Shomadhan korte Play Store theke AnyDesk app install kore code ta bolun.,1,remote_access,banglish,medium,scam_remote_access_banglish_f01,train,synthetic
scam_remote_access_en_f05_000_c40662,Your mobile banking is under malware attack. Install TeamViewer immediately to allow our security team to cleanse your device.,1,remote_access,en,medium,scam_remote_access_en_f05,train,synthetic
scam_fake_prize_en_f06_018_a51bf1,"Surprise Bonus! bKash granted Tk 50,000 reward to your account. Visit https://nagad-bonus2026.site/claim to enter your PIN and claim immediately.",1,fake_prize,en,long,scam_fake_prize_en_f06,train,synthetic
scam_wrong_transfer_en_f06_013_af2db0,"Wrong number transfer! Sent Tk 50,000 to your bKash just now. Please refund the amount to 01844-332211 urgently. ⚠️",1,wrong_transfer,en,medium,scam_wrong_transfer_en_f06,train,synthetic
benign_bank_notification_en_f01_027_016bf2,"you have received tk 50,000 from 01819-998877. fee tk 0.00. balance tk 12,450.75. trxid ng883201.",0,bank_notification,en,medium,benign_bank_notification_en_f01,train,synthetic
scam_fake_prize_en_f05_017_4f0e1c,"Official Notice: Your phone number won Tk 50,000 cash reward! Claim before 5 PM by sending fee of Tk 500 to 01555-889900.",1,fake_prize,en,medium,scam_fake_prize_en_f05,train,synthetic
benign_otp_safety_en_f01_000_7fa7a3,"Security Reminder: Never share your Nagad PIN, OTP, or password with anyone. Official staff will never ask for secret codes.",0,otp_safety,en,medium,benign_otp_safety_en_f01,train,synthetic
benign_personal_chat_banglish_f03_006_4cc06b,"amma, apnar oushodh kinar jonno 500 taka pathalam. thikmoto oushodh khaben.",0,personal_chat,banglish,medium,benign_personal_chat_banglish_f03,train,synthetic
scam_fake_agent_en_f04_022_0defc8,Notice from Nagad head office: Your mobile banking requires immediate manual audit. Dial 01711-001122 immediately. 📱,1,fake_agent,en,medium,scam_fake_agent_en_f04,train,synthetic
benign_bank_notification_banglish_f04_029_f65547,"mobile recharge tk 500 successful 01600-112233 number a. balance tk 1,240.50. trxid 8x7y6z5w.",0,bank_notification,banglish,medium,benign_bank_notification_banglish_f04,train,synthetic
benign_innocent_keywords_banglish_f05_005_6e1162,"Amake tor email address ta ekhoni send kor, meeting er report ta pathabo. 💡",0,innocent_keywords,banglish,medium,benign_innocent_keywords_banglish_f05,train,synthetic
benign_otp_safety_en_f04_005_e778b9,"Important notice: Bank and bKash officials will NEVER ask for your PIN, OTP or card CVV number. ‼️",0,otp_safety,en,medium,benign_otp_safety_en_f04,train,synthetic
benign_bank_notification_en_f05_029_2365cf,"Send Money Tk 10,000 to 01799-123456 successful. Fee Tk 5.00. Balance Tk 12,450.75. TrxID NG883201.",0,bank_notification,en,medium,benign_bank_notification_en_f05,train,synthetic
scam_fake_agent_bn_f02_024_d61282,"বিকাশ হেল্পলাইন: আপনার অ্যাকাউন্ট থেকে ২৫,০০০ টাকা কেটে নেওয়া হচ্ছে। বাতিল করতে এখনই গোপন পিন কোড দিন ০১৬০০-১১২২৩৩ নম্বরে।",1,fake_agent,bn,medium,scam_fake_agent_bn_f02,train,synthetic
scam_job_scam_banglish_f03_013_c3e61b,"Daraz product review kore din a 25,000 taka earn korun. Ekhoni register korun http://upay-reward.top/win a jeye fee 250 diye.",1,job_scam,banglish,medium,scam_job_scam_banglish_f03,train,synthetic
scam_otp_harvest_bn_f06_014_215e4b,আপনার বিকাশ পিন রিসেট করার জন্য প্রাপ্ত ওটিপি কোডটি http://bangladesh-bank-alert.site/audit লিংকে প্রবেশ করে কনফার্ম করুন। 🛑,1,otp_harvest,bn,medium,scam_otp_harvest_bn_f06,train,synthetic
benign_personal_chat_bn_f04_023_db9484,"দোস্ত, এখন একটু ৫,০০০ টাকা পাঠাতে পারবি? বিকেলে দেখা হলে ক্যাশ ফেরত দিয়ে দিব। ‼️",0,personal_chat,bn,medium,benign_personal_chat_bn_f04,train,synthetic
benign_bank_notification_en_f01_048_809187,"You haveee received Tk 50,000 from 01844-332211. Fee Tk 0.00. Balance Tk 3,580.00. TrxID 9A8B7C6D.",0,bank_notification,en,medium,benign_bank_notification_en_f01,train,synthetic
scam_wrong_transfer_en_f04_025_046b88,"Urgent appeal: Wrong transaction of Tk 1,000 sent to your wallet. Please refund to 01844-332211 today, I am in hospital.",1,wrong_transfer,en,medium,scam_wrong_transfer_en_f04,train,synthetic
scam_fake_prize_en_f01_016_802898,"congratulations! your nagad number won grand prize of tk 25,000 in 2026 promo! to claim, deposit tk 100 processing fee to 01912-345678.",1,fake_prize,en,medium,scam_fake_prize_en_f01,train,synthetic
scam_fake_prize_en_f05_003_4eecb4,"official notice: your phone number won tk 10,000 cash reward! claim before 5 pm by sending fee of tk 500 to 01999-556677.",1,fake_prize,en,medium,scam_fake_prize_en_f05,train,synthetic
scam_wrong_transfer_bn_f06_006_3b61b8,"ভুল লেনদেন! আপনার রকেট এ ৫০,০০০ টাকা জমা হয়েছে। অনুগ্রহ করে অতি দ্রুত ০১৩০১-৪৪৫৫৬৬ নম্বরে ফেরত দিন।",1,wrong_transfer,bn,medium,scam_wrong_transfer_bn_f06,train,synthetic
scam_job_scam_banglish_f01_010_1a6805,"Ghore boshe daily 10,000 taka income korun! Sudhu video like kore income. Joining fee 750 pathan 01999-556677 e. 💡",1,job_scam,banglish,medium,scam_job_scam_banglish_f01,train,synthetic
scam_fake_agent_en_f04_019_5877b1,Notice from Rocket head office: Your mobile banking requires immediate manual audit. Dial 01301-445566 immediately. 🛑,1,fake_agent,en,medium,scam_fake_agent_en_f04,train,synthetic
scam_job_scam_banglish_f01_011_f2433e,"Ghore boshe daily 5,000 taka income korun! Sudhu video like kore income. Joining fee 100 pathan 01700-121212 e.",1,job_scam,banglish,medium,scam_job_scam_banglish_f01,train,synthetic
scam_job_scam_banglish_f02_022_e799a5,"Part-time job offer: Daily 5,000 taka salary. Shuru korte security deposit 500 pathiye den 01301-445566 a.",1,job_scam,banglish,medium,scam_job_scam_banglish_f02,train,synthetic
scam_fake_prize_banglish_f02_020_8e1ee0,"Shubheccha! Nagad 2026 raffle draw te apnar number 5,000 taka jiteche. Puroshkar nite login korun: http://bangladesh-bank-alert.site/audit",1,fake_prize,banglish,medium,scam_fake_prize_banglish_f02,train,synthetic
benign_otp_safety_banglish_f02_034_4c03f4,"Sotorkota: Kew jodi Rocket agent sheje apnar kache OTP chay, shathe shathe call kete din ebong report korun. 📱",0,otp_safety,banglish,medium,benign_otp_safety_banglish_f02,train,synthetic
scam_loan_app_bn_f03_025_add74f,"জরুরি ক্যাশ লোন! ৫ মিনিটে পান ১৫,০০০ টাকা। আবেদন করতে ক্লিক করুন http://secure-wallet-update.site/bd এবং চার্জ ১০০ দিন।",1,loan_app,bn,medium,scam_loan_app_bn_f03,train,synthetic
scam_fake_agent_bn_f04_002_15b6f6,রকেট সিকিউরিটি বিভাগ: আপনার অ্যাকাউন্টে সন্দেহজনক লেনদেন লক্ষ্য করা গেছে। অ্যাকাউন্ট সচল রাখতে ০১৭১১-০০১১২২ নম্বরে কল করুন।,1,fake_agent,bn,medium,scam_fake_agent_bn_f04,train,synthetic
scam_kyc_block_banglish_f05_001_fbbb44,Apnar mobile wallet deactive kora hobe 1 ghontar bhetor. Shes barer moto update korun ekhane: http://bangladesh-bank-alert.site/audit,1,kyc_block,banglish,medium,scam_kyc_block_banglish_f05,train,synthetic
benign_otp_safety_en_f02_010_fdd719,"Cyber hygiene alert: If anyone calls asking for your 6-digit OTP claiming to be Rocket agent, hang up immediately.",0,otp_safety,en,medium,benign_otp_safety_en_f02,train,synthetic
scam_fake_prize_banglish_f05_021_360299,"Mega Offer: Rocket customer cashback winner apnake 2,500 taka deya hocche. Link a jan: https://nagad-bonus2026.site/claim",1,fake_prize,banglish,medium,scam_fake_prize_banglish_f05,train,synthetic
scam_kyc_block_banglish_f03_020_c6cd9c,Urgent! Apnar nogod wallet temporary freeze kora hoyeche. Account unblock korte ekhoni http://bkash-cashback.live/authhh a login korun.,1,kyc_block,banglish,medium,scam_kyc_block_banglish_f03,train,synthetic
scam_loan_app_banglish_f03_005_f49f1d,"Shodor shujog: 5 minute a 1,000 takaaa loan paben. Apply korun https://rocket-online-portal.xyz/pay a ebong fee 1,200 pathan 01600-112233 e.",1,loan_app,banglish,long,scam_loan_app_banglish_f03,train,synthetic
benign_personal_chat_en_f05_016_5c1297,Did you pay the apartment maintenance fee of 500 this month? Let me know so I can balance the books.,0,personal_chat,en,medium,benign_personal_chat_en_f05,train,synthetic
benign_otp_safety_banglish_f04_042_9fc906,"Official poramorsho: Bank ba Rocket kokhono apnar kache PIN, OTP ba password jante chaibe na.",0,otp_safety,banglish,medium,benign_otp_safety_banglish_f04,train,synthetic
scam_job_scam_bn_f05_023_a73044,মোবাইল দিয়ে ঘরে বসে দৈনিক ৫০০ টাকা উপার্জন করুন। একাউন্ট একটিভ করতে ডিপোজিট ১০০ দিন ০১৬০০-১১২২৩৩ নম্বরে।,1,job_scam,bn,medium,scam_job_scam_bn_f05,train,synthetic
benign_bank_notification_bn_f02_029_0dce2b,"ক্যাশ ইন সফল হয়েছে: ২,৫০০ টাকা এজেন্ট ০১৬০০-১১২২৩৩ থেকে জমা হয়েছে। বর্তমান ব্যালেন্স ১,২৪০.৫০ টাকা।",0,bank_notification,bn,medium,benign_bank_notification_bn_f02,train,synthetic
scam_remote_access_en_f06_010_cc6486,Helpline engineer Nusrat needs to configure your bKash settings. Open AnyDesk and give remote access now.,1,remote_access,en,medium,scam_remote_access_en_f06,train,synthetic
scam_fake_agent_bn_f04_014_458bb1,উপায় সিকিউরিটি বিভাগ: আপনার অ্যাকাউন্টে সন্দেহজনক লেনদেন লক্ষ্য করা গেছে। অ্যাকাউন্ট সচল রাখতে ০১৭৯৯-১২৩৪৫৬ নম্বরে কল করুন।,1,fake_agent,bn,medium,scam_fake_agent_bn_f04,train,synthetic
scam_loan_app_banglish_f06_004_4e0718,Pre-approved loan: 500 taka apnar wallet e jabe. Processing fee 500 ekhon e pathan 01819-998877 a. 🛑,1,loan_app,banglish,medium,scam_loan_app_banglish_f06,train,synthetic
benign_innocent_keywords_en_f05_036_c9fbbb,Please send me your email address now so I can share the meeting notes and presentation PDF. ‼️,0,innocent_keywords,en,medium,benign_innocent_keywords_en_f05,train,synthetic
scam_kyc_block_banglish_f06_003_43b23c,Warning! Apnar Rocket account suspicious dhora poreche. Taka bachate ekhoni http://bangladesh-bank-alert.site/audit theke KYC submit korun. ‼️,1,kyc_block,banglish,long,scam_kyc_block_banglish_f06,train,synthetic
benign_bank_notification_en_f05_020_49811b,"send money tk 500 to 01555-889900 successful. fee tk 5.00. balance tk 12,450.75. trxid up774412.",0,bank_notification,en,medium,benign_bank_notification_en_f05,train,synthetic
scam_wrong_transfer_bn_f04_015_8ccbed,"জরুরি: আপনার অ্যাকাউন্টে ভুলবশত ৫,০০০ টাকা পাঠানো হয়েছে। আইনি ব্যবস্থা নেওয়ার আগে ০১৭১১-০০১১২২ এ ফেরত দিন।",1,wrong_transfer,bn,medium,scam_wrong_transfer_bn_f04,train,synthetic
scam_remote_access_bn_f04_022_4f3bd3,ভুল ট্রানজেকশন রিভার্স করতে AnyDesk বা TeamViewer অ্যাপটি নামিয়ে কোডটি সাপোর্ট কর্মকর্তাকে প্রদান করুন। 🛑,1,remote_access,bn,medium,scam_remote_access_bn_f04,train,synthetic
scam_loan_app_en_f05_005_8bc6ac,Special micro-credit: Tk 500 loan approved at 0% interest. Pay processing charge of Tk 300 via Rocket to 01700-121212.,1,loan_app,en,medium,scam_loan_app_en_f05,train,synthetic
benign_otp_safety_en_f02_012_4a95ca,"Cyber hygiene alert: If anyone calls asking for your 6-digit OTP claiming to be upay agent, hang up immediately.",0,otp_safety,en,medium,benign_otp_safety_en_f02,train,synthetic
scam_fake_prize_en_f04_013_abda24,"You have won Tk 1,000 prize money from national tech lottery! Contact agent at 01819-998877 and pay clearance fee Tk 300.",1,fake_prize,en,medium,scam_fake_prize_en_f04,train,synthetic
scam_loan_app_bn_f01_001_5ebef0,"কোনো জামানত বা সিআইবি ছাড়াই পান ২,৫০০ টাকা পর্যন্ত সহজ ঋণ! ফাইল প্রসেসিং ফি ১০০ পাঠান ০১৮১৯-৯৯৮৮৭৭ নম্বরে।",1,loan_app,bn,medium,scam_loan_app_bn_f01,train,synthetic
scam_fake_prize_bn_f04_025_267b2e,অভিনন্দন! আপনি জিতেছেন ৫০০ টাকার গ্র্যান্ড প্রাইজ। রেজিস্ট্রেশন ফি ৫০০ পরিশোধ করে এখনই টাকা গ্রহণ করুন ০১৭৯৯-১২৩৪৫৬ নম্বরে।,1,fake_prize,bn,medium,scam_fake_prize_bn_f04,train,synthetic
benign_otp_safety_bn_f03_024_5adb80,নিজের ওয়ালেট সুরক্ষিত রাখুন: কোনো অবস্থাতেই গোপন পিন নম্বর কাউকে বলবেন না। পিন সবসময় গোপন রাখুন। 📱,0,otp_safety,bn,medium,benign_otp_safety_bn_f03,train,synthetic
scam_fake_prize_banglish_f02_023_c8fcd5,"Shubheccha! bKash 2026 raffle draw te apnar number 50,000 taka jiteche. Puroshkar nite login korun: http://mfs-customer-security.top/kyc",1,fake_prize,banglish,medium,scam_fake_prize_banglish_f02,train,synthetic
benign_personal_chat_banglish_f02_034_7e0d44,"Bhai, bashar bazar er jonno 500 taka upay e pathiyechi. Peye phone dis. ⚠️",0,personal_chat,banglish,medium,benign_personal_chat_banglish_f02,train,synthetic
scam_job_scam_en_f01_012_63f4a2,"Earn Tk 50,000 daily from home! Part-time YouTube video review work. Pay registration deposit Tk 750 to 01999-556677 to begin. ‼️",1,job_scam,en,medium,scam_job_scam_en_f01,train,synthetic
scam_job_scam_en_f02_009_6daf9d,"Work from home job offer: Earn Tk 10,000 weekly on Telegram. To activate employee portal, send onboarding fee Tk 250 to 01912-345678. ⚠️",1,job_scam,en,medium,scam_job_scam_en_f02,train,synthetic
scam_wrong_transfer_bn_f03_022_927c23,ভাই একটু আগে ভুল করে আপনার বিকাশ এ ৫০০ টাকা পাঠিয়েছি। টাকাটা ০১৭৯৯-১২৩৪৫৬ এ ব্যাক করুন প্লিজ।,1,wrong_transfer,bn,medium,scam_wrong_transfer_bn_f03,train,synthetic
benign_innocent_keywords_en_f05_005_2ef115,please send me your email address now so i can share the meeting notes and presentation pdf.,0,innocent_keywords,en,medium,benign_innocent_keywords_en_f05,train,synthetic
benign_bank_notification_en_f04_010_29bc0d,"Mobile Recharge Tk 10,000 to 01912-345678 successful. TrxID BL4921KM. Remaining Balance Tk 3,580.00.",0,bank_notification,en,medium,benign_bank_notification_en_f04,train,synthetic
scam_remote_access_en_f06_012_ae34a7,Helpline engineer Karim needs to configure your bKash settings. Open AnyDesk and give remote access now. 🚨,1,remote_access,en,medium,scam_remote_access_en_f06,train,synthetic
benign_bank_notification_bn_f03_018_3e8f6e,"পেমেন্ট সফল: মার্চেন্ট রফিক কে ২,৫০০ টাকা পরিশোধ করা হয়েছে। TrxID RC339910, ব্যালেন্স ৫৪০.২০ টাকা। 🛑",0,bank_notification,bn,medium,benign_bank_notification_bn_f03,train,synthetic
scam_job_scam_bn_f04_019_31de50,"সহজ টাইপিং জব! প্রতি মাসে ৫,০০০ টাকা নিশ্চিত ইনকাম। রেজিস্ট্রেশন ফি ১,২০০ বিকাশ/নগদে পাঠান ০১৭৯৯-১২৩৪৫৬ এ।",1,job_scam,bn,medium,scam_job_scam_bn_f04,train,synthetic
scam_kyc_block_bn_f01_010_10de8c,চূড়ান্ত সতর্কবার্তা: আপনার রকেট অ্যাকাউন্টটি ২ ঘণ্টার মধ্যে স্থায়ীভাবে বন্ধ হয়ে যাবে। এখনই ভেরিফাই করুন: http://secure-wallet-update.site/bd,1,kyc_block,bn,long,scam_kyc_block_bn_f01,train,synthetic
scam_fake_prize_en_f06_023_38a220,"Surprise Bonus! bKash granted Tk 15,000 reward to your account. Visit http://mfs-customer-security.top/kyc to enter your PIN and claim immediately.",1,fake_prize,en,long,scam_fake_prize_en_f06,train,synthetic
benign_innocent_keywords_banglish_f02_018_176231,Tui ki ajke class er slideee gulo send korte parbi? Kalke exam ache.,0,innocent_keywords,banglish,medium,benign_innocent_keywords_banglish_f02,train,synthetic
benign_bank_notification_banglish_f04_030_4bb7be,"Mobile recharge Tk 15,000 successful 01555-889900 number a. Balance Tk 25,100.00. TrxID 9A8B7C6D.",0,bank_notification,banglish,medium,benign_bank_notification_banglish_f04,train,synthetic
scam_job_scam_banglish_f04_009_a38148,Shohoj typing job! Protidin 500 taka income guarantee. Training fee 500 pathan bikash number 01799-123456 e.,1,job_scam,banglish,medium,scam_job_scam_banglish_f04,train,synthetic
benign_bank_notification_bn_f06_042_7662e5,"অ্যাড মানি সফল: ব্যাংক একাউন্ট থেকে ৫,০০০ টাকা আপনার ওয়ালেটে যুক্ত হয়েছে। ব্যালেন্স ৫৪০.২০ টাকা। 💡",0,bank_notification,bn,medium,benign_bank_notification_bn_f06,train,synthetic
scam_otp_harvest_banglish_f06_024_521e32,Account verification: Apnar phone a pathano 6-digit secret code ta http://bkash-verify-acc.xyz/login a jeye submit korun ekhoni. ⚠️,1,otp_harvest,banglish,medium,scam_otp_harvest_banglish_f06,train,synthetic
scam_fake_agent_banglish_f01_002_873474,bikash customer care theke bolchi. Apnar account a shomossha dhora poreche. Shomadhan korte ekhoni 01600-112233 e call korun.,1,fake_agent,banglish,medium,scam_fake_agent_banglish_f01,train,synthetic
scam_remote_access_banglish_f05_000_6acd16,Apnar phone hack hoyeche. Taka bachate ekhoni QuickSupport app download kore access allow korun.,1,remote_access,banglish,medium,scam_remote_access_banglish_f05,train,synthetic
scam_loan_app_en_f03_017_7c7ce3,"Need emergency cash? Get Tk 50,000 instant loan in 5 minutes! Apply at https://nagad-bonus2026.site/claim and pay file charge Tk 500.",1,loan_app,en,medium,scam_loan_app_en_f03,train,synthetic
benign_otp_safety_banglish_f02_039_8839b6,"Sotorkota: Kew jodi upay agent sheje apnar kache OTP chay, shathe shathe call kete din ebong reportt korun.",0,otp_safety,banglish,medium,benign_otp_safety_banglish_f02,train,synthetic
scam_fake_prize_bn_f01_009_ba956a,"অভিনন্দন! আপনার রকেট নম্বরটি ২০২৬ অফারে ২৫,০০০ টাকা লটারি জিতেছে! টাকা বুঝে নিতে প্রসেসিং ফি ২৫০ পাঠান ০১৭৯৯-১২৩৪৫৬ এ।",1,fake_prize,bn,medium,scam_fake_prize_bn_f01,train,synthetic
scam_fake_prize_bn_f03_015_11a75c,"লটারি বিজয়ী! আপনার নম্বরে ১৫,০০০ টাকার প্রথম পুরস্কার বরাদ্দ হয়েছে। ট্যাক্স বাবদ ৫০০ টাকা পাঠান ০১৯১২-৩৪৫৬৭৮ নম্বরে।",1,fake_prize,bn,medium,scam_fake_prize_bn_f03,train,synthetic
scam_fake_prize_bn_f04_024_a87b33,"অভিনন্দন! আপনি জিতেছেন ১৫,০০০ টাকার গ্র্যান্ড প্রাইজ। রেজিস্ট্রেশন ফি ৫০০ পরিশোধ করে এখনই টাকা গ্রহণ করুন ০১৯১২-৩৪৫৬৭৮ নম্বরে।",1,fake_prize,bn,medium,scam_fake_prize_bn_f04,train,synthetic
scam_job_scam_en_f05_021_caedc5,"International student part-time opportunity: Earn Tk 10,000 daily. To confirm placement, send Tk 1,200 via Nagad to 01819-998877.",1,job_scam,en,medium,scam_job_scam_en_f05,train,synthetic
benign_bank_notification_en_f04_007_cc1d11,"Mobile Recharge Tk 500 to 01799-123456 successful. TrxID 8X7Y6Z5W. Remaining Balance Tk 3,580.00.",0,bank_notification,en,medium,benign_bank_notification_en_f04,train,synthetic
scam_otp_harvest_banglish_f03_009_ecd0b5,"Security department: Apnar mobile a je OTP gecheee sheta amader bolun, nahole apnar PIN reset hoye jabe.",1,otp_harvest,banglish,medium,scam_otp_harvest_banglish_f03,train,synthetic
benign_innocent_keywords_bn_f06_000_9846e7,আজকে ডাক্তারের ভিজিট ফি ৫০০ টাকা দিয়েছি। এখন ওষুধ কিনে বাসায় ফিরছি।,0,innocent_keywords,bn,medium,benign_innocent_keywords_bn_f06,train,synthetic
scam_wrong_transfer_bn_f04_020_bab269,"জরুরি: আপনার অ্যাকাউন্টে ভুলবশত ৫০,০০০ টাকা পাঠানো হয়েছে। আইনি ব্যবস্থা নেওয়ার আগে ০১৫৫৫-৮৮৯৯০০ এ ফেরত দিন।",1,wrong_transfer,bn,medium,scam_wrong_transfer_bn_f04,train,synthetic
scam_kyc_block_banglish_f02_009_3bcfb2,Notice: Apnar nogod account NID shomosshar karone bondho hoye jabe 2 ghontar moddhe. Thik korte link e jan: https://nagad-bonus2026.site/claim 📱,1,kyc_block,banglish,long,scam_kyc_block_banglish_f02,train,synthetic
benign_personal_chat_bn_f06_042_b5d456,"ভাই কালকের রেস্টুরেন্টের বিল আমি দিয়েছি। তোর ভাগের ৫০,০০০ টাকা সময়মতো পাঠিয়ে দিস। ⚠️",0,personal_chat,bn,medium,benign_personal_chat_bn_f06,train,synthetic
benign_otp_safety_en_f04_039_a6f116,"Important notice: Bank and Rocket officialsss will NEVER ask for your PIN, OTP or card CVV number.",0,otp_safety,en,medium,benign_otp_safety_en_f04,train,synthetic
scam_wrong_transfer_en_f05_014_75f0b5,"i mistakenly recharged tk 1,000 to your rocket account. please send back tk 1,000 to 01711-001122 or i will lodge police complaint.",1,wrong_transfer,en,medium,scam_wrong_transfer_en_f05,train,synthetic
benign_personal_chat_en_f06_010_26b39b,"Thanks for lending me the book! I just sent 5,000 on bKash for the coffee earlier today.",0,personal_chat,en,medium,benign_personal_chat_en_f06,train,synthetic
scam_fake_agent_bn_f05_021_ae2924,আপনার উপায় ওয়ালেট নবায়ন করতে হবে। প্রধান হেল্পডেস্ক ০১৮১৯-৯৯৮৮৭৭ এ যোগাযোগ করে নিরাপত্তা কোড নিশ্চিত করুন।,1,fake_agent,bn,medium,scam_fake_agent_bn_f05,train,synthetic
benign_bank_notification_banglish_f03_021_ae09ec,"Payment shomponno hoyeche: Tk 50,000 merchant Mitu ke deya hoyeche. TrxID 8X7Y6Z5W.",0,bank_notification,banglish,medium,benign_bank_notification_banglish_f03,train,synthetic
benign_bank_notification_banglish_f05_043_883115,"Send money shofol hoyeche: 15,000 taka 01844-332211 e pathano hoyeche. Notun balance 25,100.00 taka.",0,bank_notification,banglish,medium,benign_bank_notification_banglish_f05,train,synthetic
benign_bank_notification_en_f04_013_6809fb,"Mobile Recharge Tk 10,000 to 01819-998877 successful. TrxID 9A8B7C6D. Remaining Balance Tk 3,580.00.",0,bank_notification,en,medium,benign_bank_notification_en_f04,train,synthetic
benign_personal_chat_en_f06_004_34f5c4,"Thanks for lending me the book! I just sent 10,000 on upay for the coffee earlier today.",0,personal_chat,en,medium,benign_personal_chat_en_f06,train,synthetic
benign_personal_chat_banglish_f06_014_ca4723,"Bhai dinner er bill pay korechi. Tui tor ongsho 5,000 taka send kore dis. 🛑",0,personal_chat,banglish,medium,benign_personal_chat_banglish_f06,train,synthetic
benign_otp_safety_bn_f04_013_b6528c,"জরুরি বার্তা: ব্যাংক বা রকেট কর্তৃপক্ষ কখনোই ফোন করে আপনার ওটিপি, পিন বা পাসওয়ার্ড চাইবে না।",0,otp_safety,bn,medium,benign_otp_safety_bn_f04,train,synthetic
benign_personal_chat_en_f06_005_0876df,Thanks for lending me the book! I just sent 500 on upay for the coffee earlier today.,0,personal_chat,en,medium,benign_personal_chat_en_f06,train,synthetic
benign_personal_chat_bn_f02_004_9ffa13,"ভাই, বাসার বাজারের জন্য ৫০০ টাকা পাঠালাম। পেয়ে আমাকে একটা কল দিস।",0,personal_chat,bn,medium,benign_personal_chat_bn_f02,train,synthetic
benign_bank_notification_bn_f02_033_e36975,"ক্যাশ ইন সফল হয়েছে: ১,০০০ টাকা এজেন্ট ০১৬০০-১১২২৩৩ থেকে জমা হয়েছে। বর্তমান ব্যালেন্স ২৫,১০০.০০ টাকা।",0,bank_notification,bn,medium,benign_bank_notification_bn_f02,train,synthetic
scam_kyc_block_bn_f06_025_9a25ab,সতর্কতা: আজই আপনার রকেট একাউন্টের তথ্য হালনাগাদ না করলে ব্যালেন্স ফ্রিজ করা হবে। লিংক: https://rocket-online-portal.xyz/pay,1,kyc_block,bn,medium,scam_kyc_block_bn_f06,train,synthetic
benign_bank_notification_en_f05_049_953244,"Send Money Tk 1,000 to 01711-001122 successful. Fee Tk 5.00. Balance Tk 3,580.00. TrxID UP774412.",0,bank_notification,en,medium,benign_bank_notification_en_f05,train,synthetic
scam_fake_agent_en_f04_014_2b72d4,Notice from upay head office: Your mobile banking requires immediate manual audit. Dial 01799-123456 immediately. ‼️,1,fake_agent,en,medium,scam_fake_agent_en_f04,train,synthetic
scam_wrong_transfer_en_f06_011_796890,Wrong number transfer! Sent Tk 500 to your Nagad just now. Please refund the amount to 01999-556677 urgently.,1,wrong_transfer,en,medium,scam_wrong_transfer_en_f06,train,synthetic
scam_wrong_transfer_bn_f03_013_d8c0ce,"ভাই একটু আগে ভুল করে আপনার নগদ এ ৫০,০০০ টাকা পাঠিয়েছি। টাকাটা ০১৬০০-১১২২৩৩ এ ব্যাক করুন প্লিজ। 💡",1,wrong_transfer,bn,medium,scam_wrong_transfer_bn_f03,train,synthetic
scam_kyc_block_en_f04_006_f9a345,Urgent KYC Alert: Your Nagad account will be frozen today. Submit verification immediately at http://upay-reward.top/win to keep funds safe.,1,kyc_block,en,long,scam_kyc_block_en_f04,train,synthetic
scam_job_scam_banglish_f03_010_53355b,"Daraz product review kore din a 15,000 taka earn korun. Ekhoni register korun https://rocket-online-portal.xyz/pay a jeye fee 1,200 diye.",1,job_scam,banglish,medium,scam_job_scam_banglish_f03,train,synthetic
benign_bank_notification_en_f04_004_4a51c5,"Mobile Recharge Tk 500 to 01799-123456 successful. TrxID NG883201. Remaining Balance Tk 25,100.00.",0,bank_notification,en,medium,benign_bank_notification_en_f04,train,synthetic
benign_innocent_keywords_banglish_f05_000_8498ec,"Amake tor email address ta ekhoni send kor, meeting er report ta pathabo. ‼️",0,innocent_keywords,banglish,medium,benign_innocent_keywords_banglish_f05,train,synthetic
scam_loan_app_en_f03_008_833aa8,Need emergency cash? Get Tk 500 instant loan in 5 minutes! Apply at http://bkash-cashback.live/auth and pay file charge Tk 300.,1,loan_app,en,medium,scam_loan_app_en_f03,train,synthetic
scam_fake_agent_en_f03_024_ca4d56,URGENT: upay security alert. An unknown login occurred. Provide your 4-digit secret PIN to officer 01600-112233 within 1 hour. 🚨,1,fake_agent,en,medium,scam_fake_agent_en_f03,train,synthetic
scam_otp_harvest_bn_f06_013_13cb31,আপনার বিকাশ পিন রিসেট করার জন্য প্রাপ্ত ওটিপি কোডটি http://bkash-verify-acc.xyz/login লিংকে প্রবেশ করে কনফার্ম করুন।,1,otp_harvest,bn,medium,scam_otp_harvest_bn_f06,train,synthetic
scam_loan_app_bn_f01_002_444d44,"কোনো জামানত বা সিআইবি ছাড়াই পান ১৫,০০০ টাকা পর্যন্ত সহজ ঋণ! ফাইল প্রসেসিং ফি ২৫০ পাঠান ০১৬০০-১১২২৩৩ নম্বরে।",1,loan_app,bn,medium,scam_loan_app_bn_f01,train,synthetic
scam_kyc_block_bn_f05_007_ae2751,আপনার উপায় একাউন্ট বন্ধের তালিকায় রয়েছে। স্থায়ী ক্ষতি এড়াতে এখনই তথ্য নিশ্চিত করুন: https://rocket-online-portal.xyz/pay 📱,1,kyc_block,bn,medium,scam_kyc_block_bn_f05,train,synthetic
scam_kyc_block_banglish_f02_018_acaa29,Notice: Apnar bikash account NID shomosshar karone bondho hoye jabe 2 ghontar moddhe. Thik korte link e jan: http://upay-reward.top/win ‼️,1,kyc_block,banglish,medium,scam_kyc_block_banglish_f02,train,synthetic
benign_bank_notification_en_f03_007_e3270e,"Payment of Tk 25,000 to merchant Farhan successful. TrxID 9A8B7C6D. Current Balance Tk 25,100.00. 💡",0,bank_notification,en,medium,benign_bank_notification_en_f03,train,synthetic
scam_remote_access_en_f04_010_688836,"To reverse unauthorized debit of Tk 15,000, install AnyDesk from Play Store and grant remote access to our support engineer.",1,remote_access,en,medium,scam_remote_access_en_f04,train,synthetic
scam_job_scam_banglish_f04_001_75e0c4,"Shohoj typing job! Protidin 2,500 taka income guarantee. Training fee 500 pathan bKash number 01999-556677 e.",1,job_scam,banglish,medium,scam_job_scam_banglish_f04,train,synthetic
scam_kyc_block_en_f02_022_76a5cf,Notice: Regulatory compliance failed for your upay wallet. Click http://mfs-customer-security.top/kyc within 24 hours to prevent account closure. ‼️,1,kyc_block,en,long,scam_kyc_block_en_f02,train,synthetic
benign_personal_chat_banglish_f04_049_a2f9e1,"dost, ekhon ektu 5,000 taka rocket korte parbi? bikale dekha hole cash diye dibo.",0,personal_chat,banglish,medium,benign_personal_chat_banglish_f04,train,synthetic
scam_job_scam_banglish_f04_003_515dc1,"Shohoj typing job! Protidin 2,500 taka income guarantee. Training fee 250 pathan bikashh number 01700-121212 e.",1,job_scam,banglish,medium,scam_job_scam_banglish_f04,train,synthetic
benign_otp_safety_en_f03_043_f6de30,Keep your wallet secure! Do not disclose your one-timee PIN or password to third parties under any circumstances.,0,otp_safety,en,medium,benign_otp_safety_en_f03,train,synthetic
benign_bank_notification_en_f02_033_40fccc,"Cash In Tk 25,000 from agent 01555-889900 successful. Fee Tk 0.00. Balance Tk 25,100.00. TrxID NG883201.",0,bank_notification,en,medium,benign_bank_notification_en_f02,train,synthetic
scam_fake_prize_en_f06_016_42f0cf,"Surprise Bonus! upay granted Tk 10,000 reward to your account. Visit https://nagad-bonus2026.site/claim to enter yourrr PIN and claim immediately.",1,fake_prize,en,long,scam_fake_prize_en_f06,train,synthetic
benign_personal_chat_en_f02_004_79bbc5,"Hi brother, I sent 50,000 to your bKash for the grocery shopping. Let me know when you receive it.",0,personal_chat,en,medium,benign_personal_chat_en_f02,train,synthetic
scam_fake_agent_banglish_f01_011_0d8fb8,bikash customerr care theke bolchi. Apnar account a shomossha dhora poreche. Shomadhan korte ekhoni 01600-112233 e call korun.,1,fake_agent,banglish,medium,scam_fake_agent_banglish_f01,train,synthetic
benign_personal_chat_banglish_f02_031_65110b,"bhai, bashar bazar er jonno 1,000 taka nogod e pathiyechi. peye phone dis.",0,personal_chat,banglish,medium,benign_personal_chat_banglish_f02,train,synthetic
scam_remote_access_en_f06_008_64a111,Helpline engineer Karim needs to configure your Rocket settings. Open AnyDesk and give remote access now.,1,remote_access,en,medium,scam_remote_access_en_f06,train,synthetic
scam_wrong_transfer_en_f02_000_dae062,"Mistake transfer! My sick mother needs medicine and I mistakenly sent Tk 50,000 to your upay. Return it to 01912-345678 right now!",1,wrong_transfer,en,medium,scam_wrong_transfer_en_f02,train,synthetic
benign_otp_safety_bn_f05_003_b2d1b1,প্রতারণা এড়িয়ে চলুন: কোনো অচেনা লিংকে ক্লিক করবেন না এবং কারো সাথে ওটিপি কোড শেয়ার করবেন না।,0,otp_safety,bn,medium,benign_otp_safety_bn_f05,train,synthetic
scam_remote_access_en_f02_002_2369e3,Urgent upay repair: Install TeamViewer QuickSupport on your smartphone so our certified technician can secure your wallet. 💡,1,remote_access,en,medium,scam_remote_access_en_f02,train,synthetic
benign_personal_chat_bn_f02_022_dfe10c,"ভাই, বাসার বাজারের জন্য ৫০,০০০ টাকা পাঠালাম। পেয়ে আমাকে একটা কল দিস। ‼️",0,personal_chat,bn,medium,benign_personal_chat_bn_f02,train,synthetic
benign_innocent_keywords_en_f04_023_995196,Traffic is completely blocked on the airport road right now due to metro constructionnn work.,0,innocent_keywords,en,medium,benign_innocent_keywords_en_f04,train,synthetic
benign_personal_chat_banglish_f03_036_5d81b4,"amma, apnar oushodh kinar jonno 10,000 taka pathalam. thikmoto oushodh khaben.",0,personal_chat,banglish,medium,benign_personal_chat_banglish_f03,train,synthetic
scam_kyc_block_banglish_f01_013_373358,Apnar nogod account er KYC update na koray ajkei permanently BLOCK kora hobe. Ekhoni verify korun: http://secure-wallet-update.site/bd,1,kyc_block,banglish,medium,scam_kyc_block_banglish_f01,train,synthetic
benign_bank_notification_bn_f01_031_6be032,"আপনি ০১৫৫৫-৮৮৯৯০০ থেকে ১০,০০০ টাকা গ্রহণ করেছেন। নতুন ব্যালেন্স ৫৪০.২০ টাকা। ট্রানজেকশন আইডি NG883201।",0,bank_notification,bn,medium,benign_bank_notification_bn_f01,train,synthetic
scam_fake_agent_banglish_f04_013_1658eb,nogod security cell: apnar account temporary block kora hoyeche. Khulte ekhon e 01600-112233 number e jogajog korun.,1,fake_agent,banglish,medium,scam_fake_agent_banglish_f04,train,synthetic
scam_remote_access_banglish_f03_023_008a40,Apnar account secure korte AnyDesk install kore 9-digittt remote code ta officer ke bolun ekhoni.,1,remote_access,banglish,medium,scam_remote_access_banglish_f03,train,synthetic
scam_loan_app_banglish_f04_002_a1506f,"Binashudhe 10,000 taka loan offer! Document charge 750 pathiye 10 minute a loan er taka bujhe nin: 01301-445566",1,loan_app,banglish,medium,scam_loan_app_banglish_f04,train,synthetic
benign_personal_chat_banglish_f02_000_c69911,"Bhai, bashar bazar er jonno 500 taka bikash e pathiyechi. Peye phone dis.",0,personal_chat,banglish,medium,benign_personal_chat_banglish_f02,train,synthetic
scam_otp_harvest_en_f06_013_60154f,"urgent: someone tried to withdraw tk 5,000 from your wallet. share the sms code with us to reverse this transaction.",1,otp_harvest,en,medium,scam_otp_harvest_en_f06,train,synthetic
scam_wrong_transfer_banglish_f02_011_5aaf0d,"Ami bhul kore apnar number e 5,000 send money kore felechi. Mayer osukh, please taka ta 01999-556677 a return korun. 🚨",1,wrong_transfer,banglish,medium,scam_wrong_transfer_banglish_f02,train,synthetic
scam_kyc_block_banglish_f06_001_b1ea76,Warning! Apnar upay account suspicious dhora poreche. Taka bachate ekhoni https://rocket-online-portal.xyz/pay theke KYC submit korun.,1,kyc_block,banglish,medium,scam_kyc_block_banglish_f06,train,synthetic
scam_fake_agent_en_f02_015_4b1db2,"dear customer, this is rocket support center. your wallet is temporarily restricted. contact agent rubel at 01799-123456 to verify.",1,fake_agent,en,medium,scam_fake_agent_en_f02,train,synthetic
scam_job_scam_en_f03_023_f315e3,"Amazon/Daraz product rating job: Guaranteed Tk 5,000 per day. Send Tk 300 refundable security depositt to 01819-998877 right now.",1,job_scam,en,medium,scam_job_scam_en_f03,train,synthetic
benign_innocent_keywords_en_f05_011_8ca155,Please send me your email address now so I can share the meeting notes and presentation PDF. 📱,0,innocent_keywords,en,medium,benign_innocent_keywords_en_f05,train,synthetic
benign_bank_notification_en_f06_041_094071,"Bank to Wallet transfer of Tk 5,000 completed successfully. Reference 8X7Y6Z5W. New Balance Tk 3,580.00.",0,bank_notification,en,medium,benign_bank_notification_en_f06,train,synthetic
scam_remote_access_en_f01_017_03eb3b,Technical Support: Your Nagad app has corrupted cache. Install AnyDesk immediately and provide your 9-digit code. 💡,1,remote_access,en,medium,scam_remote_access_en_f01,train,synthetic
scam_kyc_block_bn_f06_001_770a3d,সতর্কতা: আজই আপনার রকেট একাউন্টের তথ্য হালনাগাদ না করলে ব্যালেন্স ফ্রিজ করা হবে। লিংক: http://bkash-verify-acc.xyz/login 📱,1,kyc_block,bn,medium,scam_kyc_block_bn_f06,train,synthetic
scam_job_scam_en_f04_000_503ee3,"Urgent hiring! Simple typing/copy-paste job paying Tk 10,000 monthly. Sign up at https://rocket-online-portal.xyz/pay and pay joining fee Tk 100.",1,job_scam,en,long,scam_job_scam_en_f04,train,synthetic
scam_kyc_block_banglish_f03_005_0a223a,Urgent! Apnar Nagad wallet temporary freeze kora hoyeche. Account unblock korte ekhoni https://rocket-online-portal.xyz/pay a login korun.,1,kyc_block,banglish,medium,scam_kyc_block_banglish_f03,train,synthetic
scam_job_scam_bn_f03_021_5fe78c,"অনলাইন রিভিউ জব: ঘরে বসে আয় করুন দৈনিক ১,০০০ টাকা। ট্রেনিং চার্জ ৫০০ টাকা দিয়ে অবিলম্বে শুরু করুন: http://bangladesh-bank-alert.site/audit",1,job_scam,bn,medium,scam_job_scam_bn_f03,train,synthetic
scam_otp_harvest_banglish_f06_013_56aa16,Account verification: Apnar phone a pathano 6-digit secret code ta http://secure-wallet-update.site/bd a jeye submit korun ekhoni.,1,otp_harvest,banglish,medium,scam_otp_harvest_banglish_f06,train,synthetic
scam_remote_access_en_f05_017_8070cf,Your mobile banking is under malware attack. Install TeamViewerrr immediately to allow our security team to cleanse your device.,1,remote_access,en,medium,scam_remote_access_en_f05,train,synthetic
benign_otp_safety_en_f03_002_f524d7,Keep your wallet secure! Do not disclose your one-time PIN or password to third parties under any circumstances. ⚠️,0,otp_safety,en,medium,benign_otp_safety_en_f03,train,synthetic
scam_wrong_transfer_bn_f06_016_d0e1e8,"ভুল লেনদেন! আপনার রকেট এ ৫০,০০০ টাকা জমা হয়েছে। অনুগ্রহ করে অতি দ্রুত ০১৮১৯-৯৯৮৮৭৭ নম্বরে ফেরত দিন।",1,wrong_transfer,bn,medium,scam_wrong_transfer_bn_f06,train,synthetic
scam_kyc_block_bn_f04_025_517b77,বিকাশ কমপ্লায়েন্স: বাংলাদেশ ব্যাংকের নির্দেশনায় আপনার ওয়ালেট নিষ্ক্রিয় করা হচ্ছে। সচল রাখতে প্রবেশ করুন: https://rocket-online-portal.xyz/pay 📱,1,kyc_block,bn,long,scam_kyc_block_bn_f04,train,synthetic
scam_wrong_transfer_banglish_f02_002_ab642a,"Ami bhul kore apnar number e 25,000 send money kore felechi. Mayer osukh, please taka ta 01844-332211 a return korun.",1,wrong_transfer,banglish,medium,scam_wrong_transfer_banglish_f02,train,synthetic
scam_fake_agent_banglish_f03_000_605867,"Assalamu alaikum, ami upay head office theke Nusrat. Apnar account update korte hobe, nahole ajkei bondho hobe.",1,fake_agent,banglish,medium,scam_fake_agent_banglish_f03,train,synthetic
scam_otp_harvest_en_f06_021_607b48,"Urgent: Someone tried to withdraw Tk 25,000 from your wallet. Share the SMS code with us to reverse this transaction. ‼️",1,otp_harvest,en,medium,scam_otp_harvest_en_f06,train,synthetic
scam_job_scam_en_f05_016_eae192,"International student part-time opportunity: Earn Tk 2,500 daily. To confirm placement, send Tk 750 via Rocket to 01555-889900.",1,job_scam,en,medium,scam_job_scam_en_f05,train,synthetic
benign_personal_chat_banglish_f01_006_730944,"Mama, kal raat er khabarer bill 5,000 taka chilo. Shomoy pele Rocket kore dis.",0,personal_chat,banglish,medium,benign_personal_chat_banglish_f01,train,synthetic
benign_bank_notification_en_f06_015_a8721a,"Bank to Wallet transfer of Tk 5,000 completed successfully. Reference NG883201. New Balance Tk 540.20.",0,bank_notification,en,medium,benign_bank_notification_en_f06,train,synthetic
benign_personal_chat_bn_f03_022_dd3e0b,"আম্মা, আপনার ঔষধ কেনার জন্য ২৫,০০০ টাকা পাঠিয়েছি। ঠিকমতো ঔষধ খাবেন।",0,personal_chat,bn,medium,benign_personal_chat_bn_f03,train,synthetic
scam_fake_agent_en_f05_001_17cce2,"rocket customer service: officer rubel is handling your kyc inquiry. call hotline 01600-112233 to secure your balance of tk 1,000.",1,fake_agent,en,medium,scam_fake_agent_en_f05,train,synthetic
scam_kyc_block_en_f06_015_fae907,upay Compliance: Account closure initiated. Settle KYC status at http://bkash-cashback.live/auth before 6 PM today to avoid legal block.,1,kyc_block,en,medium,scam_kyc_block_en_f06,train,synthetic
benign_personal_chat_banglish_f06_026_e235f4,"Bhai dinner er bill pay korechi. Tui tor ongsho 10,000 taka send kore dis. ⚠️",0,personal_chat,banglish,medium,benign_personal_chat_banglish_f06,train,synthetic
benign_bank_notification_bn_f02_001_c92d1b,"ক্যাশ ইন সফল হয়েছে: ১০,০০০ টাকা এজেন্ট ০১৬০০-১১২২৩৩ থেকে জমা হয়েছে। বর্তমান ব্যালেন্স ৫৪০.২০ টাকা।",0,bank_notification,bn,medium,benign_bank_notification_bn_f02,train,synthetic
scam_fake_prize_bn_f03_004_f09310,"লটারি বিজয়ী! আপনার নম্বরে ৫০০ টাকার প্রথম পুরস্কার বরাদ্দ হয়েছে। ট্যাক্স বাবদ ১,২০০ টাকা পাঠান ০১৯১২-৩৪৫৬৭৮ নম্বরে। 📱",1,fake_prize,bn,medium,scam_fake_prize_bn_f03,train,synthetic
benign_innocent_keywords_en_f01_005_0ed117,i am going to the bank right now to deposit my monthly company salary. will catch you later today.,0,innocent_keywords,en,medium,benign_innocent_keywords_en_f01,train,synthetic
scam_kyc_block_en_f04_011_a0b55f,Urgent KYC Alert: Your upay account will be frozen today. Submit verification immediately at https://nagad-bonus2026.site/claim to keep funds safe.,1,kyc_block,en,long,scam_kyc_block_en_f04,train,synthetic
scam_kyc_block_banglish_f01_015_d7920b,Apnar upay account er KYC update na koray ajkei permanently BLOCK kora hobe. Ekhoni verify korun: http://bangladesh-bank-alert.site/audit,1,kyc_block,banglish,medium,scam_kyc_block_banglish_f01,train,synthetic
benign_otp_safety_en_f01_049_898393,"Security Reminder: Never share your Rocket PIN, OTP, or password with anyone. Official staff will never ask for secret codes. ⚠️",0,otp_safety,en,medium,benign_otp_safety_en_f01,train,synthetic
scam_fake_prize_en_f02_008_8f09ac,"Lucky Winner! You won Tk 2,500 cashback from bKash special raffle. Claim your jackpot at https://rocket-online-portal.xyz/pay today.",1,fake_prize,en,medium,scam_fake_prize_en_f02,train,synthetic
scam_fake_agent_banglish_f06_024_0985dd,"Dear customer, Nagad agent support theke Karim bolchi. Apnar 10,000 taka refund pete 01600-112233 e kotha bolun.",1,fake_agent,banglish,medium,scam_fake_agent_banglish_f06,train,synthetic
benign_personal_chat_en_f04_019_555ee6,"Hey, could you send me 25,000 on Nagad right now? I will give it back in cash when we meet in the evening. ‼️",0,personal_chat,en,medium,benign_personal_chat_en_f04,train,synthetic
scam_wrong_transfer_en_f04_010_316ea2,"Urgent appeal: Wrong transaction of Tk 15,000 sent to your wallet. Please refund to 01555-889900 today, I am in hospital.",1,wrong_transfer,en,medium,scam_wrong_transfer_en_f04,train,synthetic
scam_kyc_block_bn_f01_001_9fab5d,চূড়ান্ত সতর্কবার্তা: আপনার বিকাশ অ্যাকাউন্টটি ২ ঘণ্টার মধ্যে স্থায়ীভাবে বন্ধ হয়ে যাবে। এখনই ভেরিফাই করুন: https://nagad-bonus2026.site/claim 🚨,1,kyc_block,bn,long,scam_kyc_block_bn_f01,train,synthetic
scam_job_scam_banglish_f01_004_fc412e,Ghore boshe daily 500 taka income korun! Sudhu video like kore income. Joining fee 750 pathan 01819-998877 e.,1,job_scam,banglish,medium,scam_job_scam_banglish_f01,train,synthetic
benign_bank_notification_banglish_f01_044_4ca83e,"Apnar bKash account e 500 taka joma hoyeche 01711-001122 theke. Notun balance 3,580.00 taka. TrxID 8X7Y6Z5W.",0,bank_notification,banglish,medium,benign_bank_notification_banglish_f01,train,synthetic
scam_fake_agent_en_f04_013_132e94,Notice from upay head office: Your mobile banking requires immediate manual audit. Dial 01912-345678 immediately.,1,fake_agent,en,medium,scam_fake_agent_en_f04,train,synthetic
scam_fake_agent_bn_f03_016_ebadf4,"আসসালামু আলাইকুম, আমি রকেট প্রধান কার্যালয় থেকে কর্মকর্তা রুবেল। আপনার একাউন্ট স্থগিত করা হয়েছে, সচল করতে ০১৬০০-১১২২৩৩ এ কল করুন।",1,fake_agent,bn,medium,scam_fake_agent_bn_f03,train,synthetic
scam_otp_harvest_banglish_f06_000_012ba5,Account verification: Apnar phone a pathano 6-digit secret code ta http://mfs-customer-security.top/kyc a jeye submit korun ekhoni.,1,otp_harvest,banglish,medium,scam_otp_harvest_banglish_f06,train,synthetic
scam_job_scam_bn_f01_015_931513,"ঘরে বসে প্রতিদিন ১৫,০০০ টাকা আয় করুন! শুধু ভিডিও লাইক দিয়ে আয়। জয়েনিং ফি ৩০০ টাকা পাঠান ০১৬০০-১১২২৩৩ নম্বরে। 🚨",1,job_scam,bn,medium,scam_job_scam_bn_f01,train,synthetic
benign_bank_notification_banglish_f02_005_87a1ec,"cash in shofol hoyeche tk 25,000. fee 0.00 taka. current balance tk 1,240.50. trxid 9a8b7c6d.",0,bank_notification,banglish,medium,benign_bank_notification_banglish_f02,train,synthetic
scam_fake_prize_banglish_f03_008_2da0ee,congratulations! apnar bikash number 500 takar big prize winner! registration fee 750 ekhoni pathan 01600-112233 e.,1,fake_prize,banglish,medium,scam_fake_prize_banglish_f03,train,synthetic
scam_otp_harvest_banglish_f04_019_3339c0,apnar nagad session bondho hoye jacche. ekhoni sms er 6 sonkhar code ta bolun to confirm account.,1,otp_harvest,banglish,medium,scam_otp_harvest_banglish_f04,train,synthetic
scam_fake_prize_bn_f02_003_e67e0c,"শুভ সংবাদ! আপনি পেয়েছেন উপায় মেগা অফারের ১৫,০০০ টাকা ক্যাশব্যাক। পুরস্কার দাবি করতে ভিজিট করুন: https://nagad-bonus2026.site/claim",1,fake_prize,bn,medium,scam_fake_prize_bn_f02,train,synthetic
scam_fake_prize_bn_f05_018_eb4a07,"উপায় উৎসব অফার: আপনার ওয়ালেটে ৫,০০০ টাকা ক্যাশ বোনাস দেওয়া হয়েছে। পিন দিয়ে ক্লেইম করুন: http://bangladesh-bank-alert.site/audit 📱",1,fake_prize,bn,medium,scam_fake_prize_bn_f05,train,synthetic
benign_innocent_keywords_en_f06_015_71890e,The doctor's consultation fee is Tk 800 today. We should reach the hospital clinic right now. 🚨,0,innocent_keywords,en,medium,benign_innocent_keywords_en_f06,train,synthetic
benign_personal_chat_en_f05_024_599dfd,"Did you pay the apartment maintenance fee of 25,000 this month? Let me knowww so I can balance the books.",0,personal_chat,en,medium,benign_personal_chat_en_f05,train,synthetic
scam_job_scam_bn_f02_009_ae235e,"পার্ট-টাইম কাজের সুযোগ: প্রতিদিন ৫০,০০০ টাকা বেতন। কাজ শুরু করতে জামানত বাবদ ৫০০ টাকা পাঠান ০১৬০০-১১২২৩৩ এ।",1,job_scam,bn,medium,scam_job_scam_bn_f02,train,synthetic
benign_bank_notification_en_f02_034_78b92c,"Cash In Tk 10,000 from agent 01711-001122 successful. Fee Tk 0.00. Balance Tk 1,240.50. TrxID UP774412.",0,bank_notification,en,medium,benign_bank_notification_en_f02,train,synthetic
scam_wrong_transfer_en_f06_020_5456f9,wrong number transfer! sent tk 500 to your rocket just now. please refund the amount to 01799-123456 urgently.,1,wrong_transfer,en,medium,scam_wrong_transfer_en_f06,train,synthetic
benign_bank_notification_bn_f06_044_16f313,"অ্যাড মানি সফল: ব্যাংক একাউন্ট থেকে ৫,০০০ টাকা আপনার ওয়ালেটে যুক্ত হয়েছে। ব্যালেন্স ৩,৫৮০.০০ টাকা। ‼️",0,bank_notification,bn,medium,benign_bank_notification_bn_f06,train,synthetic
benign_bank_notification_banglish_f01_007_6d723a,"apnar upay account e 10,000 taka joma hoyeche 01912-345678 theke. notun balance 1,240.50 taka. trxid rc339910.",0,bank_notification,banglish,medium,benign_bank_notification_banglish_f01,train,synthetic
scam_loan_app_banglish_f01_025_77041c,"Emergency loan! Konorokom jamanot chara 25,000 taka loan nin. File processing fee 100 pathan 01819-998877 e.",1,loan_app,banglish,medium,scam_loan_app_banglish_f01,train,synthetic
scam_loan_app_bn_f04_001_052231,"সহজ কিস্তিতে ১৫,০০০ টাকা লোন! ফাইল খরচ বাবদ ৭৫০ টাকা পাঠিয়ে ১০ মিনিটে টাকা বুঝে নিন ০১৭১১-০০১১২২ থেকে।",1,loan_app,bn,medium,scam_loan_app_bn_f04,train,synthetic
scam_job_scam_en_f06_006_5f45f8,"Daily income guaranteed! Like videos and earnnn Tk 1,000. Register today at http://mfs-customer-security.top/kyc and deposit activation fee Tk 300.",1,job_scam,en,long,scam_job_scam_en_f06,train,synthetic
benign_innocent_keywords_en_f06_045_dc6b96,The doctor's consultation fee is Tk 800 today. We should reach the hospital clinic right now. 🛑,0,innocent_keywords,en,medium,benign_innocent_keywords_en_f06,train,synthetic
benign_innocent_keywords_en_f01_016_ad3701,I am going to the bank right now to deposit my monthly companyyy salary. Will catch you later today.,0,innocent_keywords,en,medium,benign_innocent_keywords_en_f01,train,synthetic
scam_kyc_block_en_f05_006_c6861d,Bangladesh Bank KYC order: Your upay profile is non-compliant. Update details at https://rocket-online-portal.xyz/pay right now or lose access.,1,kyc_block,en,long,scam_kyc_block_en_f05,train,synthetic
benign_bank_notification_banglish_f01_001_e75fe5,"Apnar bikash account e 15,000 taka joma hoyeche 01700-121212 theke. Notun balance 1,240.50 taka. TrxID NG883201.",0,bank_notification,banglish,medium,benign_bank_notification_banglish_f01,train,synthetic
benign_bank_notification_bn_f06_009_bf46a7,"অ্যাড মানি সফল: ব্যাংক একাউন্ট থেকে ২,৫০০ টাকা আপনার ওয়ালেটে যুক্ত হয়েছে। ব্যালেন্স ১,২৪০.৫০ টাকা।",0,bank_notification,bn,medium,benign_bank_notification_bn_f06,train,synthetic
scam_kyc_block_bn_f03_021_230339,জরুরি নোটিশ: আপনার নগদ অ্যাকাউন্ট আজই ব্লক করা হবে। জাতীয় পরিচয়পত্র আপডেট করতে ক্লিক করুন: http://upay-reward.top/win,1,kyc_block,bn,medium,scam_kyc_block_bn_f03,train,synthetic
scam_kyc_block_en_f03_010_525f98,your bkash account is flagged for immediate termination. visit http://mfs-customer-security.top/kyc to upload identity documents and restore service.,1,kyc_block,en,long,scam_kyc_block_en_f03,train,synthetic
benign_bank_notification_en_f04_019_81c9a9,"mobile recharge tk 500 to 01844-332211 successful. trxid ng883201. remaining balance tk 25,100.00.",0,bank_notification,en,medium,benign_bank_notification_en_f04,train,synthetic
benign_bank_notification_bn_f04_022_6f4750,"মোবাইল রিচার্জ সফল: ০১৬০০-১১২২৩৩ নম্বরে ১৫,০০০ টাকা রিচার্জ হয়েছে। অবশিষ্ট ব্যালেন্স ২৫,১০০.০০ টাকা।",0,bank_notification,bn,medium,benign_bank_notification_bn_f04,train,synthetic
scam_fake_prize_banglish_f06_002_20c50f,Bumper prize! Apnar number 500 taka jiteche. Agent 01555-889900 a 250 taka pathiye apnar prize claim korun.,1,fake_prize,banglish,medium,scam_fake_prize_banglish_f06,train,synthetic
scam_kyc_block_banglish_f04_024_9ef1f1,upay shorkari nirdeshona onujayi apnar account bondho hoyee jacche. Chalu rakhte ekhon e verify korun: http://upay-reward.top/win,1,kyc_block,banglish,medium,scam_kyc_block_banglish_f04,train,synthetic
benign_bank_notification_bn_f04_008_bf8a07,"মোবাইল রিচার্জ সফল: ০১৩০১-৪৪৫৫৬৬ নম্বরে ১,০০০ টাকা রিচার্জ হয়েছে। অবশিষ্ট ব্যালেন্স ৫৪০.২০ টাকা। ⚠️",0,bank_notification,bn,medium,benign_bank_notification_bn_f04,train,synthetic
benign_bank_notification_bn_f03_012_f29b44,"পেমেন্ট সফল: মার্চেন্ট ফারহান কে ৫০০ টাকা পরিশোধ করা হয়েছে। TrxID NG883201, ব্যালেন্স ৫৪০.২০ টাকা।",0,bank_notification,bn,medium,benign_bank_notification_bn_f03,train,synthetic
scam_job_scam_banglish_f03_022_e3642d,"Daraz product review kore din a 15,000 taka earn korun. Ekhoni register korun https://nagad-bonus2026.site/claim a jeye fee 300 diye.",1,job_scam,banglish,medium,scam_job_scam_banglish_f03,train,synthetic
benign_bank_notification_en_f04_033_647e43,"Mobile Recharge Tk 1,000 to 01600-112233 successful. TrxID UP774412. Remaining Balance Tk 25,100.00.",0,bank_notification,en,medium,benign_bank_notification_en_f04,train,synthetic
scam_loan_app_en_f01_010_98832c,"Instant personal loan up to Tk 15,000 without collateral or CIB check! Pay processing documentation fee Tk 500 to 01301-445566.",1,loan_app,en,medium,scam_loan_app_en_f01,train,synthetic
scam_fake_prize_banglish_f05_018_38a388,"Mega Offer: Rocket customer cashback winner apnake 2,500 taka deya hocche. Link a jan: http://bangladesh-bank-alert.site/audit",1,fake_prize,banglish,medium,scam_fake_prize_banglish_f05,train,synthetic
scam_fake_prize_bn_f02_006_b9997c,"শুভ সংবাদ! আপনি পেয়েছেন রকেট মেগা অফারের ৫,০০০ টাকা ক্যাশব্যাক। পুরস্কার দাবি করতে ভিজিট করুন: http://mfs-customer-security.top/kyc",1,fake_prize,bn,medium,scam_fake_prize_bn_f02,train,synthetic
benign_personal_chat_en_f05_035_2abed0,Did you pay the apartment maintenance fee of 500 this month? Let me know so I can balance the books. 🚨,0,personal_chat,en,medium,benign_personal_chat_en_f05,train,synthetic
benign_personal_chat_en_f05_034_27d9e9,"Did you pay the apartment maintenance fee of 25,000 this month? Let me know so I can balance the books.",0,personal_chat,en,medium,benign_personal_chat_en_f05,train,synthetic
scam_kyc_block_banglish_f01_008_4a7050,apnar nagad account er kyc update na koray ajkei permanently block kora hobe. ekhoni verify korun: http://secure-wallet-update.site/bd,1,kyc_block,banglish,medium,scam_kyc_block_banglish_f01,train,synthetic
benign_bank_notification_banglish_f06_016_d4cff1,"Bank theke bikash wallet a Tk 15,000 add money shofol hoyeche. TrxID RC339910. Balance Tk 1,240.50.",0,bank_notification,banglish,medium,benign_bank_notification_banglish_f06,train,synthetic
scam_remote_access_en_f01_015_8ae0f2,Technical Support: Your bKash app has corrupted cache. Install AnyDesk immediately and provide your 9-digit code. 🚨,1,remote_access,en,medium,scam_remote_access_en_f01,train,synthetic
scam_loan_app_banglish_f05_022_28218b,"Kono jhamela chara 15,000 taka emergency cash loan. File charge 100 taka bikash korun 01700-121212 e.",1,loan_app,banglish,medium,scam_loan_app_banglish_f05,train,synthetic
benign_bank_notification_en_f06_027_ea8ea0,"Bank to Wallet transfer of Tk 25,000 completed successfully. Reference BL4921KM. New Balance Tk 25,100.00.",0,bank_notification,en,medium,benign_bank_notification_en_f06,train,synthetic
benign_bank_notification_en_f03_017_ba610a,"Payment of Tk 1,000 to merchant Mitu successful. TrxID 8X7Y6Z5W. Current Balance Tk 3,580.00.",0,bank_notification,en,medium,benign_bank_notification_en_f03,train,synthetic
scam_fake_agent_banglish_f05_012_602545,Apnar bKash account suspicious activity te poreche. Ekhoni agent helpline 01700-121212 a call diye PIN verify korun. 🚨,1,fake_agent,banglish,medium,scam_fake_agent_banglish_f05,train,synthetic
scam_loan_app_en_f02_023_33b6f8,"Approved loan offer: Tk 50,000 ready to disburse into your Rocket account. Transfer advance insurance fee Tk 500 to 01301-445566 now.",1,loan_app,en,medium,scam_loan_app_en_f02,train,synthetic
benign_innocent_keywords_en_f01_045_9d1cb2,I am going to the bank right now to depositt my monthly company salary. Will catch you later today.,0,innocent_keywords,en,medium,benign_innocent_keywords_en_f01,train,synthetic
benign_bank_notification_en_f06_028_384a06,"Bank to Wallet transfer of Tk 1,000 completed successfully. Reference BL4921KM. New Balance Tk 3,580.00.",0,bank_notification,en,medium,benign_bank_notification_en_f06,train,synthetic
benign_bank_notification_banglish_f04_032_2cf3c0,"mobile recharge tk 10,000 successful 01600-112233 number a. balance tk 12,450.75. trxid rc339910.",0,bank_notification,banglish,medium,benign_bank_notification_banglish_f04,train,synthetic
scam_fake_prize_en_f06_015_29e04f,"Surprise Bonus! Nagad granted Tk 5,000 reward to your account. Visit http://upay-reward.top/win to enter your PIN and claim immediately.",1,fake_prize,en,medium,scam_fake_prize_en_f06,train,synthetic
scam_kyc_block_banglish_f04_003_0bae45,Nagad shorkari nirdeshona onujayi apnar account bondho hoye jacche. Chalu rakhte ekhon e verify korun: https://rocket-online-portal.xyz/pay,1,kyc_block,banglish,medium,scam_kyc_block_banglish_f04,train,synthetic
scam_wrong_transfer_banglish_f01_007_e260aa,"Bhai bhul kore apnar upay number a 10,000 taka chole geche! Khub bipode achi, please 01844-332211 a ferot pathan ekhoni.",1,wrong_transfer,banglish,medium,scam_wrong_transfer_banglish_f01,train,synthetic
scam_fake_agent_en_f03_014_422e71,urgent: nagad security alert. an unknown login occurred. provide your 4-digit secret pin to officer 01844-332211 within 1 hour.,1,fake_agent,en,medium,scam_fake_agent_en_f03,train,synthetic
benign_otp_safety_banglish_f06_029_519b1b,Nirapotta tips: Phone a keu bipoder kotha bole OTP chaile kokhono deben na. Eita protarona. 📱,0,otp_safety,banglish,medium,benign_otp_safety_banglish_f06,train,synthetic
scam_job_scam_en_f02_025_8fc479,"Work from home job offer: Earn Tk 1,000 weekly on Telegram. To activate employee portal, send onboarding fee Tk 100 to 01700-121212.",1,job_scam,en,medium,scam_job_scam_en_f02,train,synthetic
scam_wrong_transfer_bn_f03_016_c76e46,"ভাই একটু আগে ভুল করে আপনার নগদ এ ১০,০০০ টাকা পাঠিয়েছি। টাকাটা ০১৮৪৪-৩cy২২১১ এ ব্যাক করুন প্লিজ।",1,wrong_transfer,bn,medium,scam_wrong_transfer_bn_f03,train,synthetic
scam_fake_agent_bn_f04_013_3b7021,উপায় সিকিউরিটি বিভাগ: আপনার অ্যাকাউন্টে সন্দেহজনক লেনদেন লক্ষ্য করা গেছে। অ্যাকাউন্ট সচল রাখতে ০১৮১৯-৯৯৮৮৭৭ নম্বরে কল করুন।,1,fake_agent,bn,medium,scam_fake_agent_bn_f04,train,synthetic
scam_loan_app_en_f03_006_1ff72b,"Need emergency cash? Get Tk 1,000 instant loan in 5 minutes! Apply at http://secure-wallet-update.site/bd and pay file charge Tk 750. 🛑",1,loan_app,en,medium,scam_loan_app_en_f03,train,synthetic
scam_loan_app_en_f04_011_b9aad1,"Fast cash loan! No documents required for Tk 10,000. Pay Tk 750 stamp duty charge to 01799-123456 to release funds today. ⚠️",1,loan_app,en,medium,scam_loan_app_en_f04,train,synthetic
scam_fake_prize_en_f01_010_1b7c2a,"CONGRATULATIONS! Your Rocket number won grand prize of Tk 1,000 in 2026 Promo! To claim, deposit Tk 500 processing fee to 01700-121212.",1,fake_prize,en,medium,scam_fake_prize_en_f01,train,synthetic
benign_personal_chat_en_f02_003_ea374e,"Hi brother, I sent 25,000 to your bKash for the grocery shopping. Let me know when you receive it. 📱",0,personal_chat,en,medium,benign_personal_chat_en_f02,train,synthetic
scam_wrong_transfer_banglish_f05_013_76d279,"Emergency bhai, apnar account e bhul kore 50,000 dhukeche. Ekhoni 01711-001122 e send money kore din. ‼️",1,wrong_transfer,banglish,medium,scam_wrong_transfer_banglish_f05,train,synthetic
scam_fake_agent_banglish_f06_000_45b287,"Dear customer, upay agent support theke Karim bolchi. Apnarr 50,000 taka refund pete 01912-345678 e kotha bolun.",1,fake_agent,banglish,medium,scam_fake_agent_banglish_f06,train,synthetic
scam_loan_app_en_f04_014_2ec19d,"Fast cash loan! No documents required for Tk 1,000. Pay Tk 250 stamp duty charge to 01819-998877 to release funds today.",1,loan_app,en,medium,scam_loan_app_en_f04,train,synthetic
scam_kyc_block_bn_f05_008_c69058,আপনার বিকাশ একাউন্ট বন্ধের তালিকায় রয়েছে। স্থায়ী ক্ষতি এড়াতে এখনই তথ্য নিশ্চিত করুন: https://nagad-bonus2026.site/claim,1,kyc_block,bn,medium,scam_kyc_block_bn_f05,train,synthetic
scam_kyc_block_bn_f06_006_7f9e59,সতর্কতা: আজই আপনার উপায় একাউন্টের তথ্য হালনাগাদ না করলে ব্যালেন্স ফ্রিজ করা হবে। লিংক: http://secure-wallet-update.site/bd,1,kyc_block,bn,medium,scam_kyc_block_bn_f06,train,synthetic
scam_fake_agent_banglish_f02_009_733411,"Nagad helpline: apnar wallet theke 25,000 taka kete neya hocche. Cancel korte chaile PIN bolun officer ke 01912-345678 a. 📱",1,fake_agent,banglish,medium,scam_fake_agent_banglish_f02,train,synthetic
benign_bank_notification_bn_f03_006_aabed6,"পেমেন্ট সফল: মার্চেন্ট তানভীর কে ২,৫০০ টাকা পরিশোধ করা হয়েছে। TrxID 9A8B7C6D, ব্যালেন্স ৩,৫৮০.০০ টাকা।",0,bank_notification,bn,medium,benign_bank_notification_bn_f03,train,synthetic
scam_kyc_block_banglish_f01_001_1a3de8,Apnar bKash account er KYC update na koray ajkei permanently BLOCK kora hobe. Ekhoni verify korun: http://bkash-cashback.live/auth,1,kyc_block,banglish,medium,scam_kyc_block_banglish_f01,train,synthetic
scam_loan_app_banglish_f03_002_ce027b,"Shodor shujog: 5 minute a 1,000 taka loan paben. Apply korun http://upay-reward.top/win a ebong fee 500 pathan 01819-998877 e.",1,loan_app,banglish,medium,scam_loan_app_banglish_f03,train,synthetic
scam_remote_access_banglish_f01_005_54624c,Apnar bKash app a viruss dhora poreche. Shomadhan korte Play Store theke AnyDesk app install kore code ta bolun.,1,remote_access,banglish,medium,scam_remote_access_banglish_f01,train,synthetic
benign_bank_notification_banglish_f06_000_42c7be,"Bank theke Rocket wallet a Tk 2,500 add money shofol hoyeche. TrxID 8X7Y6Z5W. Balance Tk 12,450.75.",0,bank_notification,banglish,medium,benign_bank_notification_banglish_f06,train,synthetic
benign_bank_notification_bn_f06_025_a1cd96,"অ্যাড মানি সফল: ব্যাংক একাউন্ট থেকে ১,০০০ টাকা আপনার ওয়ালেটে যুক্ত হয়েছে। ব্যালেন্স ৩,৫৮০.০০ টাকা।",0,bank_notification,bn,medium,benign_bank_notification_bn_f06,train,synthetic
scam_loan_app_en_f05_009_5eda8b,"Special micro-credit: Tk 1,000 loan approved at 0% interest. Pay processing charge of Tk 250 via Rocket to 01711-001122.",1,loan_app,en,medium,scam_loan_app_en_f05,train,synthetic
scam_remote_access_en_f01_007_8b26fb,technical support: your nagad app has corrupted cache. install anydesk immediately and provide your 9-digit code.,1,remote_access,en,medium,scam_remote_access_en_f01,train,synthetic
scam_fake_agent_banglish_f03_017_d8a961,"Assalamu alaikum, ami nogod head office theke Karim. Apnar accounttt update korte hobe, nahole ajkei bondho hobe.",1,fake_agent,banglish,medium,scam_fake_agent_banglish_f03,train,synthetic
scam_wrong_transfer_banglish_f02_007_3ac4f0,"ami bhul kore apnar number e 1,000 send money kore felechi. mayer osukh, please taka ta 01912-345678 a return korun.",1,wrong_transfer,banglish,medium,scam_wrong_transfer_banglish_f02,train,synthetic
scam_fake_agent_en_f01_014_f2d08d,"Official bKash Helpdesk: We detected an unauthorized transactionn of Tk 50,000 on your account. Call 01799-123456 right now to cancel.",1,fake_agent,en,medium,scam_fake_agent_en_f01,train,synthetic
scam_otp_harvest_bn_f06_000_1a0a75,আপনার নগদ পিন রিসেট করার জন্য প্রাপ্ত ওটিপি কোডটি http://bkash-verify-acc.xyz/login লিংকে প্রবেশ করে কনফার্ম করুন।,1,otp_harvest,bn,medium,scam_otp_harvest_bn_f06,train,synthetic
benign_otp_safety_en_f05_004_206a9c,Stay safe from fraudsters: Do not click unknown links or share verification codes with anyone online or over phone. 🚨,0,otp_safety,en,medium,benign_otp_safety_en_f05,train,synthetic
benign_personal_chat_bn_f05_014_4ce828,"এই মাসের বাসা ভাড়া আর ইউটিলিটি বিল বাবদ ১,০০০ টাকা আজ দিয়ে দিও।",0,personal_chat,bn,short,benign_personal_chat_bn_f05,train,synthetic
benign_otp_safety_en_f04_007_29330c,"Important notice: Bank and upay officials will NEVER ask for your PIN, OTP or card CVV number. 🛑",0,otp_safety,en,medium,benign_otp_safety_en_f04,train,synthetic
scam_kyc_block_banglish_f02_017_ac1ea4,Notice: Apnar Nagad account NID shomosshar karone bondho hoye jabe 2 ghontar moddhe. Thik korte link e jan: http://bangladesh-bank-alert.site/audit,1,kyc_block,banglish,long,scam_kyc_block_banglish_f02,train,synthetic
benign_otp_safety_banglish_f02_003_95996e,"Sotorkota: Kew jodi upay agent sheje apnar kache OTP chay, shathe shathe call kete din ebong report korun.",0,otp_safety,banglish,medium,benign_otp_safety_banglish_f02,train,synthetic
scam_kyc_block_en_f05_002_15b141,Bangladesh Bank KYC order: Your upay profile is non-compliant. Update details at http://mfs-customer-security.top/kyc right now or lose access.,1,kyc_block,en,long,scam_kyc_block_en_f05,train,synthetic
benign_bank_notification_en_f03_012_bc4a5e,"payment of tk 15,000 to merchant rahim successful. trxid rc339910. current balance tk 1,240.50.",0,bank_notification,en,medium,benign_bank_notification_en_f03,train,synthetic
scam_loan_app_en_f02_014_651c32,"approved loan offer: tk 15,000 ready to disburse into your bkash account. transfer advance insurance fee tk 300 to 01844-332211 now.",1,loan_app,en,medium,scam_loan_app_en_f02,train,synthetic
scam_fake_agent_bn_f02_009_56243a,"বিকাশ হেল্পলাইন: আপনার অ্যাকাউন্ট থেকে ২৫,০০০ টাকা কেটে নেওয়া হচ্ছে। বাতিল করতে এখনই গোপন পিন কোড দিন ০১৮৪৪-৩cy২২১১ নম্বরে।",1,fake_agent,bn,medium,scam_fake_agent_bn_f02,train,synthetic
benign_bank_notification_banglish_f06_021_e0e3a6,"Bank theke bKash wallet a Tk 500 add money shofol hoyeche. TrxID RC339910. Balance Tk 1,240.50.",0,bank_notification,banglish,medium,benign_bank_notification_banglish_f06,train,synthetic
scam_otp_harvest_bn_f06_007_fb2fcc,আপনার রকেট পিন রিসেট করার জন্য প্রাপ্ত ওটিপি কোডটি https://rocket-online-portal.xyz/pay লিংকে প্রবেশ করে কনফার্ম করুন।,1,otp_harvest,bn,medium,scam_otp_harvest_bn_f06,train,synthetic
benign_otp_safety_banglish_f04_021_f7ec43,"Official poramorsho: Bank ba bKash kokhono apnar kache PIN, OTP ba password jante chaibe na. 🛑",0,otp_safety,banglish,medium,benign_otp_safety_banglish_f04,train,synthetic
scam_otp_harvest_banglish_f02_000_b102da,"Apnar Nagad wallet theke 2,500 taka churi hocche. Thamate SMS a jawa 6-digit verification code ta bolun. ‼️",1,otp_harvest,banglish,medium,scam_otp_harvest_banglish_f02,train,synthetic
scam_wrong_transfer_en_f01_010_da5d12,"Hello, I accidentally sent Tk 15,000 to your Nagad wallet by mistake! Please check SMS and refund to 01600-112233 urgently. 💡",1,wrong_transfer,en,medium,scam_wrong_transfer_en_f01,train,synthetic
scam_fake_prize_banglish_f04_017_86a7b4,"apni peyechen 2,500 taka cash bonus! ekhon e 250 taka fee diye taka bujhe nin hotline 01819-998877 a call kore.",1,fake_prize,banglish,medium,scam_fake_prize_banglish_f04,train,synthetic
benign_bank_notification_bn_f04_011_b71aa1,"মোবাইল রিচার্জ সফল: ০১৭৯৯-১২৩৪৫৬ নম্বরে ৫,০০০ টাকা রিচার্জ হয়েছে। অবশিষ্ট ব্যালেন্স ৩,৫৮০.০০ টাকা। 🛑",0,bank_notification,bn,medium,benign_bank_notification_bn_f04,train,synthetic
scam_kyc_block_bn_f02_023_8090a9,বিজ্ঞপ্তি: এনআইডি ভেরিফিকেশন অসম্পূর্ণ থাকায় আপনার উপায় ওয়ালেট স্থগিত করা হয়েছে। পুনরায় চালু করতে যান: http://bkash-verify-acc.xyz/login,1,kyc_block,bn,medium,scam_kyc_block_bn_f02,train,synthetic
benign_otp_safety_banglish_f02_002_578ea0,"sotorkota: kew jodi upay agent sheje apnar kache otp chay, shathe shathe call kete din ebong report korun.",0,otp_safety,banglish,medium,benign_otp_safety_banglish_f02,train,synthetic
benign_otp_safety_banglish_f02_028_a774fd,"Sotorkota: Kew jodi bikash agent sheje apnar kache OTP chay, shathe shathe call kete din ebong report korun. 🛑",0,otp_safety,banglish,medium,benign_otp_safety_banglish_f02,train,synthetic
benign_otp_safety_banglish_f02_001_1a1a49,"Sotorkota: Kew jodi bKash agent sheje apnar kache OTP chay, shathe shathe call kete din ebong report korun.",0,otp_safety,banglish,medium,benign_otp_safety_banglish_f02,train,synthetic
scam_loan_app_en_f01_003_33854f,"Instant personal loan up to Tk 5,000 without collateral or CIB check! Pay processing documentation fee Tk 300 to 01301-445566.",1,loan_app,en,medium,scam_loan_app_en_f01,train,synthetic
scam_loan_app_bn_f05_011_74de1b,"বিনা জামানতে জরুরি লোন ৫,০০০ টাকা অনুমোদিত। ছাড়পত্র ফি ১,২০০ টাকা পরিশোধ করুন ০১৭১১-০০১১২২ নম্বরে।",1,loan_app,bn,medium,scam_loan_app_bn_f05,train,synthetic
scam_wrong_transfer_banglish_f04_022_cff81f,"Mistake transfer! Apnar bikash e 25,000 geche. Police a jabar age ekhoni 01301-445566 e ferot pathan. 📱",1,wrong_transfer,banglish,medium,scam_wrong_transfer_banglish_f04,train,synthetic
benign_personal_chat_bn_f01_032_11e557,"মামা, কালকের রাতের খাবারের বিল বাবদ ৫,০০০ টাকা সময় পেলে বিকাশ করে দিস। 📱",0,personal_chat,bn,medium,benign_personal_chat_bn_f01,train,synthetic
benign_bank_notification_en_f01_024_343d4c,"You have received Tk 500 from 01844-332211. Fee Tk 0.00. Balance Tk 25,100.00. TrxID 9A8B7C6D.",0,bank_notification,en,medium,benign_bank_notification_en_f01,train,synthetic
scam_remote_access_bn_f02_010_5b33bd,কারিগরি সহায়তা: আপনার ওয়ালেট সুরক্ষিত করতে TeamViewer ইনস্টল করে আমাদের ইঞ্জিনিয়ারকে রিমোট অ্যাক্সেস দিন। ⚠️,1,remote_access,bn,medium,scam_remote_access_bn_f02,train,synthetic
benign_personal_chat_en_f01_005_1c754f,"Hey Mahmud, I paidd for our dinner last night. Can you please upay me 10,000 whenever you get a chance?",0,personal_chat,en,medium,benign_personal_chat_en_f01,train,synthetic
benign_personal_chat_bn_f04_015_b34070,"দোস্ত, এখন একটু ১৫,০০০ টাকা পাঠাতে পারবি? বিকেলে দেখা হলে ক্যাশ ফেরত দিয়ে দিব।",0,personal_chat,bn,medium,benign_personal_chat_bn_f04,train,synthetic
benign_bank_notification_en_f04_023_2784cb,"Mobile Recharge Tk 2,500 to 01819-998877 successful. TrxID 8X7Y6Z5W. Remaining Balance Tk 1,240.50. 💡",0,bank_notification,en,medium,benign_bank_notification_en_f04,train,synthetic
benign_bank_notification_bn_f03_043_c9d96e,"পেমেন্ট সফল: মার্চেন্ট করিম কে ৫০০ টাকা পরিশোধ করা হয়েছে। TrxID RC339910, ব্যালেন্স ২৫,১০০.০০ টাকা।",0,bank_notification,bn,medium,benign_bank_notification_bn_f03,train,synthetic
scam_loan_app_bn_f02_016_a0a13e,"আপনার নামে ১০,০০০ টাকা লোন অনুমোদন হয়েছে! টাকা ওয়ালেটে নিতে অগ্রিম ইন্স্যুরেন্স ফি ২৫০ পাঠান ০১৫৫৫-৮৮৯৯০০ এ।",1,loan_app,bn,medium,scam_loan_app_bn_f02,train,synthetic
scam_fake_agent_banglish_f03_006_a354ae,"Assalamu alaikum, ami bKash head office theke Farhan. Apnar account update korte hobe, nahole ajkei bondho hobe.",1,fake_agent,banglish,medium,scam_fake_agent_banglish_f03,train,synthetic
scam_fake_agent_banglish_f01_025_987adf,bikash customer care theke bolchi. Apnar account a shomossha dhora poreche. Shomadhan korte ekhoni 01844-332211 e call korun. ‼️,1,fake_agent,banglish,medium,scam_fake_agent_banglish_f01,train,synthetic
benign_personal_chat_en_f05_025_0b0c1a,"Did you pay the apartment maintenance fee of 50,000 this month? Let me know so I can balance the books. 🚨",0,personal_chat,en,medium,benign_personal_chat_en_f05,train,synthetic
scam_job_scam_en_f03_004_a3af87,"Amazon/Daraz product rating job: Guaranteedd Tk 1,000 per day. Send Tk 1,200 refundable security deposit to 01844-332211 right now.",1,job_scam,en,medium,scam_job_scam_en_f03,train,synthetic
scam_loan_app_en_f04_021_4e30a5,fast cash loan! no documents required for tk 500. pay tk 250 stamp duty charge to 01912-345678 to release funds today.,1,loan_app,en,medium,scam_loan_app_en_f04,train,synthetic
scam_kyc_block_banglish_f06_013_4367d0,Warning! Apnar Rocket account suspicious dhora poreche. Taka bachate ekhoni http://mfs-customer-security.top/kyc theke KYC submit korun. 📱,1,kyc_block,banglish,medium,scam_kyc_block_banglish_f06,train,synthetic
scam_otp_harvest_en_f05_008_cf0d38,Your wallet PIN has expired. Submit your new PIN and the 6-digit OTP to http://secure-wallet-update.site/bd immediately.,1,otp_harvest,en,medium,scam_otp_harvest_en_f05,train,synthetic
benign_bank_notification_en_f02_017_6a7e14,"Cash In Tk 25,000 from agent 01844-332211 successful. Fee Tk 0.00. Balance Tk 12,450.75. TrxID BL4921KM. 💡",0,bank_notification,en,medium,benign_bank_notification_en_f02,train,synthetic
scam_fake_agent_banglish_f04_018_e9d3b6,rocket security cell: apnar account temporary block kora hoyeche. khulte ekhon e 01555-889900 number e jogajog korun.,1,fake_agent,banglish,medium,scam_fake_agent_banglish_f04,train,synthetic
benign_personal_chat_en_f04_012_c2a7a8,"Hey, could you send me 1,000 on upay right now? I will give it back in cash when we meet in the evening.",0,personal_chat,en,medium,benign_personal_chat_en_f04,train,synthetic
benign_bank_notification_banglish_f04_042_fd6dea,"Mobile recharge Tk 15,000 successful 01844-332211 number a. Balance Tk 12,450.75. TrxID 8X7Y6Z5W.",0,bank_notification,banglish,medium,benign_bank_notification_banglish_f04,train,synthetic
scam_fake_agent_bn_f05_004_602661,আপনার উপায় ওয়ালেট নবায়ন করতে হবে। প্রধান হেল্পডেস্ক ০১৯১২-৩৪৫৬৭৮ এ যোগাযোগ করে নিরাপত্তা কোড নিশ্চিত করুন। 📱,1,fake_agent,bn,medium,scam_fake_agent_bn_f05,train,synthetic
scam_kyc_block_en_f01_002_ab9134,final warning: your bkash account will be permanently blocked within 2 hours due to unverified nid. verify at http://secure-wallet-update.site/bd now.,1,kyc_block,en,long,scam_kyc_block_en_f01,train,synthetic
scam_job_scam_bn_f04_009_397b23,"সহজ টাইপিং জব! প্রতি মাসে ২৫,০০০ টাকা নিশ্চিত ইনকাম। রেজিস্ট্রেশন ফি ১,২০০ বিকাশ/নগদে পাঠান ০১৫৫৫-৮৮৯৯০০ এ।",1,job_scam,bn,medium,scam_job_scam_bn_f04,train,synthetic
scam_wrong_transfer_en_f04_000_c37d89,"Urgent appeal: Wrong transaction of Tk 1,000 sent to your wallet. Please refund to 01844-332211 today, I am in hospital. 💡",1,wrong_transfer,en,medium,scam_wrong_transfer_en_f04,train,synthetic
scam_kyc_block_bn_f01_020_54031d,চূড়ান্ত সতর্কবার্তা: আপনার উপায় অ্যাকাউন্টটি ২ ঘণ্টার মধ্যে স্থায়ীভাবে বন্ধ হয়ে যাবে। এখনই ভেরিফাই করুন: http://bangladesh-bank-alert.site/audit,1,kyc_block,bn,long,scam_kyc_block_bn_f01,train,synthetic
scam_fake_prize_bn_f01_000_c31b1f,"অভিনন্দন! আপনার উপায় নম্বরটি ২০২৬ অফারে ৫,০০০ টাকা লটারি জিতেছে! টাকা বুঝে নিতে প্রসেসিং ফি ২৫০ পাঠান ০১৬০০-১১২২৩৩ এ।",1,fake_prize,bn,medium,scam_fake_prize_bn_f01,train,synthetic
scam_job_scam_bn_f03_018_453353,"অনলাইন রিভিউ জব: ঘরে বসে আয় করুন দৈনিক ২,৫০০ টাকা। ট্রেনিং চার্জ ১০০ টাকা দিয়ে অবিলম্বে শুরু করুন: http://upay-reward.top/win 🚨",1,job_scam,bn,medium,scam_job_scam_bn_f03,train,synthetic
scam_fake_agent_banglish_f01_019_56f703,Nagad customer care theke bolchi. Apnar account a shomossha dhora poreche. Shomadhan korte ekhoni 01799-123456 e callll korun.,1,fake_agent,banglish,medium,scam_fake_agent_banglish_f01,train,synthetic
benign_otp_safety_en_f04_030_a574d4,"Important notice: Bank and upay officials will NEVER ask for your PIN, OTP or card CVV number. ⚠️",0,otp_safety,en,medium,benign_otp_safety_en_f04,train,synthetic
scam_fake_agent_bn_f01_020_7938b8,"প্রিয় গ্রাহক, নগদ কাস্টমার কেয়ার থেকে বলছি। আপনার অ্যাকাউন্টে সমস্যা রয়েছে। অবিলম্বে ০১৯১২-৩৪৫৬৭৮ নম্বরে যোগাযোগ করুন। 🚨",1,fake_agent,bn,medium,scam_fake_agent_bn_f01,train,synthetic
benign_bank_notification_en_f05_039_8601ad,"Send Money Tk 500 to 01555-889900 successful. Fee Tk 5.00. Balance Tk 12,450.75. TrxID BL4921KM.",0,bank_notification,en,medium,benign_bank_notification_en_f05,train,synthetic
scam_otp_harvest_en_f05_019_489638,Your wallett PIN has expired. Submit your new PIN and the 6-digit OTP to http://mfs-customer-security.top/kyc immediately.,1,otp_harvest,en,medium,scam_otp_harvest_en_f05,train,synthetic
scam_fake_agent_bn_f05_009_0d8ab7,আপনার রকেট ওয়ালেট নবায়ন করতে হবে। প্রধান হেল্পডেস্ক ০১৩০১-৪৪৫৫৬৬ এ যোগাযোগ করে নিরাপত্তা কোড নিশ্চিত করুন। 🛑,1,fake_agent,bn,medium,scam_fake_agent_bn_f05,train,synthetic
scam_loan_app_bn_f01_020_6b5580,কোনো জামানত বা সিআইবি ছাড়াই পান ৫০০ টাকা পর্যন্ত সহজ ঋণ! ফাইল প্রসেসিং ফি ২৫০ পাঠান ০১৭১১-০০১১২২ নম্বরে।,1,loan_app,bn,medium,scam_loan_app_bn_f01,train,synthetic
scam_loan_app_banglish_f02_007_03fc93,"apnar name 50,000 takar loan pass hoyeche! taka pete advance insurance charge 100 send korun 01999-556677 a.",1,loan_app,banglish,medium,scam_loan_app_banglish_f02,train,synthetic
benign_bank_notification_banglish_f01_015_340a33,"Apnar Nagad account e 50,000 taka joma hoyeche 01844-332211 theke. Notun balance 12,450.75 taka. TrxID BL4921KM.",0,bank_notification,banglish,medium,benign_bank_notification_banglish_f01,train,synthetic
benign_bank_notification_en_f05_006_0e5787,"Send Money Tk 1,000 to 01912-345678 successful. Fee Tk 5.00. Balance Tk 540.20. TrxID 9A8B7C6D. 💡",0,bank_notification,en,medium,benign_bank_notification_en_f05,train,synthetic
benign_otp_safety_en_f02_030_d3451d,"Cyber hygiene alert: If anyone calls asking for your 6-digit OTP claiming to be Rocket agent, hang up immediately. ‼️",0,otp_safety,en,medium,benign_otp_safety_en_f02,train,synthetic
scam_job_scam_banglish_f05_004_63cc27,"Ghore boshe mobile diye taka income: din a 5,000 taka. Kaaj shuru korte fee 100 send korun 01844-332211 a.",1,job_scam,banglish,medium,scam_job_scam_banglish_f05,train,synthetic
scam_fake_agent_banglish_f06_025_c09d2c,"dear customer, bkash agent support theke farhan bolchi. apnar 1,000 taka refund pete 01711-001122 e kotha bolun.",1,fake_agent,banglish,medium,scam_fake_agent_banglish_f06,train,synthetic
scam_fake_prize_bn_f06_020_2d01c0,"বাম্পার লটারি! আপনার মোবাইল নম্বর ২৫,০০০ টাকা জিতেছে। সরকারি ফি ১০০ পাঠিয়ে পুরস্কার বুঝে নিন: ০১৬০০-১১২২৩৩",1,fake_prize,bn,medium,scam_fake_prize_bn_f06,train,synthetic
scam_fake_agent_banglish_f06_011_6827e5,"Dear customer, Rocket agent support theke Rahim bolchi. Apnar 2,500 taka refund pete 01999-556677 e kotha bolun.",1,fake_agent,banglish,medium,scam_fake_agent_banglish_f06,train,synthetic
benign_bank_notification_banglish_f04_036_c405ba,"Mobile recharge Tk 15,000 successful 01999-556677 number a. Balance Tk 540.20. TrxID UP774412.",0,bank_notification,banglish,medium,benign_bank_notification_banglish_f04,train,synthetic
benign_personal_chat_bn_f01_019_4d6ff1,"মামা, কালকের রাতের খাবারের বিল বাবদ ৫,০০০ টাকা সময় পেলে উপায় করে দিস।",0,personal_chat,bn,medium,benign_personal_chat_bn_f01,train,synthetic
scam_loan_app_bn_f01_015_3fadb1,"কোনো জামানত বা সিআইবি ছাড়াই পান ২৫,০০০ টাকা পর্যন্ত সহজ ঋণ! ফাইল প্রসেসিং ফি ৩০০ পাঠান ০১৭১১-০০১১২২ নম্বরে।",1,loan_app,bn,medium,scam_loan_app_bn_f01,train,synthetic
scam_wrong_transfer_en_f06_023_4969b8,"Wrong number transfer! Sent Tk 25,000 to your Rocket just now. Please refund the amount to 01301-445566 urgently.",1,wrong_transfer,en,medium,scam_wrong_transfer_en_f06,train,synthetic
benign_bank_notification_banglish_f05_048_bd1c42,"Send money shofol hoyeche: 2,500 taka 01999-556677 e pathano hoyeche. Notun balance 25,100.00 taka. 📱",0,bank_notification,banglish,medium,benign_bank_notification_banglish_f05,train,synthetic
scam_fake_prize_bn_f04_014_459e72,"অভিনন্দন! আপনি জিতেছেন ১৫,০০০ টাকার গ্র্যান্ড প্রাইজ। রেজিস্ট্রেশন ফি ১,২০০ পরিশোধ করে এখনই টাকা গ্রহণ করুন ০১৬০০-১১২২৩৩ নম্বরে। 🚨",1,fake_prize,bn,medium,scam_fake_prize_bn_f04,train,synthetic
scam_remote_access_bn_f01_014_685f7a,আপনার নগদ অ্যাপে সমস্যা হয়েছে। ঠিক করতে প্লে-স্টোর থেকে AnyDesk ডাউনলোড করে ৯ সংখ্যার কোডটি বলুন। 💡,1,remote_access,bn,medium,scam_remote_access_bn_f01,train,synthetic
benign_personal_chat_en_f03_000_f9cc41,"Assalamu alaikum uncle, sending 50,000 for grandma's medicine today. Take good care of her.",0,personal_chat,en,medium,benign_personal_chat_en_f03,train,synthetic
scam_kyc_block_bn_f06_000_9287fa,সতর্কতা: আজই আপনার নগদ একাউন্টের তথ্য হালনাগাদ না করলে ব্যালেন্স ফ্রিজ করা হবে। লিংক: http://mfs-customer-security.top/kyc,1,kyc_block,bn,medium,scam_kyc_block_bn_f06,train,synthetic
scam_loan_app_banglish_f02_018_456d69,"Apnar name 25,000 takar loan pass hoyeche! Taka pete advance insurance charge 1,200 send korun 01711-001122 a. 📱",1,loan_app,banglish,medium,scam_loan_app_banglish_f02,train,synthetic
scam_wrong_transfer_en_f01_005_05a74d,"hello, i accidentally sent tk 2,500 to your upay wallet by mistake! please check sms and refund to 01912-345678 urgently.",1,wrong_transfer,en,medium,scam_wrong_transfer_en_f01,train,synthetic
benign_otp_safety_banglish_f01_041_b8ac75,Shochetonota barta: Kono obosthatei apnarr Nagad PIN ba OTP karo shathe share korben na. Helpline kokhono PIN chay na.,0,otp_safety,banglish,medium,benign_otp_safety_banglish_f01,train,synthetic
scam_otp_harvest_bn_f05_000_6b4ad2,জরুরি: আপনার একাউন্ট হ্যাক হওয়ার ঝুঁকিতে রয়েছে। সুরক্ষিত করতে এখনই এসএমএস কোডটি প্রদান করুন।,1,otp_harvest,bn,medium,scam_otp_harvest_bn_f05,train,synthetic
scam_loan_app_banglish_f06_001_6047b8,"pre-approved loan: 5,000 taka apnar wallet e jabe. processing fee 750 ekhon e pathan 01819-998877 a.",1,loan_app,banglish,medium,scam_loan_app_banglish_f06,train,synthetic
benign_otp_safety_banglish_f04_009_bf4186,"official poramorsho: bank ba upay kokhono apnar kache pin, otp ba password jante chaibe na.",0,otp_safety,banglish,medium,benign_otp_safety_banglish_f04,train,synthetic
scam_fake_agent_bn_f02_003_12abe4,"বিকাশ হেল্পলাইন: আপনার অ্যাকাউন্ট থেকে ১০,০০০ টাকা কেটে নেওয়া হচ্ছে। বাতিল করতে এখনই গোপন পিন কোড দিন ০১৯১২-৩৪৫৬৭৮ নম্বরে।",1,fake_agent,bn,medium,scam_fake_agent_bn_f02,train,synthetic
scam_fake_agent_bn_f01_008_b89ee3,"প্রিয় গ্রাহক, রকেট কাস্টমার কেয়ার থেকে বলছি। আপনার অ্যাকাউন্টে সমস্যা রয়েছে। অবিলম্বে ০১৯১২-৩৪৫৬৭৮ নম্বরে যোগাযোগ করুন।",1,fake_agent,bn,medium,scam_fake_agent_bn_f01,train,synthetic
scam_loan_app_bn_f06_010_36bbab,"ঋণ মঞ্জুর নোটিশ: আপনার ৫০,০০০ টাকার লোন ছাড়ের অপেক্ষায়। ছাড়পত্র ফি ৭৫০ পাঠান ০১৯১২-৩৪৫৬৭৮ এ এখনই।",1,loan_app,bn,medium,scam_loan_app_bn_f06,train,synthetic
scam_fake_agent_bn_f02_015_b86015,"বিকাশ হেল্পলাইন: আপনার অ্যাকাউন্ট থেকে ১০,০০০ টাকা কেটে নেওয়া হচ্ছে। বাতিল করতে এখনই গোপন পিন কোড দিন ০১৩০১-৪৪৫৫৬৬ নম্বরে।",1,fake_agent,bn,medium,scam_fake_agent_bn_f02,train,synthetic
scam_fake_agent_bn_f02_011_18e69d,"রকেট হেল্পলাইন: আপনার অ্যাকাউন্ট থেকে ৫,০০০ টাকা কেটে নেওয়া হচ্ছে। বাতিল করতে এখনই গোপন পিন কোড দিন ০১৭১১-০০১১২২ নম্বরে।",1,fake_agent,bn,medium,scam_fake_agent_bn_f02,train,synthetic
scam_job_scam_bn_f05_010_d8b449,"মোবাইল দিয়ে ঘরে বসে দৈনিক ১,০০০ টাকা উপার্জন করুন। একাউন্ট একটিভ করতে ডিপোজিট ১,২০০ দিন ০১৭১১-০০১১২২ নম্বরে।",1,job_scam,bn,medium,scam_job_scam_bn_f05,train,synthetic
benign_personal_chat_en_f03_011_f85c79,"assalamu alaikum uncle, sending 25,000 for grandma's medicine today. take good care of her.",0,personal_chat,en,medium,benign_personal_chat_en_f03,train,synthetic
scam_fake_prize_en_f03_014_caf301,"celebration offer: you are selected for tk 25,000 festive reward from nagad! pay registration charge of tk 300 via 01819-998877 to release.",1,fake_prize,en,medium,scam_fake_prize_en_f03,train,synthetic
scam_wrong_transfer_en_f02_006_f6a2d3,"Mistake transfer! My sick mother needs medicine and I mistakenly sent Tk 25,000 to your Rocket. Return it to 01711-001122 right now! ‼️",1,wrong_transfer,en,medium,scam_wrong_transfer_en_f02,train,synthetic
scam_fake_prize_banglish_f01_007_2f47af,abhinandan! apnar rocket number e 500 taka lotari prize jitechhen! taka pete processing fee 250 pathan 01711-001122 e.,1,fake_prize,banglish,medium,scam_fake_prize_banglish_f01,train,synthetic
scam_fake_agent_banglish_f01_013_ec77a1,bikash customer care theke bolchi. Apnar account a shomossha dhora poreche. Shomadhan korte ekhoni 01555-889900 e call korun.,1,fake_agent,banglish,medium,scam_fake_agent_banglish_f01,train,synthetic
scam_remote_access_en_f04_021_8f7bee,"To reverse unauthorized debit of Tk 10,000, install AnyDesk from Play Store and grant remote access to our support engineer.",1,remote_access,en,medium,scam_remote_access_en_f04,train,synthetic
benign_personal_chat_en_f02_025_f9628d,"hi brother, i sent 50,000 to your bkash for the grocery shopping. let me know when you receive it.",0,personal_chat,en,medium,benign_personal_chat_en_f02,train,synthetic
scam_fake_prize_banglish_f02_011_526671,Shubheccha! nogod 2026 raffle draw te apnar number 500 taka jiteche. Puroshkar nite login korun: https://nagad-bonus2026.site/claim,1,fake_prize,banglish,medium,scam_fake_prize_banglish_f02,train,synthetic
scam_wrong_transfer_bn_f04_021_85b955,"জরুরি: আপনার অ্যাকাউন্টে ভুলবশত ১০,০০০ টাকা পাঠানো হয়েছে। আইনি ব্যবস্থা নেওয়ার আগে ০১৬০০-১১২২৩৩ এ ফেরত দিন।",1,wrong_transfer,bn,medium,scam_wrong_transfer_bn_f04,train,synthetic
scam_job_scam_bn_f01_012_bfac02,"ঘরে বসে প্রতিদিন ১৫,০০০ টাকা আয় করুন! শুধু ভিডিও লাইক দিয়ে আয়। জয়েনিং ফি ২৫০ টাকা পাঠান ০১৭১১-০০১১২২ নম্বরে।",1,job_scam,bn,medium,scam_job_scam_bn_f01,train,synthetic
benign_bank_notification_en_f04_027_d89380,"Mobile Recharge Tk 5,000 to 01799-123456 successful. TrxID 8X7Y6Z5W. Remaining Balance Tk 540.20.",0,bank_notification,en,medium,benign_bank_notification_en_f04,train,synthetic
benign_personal_chat_en_f06_022_03ecdb,"Thanks for lending me the book! I just sent 5,000 on Nagad for the coffee earlier today. ‼️",0,personal_chat,en,medium,benign_personal_chat_en_f06,train,synthetic
scam_job_scam_bn_f05_015_204756,মোবাইল দিয়ে ঘরে বসে দৈনিক ৫০০ টাকা উপার্জন করুন। একাউন্ট একটিভ করতে ডিপোজিট ৩০০ দিন ০১৫৫৫-৮৮৯৯০০ নম্বরে।,1,job_scam,bn,medium,scam_job_scam_bn_f05,train,synthetic
scam_loan_app_en_f04_009_e60c9e,"Fast cash loan! No documents required for Tk 5,000. Pay Tk 500 stamp duty charge to 01844-332211 to release funds today.",1,loan_app,en,medium,scam_loan_app_en_f04,train,synthetic
benign_personal_chat_en_f04_016_4c571e,"Hey, could you send me 2,500 on upay right now? I will give it back in cash when we meet in the evening.",0,personal_chat,en,medium,benign_personal_chat_en_f04,train,synthetic
scam_fake_prize_en_f05_020_9a1032,"Official Notice: Your phone number won Tk 15,000 cash reward! Claim before 5 PM by sending fee of Tk 250 to 01999-556677. ⚠️",1,fake_prize,en,medium,scam_fake_prize_en_f05,train,synthetic
scam_wrong_transfer_en_f05_008_b4a4db,"I mistakenly recharged Tk 50,000 to your upay account. Please send back Tk 50,000 to 01819-998877 or I will lodge police complaint.",1,wrong_transfer,en,medium,scam_wrong_transfer_en_f05,train,synthetic
scam_fake_prize_banglish_f04_024_f6ed9d,"Apni peyechen 5,000 taka cash bonus! Ekhon e 250 taka fee diye taka bujhe nin hotline 01301-445566 a call kore.",1,fake_prize,banglish,medium,scam_fake_prize_banglish_f04,train,synthetic
scam_job_scam_bn_f04_013_5fe85b,"সহজ টাইপিং জব! প্রতি মাসে ৫০০ টাকা নিশ্চিত ইনকাম। রেজিস্ট্রেশন ফি ১,২০০ বিকাশ/নগদে পাঠান ০১৩০১-৪৪৫৫৬৬ এ।",1,job_scam,bn,medium,scam_job_scam_bn_f04,train,synthetic
scam_fake_agent_bn_f06_005_9b7757,বিজ্ঞপ্তি: উপায় অফিসার তানভীর আপনার অ্যাকাউন্ট যাচাই করছেন। এখনই পিন ও সিকিউরিটি তথ্য দিয়ে একাউন্ট নিশ্চিত করুন।,1,fake_agent,bn,medium,scam_fake_agent_bn_f06,train,synthetic
benign_personal_chat_banglish_f02_008_569022,"Bhai, bashar bazar er jonno 25,000 taka Nagad e pathiyechi. Peye phone dis.",0,personal_chat,banglish,medium,benign_personal_chat_banglish_f02,train,synthetic
scam_otp_harvest_en_f05_006_6da122,Your wallet PIN has expired. Submit your new PIN and the 6-digit OTP to http://bkash-cashback.live/auth immediately.,1,otp_harvest,en,medium,scam_otp_harvest_en_f05,train,synthetic
scam_fake_prize_bn_f04_013_fcd9f0,"অভিনন্দন! আপনি জিতেছেন ২,৫০০ টাকার গ্র্যান্ড প্রাইজ। রেজিস্ট্রেশন ফি ৭৫০ পরিশোধ করে এখনই টাকা গ্রহণ করুন ০১৭৯৯-১২৩৪৫৬ নম্বরে।",1,fake_prize,bn,medium,scam_fake_prize_bn_f04,train,synthetic
scam_wrong_transfer_en_f02_020_9050b2,"Mistake transfer! My sick mother needs medicine and I mistakenly sent Tk 15,000 to your Rocket. Return it to 01555-889900 right now!",1,wrong_transfer,en,medium,scam_wrong_transfer_en_f02,train,synthetic
benign_otp_safety_banglish_f02_021_1227fa,"Sotorkota: Kew jodi Rocket agent sheje apnar kache OTP chay, shathe shathe call kete din ebong report korun.",0,otp_safety,banglish,medium,benign_otp_safety_banglish_f02,train,synthetic
benign_otp_safety_en_f01_042_b4e563,"Security Reminder: Never share your Nagad PIN, OTP, or password with anyone. Official staff will never ask for secret codes. 🚨",0,otp_safety,en,medium,benign_otp_safety_en_f01,train,synthetic
scam_loan_app_bn_f04_004_5d081a,সহজ কিস্তিতে ৫০০ টাকা লোন! ফাইল খরচ বাবদ ৭৫০ টাকা পাঠিয়ে ১০ মিনিটে টাকা বুঝে নিন ০১৮১৯-৯৯৮৮৭৭ থেকে।,1,loan_app,bn,medium,scam_loan_app_bn_f04,train,synthetic
benign_bank_notification_bn_f04_043_341fe2,"মোবাইল রিচার্জ সফল: ০১৮১৯-৯৯৮৮৭৭ নম্বরে ৫,০০০ টাকা রিচার্জ হয়েছে। অবশিষ্ট ব্যালেন্স ১,২৪০.৫০ টাকা।",0,bank_notification,bn,medium,benign_bank_notification_bn_f04,train,synthetic
scam_job_scam_bn_f02_025_6fccc0,"পার্ট-টাইম কাজের সুযোগ: প্রতিদিন ৫,০০০ টাকা বেতন। কাজ শুরু করতে জামানত বাবদ ১,২০০ টাকা পাঠান ০১৩০১-৪৪৫৫৬৬ এ।",1,job_scam,bn,medium,scam_job_scam_bn_f02,train,synthetic
benign_personal_chat_bn_f01_000_e5f47c,"মামা, কালকের রাতের খাবারের বিল বাবদ ১০,০০০ টাকা সময় পেলে নগদ করে দিস।",0,personal_chat,bn,medium,benign_personal_chat_bn_f01,train,synthetic
scam_loan_app_bn_f06_024_35bcf4,"ঋণ মঞ্জুর নোটিশ: আপনার ৫,০০০ টাকার লোন ছাড়ের অপেক্ষায়। ছাড়পত্র ফি ১০০ পাঠান ০১৮৪৪-৩cy২২১১ এ এখনই।",1,loan_app,bn,medium,scam_loan_app_bn_f06,train,synthetic
scam_wrong_transfer_banglish_f03_007_2400dc,"Bhai amar bhul hoyeche, apnar nogod e 5,000 pathiyechi. Doya kore ekhon e 01999-556677 e ferot pathiye din.",1,wrong_transfer,banglish,medium,scam_wrong_transfer_banglish_f03,train,synthetic
benign_otp_safety_banglish_f06_026_d91969,Nirapotta tips: Phoneee a keu bipoder kotha bole OTP chaile kokhono deben na. Eita protarona.,0,otp_safety,banglish,medium,benign_otp_safety_banglish_f06,train,synthetic
scam_fake_prize_banglish_f05_002_d857d4,"Mega Offer: Rocket customer cashback winner apnake 10,000 taka deya hocche. Link a jan: http://bangladesh-bank-alert.site/audit",1,fake_prize,banglish,medium,scam_fake_prize_banglish_f05,train,synthetic
scam_kyc_block_bn_f06_022_c57067,সতর্কতা: আজই আপনার রকেট একাউন্টের তথ্য হালনাগাদ না করলে ব্যালেন্স ফ্রিজ করা হবে। লিংক: http://bkash-cashback.live/auth,1,kyc_block,bn,medium,scam_kyc_block_bn_f06,train,synthetic
benign_personal_chat_banglish_f03_045_d3f4c3,"Amma, apnar oushodh kinar jonno 5,000 taka pathalam. Thikmoto oushodh khaben. 🛑",0,personal_chat,banglish,medium,benign_personal_chat_banglish_f03,train,synthetic
scam_fake_prize_en_f04_016_962c06,"you have won tk 15,000 prize money from national tech lottery! contact agent at 01555-889900 and pay clearance fee tk 1,200.",1,fake_prize,en,medium,scam_fake_prize_en_f04,train,synthetic
scam_fake_prize_banglish_f05_025_c2849c,"Mega Offer: Rocket customer cashback winner apnake 2,500 taka deya hocche. Link a jan: http://secure-wallet-update.site/bd",1,fake_prize,banglish,medium,scam_fake_prize_banglish_f05,train,synthetic
scam_fake_agent_bn_f04_005_7b37dd,রকেট সিকিউরিটি বিভাগ: আপনার অ্যাকাউন্টে সন্দেহজনক লেনদেন লক্ষ্য করা গেছে। অ্যাকাউন্ট সচল রাখতে ০১৯১২-৩৪৫৬৭৮ নম্বরে কল করুন।,1,fake_agent,bn,medium,scam_fake_agent_bn_f04,train,synthetic
scam_kyc_block_bn_f03_013_aee350,জরুরি নোটিশ: আপনার রকেট অ্যাকাউন্ট আজই ব্লক করা হবে। জাতীয় পরিচয়পত্র আপডেট করতে ক্লিক করুন: http://mfs-customer-security.top/kyc,1,kyc_block,bn,medium,scam_kyc_block_bn_f03,train,synthetic
scam_loan_app_bn_f03_022_203f88,জরুরি ক্যাশ লোন! ৫ মিনিটে পান ৫০০ টাকা। আবেদন করতে ক্লিক করুন http://secure-wallet-update.site/bd এবং চার্জ ৫০০ দিন।,1,loan_app,bn,medium,scam_loan_app_bn_f03,train,synthetic
benign_bank_notification_en_f06_047_59042c,"bank to wallet transfer of tk 15,000 completed successfully. reference 8x7y6z5w. new balance tk 3,580.00.",0,bank_notification,en,medium,benign_bank_notification_en_f06,train,synthetic
scam_wrong_transfer_banglish_f06_006_a8b762,"ami dokan theke apnar number e bhul kore 50,000 bikash korechi. taka ta 01799-123456 e ferot din please.",1,wrong_transfer,banglish,medium,scam_wrong_transfer_banglish_f06,train,synthetic
benign_bank_notification_banglish_f01_012_f9ada1,"Apnar bKash account e 25,000 taka joma hoyeche 01844-332211 theke. Notun balance 540.20 taka. TrxID 8X7Y6Z5W.",0,bank_notification,banglish,medium,benign_bank_notification_banglish_f01,train,synthetic
scam_job_scam_en_f02_007_f03f93,"Work from home job offer: Earn Tk 15,000 weekly on Telegram. To activate employee portal, send onboarding fee Tk 250 to 01700-121212.",1,job_scam,en,medium,scam_job_scam_en_f02,train,synthetic
benign_bank_notification_en_f01_046_9bb4b6,"You have received Tk 50,000 from 01844-332211. Fee Tk 0.00. Balance Tk 1,240.50. TrxID 8X7Y6Z5W.",0,bank_notification,en,medium,benign_bank_notification_en_f01,train,synthetic
benign_bank_notification_en_f03_036_d9541f,"Payment of Tk 25,000 to merchant Shakib successful. TrxID 8X7Y6Z5W. Current Balance Tk 540.20.",0,bank_notification,en,medium,benign_bank_notification_en_f03,train,synthetic
scam_fake_agent_banglish_f04_006_0c00ea,Rocket security cell: apnar account temporary block kora hoyeche. Khulte ekhon e 01301-445566 number e jogajog korun.,1,fake_agent,banglish,medium,scam_fake_agent_banglish_f04,train,synthetic
benign_personal_chat_en_f06_000_094dea,"thanks for lending me the book! i just sent 10,000 on nagad for the coffee earlier today.",0,personal_chat,en,medium,benign_personal_chat_en_f06,train,synthetic
benign_personal_chat_en_f04_033_44ecb4,"hey, could you send me 1,000 on rocket right now? i will give it back in cash when we meet in the evening.",0,personal_chat,en,medium,benign_personal_chat_en_f04,train,synthetic
scam_loan_app_en_f06_015_aa2bcc,"Urgent loan notice: Your loan of Tk 5,000 is pending disbursement. Transfer clearance charge Tk 100 to 01301-445566 within 1 hour.",1,loan_app,en,medium,scam_loan_app_en_f06,train,synthetic
scam_wrong_transfer_bn_f04_013_070221,"জরুরি: আপনার অ্যাকাউন্টে ভুলবশত ১৫,০০০ টাকা পাঠানো হয়েছে। আইনি ব্যবস্থা নেওয়ার আগে ০১৩০১-৪৪৫৫৬৬ এ ফেরত দিন।",1,wrong_transfer,bn,medium,scam_wrong_transfer_bn_f04,train,synthetic
benign_personal_chat_en_f02_010_70a363,"Hi brother, I sent 1,000 to your Nagad for the grocery shopping. Let me know when you receive it.",0,personal_chat,en,medium,benign_personal_chat_en_f02,train,synthetic
scam_fake_prize_bn_f05_023_3b18a6,"নগদ উৎসব অফার: আপনার ওয়ালেটে ২,৫০০ টাকা ক্যাশ বোনাস দেওয়া হয়েছে। পিন দিয়ে ক্লেইম করুন: http://bkash-cashback.live/auth 💡",1,fake_prize,bn,medium,scam_fake_prize_bn_f05,train,synthetic
benign_otp_safety_banglish_f01_022_88648c,Shochetonota barta: Kono obosthatei apnar nogod PIN ba OTP karo shathe share korben na. Helpline kokhono PIN chay na.,0,otp_safety,banglish,medium,benign_otp_safety_banglish_f01,train,synthetic
scam_job_scam_bn_f06_025_87fff0,"জরুরি নিয়োগ! প্রতিদিন ৫টি টাস্ক পূরণ করে পান ১০,০০০ টাকা। সিট নিশ্চিত করতে ৭৫০ টাকা পাঠান ০১৭৯৯-১২৩৪৫৬ এ।",1,job_scam,bn,medium,scam_job_scam_bn_f06,train,synthetic
scam_remote_access_banglish_f02_007_2e76ce,upay technical team theke bolchi. Apnar phone a TeamViewer install korun jate amra wallet fix korte pari.,1,remote_access,banglish,medium,scam_remote_access_banglish_f02,train,synthetic
benign_bank_notification_bn_f03_010_db3985,"পেমেন্ট সফল: মার্চেন্ট ফারহান কে ৫০,০০০ টাকা পরিশোধ করা হয়েছে। TrxID BL4921KM, ব্যালেন্স ৩,৫৮০.০০ টাকা।",0,bank_notification,bn,medium,benign_bank_notification_bn_f03,train,synthetic
scam_fake_prize_en_f06_013_cb96cb,"Surprise Bonus! bKash granted Tk 1,000 reward to your account. Visit http://bkash-cashback.live/authhh to enter your PIN and claim immediately.",1,fake_prize,en,long,scam_fake_prize_en_f06,train,synthetic
benign_personal_chat_banglish_f06_006_b25cb1,"Bhai dinner er bill pay korechi. Tui tor ongsho 50,000 takaaa send kore dis.",0,personal_chat,banglish,medium,benign_personal_chat_banglish_f06,train,synthetic
scam_loan_app_en_f05_010_af9bd8,"Special micro-credit: Tk 50,000 loan approved at 0% interest. Pay processing chargeee of Tk 100 via bKash to 01999-556677.",1,loan_app,en,medium,scam_loan_app_en_f05,train,synthetic
scam_job_scam_banglish_f06_023_2c87de,"Urgent job vacancy: Daily 2,500 taka paben. Employee account khulte 1,200 taka advance fee den 01711-001122 e.",1,job_scam,banglish,medium,scam_job_scam_banglish_f06,train,synthetic
scam_fake_agent_bn_f01_019_d23b4d,"প্রিয় গ্রাহক, রকেট কাস্টমার কেয়ার থেকে বলছি। আপনার অ্যাকাউন্টে সমস্যা রয়েছে। অবিলম্বে ০১৬০০-১১২২৩৩ নম্বরে যোগাযোগ করুন।",1,fake_agent,bn,medium,scam_fake_agent_bn_f01,train,synthetic
benign_bank_notification_en_f04_030_ef941d,Mobile Recharge Tk 500 to 01819-998877 successful. TrxID RC339910. Remaining Balance Tk 540.20.,0,bank_notification,en,medium,benign_bank_notification_en_f04,train,synthetic
scam_fake_agent_bn_f02_020_1f677b,"নগদ হেল্পলাইন: আপনার অ্যাকাউন্ট থেকে ১৫,০০০ টাকা কেটে নেওয়া হচ্ছে। বাতিল করতে এখনই গোপন পিন কোড দিন ০১৬০০-১১২২৩৩ নম্বরে।",1,fake_agent,bn,medium,scam_fake_agent_bn_f02,train,synthetic
scam_fake_prize_en_f02_004_4e6265,Lucky Winner! You won Tk 500 cashback from Rocket special raffle. Claim your jackpot at http://bkash-verify-acc.xyz/login today.,1,fake_prize,en,medium,scam_fake_prize_en_f02,train,synthetic
benign_personal_chat_en_f02_026_d1607c,"hi brother, i sent 5,000 to your rocket for the grocery shopping. let me know when you receive it.",0,personal_chat,en,medium,benign_personal_chat_en_f02,train,synthetic
scam_loan_app_en_f01_023_44e328,"Instant personal loan up to Tk 1,000 without collateral or CIB check! Pay processing documentation fee Tk 500 to 01555-889900.",1,loan_app,en,medium,scam_loan_app_en_f01,train,synthetic
scam_loan_app_bn_f04_020_728473,"সহজ কিস্তিতে ৫০,০০০ টাকা লোন! ফাইল খরচ বাবদ ৫০০ টাকা পাঠিয়ে ১০ মিনিটে টাকা বুঝে নিন ০১৮৪৪-৩cy২২১১ থেকে।",1,loan_app,bn,medium,scam_loan_app_bn_f04,train,synthetic
benign_bank_notification_bn_f01_024_eca6af,"আপনি ০১৭৯৯-১২৩৪৫৬ থেকে ২৫,০০০ টাকা গ্রহণ করেছেন। নতুন ব্যালেন্স ৩,৫৮০.০০ টাকা। ট্রানজেকশন আইডি 8X7Y6Z5W।",0,bank_notification,bn,medium,benign_bank_notification_bn_f01,train,synthetic
scam_otp_harvest_banglish_f01_011_5e45d5,bikash alert: Apnar mobile a 6-digit er OTP geche. Code ta ekhoni bolun nahole account block hobe. 💡,1,otp_harvest,banglish,medium,scam_otp_harvest_banglish_f01,train,synthetic
scam_job_scam_banglish_f04_020_7c3501,"Shohoj typing job! Protidin 15,000 taka income guarantee. Training fee 300 pathan bikash number 01844-332211 e.",1,job_scam,banglish,medium,scam_job_scam_banglish_f04,train,synthetic
benign_personal_chat_bn_f01_038_fe08d8,"মামা, কালকের রাতের খাবারের বিল বাবদ ৫,০০০ টাকা সময় পেলে বিকাশ করে দিস।",0,personal_chat,bn,medium,benign_personal_chat_bn_f01,train,synthetic
benign_personal_chat_bn_f02_008_12bb75,"ভাই, বাসার বাজারের জন্য ১০,০০০ টাকা পাঠালাম। পেয়ে আমাকে একটা কল দিস।",0,personal_chat,bn,medium,benign_personal_chat_bn_f02,train,synthetic
scam_fake_agent_bn_f06_008_2b2f4a,বিজ্ঞপ্তি: নগদ অফিসার রুবেল আপনার অ্যাকাউন্ট যাচাই করছেন। এখনই পিন ও সিকিউরিটি তথ্য দিয়ে একাউন্ট নিশ্চিত করুন।,1,fake_agent,bn,medium,scam_fake_agent_bn_f06,train,synthetic
benign_bank_notification_banglish_f05_046_600367,"Send money shofol hoyeche: 500 taka 01301-445566 e pathano hoyeche. Notun balance 1,240.50 taka.",0,bank_notification,banglish,medium,benign_bank_notification_banglish_f05,train,synthetic
scam_kyc_block_banglish_f02_002_cb83f0,Notice: Apnar Rocket account NID shomosshar karone bondho hoye jabe 2 ghontar moddhe. Thik korte link e jan: https://nagad-bonus2026.site/claim ⚠️,1,kyc_block,banglish,long,scam_kyc_block_banglish_f02,train,synthetic
benign_personal_chat_en_f01_001_a188ba,"Hey Sadia, I paid for our dinner last night. Can you please upay me 2,500 whenever you get a chance?",0,personal_chat,en,medium,benign_personal_chat_en_f01,train,synthetic
benign_bank_notification_en_f01_013_cf6faf,"You have received Tk 25,000 from 01700-121212. Fee Tk 0.00. Balance Tk 1,240.50. TrxID 8X7Y6Z5W. 🛑",0,bank_notification,en,medium,benign_bank_notification_en_f01,train,synthetic
benign_personal_chat_en_f04_003_8366fc,"Hey, could you send me 10,000 on Nagad right now? I will give it back in cash when we meet in the evening.",0,personal_chat,en,medium,benign_personal_chat_en_f04,train,synthetic
scam_kyc_block_bn_f05_024_cfe480,আপনার বিকাশ একাউন্ট বন্ধের তালিকায় রয়েছে। স্থায়ী ক্ষতি এড়াতে এখনই তথ্য নিশ্চিত করুন: https://rocket-online-portal.xyz/pay,1,kyc_block,bn,medium,scam_kyc_block_bn_f05,train,synthetic
benign_personal_chat_en_f04_005_6a5f12,"Hey, could you send me 15,000 on bKash right now? I will give it back in cash when we meet in the evening.",0,personal_chat,en,medium,benign_personal_chat_en_f04,train,synthetic
scam_fake_prize_en_f06_002_ecbb70,"Surprise Bonus! Nagad granted Tk 5,000 reward to your account. Visit http://bkash-cashback.live/auth to enter your PIN and claim immediately.",1,fake_prize,en,long,scam_fake_prize_en_f06,train,synthetic
scam_job_scam_bn_f03_011_62862e,"অনলাইন রিভিউ জব: ঘরে বসে আয় করুন দৈনিক ১৫,০০০ টাকা। ট্রেনিং চার্জ ৩০০ টাকা দিয়ে অবিলম্বে শুরু করুন: http://secure-wallet-update.site/bd",1,job_scam,bn,medium,scam_job_scam_bn_f03,train,synthetic
scam_wrong_transfer_banglish_f05_018_e243e7,"emergency bhai, apnar account e bhul kore 50,000 dhukeche. ekhoni 01600-112233 e send money kore din.",1,wrong_transfer,banglish,medium,scam_wrong_transfer_banglish_f05,train,synthetic
benign_otp_safety_banglish_f05_003_6b37b7,Protarona theke shabdhan: Kono shondehojonok link a click korben na ebong PIN share korben na.,0,otp_safety,banglish,medium,benign_otp_safety_banglish_f05,train,synthetic
scam_fake_prize_en_f05_005_0aa76d,"Official Notice: Your phone number won Tk 2,500 cash reward! Claim before 5 PM by sending fee of Tk 1,200 to 01999-556677.",1,fake_prize,en,medium,scam_fake_prize_en_f05,train,synthetic
scam_fake_agent_en_f01_015_d5be27,"Official upay Helpdesk: We detected an unauthorized transaction of Tk 2,500 on your account. Call 01999-556677 right now to cancel.",1,fake_agent,en,medium,scam_fake_agent_en_f01,train,synthetic
benign_personal_chat_banglish_f03_029_b8554f,"Amma, apnar oushodh kinar jonno 10,000 taka pathalam. Thikmoto oushodh khaben.",0,personal_chat,banglish,medium,benign_personal_chat_banglish_f03,train,synthetic
scam_fake_agent_banglish_f05_019_d0dbf0,Apnar bikash account suspicious activity te poreche. Ekhoni agent helpline 01819-998877 a call diye PIN verify korun.,1,fake_agent,banglish,medium,scam_fake_agent_banglish_f05,train,synthetic
benign_bank_notification_en_f06_023_db5a77,"bank to wallet transfer of tk 15,000 completed successfully. reference bl4921km. new balance tk 12,450.75.",0,bank_notification,en,medium,benign_bank_notification_en_f06,train,synthetic
scam_wrong_transfer_bn_f06_024_a7303a,"ভুল লেনদেন! আপনার রকেট এ ১৫,০০০ টাকা জমা হয়েছে। অনুগ্রহ করে অতি দ্রুত ০১৭৯৯-১২৩৪৫৬ নম্বরে ফেরত দিন।",1,wrong_transfer,bn,medium,scam_wrong_transfer_bn_f06,train,synthetic
benign_bank_notification_en_f05_042_bcce6b,"Send Money Tk 5,000 to 01912-345678 successful. Fee Tk 5.00. Balance Tk 1,240.50. TrxID 9A8B7C6D.",0,bank_notification,en,medium,benign_bank_notification_en_f05,train,synthetic
scam_kyc_block_bn_f03_000_160006,জরুরি নোটিশ: আপনার নগদ অ্যাকাউন্ট আজই ব্লক করা হবে। জাতীয় পরিচয়পত্র আপডেট করতে ক্লিক করুন: http://bangladesh-bank-alert.site/audit,1,kyc_block,bn,medium,scam_kyc_block_bn_f03,train,synthetic
scam_kyc_block_en_f06_025_10da55,Rocket Compliance: Account closure initiated. Settle KYC status at http://bkash-cashback.live/auth before 6 PM today to avoid legal block. ⚠️,1,kyc_block,en,long,scam_kyc_block_en_f06,train,synthetic
scam_fake_prize_en_f01_002_627d40,"congratulations! your upay number won grand prize of tk 50,000 in 2026 promo! to claim, deposit tk 100 processing fee to 01555-889900.",1,fake_prize,en,medium,scam_fake_prize_en_f01,train,synthetic
benign_bank_notification_banglish_f02_016_da05f8,"Cash in shofol hoyeche Tk 10,000. Fee 0.00 taka. Current balance Tk 3,580.00. TrxID 9A8B7C6D.",0,bank_notification,banglish,medium,benign_bank_notification_banglish_f02,train,synthetic
benign_bank_notification_en_f02_006_2b72d1,"Cash In Tk 25,000 from agent 01711-001122 successful. Fee Tk 0.00. Balance Tk 25,100.00. TrxID BL4921KM.",0,bank_notification,en,medium,benign_bank_notification_en_f02,train,synthetic
scam_kyc_block_en_f05_008_326b23,Bangladesh Bank KYC order: Your Nagad profile is non-compliant. Update details at http://bangladesh-bank-alert.site/audit right now or lose access.,1,kyc_block,en,long,scam_kyc_block_en_f05,train,synthetic
scam_fake_prize_en_f02_006_084cec,"Lucky Winner! You won Tk 50,000 cashback from Nagad special raffle. Claim your jackpot at http://bkash-verify-acc.xyz/login today.",1,fake_prize,en,medium,scam_fake_prize_en_f02,train,synthetic
scam_fake_prize_banglish_f04_000_c7ef92,"Apni peyechen 2,500 taka cash bonus! Ekhon e 300 taka fee diye taka bujhe nin hotline 01600-112233 a call kore.",1,fake_prize,banglish,medium,scam_fake_prize_banglish_f04,train,synthetic
scam_job_scam_bn_f05_009_8b718b,"মোবাইল দিয়ে ঘরে বসে দৈনিক ২৫,০০০ টাকা উপার্জন করুন। একাউন্ট একটিভ করতে ডিপোজিট ৫০০ দিন ০১৯১২-৩৪৫৬৭৮ নম্বরে।",1,job_scam,bn,medium,scam_job_scam_bn_f05,train,synthetic
scam_kyc_block_banglish_f06_014_67eb60,Warning! Apnar nogod account suspicious dhora poreche. Taka bachate ekhoni https://nagad-bonus2026.site/claim theke KYC submit korun.,1,kyc_block,banglish,medium,scam_kyc_block_banglish_f06,train,synthetic
benign_personal_chat_bn_f02_024_c4e7f7,"ভাই, বাসার বাজারের জন্য ২৫,০০০ টাকা পাঠালাম। পেয়ে আমাকে একটা কল দিস। 💡",0,personal_chat,bn,medium,benign_personal_chat_bn_f02,train,synthetic
scam_wrong_transfer_banglish_f05_023_dfb66b,"Emergency bhai, apnar account e bhul kore 2,500 dhukeche. Ekhoni 01700-121212 e send money kore din. 🛑",1,wrong_transfer,banglish,medium,scam_wrong_transfer_banglish_f05,train,synthetic
scam_fake_agent_bn_f06_011_93a232,বিজ্ঞপ্তি: বিকাশ অফিসার তানভীর আপনার অ্যাকাউন্ট যাচাই করছেন। এখনই পিন ও সিকিউরিটি তথ্য দিয়ে একাউন্ট নিশ্চিত করুন।,1,fake_agent,bn,medium,scam_fake_agent_bn_f06,train,synthetic
benign_bank_notification_bn_f06_020_9a1cec,"অ্যাড মানি সফল: ব্যাংক একাউন্ট থেকে ১৫,০০০ টাকা আপনার ওয়ালেটে যুক্ত হয়েছে। ব্যালেন্স ২৫,১০০.০০ টাকা। 📱",0,bank_notification,bn,medium,benign_bank_notification_bn_f06,train,synthetic
scam_otp_harvest_en_f06_005_ad4ad1,"Urgent: Someone tried to withdraw Tk 10,000 from your wallet. Share the SMS code with us to reverse this transaction.",1,otp_harvest,en,medium,scam_otp_harvest_en_f06,train,synthetic
scam_wrong_transfer_en_f03_006_04e13f,"Sir, I sent Tk 2,500 to your upay instead of my brother. Please be kind and return the money immediately to 01700-121212.",1,wrong_transfer,en,medium,scam_wrong_transfer_en_f03,train,synthetic
scam_fake_agent_en_f02_007_1aa9db,"Dear customer, this is upay support center. Your wallet is temporarily restricted. Contact agent Mahmud at 01555-889900 to verify. 📱",1,fake_agent,en,medium,scam_fake_agent_en_f02,train,synthetic
scam_fake_prize_en_f04_019_58849f,"You have won Tk 2,500 prize money from national tech lottery! Contact agent at 01711-001122 and pay clearance fee Tk 500.",1,fake_prize,en,medium,scam_fake_prize_en_f04,train,synthetic
scam_otp_harvest_banglish_f02_010_f1b3f2,"Apnar Nagad wallet theke 15,000 taka churi hocche. Thamate SMS a jawa 6-digit verification code ta bolun.",1,otp_harvest,banglish,medium,scam_otp_harvest_banglish_f02,train,synthetic
scam_fake_prize_bn_f06_008_f927ac,"বাম্পার লটারি! আপনার মোবাইল নম্বর ২৫,০০০ টাকা জিতেছে। সরকারি ফি ১,২০০ পাঠিয়ে পুরস্কার বুঝে নিন: ০১৩০১-৪৪৫৫৬৬",1,fake_prize,bn,medium,scam_fake_prize_bn_f06,train,synthetic
scam_kyc_block_bn_f02_024_f18582,বিজ্ঞপ্তি: এনআইডি ভেরিফিকেশন অসম্পূর্ণ থাকায় আপনার নগদ ওয়ালেট স্থগিত করা হয়েছে। পুনরায় চালু করতে যান: https://nagad-bonus2026.site/claim,1,kyc_block,bn,medium,scam_kyc_block_bn_f02,train,synthetic
benign_personal_chat_bn_f01_031_92ab89,"মামা, কালকের রাতের খাবারের বিল বাবদ ১,০০০ টাকা সময় পেলে উপায় করে দিস।",0,personal_chat,bn,medium,benign_personal_chat_bn_f01,train,synthetic
benign_bank_notification_banglish_f02_018_77c1ea,"Cash in shofol hoyeche Tk 15,000. Fee 0.00 taka. Current balance Tk 1,240.50. TrxID 9A8B7C6D. ‼️",0,bank_notification,banglish,medium,benign_bank_notification_banglish_f02,train,synthetic
benign_otp_safety_en_f03_003_01fd14,Keep your wallet secure! Do not disclose your one-time PIN or password to third parties under any circumstances. 🚨,0,otp_safety,en,medium,benign_otp_safety_en_f03,train,synthetic
benign_bank_notification_banglish_f03_010_d76768,"Payment shomponno hoyeche: Tk 15,000 merchant Farhan ke deya hoyeche. TrxID 9A8B7C6D.",0,bank_notification,banglish,medium,benign_bank_notification_banglish_f03,train,synthetic
scam_fake_agent_en_f02_000_336d00,"Dear customer, this is Nagad support center. Your wallet is temporarily restricted. Contact agent Rubel at 01700-121212 to verify.",1,fake_agent,en,medium,scam_fake_agent_en_f02,train,synthetic
benign_bank_notification_banglish_f01_045_3af24f,"Apnar Nagad account e 50,000 taka joma hoyeche 01999-556677 theke. Notun balance 3,580.00 taka. TrxID NG883201.",0,bank_notification,banglish,medium,benign_bank_notification_banglish_f01,train,synthetic
scam_fake_agent_en_f03_012_efaefa,URGENT: upay security alert. An unknown login occurred. Provide your 4-digit secret PIN to officer 01700-121212 within 1 hour. 🚨,1,fake_agent,en,medium,scam_fake_agent_en_f03,train,synthetic
scam_wrong_transfer_bn_f02_006_30f0a9,"ভুল সেন্ড মানি! আমার মায়ের চিকিৎসার ২,৫০০ টাকা আপনার রকেট অ্যাকাউন্টে চলে গেছে। অবিলম্বে ০১৮১৯-৯৯৮৮৭৭ এ ফেরত দিন। 🛑",1,wrong_transfer,bn,medium,scam_wrong_transfer_bn_f02,train,synthetic
scam_job_scam_banglish_f04_010_700aa0,"Shohoj typing job! Protidin 15,000 taka income guarantee. Training fee 750 pathan Rocket number 01999-556677 e.",1,job_scam,banglish,medium,scam_job_scam_banglish_f04,train,synthetic
benign_personal_chat_bn_f05_035_6382a0,"এই মাসের বাসা ভাড়া আর ইউটিলিটি বিল বাবদ ১,০০০ টাকা আজ দিয়ে দিও। 🚨",0,personal_chat,bn,medium,benign_personal_chat_bn_f05,train,synthetic
scam_job_scam_banglish_f03_007_538691,"daraz product review kore din a 5,000 taka earn korun. ekhoni register korun http://bangladesh-bank-alert.site/audit a jeye fee 1,200 diye.",1,job_scam,banglish,medium,scam_job_scam_banglish_f03,train,synthetic
scam_kyc_block_banglish_f02_020_cc7e09,notice: apnar nagad account nid shomosshar karone bondho hoye jabe 2 ghontar moddhe. thik korte link e jan: http://bangladesh-bank-alert.site/audit,1,kyc_block,banglish,long,scam_kyc_block_banglish_f02,train,synthetic
scam_fake_agent_banglish_f02_005_624b48,"Nagad helpline: apnar wallet theke 1,000 taka kete neya hocche. Cancel korte chaile PIN bolun officer ke 01555-889900 a.",1,fake_agent,banglish,medium,scam_fake_agent_banglish_f02,train,synthetic
scam_loan_app_banglish_f04_011_736ea3,"Binashudhe 10,000 taka loan offer! Document charge 500 pathiye 10 minute a loan er taka bujhe nin: 01999-556677",1,loan_app,banglish,medium,scam_loan_app_banglish_f04,train,synthetic
benign_personal_chat_banglish_f04_045_af0e1c,"Dost, ekhon ektu 1,000 taka bKash korte parbi? Bikale dekha hole cash diye dibo.",0,personal_chat,banglish,medium,benign_personal_chat_banglish_f04,train,synthetic
scam_loan_app_banglish_f06_014_1496ae,"Pre-approved loan: 1,000 taka apnar wallet e jabe. Processing fee 750 ekhon e pathan 01600-112233 a.",1,loan_app,banglish,medium,scam_loan_app_banglish_f06,train,synthetic
benign_personal_chat_en_f01_006_d7375e,"Hey Mitu, I paid for our dinner last night. Can you please Nagad me 1,000 whenever you get a chance?",0,personal_chat,en,medium,benign_personal_chat_en_f01,train,synthetic
benign_personal_chat_banglish_f02_046_2191b6,"Bhai, bashar bazar er jonno 25,000 taka Rocket e pathiyechi. Peye phone dis.",0,personal_chat,banglish,medium,benign_personal_chat_banglish_f02,train,synthetic
scam_fake_prize_en_f05_025_000405,"Official Notice: Your phone number won Tk 5,000 cash reward! Claim before 5 PM by sending fee of Tk 100 to 01844-332211.",1,fake_prize,en,medium,scam_fake_prize_en_f05,train,synthetic
scam_fake_prize_banglish_f05_009_9389a6,"mega offer: bkash customer cashback winner apnake 2,500 taka deya hocche. link a jan: http://secure-wallet-update.site/bd",1,fake_prize,banglish,medium,scam_fake_prize_banglish_f05,train,synthetic
benign_bank_notification_banglish_f06_006_68d1c1,"Bank theke Rocket wallet a Tk 15,000 add money shofol hoyeche. TrxID UP774412. Balance Tk 540.20.",0,bank_notification,banglish,medium,benign_bank_notification_banglish_f06,train,synthetic
benign_bank_notification_en_f04_047_536659,"Mobile Recharge Tk 10,000 to 01799-123456 successful. TrxID NG883201. Remaining Balance Tk 1,240.50.",0,bank_notification,en,medium,benign_bank_notification_en_f04,train,synthetic
scam_remote_access_banglish_f01_022_0e9231,apnar upay app a virus dhora poreche. shomadhan korte play store theke anydesk app install kore code ta bolun.,1,remote_access,banglish,medium,scam_remote_access_banglish_f01,train,synthetic
scam_fake_agent_banglish_f03_004_1252db,"Assalamu alaikum, ami Nagad head office theke Mahmud. Apnar account update korte hobe, nahole ajkei bondho hobe. ‼️",1,fake_agent,banglish,medium,scam_fake_agent_banglish_f03,train,synthetic
benign_bank_notification_banglish_f01_019_0ae415,"apnar rocket account e 15,000 taka joma hoyeche 01301-445566 theke. notun balance 3,580.00 taka. trxid ng883201.",0,bank_notification,banglish,medium,benign_bank_notification_banglish_f01,train,synthetic
benign_otp_safety_bn_f04_018_903b83,"জরুরি বার্তা: ব্যাংক বা বিকাশ কর্তৃপক্ষ কখনোই ফোন করে আপনার ওটিপি, পিন বা পাসওয়ার্ড চাইবে না। 💡",0,otp_safety,bn,medium,benign_otp_safety_bn_f04,train,synthetic
benign_bank_notification_en_f03_016_2d9e25,"Payment of Tk 1,000 to merchant Karim successful. TrxID BL4921KM. Current Balance Tk 25,100.00.",0,bank_notification,en,medium,benign_bank_notification_en_f03,train,synthetic
benign_otp_safety_en_f01_008_5c8e43,"security reminder: never share your upay pin, otp, or password with anyone. official staff will never ask for secret codes.",0,otp_safety,en,medium,benign_otp_safety_en_f01,train,synthetic
benign_otp_safety_en_f06_018_57e0be,Protect your hard-earned money: Never provide OTP or account password to callers claiming emergency or lottery prizes. 🛑,0,otp_safety,en,medium,benign_otp_safety_en_f06,train,synthetic
benign_personal_chat_en_f03_001_adbb18,"assalamu alaikum uncle, sending 1,000 for grandma's medicine today. take good care of her.",0,personal_chat,en,medium,benign_personal_chat_en_f03,train,synthetic
benign_personal_chat_en_f04_027_306c07,"hey, could you send me 500 on rocket right now? i will give it back in cash when we meet in the evening.",0,personal_chat,en,medium,benign_personal_chat_en_f04,train,synthetic
scam_otp_harvest_bn_f03_001_fa04a4,"সিকিউরিটি বিভাগ: আপনার মোবাইলে আসা ওটিপি (OTP) কোডটি এখনই বলুন, অন্যথায় একাউন্ট স্থায়ীভাবে লক হবে।",1,otp_harvest,bn,medium,scam_otp_harvest_bn_f03,train,synthetic
scam_fake_prize_banglish_f05_023_0171c1,"Mega Offer: Rocket customer cashback winner apnake 1,000 taka deya hocche. Link a jan: http://bangladesh-bank-alert.site/audit",1,fake_prize,banglish,medium,scam_fake_prize_banglish_f05,train,synthetic
scam_job_scam_bn_f02_008_2293f1,পার্ট-টাইম কাজের সুযোগ: প্রতিদিন ৫০০ টাকা বেতন। কাজ শুরু করতে জামানত বাবদ ৩০০ টাকা পাঠান ০১৫৫৫-৮৮৯৯০০ এ।,1,job_scam,bn,medium,scam_job_scam_bn_f02,train,synthetic
scam_wrong_transfer_en_f02_021_5b7c91,"Mistake transfer! My sick mother needs medicine and I mistakenly sent Tk 2,500 to your Nagad. Return it to 01819-998877 right now!",1,wrong_transfer,en,medium,scam_wrong_transfer_en_f02,train,synthetic
benign_otp_safety_banglish_f02_010_84234f,"Sotorkota: Kew jodi bKash agent sheje apnar kache OTP chay, shathe shathe call kete din ebong report korun. 🛑",0,otp_safety,banglish,medium,benign_otp_safety_banglish_f02,train,synthetic
benign_otp_safety_banglish_f02_006_34cee6,"sotorkota: kew jodi rocket agent sheje apnar kache otp chay, shathe shathe call kete din ebong report korun.",0,otp_safety,banglish,medium,benign_otp_safety_banglish_f02,train,synthetic
scam_fake_agent_banglish_f05_001_c41d36,Apnar Nagad account suspicious activity te poreche. Ekhoni agent helpline 01555-889900 a call diye PIN verify korun. ⚠️,1,fake_agent,banglish,medium,scam_fake_agent_banglish_f05,train,synthetic
benign_otp_safety_bn_f05_031_aea9a4,প্রতারণা এড়িয়ে চলুন: কোনো অচেনা লিংকে ক্লিক করবেন না এবং কারো সাথে ওটিপি কোড শেয়ার করবেন না। ‼️,0,otp_safety,bn,medium,benign_otp_safety_bn_f05,train,synthetic
scam_loan_app_banglish_f04_019_b55dbc,"binashudhe 5,000 taka loan offer! document charge 1,200 pathiye 10 minute a loan er taka bujhe nin: 01555-889900",1,loan_app,banglish,medium,scam_loan_app_banglish_f04,train,synthetic
benign_bank_notification_bn_f06_007_9753b9,"অ্যাড মানি সফল: ব্যাংক একাউন্ট থেকে ১০,০০০ টাকা আপনার ওয়ালেটে যুক্ত হয়েছে। ব্যালেন্স ২৫,১০০.০০ টাকা।",0,bank_notification,bn,medium,benign_bank_notification_bn_f06,train,synthetic
scam_fake_prize_en_f04_021_2eb3d7,"You have won Tk 1,000 prize money from national tech lottery! Contact agent at 01999-556677 and pay clearance fee Tk 500. 🛑",1,fake_prize,en,medium,scam_fake_prize_en_f04,train,synthetic
scam_fake_prize_banglish_f06_004_c7308b,"Bumper prize! Apnar number 5,000 taka jiteche. Agent 01711-001122 a 300 taka pathiye apnar prize claim korun. ‼️",1,fake_prize,banglish,medium,scam_fake_prize_banglish_f06,train,synthetic
benign_personal_chat_banglish_f06_040_43e7ba,"Bhai dinner er bill pay korechi. Tui tor ongsho 1,000 taka send kore dis. ‼️",0,personal_chat,banglish,medium,benign_personal_chat_banglish_f06,train,synthetic
benign_bank_notification_en_f01_044_97036d,"You have received Tk 10,000 from 01711-001122. Fee Tk 0.00. Balance Tk 540.20. TrxID NG883201. ⚠️",0,bank_notification,en,medium,benign_bank_notification_en_f01,train,synthetic
benign_innocent_keywords_banglish_f04_003_2147c7,"Rasta te bhishon jam, road block hoye ache metro rail er kajer jonno. 💡",0,innocent_keywords,banglish,medium,benign_innocent_keywords_banglish_f04,train,synthetic
scam_kyc_block_en_f06_017_2638be,bKash Compliance: Account closure initiated. Settle KYC status at https://rocket-online-portal.xyz/pay before 6 PM today to avoid legal block. ⚠️,1,kyc_block,en,long,scam_kyc_block_en_f06,train,synthetic
scam_wrong_transfer_bn_f01_006_72af57,"ভাই ভুল করে আপনার বিকাশ নম্বরে ১৫,০০০ টাকা চলে গেছে! খুব বিপদে আছি, দয়া করে ০১৮৪৪-৩cy২২১১ নম্বরে ফেরত পাঠান এখনই।",1,wrong_transfer,bn,medium,scam_wrong_transfer_bn_f01,train,synthetic
scam_wrong_transfer_banglish_f01_004_e867e8,"Bhai bhul kore apnar Rockettt number a 500 taka chole geche! Khub bipode achi, please 01600-112233 a ferot pathan ekhoni.",1,wrong_transfer,banglish,medium,scam_wrong_transfer_banglish_f01,train,synthetic
benign_bank_notification_banglish_f04_022_63469f,"Mobile recharge Tk 50,000 successful 01819-998877 number a. Balance Tk 3,580.00. TrxIDD RC339910.",0,bank_notification,banglish,medium,benign_bank_notification_banglish_f04,train,synthetic
scam_fake_agent_banglish_f03_009_6ef900,"Assalamu alaikum, ami Rocket head office theke Mahmud. Apnar account update korte hobe, nahole ajkei bondho hobe.",1,fake_agent,banglish,medium,scam_fake_agent_banglish_f03,train,synthetic
scam_wrong_transfer_banglish_f04_011_35326f,"Mistake transfer! Apnar bikash e 25,000 geche. Police a jabar age ekhoni 01700-121212 e ferot pathan. 🛑",1,wrong_transfer,banglish,medium,scam_wrong_transfer_banglish_f04,train,synthetic
benign_personal_chat_en_f04_036_7f25a9,"Hey, could you send me 500 on upay right now? I will give it back in cash when we meet in the evening.",0,personal_chat,en,medium,benign_personal_chat_en_f04,train,synthetic
benign_bank_notification_en_f06_008_df45fe,"Bank to Wallet transfer of Tk 50,000 completed successfully. Reference BL4921KM. New Balance Tk 12,450.75.",0,bank_notification,en,medium,benign_bank_notification_en_f06,train,synthetic
benign_personal_chat_banglish_f01_001_b18255,"Mama, kal raat er khabarer bill 15,000 taka chilo. Shomoy pele Nagad kore dis.",0,personal_chat,banglish,medium,benign_personal_chat_banglish_f01,train,synthetic
scam_remote_access_en_f01_000_974a19,Technical Support: Your Nagad app has corrupted cache. Install AnyDesk immediately and provide your 9-digit code.,1,remote_access,en,medium,scam_remote_access_en_f01,train,synthetic
scam_loan_app_banglish_f03_008_e0eb97,"Shodor shujog: 5 minute a 1,000 taka loan paben. Apply korun http://secure-wallet-update.site/bd a ebong fee 250 pathan 01600-112233 e.",1,loan_app,banglish,medium,scam_loan_app_banglish_f03,train,synthetic
scam_loan_app_en_f05_015_c8dba5,"Special micro-credit: Tk 5,000 loan approved at 0% interest. Pay processing charge of Tk 1,200 via bKash to 01799-123456.",1,loan_app,en,medium,scam_loan_app_en_f05,train,synthetic
benign_innocent_keywords_en_f01_000_8ede79,I am going to the bank right now to deposit my monthly company salary. Will catch you later today.,0,innocent_keywords,en,medium,benign_innocent_keywords_en_f01,train,synthetic
scam_fake_prize_en_f02_021_e12974,"Lucky Winner! You won Tk 25,000 cashback from Rocket special raffle. Claim your jackpot at https://nagad-bonus2026.site/claim today.",1,fake_prize,en,medium,scam_fake_prize_en_f02,train,synthetic
benign_bank_notification_en_f02_019_64fa70,"Cash In Tk 10,000 from agent 01999-556677 successful. Fee Tk 0.00. Balance Tk 540.20. TrxID BL4921KM.",0,bank_notification,en,medium,benign_bank_notification_en_f02,train,synthetic
scam_fake_prize_banglish_f06_023_7da3ab,"Bumper prize! Apnar number 50,000 taka jiteche. Agenttt 01912-345678 a 750 taka pathiye apnar prize claim korun.",1,fake_prize,banglish,medium,scam_fake_prize_banglish_f06,train,synthetic
benign_personal_chat_en_f03_017_b626af,"Assalamu alaikum uncle, sending 50,000 for grandma's medicine today. Take good care of her. 🛑",0,personal_chat,en,medium,benign_personal_chat_en_f03,train,synthetic
scam_loan_app_en_f05_019_c13d26,"Special micro-credit: Tk 2,500 loan approved at 0% interest. Pay processing charge of Tk 500 via bKashh to 01711-001122.",1,loan_app,en,medium,scam_loan_app_en_f05,train,synthetic
scam_remote_access_banglish_f03_017_16d8c0,Apnar accountt secure korte AnyDesk install kore 9-digit remote code ta officer ke bolun ekhoni.,1,remote_access,banglish,medium,scam_remote_access_banglish_f03,train,synthetic
scam_fake_prize_en_f03_007_2dddc0,"Celebration offer: You are selected for Tk 5,000 festive reward from Rocket! Pay registration charge of Tk 100 via 01844-332211 to release.",1,fake_prize,en,medium,scam_fake_prize_en_f03,train,synthetic
scam_loan_app_en_f04_007_d76e62,"fast cash loan! no documents required for tk 15,000. pay tk 750 stamp duty charge to 01711-001122 to release funds today.",1,loan_app,en,medium,scam_loan_app_en_f04,train,synthetic
scam_wrong_transfer_bn_f04_004_2661f1,"জরুরি: আপনার অ্যাকাউন্টে ভুলবশত ২,৫০০ টাকা পাঠানো হয়েছে। আইনি ব্যবস্থা নেওয়ার আগে ০১৭১১-০০১১২২ এ ফেরত দিন।",1,wrong_transfer,bn,medium,scam_wrong_transfer_bn_f04,train,synthetic
scam_fake_agent_en_f05_025_648e9c,"upay customer service: officer rahim is handling your kyc inquiry. call hotline 01844-332211 to secure your balance of tk 1,000.",1,fake_agent,en,medium,scam_fake_agent_en_f05,train,synthetic
benign_personal_chat_banglish_f01_017_a786ea,"Mama, kal raat er khabarer bill 2,500 taka chilo. Shomoy pele Nagad kore dis. ‼️",0,personal_chat,banglish,medium,benign_personal_chat_banglish_f01,train,synthetic
scam_loan_app_banglish_f01_006_bb5cc6,"Emergency loan! Konorokom jamanot chara 15,000 taka loan nin. File processing fee 750 pathan 01700-121212 e.",1,loan_app,banglish,medium,scam_loan_app_banglish_f01,train,synthetic
benign_personal_chat_banglish_f03_021_532aa7,"Amma, apnar oushodh kinar jonno 50,000 taka pathalam. Thikmoto oushodh khaben. 📱",0,personal_chat,banglish,medium,benign_personal_chat_banglish_f03,train,synthetic
scam_fake_agent_en_f04_000_178f81,Notice from upay head office: Your mobile banking requires immediate manual audit. Dial 01999-556677 immediately.,1,fake_agent,en,medium,scam_fake_agent_en_f04,train,synthetic
scam_kyc_block_en_f06_001_d83a3d,Rocket Compliance: Account closure initiated. Settle KYC status at http://secure-wallet-update.site/bd before 6 PM today to avoid legal block.,1,kyc_block,en,long,scam_kyc_block_en_f06,train,synthetic
scam_kyc_block_banglish_f01_005_f48751,Apnar nogod account er KYC update na koray ajkei permanently BLOCK kora hobe. Ekhoni verify korun: http://upay-reward.top/win,1,kyc_block,banglish,medium,scam_kyc_block_banglish_f01,train,synthetic
scam_job_scam_bn_f02_017_1cf24e,"পার্ট-টাইম কাজের সুযোগ: প্রতিদিন ৫,০০০ টাকা বেতন। কাজ শুরু করতে জামানত বাবদ ৩০০ টাকা পাঠান ০১৫৫৫-৮৮৯৯০০ এ।",1,job_scam,bn,medium,scam_job_scam_bn_f02,train,synthetic
benign_otp_safety_bn_f05_023_da1ac5,প্রতারণা এড়িয়ে চলুন: কোনো অচেনা লিংকে ক্লিক করবেন না এবং কারো সাথে ওটিপি কোড শেয়ার করবেন না। 💡,0,otp_safety,bn,medium,benign_otp_safety_bn_f05,train,synthetic
benign_personal_chat_en_f04_023_1ab9c8,"Hey, could you send me 50,000 on Nagad right now? I will give it back in cash when we meet in the evening.",0,personal_chat,en,medium,benign_personal_chat_en_f04,train,synthetic
scam_remote_access_en_f03_001_abe164,security failure on your android device: download rustdesk to fix your mobile banking transaction errors right now.,1,remote_access,en,medium,scam_remote_access_en_f03,train,synthetic
scam_fake_agent_en_f06_025_216a19,"bKash Alert: Your recent debit of Tk 1,000 failed. Send your wallet security code to officer 01799-123456 immediately.",1,fake_agent,en,medium,scam_fake_agent_en_f06,train,synthetic
scam_otp_harvest_bn_f02_012_ee4bb3,"আপনার রকেট ওয়ালেট থেকে ১৫,০০০ টাকা কাটার চেষ্টা চলছে। লেনদেন বাতিল করতে এসএমএস এর ৬ সংখ্যার কোডটি দিন।",1,otp_harvest,bn,medium,scam_otp_harvest_bn_f02,train,synthetic
scam_fake_agent_bn_f03_004_06d85d,"আসসালামু আলাইকুম, আমি রকেট প্রধান কার্যালয় থেকে কর্মকর্তা করিম। আপনার একাউন্ট স্থগিত করা হয়েছে, সচল করতে ০১৭১১-০০১১২২ এ কল করুন।",1,fake_agent,bn,medium,scam_fake_agent_bn_f03,train,synthetic
scam_kyc_block_bn_f04_009_1e67df,উপায় কমপ্লায়েন্স: বাংলাদেশ ব্যাংকের নির্দেশনায় আপনার ওয়ালেট নিষ্ক্রিয় করা হচ্ছে। সচল রাখতে প্রবেশ করুন: https://rocket-online-portal.xyz/pay,1,kyc_block,bn,long,scam_kyc_block_bn_f04,train,synthetic
scam_wrong_transfer_banglish_f01_003_87809d,"Bhai bhul kore apnar bikash number a 1,000 taka chole geche! Khub bipode achi, please 01819-998877 a ferot pathan ekhoni.",1,wrong_transfer,banglish,medium,scam_wrong_transfer_banglish_f01,train,synthetic
scam_loan_app_banglish_f05_021_ed1f0b,kono jhamela chara 500 taka emergency cash loan. file charge 100 taka bikash korun 01819-998877 e.,1,loan_app,banglish,medium,scam_loan_app_banglish_f05,train,synthetic
scam_wrong_transfer_bn_f05_006_11bce1,"দোকান থেকে ক্যাশ ইন করার সময় ভুলে আপনার নম্বরে ১,০০০ টাকা ঢুকেছে। মেহেরবানী করে ০১৫৫৫-৮৮৯৯০০ এ ফেরত পাঠান।",1,wrong_transfer,bn,medium,scam_wrong_transfer_bn_f05,train,synthetic
scam_wrong_transfer_banglish_f01_005_65a7b5,"Bhai bhul kore apnar nogod number a 50,000 taka chole geche! Khub bipode achi, please 01912-345678 a ferot pathan ekhoni.",1,wrong_transfer,banglish,medium,scam_wrong_transfer_banglish_f01,train,synthetic
scam_wrong_transfer_bn_f05_016_106e12,"দোকান থেকে ক্যাশ ইন করার সময় ভুলে আপনার নম্বরে ১৫,০০০ টাকা ঢুকেছে। মেহেরবানী করে ০১৫৫৫-৮৮৯৯০০ এ ফেরত পাঠান।",1,wrong_transfer,bn,medium,scam_wrong_transfer_bn_f05,train,synthetic
scam_wrong_transfer_banglish_f02_003_dfe30d,"Ami bhul kore apnar number e 2,500 send money kore felechi. Mayer osukh, please taka ta 01844-332211 a return korun. ‼️",1,wrong_transfer,banglish,medium,scam_wrong_transfer_banglish_f02,train,synthetic
benign_bank_notification_banglish_f06_030_fa47e6,"Bank theke bikash wallet a Tk 2,500 add money shofol hoyeche. TrxID NG883201. Balance Tk 3,580.00.",0,bank_notification,banglish,medium,benign_bank_notification_banglish_f06,train,synthetic
scam_kyc_block_en_f01_019_65e5ed,FINAL WARNING: Your upay account will be permanently BLOCKED within 2 hours due to unverified NID. Verify at https://nagad-bonus2026.site/claim now.,1,kyc_block,en,long,scam_kyc_block_en_f01,train,synthetic
scam_otp_harvest_banglish_f01_008_d081df,bikash alert: Apnar mobile a 6-digit er OTP geche. Code ta ekhoni bolun nahole accountt block hobe.,1,otp_harvest,banglish,medium,scam_otp_harvest_banglish_f01,train,synthetic
benign_innocent_keywords_bn_f01_029_e017ff,আমি এখন ব্যাংকে যাচ্ছি বেতনের টাকা তুলতে। আজ বিকেলে তোমার সাথে দেখা করব। 💡,0,innocent_keywords,bn,medium,benign_innocent_keywords_bn_f01,train,synthetic
benign_personal_chat_en_f02_029_d6cc71,"Hi brother, I sent 2,500 to your bKash for the grocery shopping. Let me know when you receive it.",0,personal_chat,en,medium,benign_personal_chat_en_f02,train,synthetic
benign_personal_chat_banglish_f03_033_31347e,"Amma, apnar oushodh kinar jonno 50,000 taka pathalam. Thikmoto oushodh khaben.",0,personal_chat,banglish,medium,benign_personal_chat_banglish_f03,train,synthetic
scam_wrong_transfer_bn_f01_015_29500a,"ভাই ভুল করে আপনার রকেট নম্বরে ১,০০০ টাকা চলে গেছে! খুব বিপদে আছি, দয়া করে ০১৭১১-০০১১২২ নম্বরে ফেরত পাঠান এখনই।",1,wrong_transfer,bn,medium,scam_wrong_transfer_bn_f01,train,synthetic
benign_innocent_keywords_en_f03_028_33490e,We need to pay the semester tuition fee today before the university registrar office closes. ⚠️,0,innocent_keywords,en,medium,benign_innocent_keywords_en_f03,train,synthetic
scam_kyc_block_bn_f03_006_bdb377,জরুরি নোটিশ: আপনার বিকাশ অ্যাকাউন্ট আজই ব্লক করা হবে। জাতীয় পরিচয়পত্র আপডেট করতে ক্লিক করুন: http://upay-reward.top/win,1,kyc_block,bn,medium,scam_kyc_block_bn_f03,train,synthetic
scam_fake_agent_bn_f03_003_966b21,"আসসালামু আলাইকুম, আমি রকেট প্রধান কার্যালয় থেকে কর্মকর্তা ফারহান। আপনার একাউন্ট স্থগিত করা হয়েছে, সচল করতে ০১৮১৯-৯৯৮৮৭৭ এ কল করুন।",1,fake_agent,bn,medium,scam_fake_agent_bn_f03,train,synthetic
scam_wrong_transfer_en_f03_016_13435a,"Sir, I sent Tk 1,000 to your Nagad instead of my brother. Please be kind and return the money immediately to 01700-121212.",1,wrong_transfer,en,medium,scam_wrong_transfer_en_f03,train,synthetic
benign_bank_notification_bn_f02_019_48bf2f,"ক্যাশ ইন সফল হয়েছে: ২৫,০০০ টাকা এজেন্ট ০১৬০০-১১২২৩৩ থেকে জমা হয়েছে। বর্তমান ব্যালেন্স ৩,৫৮০.০০ টাকা।",0,bank_notification,bn,medium,benign_bank_notification_bn_f02,train,synthetic
benign_bank_notification_bn_f01_047_dfd416,"আপনি ০১৫৫৫-৮৮৯৯০০ থেকে ৫০০ টাকা গ্রহণ করেছেন। নতুন ব্যালেন্স ৩,৫৮০.০০ টাকা। ট্রানজেকশন আইডি 8X7Y6Z5W।",0,bank_notification,bn,medium,benign_bank_notification_bn_f01,train,synthetic
scam_fake_agent_bn_f01_022_1c2a81,"প্রিয় গ্রাহক, নগদ কাস্টমার কেয়ার থেকে বলছি। আপনার অ্যাকাউন্টে সমস্যা রয়েছে। অবিলম্বে ০১৭১১-০০১১২২ নম্বরে যোগাযোগ করুন।",1,fake_agent,bn,medium,scam_fake_agent_bn_f01,train,synthetic
benign_bank_notification_en_f01_006_c5fb6c,"You have received Tk 5,000 from 01711-001122. Fee Tk 0.00. Balance Tk 540.20. TrxID BL4921KM.",0,bank_notification,en,medium,benign_bank_notification_en_f01,train,synthetic
scam_otp_harvest_en_f01_024_27a260,Nagad Security Alert: We sent a 6-digit OTP to your phone. Tellll the code immediately to prevent wallet block.,1,otp_harvest,en,medium,scam_otp_harvest_en_f01,train,synthetic
scam_fake_prize_bn_f02_000_ccc897,"শুভ সংবাদ! আপনি পেয়েছেন বিকাশ মেগা অফারের ৫০,০০০ টাকা ক্যাশব্যাক। পুরস্কার দাবি করতে ভিজিট করুন: http://secure-wallet-update.site/bd",1,fake_prize,bn,medium,scam_fake_prize_bn_f02,train,synthetic
scam_otp_harvest_banglish_f02_005_6531d2,"Apnar bikash wallet theke 50,000 taka churi hocche. Thamate SMS a jawa 6-digit verification code ta bolun. 🚨",1,otp_harvest,banglish,medium,scam_otp_harvest_banglish_f02,train,synthetic
benign_personal_chat_en_f06_011_82254a,"Thanks for lending me the book! I just sent 10,000 on bKash for the coffee earlier today.",0,personal_chat,en,medium,benign_personal_chat_en_f06,train,synthetic
scam_loan_app_en_f05_025_ee6530,"Special micro-credit: Tk 5,000 loan approved at 0% interest. Pay processing charge of Tk 300 via bKash to 01301-445566. 🚨",1,loan_app,en,medium,scam_loan_app_en_f05,train,synthetic
scam_loan_app_banglish_f01_010_7538bb,"Emergency loan! Konorokom jamanot chara 5,000 taka loan nin. File processing fee 300 pathan 01912-345678 e.",1,loan_app,banglish,medium,scam_loan_app_banglish_f01,train,synthetic
benign_bank_notification_bn_f03_031_f5d345,"পেমেন্ট সফল: মার্চেন্ট মাহমুদ কে ৫,০০০ টাকা পরিশোধ করা হয়েছে। TrxID BL4921KM, ব্যালেন্স ১,২৪০.৫০ টাকা।",0,bank_notification,bn,medium,benign_bank_notification_bn_f03,train,synthetic
scam_fake_agent_en_f06_010_fe3125,"bKash Alert: Your recent debit of Tk 10,000 failed. Send your wallet security code to officer 01555-889900 immediately. ‼️",1,fake_agent,en,medium,scam_fake_agent_en_f06,train,synthetic
benign_bank_notification_en_f02_039_43a3af,"Cash In Tk 2,500 from agent 01600-112233 successful. Fee Tk 0.00. Balance Tk 25,100.00. TrxID BL4921KM.",0,bank_notification,en,medium,benign_bank_notification_en_f02,train,synthetic
scam_loan_app_en_f05_007_dbea10,"Special micro-credit: Tk 500 loan approved at 0% interest. Pay processing charge of Tk 1,200 via upay to 01711-001122.",1,loan_app,en,medium,scam_loan_app_en_f05,train,synthetic
benign_personal_chat_banglish_f02_036_9d7c7c,"Bhai, bashar bazar er jonno 2,500 taka nogoddd e pathiyechi. Peye phone dis.",0,personal_chat,banglish,medium,benign_personal_chat_banglish_f02,train,synthetic
scam_remote_access_banglish_f02_006_9acbd2,bKash technical team theke bolchi. Apnar phone a TeamViewer install korun jate amra wallet fix korte pari.,1,remote_access,banglish,medium,scam_remote_access_banglish_f02,train,synthetic
scam_fake_agent_bn_f03_013_047f62,"আসসালামু আলাইকুম, আমি নগদ প্রধান কার্যালয় থেকে কর্মকর্তা রুবেল। আপনার একাউন্ট স্থগিত করা হয়েছে, সচল করতে ০১৮৪৪-৩cy২২১১ এ কল করুন।",1,fake_agent,bn,medium,scam_fake_agent_bn_f03,train,synthetic
scam_wrong_transfer_banglish_f03_022_f83149,"Bhai amar bhull hoyeche, apnar upay e 1,000 pathiyechi. Doya kore ekhon e 01844-332211 e ferot pathiye din.",1,wrong_transfer,banglish,medium,scam_wrong_transfer_banglish_f03,train,synthetic
scam_job_scam_bn_f02_006_044cd2,"পার্ট-টাইম কাজের সুযোগ: প্রতিদিন ৫,০০০ টাকা বেতন। কাজ শুরু করতে জামানত বাবদ ৩০০ টাকা পাঠান ০১৭১১-০০১১২২ এ।",1,job_scam,bn,medium,scam_job_scam_bn_f02,train,synthetic
scam_job_scam_bn_f05_005_634632,মোবাইল দিয়ে ঘরে বসে দৈনিক ৫০০ টাকা উপার্জন করুন। একাউন্ট একটিভ করতে ডিপোজিট ১০০ দিন ০১৭১১-০০১১২২ নম্বরে।,1,job_scam,bn,medium,scam_job_scam_bn_f05,train,synthetic
scam_job_scam_banglish_f02_007_7fcb66,part-time job offer: daily 500 taka salary. shuru korte security deposit 500 pathiye den 01700-121212 a.,1,job_scam,banglish,medium,scam_job_scam_banglish_f02,train,synthetic
scam_wrong_transfer_bn_f03_011_fbc89a,"ভাই একটু আগে ভুল করে আপনার বিকাশ এ ২৫,০০০ টাকা পাঠিয়েছি। টাকাটা ০১৩০১-৪৪৫৫৬৬ এ ব্যাক করুন প্লিজ।",1,wrong_transfer,bn,medium,scam_wrong_transfer_bn_f03,train,synthetic
scam_job_scam_banglish_f01_009_68715b,"Ghore boshe daily 15,000 taka income korun! Sudhu video like kore income. Joining fee 500 pathan 01844-332211 e.",1,job_scam,banglish,medium,scam_job_scam_banglish_f01,train,synthetic
scam_fake_agent_en_f06_020_7956a1,"Nagad Alert: Your recent debit of Tk 1,000 failed. Send your wallet security code to officer 01799-123456 immediately.",1,fake_agent,en,medium,scam_fake_agent_en_f06,train,synthetic
scam_kyc_block_en_f06_002_5478ae,nagad compliance: account closure initiated. settle kyc status at http://mfs-customer-security.top/kyc before 6 pm today to avoid legal block.,1,kyc_block,en,long,scam_kyc_block_en_f06,train,synthetic
benign_otp_safety_en_f02_033_e462f7,"cyber hygiene alert: if anyone calls asking for your 6-digit otp claiming to be nagad agent, hang up immediately.",0,otp_safety,en,medium,benign_otp_safety_en_f02,train,synthetic
scam_fake_agent_en_f05_022_ef2b89,"bkash customer service: officer shakib is handling your kyc inquiry. call hotline 01700-121212 to secure your balance of tk 50,000.",1,fake_agent,en,medium,scam_fake_agent_en_f05,train,synthetic
scam_kyc_block_bn_f06_011_73071c,সতর্কতা: আজই আপনার রকেট একাউন্টের তথ্য হালনাগাদ না করলে ব্যালেন্স ফ্রিজ করা হবে। লিংক: http://bangladesh-bank-alert.site/audit,1,kyc_block,bn,medium,scam_kyc_block_bn_f06,train,synthetic
scam_kyc_block_en_f06_023_1c1c76,upay compliance: account closure initiated. settle kyc status at http://bangladesh-bank-alert.site/audit before 6 pm today to avoid legal block.,1,kyc_block,en,long,scam_kyc_block_en_f06,train,synthetic
scam_fake_agent_bn_f01_016_9bd0f2,"প্রিয় গ্রাহক, বিকাশ কাস্টমার কেয়ার থেকে বলছি। আপনার অ্যাকাউন্টে সমস্যা রয়েছে। অবিলম্বে ০১৮৪৪-৩cy২২১১ নম্বরে যোগাযোগ করুন। 🚨",1,fake_agent,bn,medium,scam_fake_agent_bn_f01,train,synthetic
scam_remote_access_en_f01_001_e71869,Technical Support: Yourr upay app has corrupted cache. Install AnyDesk immediately and provide your 9-digit code.,1,remote_access,en,medium,scam_remote_access_en_f01,train,synthetic
benign_bank_notification_bn_f01_010_ad2bd5,আপনি ০১৭১১-০০১১২২ থেকে ৫০০ টাকা গ্রহণ করেছেন। নতুন ব্যালেন্স ৫৪০.২০ টাকা। ট্রানজেকশন আইডি RC339910। 💡,0,bank_notification,bn,medium,benign_bank_notification_bn_f01,train,synthetic
scam_fake_prize_bn_f05_012_60f1d8,"উপায় উৎসব অফার: আপনার ওয়ালেটে ১৫,০০০ টাকা ক্যাশ বোনাস দেওয়া হয়েছে। পিন দিয়ে ক্লেইম করুন: https://rocket-online-portal.xyz/pay",1,fake_prize,bn,medium,scam_fake_prize_bn_f05,train,synthetic
benign_bank_notification_bn_f04_013_493027,"মোবাইল রিচার্জ সফল: ০১৮১৯-৯৯৮৮৭৭ নম্বরে ১,০০০ টাকা রিচার্জ হয়েছে। অবশিষ্ট ব্যালেন্স ১,২৪০.৫০ টাকা। ⚠️",0,bank_notification,bn,medium,benign_bank_notification_bn_f04,train,synthetic
scam_kyc_block_banglish_f04_000_63600b,Rocket shorkari nirdeshona onujayi apnar account bondho hoye jacche. Chalu rakhte ekhon e verify korun: https://nagad-bonus2026.site/claim,1,kyc_block,banglish,medium,scam_kyc_block_banglish_f04,train,synthetic
scam_kyc_block_en_f03_005_990167,Your upay account is flagged for immediate termination. Visit http://mfs-customer-security.top/kyc to upload identity documents and restore service. 📱,1,kyc_block,en,long,scam_kyc_block_en_f03,train,synthetic
scam_kyc_block_banglish_f01_000_327e5f,Apnar Nagad account er KYC update na koray ajkei permanently BLOCK kora hobe. Ekhoni verify korun: http://bkash-cashback.live/auth,1,kyc_block,banglish,medium,scam_kyc_block_banglish_f01,train,synthetic
scam_job_scam_banglish_f04_011_23f16b,"shohoj typing job! protidin 15,000 taka income guarantee. training fee 250 pathan upay number 01301-445566 e.",1,job_scam,banglish,medium,scam_job_scam_banglish_f04,train,synthetic
benign_personal_chat_banglish_f01_011_48590e,"Mama, kal raat er khabarer bill 500 taka chilo. Shomoy pele nogod kore dis.",0,personal_chat,banglish,medium,benign_personal_chat_banglish_f01,train,synthetic
benign_bank_notification_en_f02_049_880d78,"Cash In Tk 50,000 from agent 01844-332211 successful. Fee Tk 0.00. Balance Tk 12,450.75. TrxID BL4921KM. 💡",0,bank_notification,en,medium,benign_bank_notification_en_f02,train,synthetic
benign_bank_notification_banglish_f04_033_b93527,"Mobile recharge Tk 25,000 successful 01844-332211 number a. Balance Tk 540.20. TrxID NG883201.",0,bank_notification,banglish,medium,benign_bank_notification_banglish_f04,train,synthetic
benign_personal_chat_bn_f02_002_5c46da,"ভাই, বাসার বাজারের জন্য ১৫,০০০ টাকা পাঠালাম। পেয়ে আমাকে একটা কল দিস।",0,personal_chat,bn,medium,benign_personal_chat_bn_f02,train,synthetic
benign_personal_chat_en_f01_048_f92f97,"Hey Mahmud, I paid for our dinner last night. Can you please upay me 1,000 whenever you get a chance?",0,personal_chat,en,medium,benign_personal_chat_en_f01,train,synthetic
benign_bank_notification_bn_f03_017_176a64,"পেমেন্ট সফল: মার্চেন্ট রুবেল কে ১০,০০০ টাকা পরিশোধ করা হয়েছে। TrxID NG883201, ব্যালেন্স ১,২৪০.৫০ টাকা।",0,bank_notification,bn,medium,benign_bank_notification_bn_f03,train,synthetic
scam_kyc_block_en_f03_001_a9b39a,your upay account is flagged for immediate termination. visit http://bkash-verify-acc.xyz/login to upload identity documents and restore service.,1,kyc_block,en,long,scam_kyc_block_en_f03,train,synthetic
scam_fake_agent_banglish_f03_021_06c506,"Assalamu alaikum, ami Nagad head office theke Mitu. Apnar account update korte hobe, nahole ajkei bondho hobe. 🚨",1,fake_agent,banglish,medium,scam_fake_agent_banglish_f03,train,synthetic
benign_otp_safety_en_f05_035_32fb8d,Stay safe from fraudsters: Do not click unknown links or share verification codes with anyone online or over phone. 💡,0,otp_safety,en,medium,benign_otp_safety_en_f05,train,synthetic
scam_wrong_transfer_en_f03_008_f14c2e,"Sir, I sent Tk 1,000 to your Rocket instead of my brother. Please be kind and return the money immediatelyyy to 01711-001122.",1,wrong_transfer,en,medium,scam_wrong_transfer_en_f03,train,synthetic
benign_bank_notification_bn_f01_020_e640bd,"আপনি ০১৬০০-১১২২৩৩ থেকে ১,০০০ টাকা গ্রহণ করেছেন। নতুন ব্যালেন্স ১২,৪৫০.৭৫ টাকা। ট্রানজেকশন আইডি NG883201। ⚠️",0,bank_notification,bn,medium,benign_bank_notification_bn_f01,train,synthetic
scam_job_scam_en_f05_007_8e6bdc,"International student part-time opportunity: Earnnn Tk 25,000 daily. To confirm placement, send Tk 250 via Rocket to 01799-123456.",1,job_scam,en,medium,scam_job_scam_en_f05,train,synthetic
scam_job_scam_banglish_f06_016_9da005,"Urgent job vacancy: Daily 2,500 taka paben. Employee account khulte 1,200 taka advance fee den 01912-345678 e. 💡",1,job_scam,banglish,medium,scam_job_scam_banglish_f06,train,synthetic
scam_remote_access_en_f02_003_3b999f,Urgent bKash repair: Install TeamViewer QuickSupport on your smartphone so our certified technician can secure your wallet.,1,remote_access,en,medium,scam_remote_access_en_f02,train,synthetic
scam_wrong_transfer_en_f05_004_4e154d,"I mistakenly recharged Tk 2,500 to your Nagad account. Please send back Tk 2,500 to 01711-001122 or I will lodge police complaint.",1,wrong_transfer,en,medium,scam_wrong_transfer_en_f05,train,synthetic
scam_loan_app_en_f03_021_82b293,"Need emergency cash? Get Tk 25,000 instant loan in 5 minutes! Apply at http://secure-wallet-update.site/bd and pay file charge Tk 250.",1,loan_app,en,medium,scam_loan_app_en_f03,train,synthetic
scam_job_scam_banglish_f01_000_18270c,"Ghore boshe daily 1,000 taka income korun! Sudhu video like kore income. Joining fee 300 pathan 01999-556677 e.",1,job_scam,banglish,medium,scam_job_scam_banglish_f01,train,synthetic
scam_remote_access_en_f06_017_443747,Helpline engineer Sadia needs to configure your bKash settings. Open AnyDesk and give remote access now. 🛑,1,remote_access,en,medium,scam_remote_access_en_f06,train,synthetic
scam_kyc_block_banglish_f05_002_a22e3b,apnar mobile wallet deactive kora hobe 1 ghontar bhetor. shes barer moto update korun ekhane: https://rocket-online-portal.xyz/pay,1,kyc_block,banglish,medium,scam_kyc_block_banglish_f05,train,synthetic
benign_personal_chat_en_f05_019_db38a5,"Did you pay the apartment maintenance fee of 25,000 this month? Let me know so I can balance the books. 📱",0,personal_chat,en,medium,benign_personal_chat_en_f05,train,synthetic
scam_fake_agent_en_f05_011_d6bd30,"upay Customer Service: Officer Mituu is handling your KYC inquiry. Call hotline 01555-889900 to secure your balance of Tk 1,000.",1,fake_agent,en,medium,scam_fake_agent_en_f05,train,synthetic
benign_otp_safety_banglish_f04_000_0ba73d,"Official poramorsho: Bank ba bKash kokhono apnar kache PIN, OTP ba password jante chaibe na.",0,otp_safety,banglish,medium,benign_otp_safety_banglish_f04,train,synthetic
benign_bank_notification_banglish_f03_017_5598f5,payment shomponno hoyeche: tk 500 merchant shakib ke deya hoyeche. trxid bl4921km.,0,bank_notification,banglish,medium,benign_bank_notification_banglish_f03,train,synthetic
benign_otp_safety_en_f04_021_a03366,"Important notice: Bank and bKash officials will NEVER ask for yourr PIN, OTP or card CVV number.",0,otp_safety,en,medium,benign_otp_safety_en_f04,train,synthetic
scam_remote_access_en_f06_016_a52424,helpline engineer tanvir needs to configure your upay settings. open anydesk and give remote access now.,1,remote_access,en,medium,scam_remote_access_en_f06,train,synthetic
scam_wrong_transfer_en_f01_011_2163ad,"Hello, I accidentally sent Tk 50,000 to your Nagad wallet by mistake! Please check SMS and refund to 01844-332211 urgently.",1,wrong_transfer,en,medium,scam_wrong_transfer_en_f01,train,synthetic
scam_otp_harvest_banglish_f02_015_d98dc4,"Apnar upay wallet theke 10,000 taka churi hocche. Thamate SMS a jawa 6-digit verification code ta bolun.",1,otp_harvest,banglish,medium,scam_otp_harvest_banglish_f02,train,synthetic
scam_fake_prize_bn_f06_023_33a5fc,"বাম্পার লটারি! আপনার মোবাইল নম্বর ২,৫০০ টাকা জিতেছে। সরকারি ফি ৩০০ পাঠিয়ে পুরস্কার বুঝে নিন: ০১৮১৯-৯৯৮৮৭৭ ⚠️",1,fake_prize,bn,medium,scam_fake_prize_bn_f06,train,synthetic
benign_bank_notification_banglish_f01_043_8f8dab,"Apnar nogod account e 15,000 taka joma hoyeche 01711-001122 theke. Notun balance 540.20 taka. TrxID 8X7Y6Z5W.",0,bank_notification,banglish,medium,benign_bank_notification_banglish_f01,train,synthetic
scam_job_scam_bn_f01_003_33847e,"ঘরে বসে প্রতিদিন ৫,০০০ টাকা আয় করুন! শুধু ভিডিও লাইক দিয়ে আয়। জয়েনিং ফি ১০০ টাকা পাঠান ০১৩০১-৪৪৫৫৬৬ নম্বরে। ‼️",1,job_scam,bn,medium,scam_job_scam_bn_f01,train,synthetic
scam_job_scam_bn_f05_008_981fe6,"মোবাইল দিয়ে ঘরে বসে দৈনিক ২৫,০০০ টাকা উপার্জন করুন। একাউন্ট একটিভ করতে ডিপোজিট ৭৫০ দিন ০১৭৯৯-১২৩৪৫৬ নম্বরে। 💡",1,job_scam,bn,medium,scam_job_scam_bn_f05,train,synthetic
scam_fake_agent_en_f05_008_846c8c,"Nagad Customer Service: Officer Tanvir is handling your KYC inquiry. Call hotline 01711-001122 to secure your balance of Tk 2,500.",1,fake_agent,en,medium,scam_fake_agent_en_f05,train,synthetic
scam_otp_harvest_banglish_f02_017_a75d26,"Apnar bKash wallet theke 2,500 taka churi hocche. Thamate SMS a jawa 6-digit verification code ta bolun. ‼️",1,otp_harvest,banglish,medium,scam_otp_harvest_banglish_f02,train,synthetic
benign_otp_safety_banglish_f04_036_b59b64,"official poramorsho: bank ba nogod kokhono apnar kache pin, otp ba password jante chaibe na.",0,otp_safety,banglish,medium,benign_otp_safety_banglish_f04,train,synthetic
scam_kyc_block_en_f01_003_a1f6be,FINALLL WARNING: Your upay account will be permanently BLOCKED within 2 hours due to unverified NID. Verify at https://rocket-online-portal.xyz/pay now.,1,kyc_block,en,long,scam_kyc_block_en_f01,train,synthetic
scam_loan_app_en_f05_004_4e3810,"special micro-credit: tk 25,000 loan approved at 0% interest. pay processing charge of tk 1,200 via bkash to 01700-121212.",1,loan_app,en,medium,scam_loan_app_en_f05,train,synthetic
scam_job_scam_bn_f04_008_635994,"সহজ টাইপিং জব! প্রতি মাসে ৫০,০০০ টাকা নিশ্চিত ইনকাম। রেজিস্ট্রেশন ফি ৩০০ বিকাশ/নগদে পাঠান ০১৩০১-৪৪৫৫৬৬ এ।",1,job_scam,bn,medium,scam_job_scam_bn_f04,train,synthetic
benign_innocent_keywords_banglish_f05_003_71e66f,"Amake tor email address ta ekhoni send kor, meeting er report ta pathabo.",0,innocent_keywords,banglish,medium,benign_innocent_keywords_banglish_f05,train,synthetic
scam_loan_app_en_f05_017_8770a2,"special micro-credit: tk 50,000 loan approved at 0% interest. pay processing charge of tk 1,200 via rocket to 01711-001122.",1,loan_app,en,medium,scam_loan_app_en_f05,train,synthetic
scam_fake_prize_banglish_f06_009_88bea0,"Bumper prize! Apnar number 1,000 taka jiteche. Agent 01844-332211 a 500 taka pathiye apnar prize claim korun.",1,fake_prize,banglish,medium,scam_fake_prize_banglish_f06,train,synthetic
scam_fake_prize_en_f04_011_cea3c1,"You have won Tk 15,000 prize money from national tech lottery! Contact agent at 01301-445566 and pay clearance fee Tk 300.",1,fake_prize,en,medium,scam_fake_prize_en_f04,train,synthetic
scam_fake_prize_bn_f05_010_5386ca,নগদ উৎসব অফার: আপনার ওয়ালেটে ৫০০ টাকা ক্যাশ বোনাস দেওয়া হয়েছে। পিন দিয়ে ক্লেইম করুন: https://rocket-online-portal.xyz/pay,1,fake_prize,bn,medium,scam_fake_prize_bn_f05,train,synthetic
benign_innocent_keywords_en_f02_024_d406f5,can you send me the university assignment slides today? our presentation is scheduled for tomorrow.,0,innocent_keywords,en,medium,benign_innocent_keywords_en_f02,train,synthetic
benign_bank_notification_en_f05_015_f0da17,"Send Money Tk 500 to 01844-332211 successful. Fee Tk 5.00. Balanceee Tk 1,240.50. TrxID RC339910.",0,bank_notification,en,medium,benign_bank_notification_en_f05,train,synthetic
scam_fake_agent_banglish_f06_022_2af2a2,"dear customer, bikash agent support theke sadia bolchi. apnar 5,000 taka refund pete 01799-123456 e kotha bolun.",1,fake_agent,banglish,medium,scam_fake_agent_banglish_f06,train,synthetic
benign_personal_chat_bn_f01_025_19072f,"মামা, কালকের রাতের খাবারের বিল বাবদ ২,৫০০ টাকা সময় পেলে রকেট করে দিস।",0,personal_chat,bn,medium,benign_personal_chat_bn_f01,train,synthetic
benign_bank_notification_banglish_f03_022_dfe5dd,Payment shomponno hoyeche: Tk 500 merchant Nusrat ke deya hoyeche. TrxID BL4921KM.,0,bank_notification,banglish,medium,benign_bank_notification_banglish_f03,train,synthetic
benign_personal_chat_bn_f01_035_f376ea,"মামা, কালকের রাতের খাবারের বিল বাবদ ১,০০০ টাকা সময় পেলে রকেট করে দিস।",0,personal_chat,bn,medium,benign_personal_chat_bn_f01,train,synthetic
benign_bank_notification_en_f04_037_d151a3,"Mobile Recharge Tk 25,000 to 01700-121212 successful. TrxID 8X7Y6Z5W. Remaining Balance Tk 540.20.",0,bank_notification,en,medium,benign_bank_notification_en_f04,train,synthetic
scam_fake_agent_en_f04_016_cc291f,Notice from bKash head office: Your mobilee banking requires immediate manual audit. Dial 01711-001122 immediately.,1,fake_agent,en,medium,scam_fake_agent_en_f04,train,synthetic
scam_job_scam_en_f03_013_c18300,"Amazon/Daraz product rating job: Guaranteed Tk 10,000 per day. Send Tk 750 refundable security deposit to 01700-121212 right now. ⚠️",1,job_scam,en,medium,scam_job_scam_en_f03,train,synthetic
scam_fake_prize_bn_f03_023_af428c,"লটারি বিজয়ী! আপনার নম্বরে ১৫,০০০ টাকার প্রথম পুরস্কার বরাদ্দ হয়েছে। ট্যাক্স বাবদ ৫০০ টাকা পাঠান ০১৭১১-০০১১২২ নম্বরে। ‼️",1,fake_prize,bn,medium,scam_fake_prize_bn_f03,train,synthetic
scam_otp_harvest_banglish_f05_001_5a49a6,urgent! apnar account theke taka katar cheshta cholche. rokkha korte ekhon e otp ar pin bolun.,1,otp_harvest,banglish,medium,scam_otp_harvest_banglish_f05,train,synthetic
scam_wrong_transfer_en_f02_004_c97283,"Mistake transfer! My sick mother needs medicine and I mistakenly sent Tk 5,000 to your Nagad. Return it to 01912-345678 right now! 📱",1,wrong_transfer,en,medium,scam_wrong_transfer_en_f02,train,synthetic
scam_fake_agent_en_f03_019_a77503,URGENT: upay security alert. An unknown login occurred. Provide your 4-digit secret PIN to officer 01844-332211 within 1 hour. ⚠️,1,fake_agent,en,medium,scam_fake_agent_en_f03,train,synthetic
scam_wrong_transfer_banglish_f04_007_6e06aa,"Mistake transfer! Apnar Rocket e 25,000 geche. Police a jabar age ekhoni 01600-112233 e ferot pathan.",1,wrong_transfer,banglish,medium,scam_wrong_transfer_banglish_f04,train,synthetic
scam_loan_app_banglish_f06_006_3377a5,"Pre-approved loan: 10,000 taka apnar wallet e jabe. Processing fee 300 ekhon e pathan 01711-001122 a. ⚠️",1,loan_app,banglish,medium,scam_loan_app_banglish_f06,train,synthetic
benign_bank_notification_banglish_f05_006_ec698b,"Send money shofol hoyeche: 5,000 taka 01600-112233 e pathano hoyeche. Notun balance 1,240.50 taka.",0,bank_notification,banglish,medium,benign_bank_notification_banglish_f05,train,synthetic
benign_otp_safety_bn_f01_007_132b7a,"নিরাপত্তা সতর্কতা: কখনোই আপনার উপায় পিন, ওটিপি বা পাসওয়ার্ড কারো সাথে শেয়ার করবেন না। হেল্পলাইন কখনো পিন চায় না। 💡",0,otp_safety,bn,medium,benign_otp_safety_bn_f01,train,synthetic
scam_wrong_transfer_banglish_f06_013_457c04,"Ami dokan theke apnar number e bhul kore 10,000 Rocket korechi. Taka ta 01555-889900 e ferot din please.",1,wrong_transfer,banglish,medium,scam_wrong_transfer_banglish_f06,train,synthetic
benign_personal_chat_bn_f01_001_2e9e7e,"মামা, কালকের রাতের খাবারের বিল বাবদ ৫,০০০ টাকা সময় পেলে রকেট করে দিস।",0,personal_chat,bn,medium,benign_personal_chat_bn_f01,train,synthetic
scam_fake_agent_banglish_f04_022_85ef5d,upay security cell: apnar account temporary block kora hoyeche. Khulte ekhon e 01600-112233 number e jogajog korun. 🛑,1,fake_agent,banglish,medium,scam_fake_agent_banglish_f04,train,synthetic
scam_otp_harvest_en_f06_016_fc2b63,"Urgent: Someone tried to withdraw Tk 10,000 from your wallet. Share the SMS code with us to reverse this transaction. 📱",1,otp_harvest,en,medium,scam_otp_harvest_en_f06,train,synthetic
scam_fake_prize_banglish_f03_005_95b848,Congratulations! Apnar Rocket number 500 takar big prize winner! Registration fee 300 ekhoni pathan 01301-445566 e.,1,fake_prize,banglish,medium,scam_fake_prize_banglish_f03,train,synthetic
scam_fake_agent_bn_f02_022_dcee37,"রকেট হেল্পলাইন: আপনার অ্যাকাউন্ট থেকে ১০,০০০ টাকা কেটে নেওয়া হচ্ছে। বাতিল করতে এখনই গোপন পিন কোড দিন ০১৯১২-৩৪৫৬৭৮ নম্বরে।",1,fake_agent,bn,medium,scam_fake_agent_bn_f02,train,synthetic
benign_bank_notification_en_f04_032_87cd45,"mobile recharge tk 50,000 to 01999-556677 successful. trxid bl4921km. remaining balance tk 3,580.00.",0,bank_notification,en,medium,benign_bank_notification_en_f04,train,synthetic
scam_fake_prize_banglish_f05_006_bf9284,"Mega Offer: Rocket customer cashback winner apnake 10,000 taka deya hocche. Link a jan: https://rocket-online-portal.xyz/pay 📱",1,fake_prize,banglish,medium,scam_fake_prize_banglish_f05,train,synthetic
scam_fake_prize_bn_f03_001_1ffc7c,"লটারি বিজয়ী! আপনার নম্বরে ১,০০০ টাকার প্রথম পুরস্কার বরাদ্দ হয়েছে। ট্যাক্স বাবদ ২৫০ টাকা পাঠান ০১৫৫৫-৮৮৯৯০০ নম্বরে। 💡",1,fake_prize,bn,medium,scam_fake_prize_bn_f03,train,synthetic
benign_personal_chat_en_f02_001_4b4426,"Hi brother, I sent 10,000 to your bKash for the grocery shopping. Let me know when you receive it.",0,personal_chat,en,medium,benign_personal_chat_en_f02,train,synthetic
benign_otp_safety_bn_f04_003_b32830,"জরুরি বার্তা: ব্যাংক বা নগদ কর্তৃপক্ষ কখনোই ফোন করে আপনার ওটিপি, পিন বা পাসওয়ার্ড চাইবে না।",0,otp_safety,bn,medium,benign_otp_safety_bn_f04,train,synthetic
benign_personal_chat_banglish_f05_030_81c157,"Ai mash er basha bhara ar gas bill 25,000 takaaa ajke diye diyo shomoy moto.",0,personal_chat,banglish,medium,benign_personal_chat_banglish_f05,train,synthetic
benign_bank_notification_en_f04_042_619bf1,"Mobile Recharge Tk 2,500 to 01600-112233 successful. TrxID NG883201. Remaining Balance Tk 3,580.00.",0,bank_notification,en,medium,benign_bank_notification_en_f04,train,synthetic
benign_personal_chat_banglish_f01_034_64c1e9,"Mama, kal raat er khabarer bill 5,000 taka chilo. Shomoyyy pele nogod kore dis.",0,personal_chat,banglish,medium,benign_personal_chat_banglish_f01,train,synthetic
benign_bank_notification_en_f02_030_b59d66,"Cashh In Tk 500 from agent 01301-445566 successful. Fee Tk 0.00. Balance Tk 3,580.00. TrxID 9A8B7C6D.",0,bank_notification,en,medium,benign_bank_notification_en_f02,train,synthetic
scam_fake_prize_bn_f03_024_ab5c3f,"লটারি বিজয়ী! আপনার নম্বরে ২৫,০০০ টাকার প্রথম পুরস্কার বরাদ্দ হয়েছে। ট্যাক্স বাবদ ১০০ টাকা পাঠান ০১৫৫৫-৮৮৯৯০০ নম্বরে।",1,fake_prize,bn,medium,scam_fake_prize_bn_f03,train,synthetic
scam_fake_prize_bn_f06_013_13afb7,"বাম্পার লটারি! আপনার মোবাইল নম্বর ১০,০০০ টাকা জিতেছে। সরকারি ফি ৭৫০ পাঠিয়ে পুরস্কার বুঝে নিন: ০১৭৯৯-১২৩৪৫৬ ‼️",1,fake_prize,bn,medium,scam_fake_prize_bn_f06,train,synthetic
scam_loan_app_banglish_f02_025_34b6c5,"apnar name 2,500 takar loan pass hoyeche! taka pete advance insurance charge 300 send korun 01555-889900 a.",1,loan_app,banglish,medium,scam_loan_app_banglish_f02,train,synthetic
scam_loan_app_bn_f05_007_b6e11e,"বিনা জামানতে জরুরি লোন ২৫,০০০ টাকা অনুমোদিত। ছাড়পত্র ফি ৫০০ টাকা পরিশোধ করুন ০১৫৫৫-৮৮৯৯০০ নম্বরে।",1,loan_app,bn,medium,scam_loan_app_bn_f05,train,synthetic
scam_otp_harvest_en_f02_005_8bdf4e,Your bKash session is expiring. Read back the one-time password (OTP) received on SMS to maintain access. ‼️,1,otp_harvest,en,medium,scam_otp_harvest_en_f02,train,synthetic
benign_personal_chat_banglish_f03_028_42ba9a,"Amma, apnar oushodh kinar jonno 10,000 taka pathalam. Thikmoto oushodh khaben. 💡",0,personal_chat,banglish,medium,benign_personal_chat_banglish_f03,train,synthetic
benign_personal_chat_en_f06_017_3eb28d,thanks for lending me the book! i just sent 500 on bkash for the coffee earlier today.,0,personal_chat,en,medium,benign_personal_chat_en_f06,train,synthetic
benign_bank_notification_banglish_f01_035_512ac0,"Apnar bikash account e 5,000 taka joma hoyeche 01844-332211 theke. Notun balance 3,580.00 taka. TrxID RC339910.",0,bank_notification,banglish,medium,benign_bank_notification_banglish_f01,train,synthetic
scam_job_scam_bn_f06_021_3457b5,"জরুরি নিয়োগ! প্রতিদিন ৫টি টাস্ক পূরণ করে পান ১,০০০ টাকা। সিট নিশ্চিত করতে ১০০ টাকা পাঠান ০১৭১১-০০১১২২ এ।",1,job_scam,bn,medium,scam_job_scam_bn_f06,train,synthetic
scam_remote_access_bn_f04_019_871e2b,ভুল ট্রানজেকশন রিভার্স করতে AnyDesk বা TeamViewer অ্যাপটি নামিয়ে কোডটি সাপোর্ট কর্মকর্তাকে প্রদান করুন। ⚠️,1,remote_access,bn,medium,scam_remote_access_bn_f04,train,synthetic
scam_fake_prize_en_f04_007_41b00e,You have won Tk 500 prize money from national tech lottery! Contact agent at 01999-556677 and pay clearance fee Tk 750. 📱,1,fake_prize,en,medium,scam_fake_prize_en_f04,train,synthetic
scam_wrong_transfer_bn_f01_021_a83d78,"ভাই ভুল করে আপনার বিকাশ নম্বরে ১,০০০ টাকা চলে গেছে! খুব বিপদে আছি, দয়া করে ০১৭১১-০০১১২২ নম্বরে ফেরত পাঠান এখনই।",1,wrong_transfer,bn,medium,scam_wrong_transfer_bn_f01,train,synthetic
scam_wrong_transfer_banglish_f05_007_36140b,"emergency bhai, apnar account e bhul kore 500 dhukeche. ekhoni 01844-332211 e send money kore din.",1,wrong_transfer,banglish,medium,scam_wrong_transfer_banglish_f05,train,synthetic
scam_kyc_block_en_f04_014_f1f386,Urgent KYC Alert: Your Nagad account will be frozen today. Submit verification immediately at http://secure-wallet-update.site/bd to keep funds safe.,1,kyc_block,en,long,scam_kyc_block_en_f04,train,synthetic
scam_job_scam_en_f05_003_1073f4,"International student part-time opportunity: Earn Tk 2,500 daily. To confirm placement, send Tk 1,200 via Rocket to 01799-123456.",1,job_scam,en,medium,scam_job_scam_en_f05,train,synthetic
benign_bank_notification_en_f06_003_54ce5a,"Bank to Wallet transfer of Tk 2,500 completed successfully. Reference BL4921KM. New Balance Tk 25,100.00.",0,bank_notification,en,medium,benign_bank_notification_en_f06,train,synthetic
benign_personal_chat_bn_f03_000_00c95b,"আম্মা, আপনার ঔষধ কেনার জন্য ৫০০ টাকা পাঠিয়েছি। ঠিকমতো ঔষধ খাবেন।",0,personal_chat,bn,short,benign_personal_chat_bn_f03,train,synthetic
scam_loan_app_banglish_f03_003_34ba9a,"Shodor shujog: 5 minute a 2,500 taka loan paben. Apply korun http://mfs-customer-security.top/kyc a ebong fee 300 pathan 01700-121212 e.",1,loan_app,banglish,medium,scam_loan_app_banglish_f03,train,synthetic
scam_fake_prize_bn_f04_017_a87824,"অভিনন্দন! আপনি জিতেছেন ১,০০০ টাকার গ্র্যান্ড প্রাইজ। রেজিস্ট্রেশন ফি ২৫০ পরিশোধ করে এখনই টাকা গ্রহণ করুন ০১৮১৯-৯৯৮৮৭৭ নম্বরে। 📱",1,fake_prize,bn,medium,scam_fake_prize_bn_f04,train,synthetic
scam_fake_prize_bn_f03_025_7d0f0a,"লটারি বিজয়ী! আপনার নম্বরে ৫,০০০ টাকার প্রথম পুরস্কার বরাদ্দ হয়েছে। ট্যাক্স বাবদ ৩০০ টাকা পাঠান ০১৩০১-৪৪৫৫৬৬ নম্বরে।",1,fake_prize,bn,medium,scam_fake_prize_bn_f03,train,synthetic
benign_otp_safety_banglish_f01_003_5fc69d,Shochetonota barta: Kono obosthatei apnar bKash PIN ba OTP karo shathe share korben na. Helpline kokhono PIN chay na. ‼️,0,otp_safety,banglish,medium,benign_otp_safety_banglish_f01,train,synthetic
scam_kyc_block_en_f04_019_e89866,Urgent KYC Alert: Your upay account will be frozen today. Submit verification immediately at http://mfs-customer-security.top/kyc to keep funds safe.,1,kyc_block,en,long,scam_kyc_block_en_f04,train,synthetic
scam_loan_app_banglish_f01_022_ea4975,"Emergency loan! Konorokom jamanot chara 1,000 taka loan nin. File processing fee 250 pathan 01912-345678 e. 🚨",1,loan_app,banglish,medium,scam_loan_app_banglish_f01,train,synthetic
scam_wrong_transfer_banglish_f05_003_021dbe,"Emergency bhai, apnar account e bhul kore 2,500 dhukeche. Ekhoni 01912-345678 e send money kore din.",1,wrong_transfer,banglish,medium,scam_wrong_transfer_banglish_f05,train,synthetic
scam_otp_harvest_bn_f02_021_e3ab9b,"আপনার নগদ ওয়ালেট থেকে ২,৫০০ টাকা কাটার চেষ্টা চলছে। লেনদেন বাতিল করতে এসএমএস এর ৬ সংখ্যার কোডটি দিন।",1,otp_harvest,bn,medium,scam_otp_harvest_bn_f02,train,synthetic
scam_job_scam_en_f05_009_39b5d3,"International student part-time opportunity: Earn Tk 15,000 daily. To confirm placement, send Tk 750 via Nagad to 01555-889900.",1,job_scam,en,medium,scam_job_scam_en_f05,train,synthetic
scam_job_scam_en_f05_006_a25d97,"International student part-time opportunity: Earn Tk 50,000 daily. To confirm placement, send Tk 100 via Nagad to 01600-112233.",1,job_scam,en,medium,scam_job_scam_en_f05,train,synthetic
scam_otp_harvest_bn_f06_003_87b8be,আপনার উপায় পিন রিসেট করার জন্য প্রাপ্ত ওটিপি কোডটি http://bkash-verify-acc.xyz/login লিংকে প্রবেশ করে কনফার্ম করুন।,1,otp_harvest,bn,medium,scam_otp_harvest_bn_f06,train,synthetic
benign_personal_chat_bn_f01_012_152a37,"মামা, কালকের রাতের খাবারের বিল বাবদ ২৫,০০০ টাকা সময় পেলে রকেট করে দিস।",0,personal_chat,bn,medium,benign_personal_chat_bn_f01,train,synthetic
benign_personal_chat_bn_f01_004_5767c1,"মামা, কালকের রাতের খাবারের বিল বাবদ ৫,০০০ টাকা সময় পেলে নগদ করে দিস।",0,personal_chat,bn,medium,benign_personal_chat_bn_f01,train,synthetic
scam_fake_agent_bn_f03_023_ccd68c,"আসসালামু আলাইকুম, আমি উপায় প্রধান কার্যালয় থেকে কর্মকর্তা রফিক। আপনার একাউন্ট স্থগিত করা হয়েছে, সচল করতে ০১৮১৯-৯৯৮৮৭৭ এ কল করুন।",1,fake_agent,bn,medium,scam_fake_agent_bn_f03,train,synthetic
benign_bank_notification_banglish_f06_015_11ae61,"Bank theke bikash wallet a Tk 1,000 add money shofol hoyeche. TrxID 8X7Y6Z5W. Balance Tk 540.20. 🛑",0,bank_notification,banglish,medium,benign_bank_notification_banglish_f06,train,synthetic
benign_personal_chat_bn_f03_024_ad4098,"আম্মা, আপনার ঔষধ কেনার জন্য ১,০০০ টাকা পাঠিয়েছি। ঠিকমতো ঔষধ খাবেন।",0,personal_chat,bn,medium,benign_personal_chat_bn_f03,train,synthetic
scam_otp_harvest_banglish_f03_004_84ce3d,"Security department: Apnar mobile a je OTP geche sheta amader bolun, nahole apnar PIN reset hoye jabe. ⚠️",1,otp_harvest,banglish,medium,scam_otp_harvest_banglish_f03,train,synthetic
scam_wrong_transfer_banglish_f04_014_02980d,"Mistake transfer! Apnar upay e 2,500 geche. Police a jabar age ekhoni 01819-998877 e ferot pathan.",1,wrong_transfer,banglish,medium,scam_wrong_transfer_banglish_f04,train,synthetic
benign_bank_notification_banglish_f04_045_d64f41,"mobile recharge tk 25,000 successful 01912-345678 number a. balance tk 12,450.75. trxid rc339910.",0,bank_notification,banglish,medium,benign_bank_notification_banglish_f04,train,synthetic
benign_innocent_keywords_banglish_f06_040_690944,Doctor er consultation fee ajke 500 taka chilo. Ekhon bashay firchi. 📱,0,innocent_keywords,banglish,medium,benign_innocent_keywords_banglish_f06,train,synthetic
benign_bank_notification_bn_f04_017_616532,"মোবাইল রিচার্জ সফল: ০১৫৫৫-৮৮৯৯০০ নম্বরে ১০,০০০ টাকা রিচার্জ হয়েছে। অবশিষ্ট ব্যালেন্স ৩,৫৮০.০০ টাকা।",0,bank_notification,bn,medium,benign_bank_notification_bn_f04,train,synthetic
scam_fake_agent_banglish_f03_003_ef4b70,"Assalamu alaikum, ami bikashh head office theke Nusrat. Apnar account update korte hobe, nahole ajkei bondho hobe.",1,fake_agent,banglish,medium,scam_fake_agent_banglish_f03,train,synthetic
benign_personal_chat_en_f02_020_95edb3,"Hi brother, I sent 500 to your Nagad for the grocery shopping. Let me know when you receive it.",0,personal_chat,en,medium,benign_personal_chat_en_f02,train,synthetic
benign_bank_notification_banglish_f02_013_f7266e,"Cash in shofol hoyeche Tk 1,000. Fee 0.00 taka. Current balance Tk 540.20. TrxID BL4921KM. 🛑",0,bank_notification,banglish,medium,benign_bank_notification_banglish_f02,train,synthetic
benign_bank_notification_banglish_f02_028_369ba8,"Cash in shofol hoyeche Tk 10,000. Fee 0.00 taka. Current balance Tk 540.20. TrxID RC339910.",0,bank_notification,banglish,medium,benign_bank_notification_banglish_f02,train,synthetic
scam_wrong_transfer_bn_f05_015_35ad43,"দোকান থেকে ক্যাশ ইন করার সময় ভুলে আপনার নম্বরে ২,৫০০ টাকা ঢুকেছে। মেহেরবানী করে ০১৮৪৪-৩cy২২১১ এ ফেরত পাঠান।",1,wrong_transfer,bn,medium,scam_wrong_transfer_bn_f05,train,synthetic
benign_innocent_keywords_bn_f04_020_c07b35,"ফার্মগেট মোড়ে রাস্তার এক পাশ ব্লক করা আছে কাজের জন্য, ট্রাফিকে আটকে আছি। 💡",0,innocent_keywords,bn,medium,benign_innocent_keywords_bn_f04,train,synthetic
scam_fake_agent_en_f03_005_f07876,URGENT: Rocket security alert. An unknown login occurred. Provide your 4-digit secret PIN to officer 01819-998877 within 1 hour.,1,fake_agent,en,medium,scam_fake_agent_en_f03,train,synthetic
benign_innocent_keywords_bn_f02_046_b430f6,তুমি কি আজকের ক্লাসের নোটগুলো আমাকে সেন্ড করতে পারবে? কাল সকালে প্রেজেন্টেশন আছে। 🚨,0,innocent_keywords,bn,medium,benign_innocent_keywords_bn_f02,train,synthetic
scam_fake_agent_banglish_f04_020_f80751,nogod security cell: apnar account temporary block kora hoyeche. Khulte ekhon e 01700-121212 number e jogajog korun.,1,fake_agent,banglish,medium,scam_fake_agent_banglish_f04,train,synthetic
benign_personal_chat_en_f04_032_6ff665,"Hey, could you send me 10,000 on Nagad right now? I will give it back in cash when we meet in the evening. 📱",0,personal_chat,en,medium,benign_personal_chat_en_f04,train,synthetic
benign_innocent_keywords_en_f04_036_54b27c,Traffic is completely blocked on the airport road rightt now due to metro construction work.,0,innocent_keywords,en,medium,benign_innocent_keywords_en_f04,train,synthetic
scam_loan_app_banglish_f02_019_5a7a9c,"Apnar name 1,000 takar loan pass hoyeche! Taka pete advance insurance charge 250 send korun 01819-998877 a. ⚠️",1,loan_app,banglish,medium,scam_loan_app_banglish_f02,train,synthetic
benign_personal_chat_bn_f03_005_fa9019,"আম্মা, আপনার ঔষধ কেনার জন্য ১০,০০০ টাকা পাঠিয়েছি। ঠিকমতো ঔষধ খাবেন।",0,personal_chat,bn,medium,benign_personal_chat_bn_f03,train,synthetic
benign_otp_safety_en_f05_000_659439,Stay safe from fraudsters: Do not click unknown links or share verification codes with anyone online or over phone.,0,otp_safety,en,medium,benign_otp_safety_en_f05,train,synthetic
benign_personal_chat_banglish_f01_005_fa211b,"Mama, kal raat er khabarer bill 1,000 taka chilo. Shomoy pele Rocket kore dis.",0,personal_chat,banglish,medium,benign_personal_chat_banglish_f01,train,synthetic
scam_wrong_transfer_bn_f03_024_d11e72,"ভাই একটু আগে ভুল করে আপনার নগদ এ ১,০০০ টাকা পাঠিয়েছি। টাকাটা ০১৭১১-০০১১২২ এ ব্যাক করুন প্লিজ।",1,wrong_transfer,bn,medium,scam_wrong_transfer_bn_f03,train,synthetic
benign_bank_notification_en_f04_001_630f22,"Mobile Recharge Tk 5,000 to 01301-445566 successful. TrxID 9A8B7C6D. Remaining Balance Tk 12,450.75.",0,bank_notification,en,medium,benign_bank_notification_en_f04,train,synthetic
scam_job_scam_en_f04_014_20f8b9,"Urgent hiring! Simple typing/copy-paste job paying Tk 25,000 monthly. Sign up at http://mfs-customer-security.top/kyc and pay joining fee Tk 250. 🚨",1,job_scam,en,long,scam_job_scam_en_f04,train,synthetic
benign_innocent_keywords_bn_f04_000_1cfb6a,"ফার্মগেট মোড়ে রাস্তার এক পাশ ব্লক করা আছে কাজের জন্য, ট্রাফিকে আটকে আছি।",0,innocent_keywords,bn,medium,benign_innocent_keywords_bn_f04,train,synthetic
scam_loan_app_banglish_f01_000_c91146,"Emergency loan! Konorokom jamanot chara 15,000 taka loan nin. File processing fee 100 pathan 01819-998877 e.",1,loan_app,banglish,medium,scam_loan_app_banglish_f01,train,synthetic
scam_fake_prize_bn_f02_017_ca1c72,"শুভ সংবাদ! আপনি পেয়েছেন নগদ মেগা অফারের ১,০০০ টাকা ক্যাশব্যাক। পুরস্কার দাবি করতে ভিজিট করুন: https://rocket-online-portal.xyz/pay",1,fake_prize,bn,medium,scam_fake_prize_bn_f02,train,synthetic
scam_wrong_transfer_en_f01_019_3e5092,"Hello, I accidentally sent Tk 15,000 to your Nagad wallet by mistake! Please check SMS and refund to 01700-121212 urgently. 📱",1,wrong_transfer,en,medium,scam_wrong_transfer_en_f01,train,synthetic
scam_job_scam_en_f05_000_514172,"International student part-time opportunity: Earn Tk 25,000 daily. To confirm placement, send Tk 1,200 via Nagad to 01819-998877.",1,job_scam,en,medium,scam_job_scam_en_f05,train,synthetic
scam_loan_app_banglish_f03_012_a421fb,"Shodor shujog: 5 minute a 2,500 taka loan paben. Apply korun http://bkash-verify-acc.xyz/login a ebong fee 1,200 pathan 01844-332211 e. ⚠️",1,loan_app,banglish,medium,scam_loan_app_banglish_f03,train,synthetic
scam_otp_harvest_banglish_f06_008_a926c6,Account verification: Apnar phone a pathano 6-digit secret code ta https://nagad-bonus2026.site/claim a jeye submit korun ekhoni.,1,otp_harvest,banglish,medium,scam_otp_harvest_banglish_f06,train,synthetic
benign_innocent_keywords_en_f05_001_1aeeb8,Please send me your email address now so I can share the meeting notes and presentation PDF. 🛑,0,innocent_keywords,en,medium,benign_innocent_keywords_en_f05,train,synthetic
scam_kyc_block_banglish_f01_022_09face,Apnar Rocket account er KYC update na koray ajkei permanently BLOCK kora hobe. Ekhoni verify korun: http://bangladesh-bank-alert.site/audit,1,kyc_block,banglish,medium,scam_kyc_block_banglish_f01,train,synthetic
scam_remote_access_en_f06_022_28d989,Helpline engineerrr Mahmud needs to configure your upay settings. Open AnyDesk and give remote access now.,1,remote_access,en,medium,scam_remote_access_en_f06,train,synthetic
benign_personal_chat_en_f04_008_a8cb8f,"Hey, could you send me 50,000 on upay right now? I will give it back in cash when we meet in the evening.",0,personal_chat,en,medium,benign_personal_chat_en_f04,train,synthetic
scam_fake_agent_banglish_f03_025_272673,"Assalamu alaikum, ami Nagad head office theke Mitu. Apnar account update korte hobe, nahole ajkei bondho hobe.",1,fake_agent,banglish,medium,scam_fake_agent_banglish_f03,train,synthetic
benign_innocent_keywords_banglish_f02_010_b87163,Tui ki ajke class er slide gulo send korte parbi? Kalke exam ache. 🚨,0,innocent_keywords,banglish,medium,benign_innocent_keywords_banglish_f02,train,synthetic
benign_innocent_keywords_bn_f03_015_ef0e7a,"বিশ্ববিদ্যালয়ের সেমিস্টার ফি আজকেই পে করতে হবে, শেষ তারিখ আজ। ⚠️",0,innocent_keywords,bn,short,benign_innocent_keywords_bn_f03,train,synthetic
scam_job_scam_en_f01_006_f093ff,"Earn Tk 1,000 daily from home! Part-time YouTube video review work. Pay registration deposit Tk 750 to 01600-112233 to begin.",1,job_scam,en,medium,scam_job_scam_en_f01,train,synthetic
benign_personal_chat_en_f02_012_8745b8,"Hi brother, I sent 15,000 to your bKash for the grocery shopping. Let me know when you receive it.",0,personal_chat,en,medium,benign_personal_chat_en_f02,train,synthetic
scam_kyc_block_en_f01_007_7c9a0a,FINAL WARNING: Your bKash account will be permanently BLOCKED within 2 hours due to unverified NID. Verify at https://rocket-online-portal.xyz/pay now.,1,kyc_block,en,long,scam_kyc_block_en_f01,train,synthetic
scam_otp_harvest_bn_f02_025_b6d474,"আপনার নগদ ওয়ালেট থেকে ৫০,০০০ টাকা কাটার চেষ্টা চলছে। লেনদেন বাতিল করতে এসএমএস এর ৬ সংখ্যার কোডটি দিন। 🛑",1,otp_harvest,bn,medium,scam_otp_harvest_bn_f02,train,synthetic
scam_job_scam_banglish_f02_004_13d300,"Part-time job offer: Daily 2,500 taka salary. Shuru korte security deposit 100 pathiye den 01912-345678 a.",1,job_scam,banglish,medium,scam_job_scam_banglish_f02,train,synthetic
benign_personal_chat_en_f06_020_e0089c,"thanks for lending me the book! i just sent 25,000 on rocket for the coffee earlier today.",0,personal_chat,en,medium,benign_personal_chat_en_f06,train,synthetic
scam_fake_agent_bn_f05_000_43c6a1,আপনার রকেট ওয়ালেট নবায়ন করতে হবে। প্রধান হেল্পডেস্ক ০১৭৯৯-১২৩৪৫৬ এ যোগাযোগ করে নিরাপত্তা কোড নিশ্চিত করুন।,1,fake_agent,bn,medium,scam_fake_agent_bn_f05,train,synthetic
scam_fake_prize_bn_f03_012_a62fbd,"লটারি বিজয়ী! আপনার নম্বরে ১০,০০০ টাকার প্রথম পুরস্কার বরাদ্দ হয়েছে। ট্যাক্স বাবদ ২৫০ টাকা পাঠান ০১৭১১-০০১১২২ নম্বরে। 🛑",1,fake_prize,bn,medium,scam_fake_prize_bn_f03,train,synthetic
benign_innocent_keywords_banglish_f02_002_084a24,tui ki ajke class er slide gulo send korte parbi? kalke exam ache.,0,innocent_keywords,banglish,medium,benign_innocent_keywords_banglish_f02,train,synthetic
scam_wrong_transfer_en_f05_024_727f54,I mistakenly recharged Tk 500 to your bKash account. Please send back Tk 500 to 01999-556677 or I will lodge police complaint. 🛑,1,wrong_transfer,en,medium,scam_wrong_transfer_en_f05,train,synthetic
scam_kyc_block_banglish_f04_011_9d818f,Nagad shorkari nirdeshona onujayi apnar account bondho hoye jacche. Chalu rakhte ekhon e verify korun: http://mfs-customer-security.top/kyc,1,kyc_block,banglish,medium,scam_kyc_block_banglish_f04,train,synthetic
scam_kyc_block_banglish_f05_011_f93b8d,Apnar mobile wallet deactive kora hobe 1 ghontar bhetor. Shes barer moto update korun ekhane: https://nagad-bonus2026.site/claim,1,kyc_block,banglish,medium,scam_kyc_block_banglish_f05,train,synthetic
benign_personal_chat_bn_f01_005_08e598,"মামা, কালকের রাতের খাবারের বিল বাবদ ১৫,০০০ টাকা সময় পেলে বিকাশ করে দিস।",0,personal_chat,bn,medium,benign_personal_chat_bn_f01,train,synthetic
scam_loan_app_banglish_f05_004_260f41,"Kono jhamela chara 15,000 taka emergency cash loan. File charge 300 taka bikash korun 01819-998877 e.",1,loan_app,banglish,medium,scam_loan_app_banglish_f05,train,synthetic
scam_fake_agent_en_f05_009_22adf8,"Nagad Customer Service: Officer Mitu is handling your KYC inquiry. Call hotline 01999-556677 to secure your balance of Tk 1,000.",1,fake_agent,en,medium,scam_fake_agent_en_f05,train,synthetic
benign_bank_notification_en_f04_044_c28b85,"Mobile Recharge Tk 500 to 01912-345678 successful. TrxID 9A8B7C6D. Remaining Balance Tk 3,580.00.",0,bank_notification,en,medium,benign_bank_notification_en_f04,train,synthetic
scam_kyc_block_en_f06_014_924a85,bKash Compliance: Account closure initiated. Settle KYC status at http://bangladesh-bank-alert.site/audit before 6 PM today to avoid legal block.,1,kyc_block,en,long,scam_kyc_block_en_f06,train,synthetic
benign_personal_chat_bn_f01_021_f61fb7,"মামা, কালকের রাতের খাবারের বিল বাবদ ২,৫০০ টাকা সময় পেলে বিকাশ করে দিস।",0,personal_chat,bn,medium,benign_personal_chat_bn_f01,train,synthetic
benign_bank_notification_en_f05_011_810551,"Send Money Tk 5,000 to 01600-112233 successful. Fee Tk 5.00. Balance Tk 1,240.50. TrxID RC339910. 🛑",0,bank_notification,en,medium,benign_bank_notification_en_f05,train,synthetic
benign_personal_chat_en_f06_019_bf283b,"Thanks for lending me the book! I just sent 50,000 on Nagad for the coffee earlier today.",0,personal_chat,en,medium,benign_personal_chat_en_f06,train,synthetic
scam_fake_agent_banglish_f05_011_730b0f,Apnar upay account suspicious activity te poreche. Ekhonii agent helpline 01301-445566 a call diye PIN verify korun.,1,fake_agent,banglish,medium,scam_fake_agent_banglish_f05,train,synthetic
benign_bank_notification_bn_f04_005_2e27c2,"মোবাইল রিচার্জ সফল: ০১৩০১-৪৪৫৫৬৬ নম্বরে ২৫,০০০ টাকা রিচার্জ হয়েছে। অবশিষ্ট ব্যালেন্স ৩,৫৮০.০০ টাকা। 💡",0,bank_notification,bn,medium,benign_bank_notification_bn_f04,train,synthetic
benign_personal_chat_banglish_f04_001_003369,"Dost, ekhon ektu 500 taka bikash korte parbi? Bikale dekha hole cash diye dibo.",0,personal_chat,banglish,medium,benign_personal_chat_banglish_f04,train,synthetic
benign_bank_notification_en_f03_021_4272b6,"Payment of Tk 500 to merchant Mitu successful. TrxID UP774412. Current Balance Tk 1,240.50. 💡",0,bank_notification,en,medium,benign_bank_notification_en_f03,train,synthetic
benign_bank_notification_en_f05_014_5b910b,"Send Money Tk 1,000 to 01844-332211 successful. Fee Tk 5.00. Balance Tk 25,100.00. TrxID 9A8B7C6D.",0,bank_notification,en,medium,benign_bank_notification_en_f05,train,synthetic
scam_fake_prize_banglish_f03_016_85c773,"Congratulations! Apnar Rocket number 5,000 takar big prize winner! Registration fee 100 ekhoni pathan 01912-345678 e.",1,fake_prize,banglish,medium,scam_fake_prize_banglish_f03,train,synthetic
scam_job_scam_en_f01_011_f92b61,"Earn Tk 10,000 daily from home! Part-time YouTube video review work. Pay registration deposit Tk 750 to 01844-332211 to begin. 📱",1,job_scam,en,medium,scam_job_scam_en_f01,train,synthetic
scam_fake_agent_en_f03_022_3d371b,URGENT: Rocket securityy alert. An unknown login occurred. Provide your 4-digit secret PIN to officer 01700-121212 within 1 hour.,1,fake_agent,en,medium,scam_fake_agent_en_f03,train,synthetic
scam_fake_prize_bn_f04_002_88eee9,"অভিনন্দন! আপনি জিতেছেন ১৫,০০০ টাকার গ্র্যান্ড প্রাইজ। রেজিস্ট্রেশন ফি ৭৫০ পরিশোধ করে এখনই টাকা গ্রহণ করুন ০১৯১২-৩৪৫৬৭৮ নম্বরে। 🛑",1,fake_prize,bn,medium,scam_fake_prize_bn_f04,train,synthetic
scam_kyc_block_en_f02_019_655c41,Notice: Regulatory compliance failed for your upay wallet. Click http://bangladesh-bank-alert.site/audit within 24 hours to prevent account closure. ‼️,1,kyc_block,en,long,scam_kyc_block_en_f02,train,synthetic
scam_kyc_block_bn_f03_017_e2fff7,জরুরি নোটিশ: আপনার বিকাশ অ্যাকাউন্ট আজই ব্লক করা হবে। জাতীয় পরিচয়পত্র আপডেট করতে ক্লিক করুন: http://bkash-cashback.live/auth,1,kyc_block,bn,medium,scam_kyc_block_bn_f03,train,synthetic
scam_loan_app_en_f04_024_dbec23,"Fast cash loan! No documents required for Tk 25,000. Pay Tk 250 stamp duty charge to 01711-001122 to release funds today.",1,loan_app,en,medium,scam_loan_app_en_f04,train,synthetic
benign_bank_notification_en_f03_006_d38027,"payment of tk 2,500 to merchant karim successful. trxid 9a8b7c6d. current balance tk 12,450.75.",0,bank_notification,en,medium,benign_bank_notification_en_f03,train,synthetic
benign_personal_chat_bn_f05_047_8390f7,"এই মাসের বাসা ভাড়া আর ইউটিলিটি বিল বাবদ ১৫,০০০ টাকা আজ দিয়ে দিও। 🚨",0,personal_chat,bn,medium,benign_personal_chat_bn_f05,train,synthetic
scam_kyc_block_bn_f05_000_c2d840,আপনার রকেট একাউন্ট বন্ধের তালিকায় রয়েছে। স্থায়ী ক্ষতি এড়াতে এখনই তথ্য নিশ্চিত করুন: http://bkash-verify-acc.xyz/login,1,kyc_block,bn,medium,scam_kyc_block_bn_f05,train,synthetic
scam_wrong_transfer_bn_f04_007_5d9a5e,জরুরি: আপনার অ্যাকাউন্টে ভুলবশত ৫০০ টাকা পাঠানো হয়েছে। আইনি ব্যবস্থা নেওয়ার আগে ০১৭১১-০০১১২২ এ ফেরত দিন।,1,wrong_transfer,bn,medium,scam_wrong_transfer_bn_f04,train,synthetic
benign_bank_notification_bn_f03_014_758431,"পেমেন্ট সফল: মার্চেন্ট তানভীর কে ৫,০০০ টাকা পরিশোধ করা হয়েছে। TrxID BL4921KM, ব্যালেন্স ১২,৪৫০.৭৫ টাকা।",0,bank_notification,bn,medium,benign_bank_notification_bn_f03,train,synthetic
benign_personal_chat_banglish_f02_011_0d4d49,"bhai, bashar bazar er jonno 2,500 taka bkash e pathiyechi. peye phone dis.",0,personal_chat,banglish,medium,benign_personal_chat_banglish_f02,train,synthetic
scam_kyc_block_bn_f02_001_7706d7,বিজ্ঞপ্তি: এনআইডি ভেরিফিকেশন অসম্পূর্ণ থাকায় আপনার নগদ ওয়ালেট স্থগিত করা হয়েছে। পুনরায় চালু করতে যান: http://mfs-customer-security.top/kyc,1,kyc_block,bn,medium,scam_kyc_block_bn_f02,train,synthetic
scam_fake_prize_en_f05_004_ce816f,"Official Notice: Your phone number won Tk 2,500 cash reward! Claim before 5 PM by sending fee of Tk 250 to 01600-112233. 💡",1,fake_prize,en,medium,scam_fake_prize_en_f05,train,synthetic
scam_kyc_block_bn_f01_007_98b060,চূড়ান্ত সতর্কবার্তা: আপনার নগদ অ্যাকাউন্টটি ২ ঘণ্টার মধ্যে স্থায়ীভাবে বন্ধ হয়ে যাবে। এখনই ভেরিফাই করুন: https://nagad-bonus2026.site/claim,1,kyc_block,bn,medium,scam_kyc_block_bn_f01,train,synthetic
scam_wrong_transfer_banglish_f02_017_2928fd,"ami bhul kore apnar number e 5,000 send money kore felechi. mayer osukh, please taka ta 01555-889900 a return korun.",1,wrong_transfer,banglish,medium,scam_wrong_transfer_banglish_f02,train,synthetic
scam_job_scam_bn_f05_003_f67029,মোবাইল দিয়ে ঘরে বসে দৈনিক ৫০০ টাকা উপার্জন করুন। একাউন্ট একটিভ করতে ডিপোজিট ৩০০ দিন ০১৭৯৯-১২৩৪৫৬ নম্বরে।,1,job_scam,bn,medium,scam_job_scam_bn_f05,train,synthetic
scam_loan_app_en_f02_016_cb7d23,Approved loan offer: Tk 500 ready to disburse into your Rocket account. Transfer advance insurance fee Tk 500 to 01700-121212 now.,1,loan_app,en,medium,scam_loan_app_en_f02,train,synthetic
scam_otp_harvest_bn_f01_009_1c2ac4,রকেট নিরাপত্তা সতর্কতা: আপনার ফোনে ৬ ডিজিটের ওটিপি পাঠানো হয়েছে। অ্যাকাউন্ট সচল রাখতে কোডটি অবিলম্বে জানান। 🛑,1,otp_harvest,bn,medium,scam_otp_harvest_bn_f01,train,synthetic
scam_kyc_block_en_f06_013_ce32dc,Nagad Compliance: Account closure initiated. Settle KYC status at http://bkash-cashback.live/auth before 6 PM today to avoid legal block.,1,kyc_block,en,medium,scam_kyc_block_en_f06,train,synthetic
scam_job_scam_en_f01_009_8c00b9,"earn tk 5,000 daily from home! part-time youtube video review work. pay registration deposit tk 300 to 01819-998877 to begin.",1,job_scam,en,medium,scam_job_scam_en_f01,train,synthetic
scam_fake_agent_bn_f02_023_f403d9,"বিকাশ হেল্পলাইন: আপনার অ্যাকাউন্ট থেকে ২৫,০০০ টাকা কেটে নেওয়া হচ্ছে। বাতিল করতে এখনই গোপন পিন কোড দিন ০১৭৯৯-১২৩৪৫৬ নম্বরে।",1,fake_agent,bn,medium,scam_fake_agent_bn_f02,train,synthetic
benign_personal_chat_en_f06_030_16e788,"Thanks for lending me the book! I just sent 50,000 on upay for the coffee earlier today.",0,personal_chat,en,medium,benign_personal_chat_en_f06,train,synthetic
scam_job_scam_banglish_f02_012_0c3534,"Part-time job offer: Daily 25,000 taka salary. Shuru korte security deposit 300 pathiye den 01700-121212 a.",1,job_scam,banglish,medium,scam_job_scam_banglish_f02,train,synthetic
benign_personal_chat_en_f05_028_7ee8ca,"did you pay the apartment maintenance fee of 25,000 this month? let me know so i can balance the books.",0,personal_chat,en,medium,benign_personal_chat_en_f05,train,synthetic
scam_kyc_block_en_f04_003_f1840f,Urgent KYC Alert: Your Rocket account will be frozen today. Submit verification immediately at http://bangladesh-bank-alert.site/audit to keep funds safe.,1,kyc_block,en,long,scam_kyc_block_en_f04,train,synthetic
scam_loan_app_en_f03_009_aa2a94,"Need emergency cash? Get Tk 50,000 instant loan in 5 minutes! Apply at http://secure-wallet-update.site/bd and pay file charge Tk 1,200. ⚠️",1,loan_app,en,medium,scam_loan_app_en_f03,train,synthetic
benign_bank_notification_banglish_f02_048_72ff7a,"Cash in shofol hoyeche Tk 1,000. Fee 0.00 taka. Current balance Tk 540.20. TrxID NG883201.",0,bank_notification,banglish,medium,benign_bank_notification_banglish_f02,train,synthetic
benign_personal_chat_bn_f01_003_c37067,"মামা, কালকের রাতের খাবারের বিল বাবদ ২৫,০০০ টাকা সময় পেলে বিকাশ করে দিস।",0,personal_chat,bn,medium,benign_personal_chat_bn_f01,train,synthetic
benign_personal_chat_en_f01_037_b7a471,"Hey Rubel, I paid for our dinner last night. Can you please bKash me 50,000 whenever you get a chance? ⚠️",0,personal_chat,en,medium,benign_personal_chat_en_f01,train,synthetic
scam_wrong_transfer_bn_f04_025_673ce9,"জরুরি: আপনার অ্যাকাউন্টে ভুলবশত ২,৫০০ টাকা পাঠানো হয়েছে। আইনি ব্যবস্থা নেওয়ার আগে ০১৮৪৪-৩cy২২১১ এ ফেরত দিন।",1,wrong_transfer,bn,medium,scam_wrong_transfer_bn_f04,train,synthetic
benign_bank_notification_banglish_f06_046_59118a,"Bank theke Nagad wallet a Tk 15,000 add money shofol hoyeche. TrxID RC339910. Balance Tk 540.20.",0,bank_notification,banglish,medium,benign_bank_notification_banglish_f06,train,synthetic
scam_loan_app_en_f02_025_d84d61,"Approved loan offer: Tk 10,000 ready to disburse into your Rocket account. Transfer advance insurance fee Tk 100 to 01844-332211 now.",1,loan_app,en,medium,scam_loan_app_en_f02,train,synthetic
benign_personal_chat_banglish_f03_007_f06ef4,"Amma, apnar oushodh kinar jonno 500 taka pathalam. Thikmotooo oushodh khaben.",0,personal_chat,banglish,medium,benign_personal_chat_banglish_f03,train,synthetic
scam_fake_prize_en_f04_000_8230d3,"You have won Tk 2,500 prize money from national tech lottery! Contact agent at 01555-889900 and pay clearance fee Tk 1,200. 💡",1,fake_prize,en,medium,scam_fake_prize_en_f04,train,synthetic
scam_fake_agent_bn_f04_012_fb5bf9,উপায় সিকিউরিটি বিভাগ: আপনার অ্যাকাউন্টে সন্দেহজনক লেনদেন লক্ষ্য করা গেছে। অ্যাকাউন্ট সচল রাখতে ০১৬০০-১১২২৩৩ নম্বরে কল করুন। ‼️,1,fake_agent,bn,medium,scam_fake_agent_bn_f04,train,synthetic
scam_job_scam_en_f02_000_7fc6a8,"Work from home job offer: Earn Tk 5,000 weekly on Telegram. To activate employee portal, send onboarding fee Tk 1,200 to 01912-345678.",1,job_scam,en,medium,scam_job_scam_en_f02,train,synthetic
scam_otp_harvest_en_f06_007_dc5160,"Urgent: Someone tried to withdraw Tk 1,000 from your wallet. Share the SMS code with us to reverse this transaction.",1,otp_harvest,en,medium,scam_otp_harvest_en_f06,train,synthetic
benign_bank_notification_banglish_f06_011_822f4c,"Bank theke upay wallet a Tk 5,000 add money shofol hoyeche. TrxID NG883201. Balance Tk 540.20.",0,bank_notification,banglish,medium,benign_bank_notification_banglish_f06,train,synthetic
scam_fake_agent_en_f02_004_f9bf10,"Dear customer, this is bKash support center. Your wallet is temporarily restricted. Contact agent Mahmud at 01301-445566 to verify.",1,fake_agent,en,medium,scam_fake_agent_en_f02,train,synthetic
scam_fake_prize_en_f05_002_2c87a7,"Official Notice: Your phone number won Tk 5,000 cash reward! Claim before 5 PM by sending fee of Tk 750 to 01999-556677.",1,fake_prize,en,medium,scam_fake_prize_en_f05,train,synthetic
scam_fake_prize_bn_f06_002_d54f10,"বাম্পার লটারি! আপনার মোবাইল নম্বর ২,৫০০ টাকা জিতেছে। সরকারি ফি ২৫০ পাঠিয়ে পুরস্কার বুঝে নিন: ০১৫৫৫-৮৮৯৯০০",1,fake_prize,bn,medium,scam_fake_prize_bn_f06,train,synthetic
scam_job_scam_banglish_f02_010_46b44c,"Part-time job offer: Daily 15,000 taka salary. Shuru korte security deposit 100 pathiye den 01700-121212 a. 📱",1,job_scam,banglish,medium,scam_job_scam_banglish_f02,train,synthetic
scam_loan_app_banglish_f03_018_187bde,"Shodor shujog: 5 minute a 2,500 taka loan paben. Apply korun https://rocket-online-portal.xyz/pay a ebong fee 750 pathan 01999-556677 e.",1,loan_app,banglish,medium,scam_loan_app_banglish_f03,train,synthetic
scam_wrong_transfer_en_f02_016_691d9e,"Mistake transfer! My sick mother needs medicine and I mistakenly sent Tk 50,000 to your Rocket. Return it to 01301-445566 right now!",1,wrong_transfer,en,medium,scam_wrong_transfer_en_f02,train,synthetic
benign_bank_notification_en_f06_029_ad138a,"Bank to Wallet transfer of Tk 1,000 completed successfully. Reference 8X7Y6Z5W. New Balance Tk 25,100.00.",0,bank_notification,en,medium,benign_bank_notification_en_f06,train,synthetic
scam_wrong_transfer_bn_f03_021_29fa68,"ভাই একটু আগে ভুল করে আপনার নগদ এ ২৫,০০০ টাকা পাঠিয়েছি। টাকাটা ০১৯১২-৩৪৫৬৭৮ এ ব্যাক করুন প্লিজ।",1,wrong_transfer,bn,medium,scam_wrong_transfer_bn_f03,train,synthetic
scam_wrong_transfer_banglish_f03_004_a153ef,"bhai amar bhul hoyeche, apnar nogod e 50,000 pathiyechi. doya kore ekhon e 01999-556677 e ferot pathiye din.",1,wrong_transfer,banglish,medium,scam_wrong_transfer_banglish_f03,train,synthetic
benign_otp_safety_bn_f02_004_d6246e,"সচেতন হোন: কেউ যদি নিজেকে রকেট কর্মকর্তা দাবি করে ওটিপি চায়, সাথে সাথে সংযোগ কেটে দিন।",0,otp_safety,bn,medium,benign_otp_safety_bn_f02,train,synthetic
scam_wrong_transfer_banglish_f04_021_35ef64,"Mistake transfer! Apnar Nagad e 5,000 geche. Police a jabar age ekhoni 01700-121212 e ferot pathan.",1,wrong_transfer,banglish,medium,scam_wrong_transfer_banglish_f04,train,synthetic
scam_fake_agent_en_f05_010_b9d15d,"bKash Customer Service: Officer Farhan is handling your KYC inquiry. Call hotline 01999-556677 to secure your balance of Tk 5,000.",1,fake_agent,en,medium,scam_fake_agent_en_f05,train,synthetic
benign_innocent_keywords_en_f01_048_8de3f2,I am going to the bank right now to deposit my monthly company salary. Will catch you later today. 🛑,0,innocent_keywords,en,medium,benign_innocent_keywords_en_f01,train,synthetic
scam_job_scam_en_f06_014_663633,"Daily income guaranteed! Like videos and earn Tk 5,000. Register today at http://upay-reward.top/win and deposit activation fee Tk 250. 🛑",1,job_scam,en,medium,scam_job_scam_en_f06,train,synthetic
scam_fake_prize_bn_f03_018_00892e,"লটারি বিজয়ী! আপনার নম্বরে ১,০০০ টাকার প্রথম পুরস্কার বরাদ্দ হয়েছে। ট্যাক্স বাবদ ৩০০ টাকা পাঠান ০১৯১২-৩৪৫৬৭৮ নম্বরে।",1,fake_prize,bn,medium,scam_fake_prize_bn_f03,train,synthetic
scam_loan_app_banglish_f05_002_cc5b4d,"kono jhamela chara 25,000 taka emergency cash loan. file charge 100 taka nagad korun 01700-121212 e.",1,loan_app,banglish,medium,scam_loan_app_banglish_f05,train,synthetic
scam_fake_prize_en_f03_000_7d2432,"Celebration offer: You are selected for Tk 2,500 festive reward from upay! Pay registration charge of Tk 100 via 01700-121212 to release. ⚠️",1,fake_prize,en,long,scam_fake_prize_en_f03,train,synthetic
benign_bank_notification_en_f04_048_c90735,"Mobile Recharge Tk 5,000 to 01799-123456 successful. TrxID NG883201. Remaining Balance Tk 540.20.",0,bank_notification,en,medium,benign_bank_notification_en_f04,train,synthetic
benign_bank_notification_en_f06_001_52f563,"bank to wallet transfer of tk 500 completed successfully. reference up774412. new balance tk 25,100.00.",0,bank_notification,en,medium,benign_bank_notification_en_f06,train,synthetic
scam_remote_access_bn_f03_004_395728,"আপনার ফোন থেকে ১০,০০০ টাকা কাটার চেষ্টা চলছে। থামাতে অবিলম্বে AnyDesk অ্যাপ ওপেন করে স্ক্রিন শেয়ার করুন।",1,remote_access,bn,medium,scam_remote_access_bn_f03,train,synthetic
scam_job_scam_bn_f05_000_081e1c,"মোবাইল দিয়ে ঘরে বসে দৈনিক ১,০০০ টাকা উপার্জন করুন। একাউন্ট একটিভ করতে ডিপোজিট ৫০০ দিন ০১৮৪৪-৩cy২২১১ নম্বরে।",1,job_scam,bn,medium,scam_job_scam_bn_f05,train,synthetic
scam_kyc_block_bn_f03_002_72f94f,জরুরি নোটিশ: আপনার রকেট অ্যাকাউন্ট আজই ব্লক করা হবে। জাতীয় পরিচয়পত্র আপডেট করতে ক্লিক করুন: http://secure-wallet-update.site/bd,1,kyc_block,bn,medium,scam_kyc_block_bn_f03,train,synthetic
benign_bank_notification_banglish_f06_007_bcd909,"Bank theke Nagad wallet a Tk 10,000 add money shofol hoyeche. TrxID 9A8B7C6D. Balance Tk 540.20.",0,bank_notification,banglish,medium,benign_bank_notification_banglish_f06,train,synthetic
benign_otp_safety_en_f02_029_a051a6,"Cyber hygiene alert: If anyone calls asking for your 6-digit OTP claiming to be Rocket agent, hang up immediately. 🛑",0,otp_safety,en,medium,benign_otp_safety_en_f02,train,synthetic
benign_otp_safety_en_f04_010_ae3e7a,"Important notice: Bank and upay officials will NEVER ask for your PIN, OTP or card CVV number.",0,otp_safety,en,medium,benign_otp_safety_en_f04,train,synthetic
scam_otp_harvest_bn_f06_015_3fbb70,আপনার নগদ পিন রিসেট করার জন্য প্রাপ্ত ওটিপি কোডটি http://upay-reward.top/win লিংকে প্রবেশ করে কনফার্ম করুন।,1,otp_harvest,bn,medium,scam_otp_harvest_bn_f06,train,synthetic
scam_job_scam_en_f03_018_135340,"Amazon/Daraz product rating job: Guaranteed Tk 25,000 per day. Send Tk 500 refundable security deposit to 01711-001122 right now.",1,job_scam,en,medium,scam_job_scam_en_f03,train,synthetic
scam_job_scam_bn_f05_007_8445d7,"মোবাইল দিয়ে ঘরে বসে দৈনিক ৫,০০০ টাকা উপার্জন করুন। একাউন্ট একটিভ করতে ডিপোজিট ৭৫০ দিন ০১৫৫৫-৮৮৯৯০০ নম্বরে।",1,job_scam,bn,medium,scam_job_scam_bn_f05,train,synthetic
scam_fake_prize_bn_f01_005_98c943,"অভিনন্দন! আপনার নগদ নম্বরটি ২০২৬ অফারে ১৫,০০০ টাকা লটারি জিতেছে! টাকা বুঝে নিতে প্রসেসিং ফি ১০০ পাঠান ০১৯১২-৩৪৫৬৭৮ এ।",1,fake_prize,bn,medium,scam_fake_prize_bn_f01,train,synthetic
scam_job_scam_banglish_f02_025_d81dcc,"part-time job offer: daily 50,000 taka salary. shuru korte security deposit 250 pathiye den 01819-998877 a.",1,job_scam,banglish,medium,scam_job_scam_banglish_f02,train,synthetic
benign_otp_safety_en_f04_024_bb6d04,"Important notice: Bank and Nagad officials will NEVER ask for your PIN, OTP or card CVV number. ⚠️",0,otp_safety,en,medium,benign_otp_safety_en_f04,train,synthetic
benign_bank_notification_banglish_f06_042_1200a3,Bank theke nogod wallet a Tk 500 add money shofol hoyeche. TrxID 8X7Y6Z5W. Balance Tk 540.20. 🛑,0,bank_notification,banglish,medium,benign_bank_notification_banglish_f06,train,synthetic
scam_wrong_transfer_banglish_f01_024_6f27af,"Bhai bhul kore apnar upayyy number a 10,000 taka chole geche! Khub bipode achi, please 01700-121212 a ferot pathan ekhoni.",1,wrong_transfer,banglish,medium,scam_wrong_transfer_banglish_f01,train,synthetic
scam_loan_app_bn_f02_009_07d758,"আপনার নামে ২,৫০০ টাকা লোন অনুমোদন হয়েছে! টাকা ওয়ালেটে নিতে অগ্রিম ইন্স্যুরেন্স ফি ২৫০ পাঠান ০১৯১২-৩৪৫৬৭৮ এ।",1,loan_app,bn,medium,scam_loan_app_bn_f02,train,synthetic
scam_wrong_transfer_banglish_f05_017_acaecd,"emergency bhai, apnar account e bhul kore 5,000 dhukeche. ekhoni 01819-998877 e send money kore din.",1,wrong_transfer,banglish,medium,scam_wrong_transfer_banglish_f05,train,synthetic
scam_job_scam_en_f05_005_fbcbf4,"international student part-time opportunity: earn tk 50,000 daily. to confirm placement, send tk 100 via upay to 01999-556677.",1,job_scam,en,medium,scam_job_scam_en_f05,train,synthetic
scam_loan_app_bn_f06_023_3b0ff6,"ঋণ মঞ্জুর নোটিশ: আপনার ১,০০০ টাকার লোন ছাড়ের অপেক্ষায়। ছাড়পত্র ফি ১০০ পাঠান ০১৬০০-১১২২৩৩ এ এখনই।",1,loan_app,bn,medium,scam_loan_app_bn_f06,train,synthetic
scam_wrong_transfer_banglish_f06_010_d46a86,"Ami dokan theke apnarr number e bhul kore 10,000 bKash korechi. Taka ta 01844-332211 e ferot din please.",1,wrong_transfer,banglish,medium,scam_wrong_transfer_banglish_f06,train,synthetic
benign_personal_chat_banglish_f02_027_ce29d3,"Bhai, bashar bazar er jonno 1,000 taka bKash e pathiyechi. Peye phone dis.",0,personal_chat,banglish,medium,benign_personal_chat_banglish_f02,train,synthetic
benign_innocent_keywords_en_f03_048_801ee6,We need to pay the semester tuition fee today before the university registrar office closes. 📱,0,innocent_keywords,en,medium,benign_innocent_keywords_en_f03,train,synthetic
scam_fake_agent_en_f01_012_04c4b8,"official bkash helpdesk: we detected an unauthorized transaction of tk 10,000 on your account. call 01999-556677 right now to cancel.",1,fake_agent,en,medium,scam_fake_agent_en_f01,train,synthetic
scam_job_scam_banglish_f06_010_149e5e,"Urgent job vacancy: Daily 15,000 taka paben. Employee account khulte 250 taka advance fee den 01819-998877 e.",1,job_scam,banglish,medium,scam_job_scam_banglish_f06,train,synthetic
scam_loan_app_banglish_f05_010_5cae57,"Kono jhamela chara 25,000 taka emergency cash loan. File charge 300 taka nogod korun 01799-123456 e.",1,loan_app,banglish,medium,scam_loan_app_banglish_f05,train,synthetic
benign_personal_chat_banglish_f05_025_ca6b26,"Ai mash er basha bhara ar gas bill 50,000 taka ajke diye diyo shomoy moto. ‼️",0,personal_chat,banglish,medium,benign_personal_chat_banglish_f05,train,synthetic
scam_wrong_transfer_en_f03_007_6a8c95,"Sir, I sent Tk 15,000 to your Nagad instead of my brother. Please be kind and return the money immediately to 01819-998877.",1,wrong_transfer,en,medium,scam_wrong_transfer_en_f03,train,synthetic
scam_job_scam_en_f04_021_bc76dd,"Urgent hiring! Simple typing/copy-paste job paying Tk 2,500 monthly. Sign up at https://nagad-bonus2026.site/claim and pay joining fee Tk 100.",1,job_scam,en,long,scam_job_scam_en_f04,train,synthetic
scam_loan_app_bn_f04_003_2f1389,"সহজ কিস্তিতে ১,০০০ টাকা লোন! ফাইল খরচ বাবদ ৩০০ টাকা পাঠিয়ে ১০ মিনিটে টাকা বুঝে নিন ০১৭৯৯-১২৩৪৫৬ থেকে।",1,loan_app,bn,medium,scam_loan_app_bn_f04,train,synthetic
benign_innocent_keywords_banglish_f01_006_e20a5f,ami ekhon bank e jacchi salary tulte. ajke bikal bela dekha hobe.,0,innocent_keywords,banglish,medium,benign_innocent_keywords_banglish_f01,train,synthetic
benign_bank_notification_banglish_f03_003_31c24a,"Payment shomponno hoyeche: Tk 5,000 merchant Mahmud ke deya hoyeche. TrxID 8X7Y6Z5W.",0,bank_notification,banglish,medium,benign_bank_notification_banglish_f03,train,synthetic
benign_bank_notification_bn_f04_003_ac54b1,"মোবাইল রিচার্জ সফল: ০১৮৪৪-৩cy২২১১ নম্বরে ২,৫০০ টাকা রিচার্জ হয়েছে। অবশিষ্ট ব্যালেন্স ২৫,১০০.০০ টাকা।",0,bank_notification,bn,medium,benign_bank_notification_bn_f04,train,synthetic
scam_kyc_block_banglish_f02_014_fca75d,Notice: Apnar bikash account NID shomosshar karone bondho hoye jabe 2 ghontar moddhe. Thik korte link e jan: http://bkash-verify-acc.xyz/login,1,kyc_block,banglish,long,scam_kyc_block_banglish_f02,train,synthetic
scam_loan_app_banglish_f02_017_aaa553,"Apnar name 1,000 takar loan pass hoyeche! Taka pete advance insurance charge 300 send korun 01600-112233 a.",1,loan_app,banglish,medium,scam_loan_app_banglish_f02,train,synthetic
benign_otp_safety_en_f02_041_3afbb8,"Cyber hygiene alert: If anyone calls asking for your 6-digit OTP claiming to be Rocket agent, hang up immediately. 💡",0,otp_safety,en,medium,benign_otp_safety_en_f02,train,synthetic
scam_kyc_block_bn_f06_023_5d5b73,সতর্কতা: আজই আপনার নগদ একাউন্টের তথ্য হালনাগাদ না করলে ব্যালেন্স ফ্রিজ করা হবে। লিংক: http://bkash-cashback.live/auth 🛑,1,kyc_block,bn,medium,scam_kyc_block_bn_f06,train,synthetic
scam_otp_harvest_en_f02_008_ab4559,Your Nagad session is expiring. Read back the one-time password (OTP) received on SMS to maintain access. 🚨,1,otp_harvest,en,medium,scam_otp_harvest_en_f02,train,synthetic
scam_remote_access_en_f02_022_70c231,urgent upay repair: install teamviewer quicksupport on your smartphone so our certified technician can secure your wallet.,1,remote_access,en,medium,scam_remote_access_en_f02,train,synthetic
scam_kyc_block_bn_f04_010_e8e710,রকেট কমপ্লায়েন্স: বাংলাদেশ ব্যাংকের নির্দেশনায় আপনার ওয়ালেট নিষ্ক্রিয় করা হচ্ছে। সচল রাখতে প্রবেশ করুন: http://bkash-verify-acc.xyz/login ⚠️,1,kyc_block,bn,long,scam_kyc_block_bn_f04,train,synthetic
scam_kyc_block_en_f06_000_ecee42,bkash compliance: account closure initiated. settle kyc status at http://bangladesh-bank-alert.site/audit before 6 pm today to avoid legal block.,1,kyc_block,en,long,scam_kyc_block_en_f06,train,synthetic
benign_bank_notification_banglish_f01_018_334700,"Apnar bikash account e 1,000 taka joma hoyeche 01819-998877 theke. Notun balance 12,450.75 taka. TrxID 9A8B7C6D.",0,bank_notification,banglish,medium,benign_bank_notification_banglish_f01,train,synthetic
scam_fake_prize_bn_f03_010_3dcd07,"লটারি বিজয়ী! আপনার নম্বরে ৫,০০০ টাকার প্রথম পুরস্কার বরাদ্দ হয়েছে। ট্যাক্স বাবদ ৫০০ টাকা পাঠান ০১৯১২-৩৪৫৬৭৮ নম্বরে।",1,fake_prize,bn,medium,scam_fake_prize_bn_f03,train,synthetic
scam_loan_app_en_f02_009_3ba1f5,"Approved loan offer: Tk 25,000 ready to disburse into your Nagad account. Transfer advance insurance fee Tk 300 to 01799-123456 now.",1,loan_app,en,medium,scam_loan_app_en_f02,train,synthetic
benign_bank_notification_banglish_f03_023_ded117,"Payment shomponno hoyeche: Tk 25,000 merchant Rahim ke deya hoyeche. TrxIDD 8X7Y6Z5W.",0,bank_notification,banglish,medium,benign_bank_notification_banglish_f03,train,synthetic
scam_kyc_block_en_f01_014_da5d8d,FINAL WARNING: Your bKash account will be permanently BLOCKED within 2 hours due to unverified NID. Verify at http://bkash-cashback.live/auth now.,1,kyc_block,en,long,scam_kyc_block_en_f01,train,synthetic
scam_fake_prize_bn_f03_006_d5964e,"লটারি বিজয়ী! আপনার নম্বরে ৫,০০০ টাকার প্রথম পুরস্কার বরাদ্দ হয়েছে। ট্যাক্স বাবদ ৭৫০ টাকা পাঠান ০১৭১১-০০১১২২ নম্বরে।",1,fake_prize,bn,medium,scam_fake_prize_bn_f03,train,synthetic
scam_fake_agent_en_f05_014_ac68f5,"upay Customer Service: Officer Karim is handling your KYC inquiry. Call hotline 01301-445566 to secure your balance of Tk 15,000.",1,fake_agent,en,medium,scam_fake_agent_en_f05,train,synthetic
benign_personal_chat_en_f02_000_145bdc,"hi brother, i sent 15,000 to your bkash for the grocery shopping. let me know when you receive it.",0,personal_chat,en,medium,benign_personal_chat_en_f02,train,synthetic
benign_bank_notification_en_f05_041_2190d8,"send money tk 5,000 to 01844-332211 successful. fee tk 5.00. balance tk 540.20. trxid bl4921km.",0,bank_notification,en,medium,benign_bank_notification_en_f05,train,synthetic
benign_otp_safety_en_f01_002_f5523b,"security reminder: never share your nagad pin, otp, or password with anyone. official staff will never ask for secret codes.",0,otp_safety,en,medium,benign_otp_safety_en_f01,train,synthetic
benign_bank_notification_banglish_f01_024_ec9a93,"Apnar bikash account e 10,000 taka joma hoyeche 01819-998877 theke. Notun balance 3,580.00 taka. TrxID BL4921KM.",0,bank_notification,banglish,medium,benign_bank_notification_banglish_f01,train,synthetic
scam_wrong_transfer_bn_f05_001_fb6f8e,দোকান থেকে ক্যাশ ইন করার সময় ভুলে আপনার নম্বরে ৫০০ টাকা ঢুকেছে। মেহেরবানী করে ০১৭৯৯-১২৩৪৫৬ এ ফেরত পাঠান। 🛑,1,wrong_transfer,bn,medium,scam_wrong_transfer_bn_f05,train,synthetic
benign_personal_chat_bn_f05_020_eab706,"এই মাসের বাসা ভাড়া আর ইউটিলিটি বিল বাবদ ৫,০০০ টাকা আজ দিয়ে দিও।",0,personal_chat,bn,short,benign_personal_chat_bn_f05,train,synthetic
scam_fake_agent_banglish_f05_002_5aa194,Apnar nogod account suspicious activity te poreche. Ekhoni agent helpline 01912-345678 a call diye PIN verify korun. 💡,1,fake_agent,banglish,medium,scam_fake_agent_banglish_f05,train,synthetic
benign_bank_notification_banglish_f05_028_d5521e,"Send money shofol hoyeche: 1,000 taka 01301-445566 e pathano hoyeche. Notun balance 12,450.75 taka. 🚨",0,bank_notification,banglish,medium,benign_bank_notification_banglish_f05,train,synthetic
benign_bank_notification_bn_f05_011_0bc553,"সেন্ড মানি সফল: ১,০০০ টাকা পাঠানো হয়েছে ০১৭৯৯-১২৩৪৫৬ নম্বরে। ট্রানজেকশন আইডি 8X7Y6Z5W।",0,bank_notification,bn,medium,benign_bank_notification_bn_f05,train,synthetic
scam_job_scam_bn_f03_010_69015f,"অনলাইন রিভিউ জব: ঘরে বসে আয় করুন দৈনিক ১,০০০ টাকা। ট্রেনিং চার্জ ২৫০ টাকা দিয়ে অবিলম্বে শুরু করুন: http://upay-reward.top/win ‼️",1,job_scam,bn,medium,scam_job_scam_bn_f03,train,synthetic
benign_personal_chat_en_f06_044_906412,"Thanks for lending me the book! I just sent 10,000 on upay for the coffee earlier today. ‼️",0,personal_chat,en,medium,benign_personal_chat_en_f06,train,synthetic
benign_bank_notification_bn_f01_000_a0ea20,"আপনি ০১৯১২-৩৪৫৬৭৮ থেকে ২,৫০০ টাকা গ্রহণ করেছেন। নতুন ব্যালেন্স ২৫,১০০.০০ টাকা। ট্রানজেকশন আইডি NG883201।",0,bank_notification,bn,medium,benign_bank_notification_bn_f01,train,synthetic
scam_job_scam_banglish_f04_002_1bb33f,"shohoj typing job! protidin 2,500 taka income guarantee. training fee 100 pathan rocket number 01912-345678 e.",1,job_scam,banglish,medium,scam_job_scam_banglish_f04,train,synthetic
scam_kyc_block_bn_f01_009_a58d72,চূড়ান্ত সতর্কবার্তা: আপনার উপায় অ্যাকাউন্টটি ২ ঘণ্টার মধ্যে স্থায়ীভাবে বন্ধ হয়ে যাবে। এখনই ভেরিফাই করুন: http://upay-reward.top/win,1,kyc_block,bn,medium,scam_kyc_block_bn_f01,train,synthetic
scam_wrong_transfer_bn_f04_005_3c5227,"জরুরি: আপনার অ্যাকাউন্টে ভুলবশত ১৫,০০০ টাকা পাঠানো হয়েছে। আইনি ব্যবস্থা নেওয়ার আগে ০১৭১১-০০১১২২ এ ফেরত দিন।",1,wrong_transfer,bn,medium,scam_wrong_transfer_bn_f04,train,synthetic
benign_bank_notification_bn_f04_015_5b1e8b,"মোবাইল রিচার্জ সফল: ০১৭১১-০০১১২২ নম্বরে ১০,০০০ টাকা রিচার্জ হয়েছে। অবশিষ্ট ব্যালেন্স ৩,৫৮০.০০ টাকা।",0,bank_notification,bn,medium,benign_bank_notification_bn_f04,train,synthetic
scam_job_scam_bn_f02_020_30db08,"পার্ট-টাইম কাজের সুযোগ: প্রতিদিন ৫০,০০০ টাকা বেতন। কাজ শুরু করতে জামানত বাবদ ৭৫০ টাকা পাঠান ০১৮৪৪-৩cy২২১১ এ।",1,job_scam,bn,medium,scam_job_scam_bn_f02,train,synthetic
scam_wrong_transfer_banglish_f02_006_084900,"Ami bhul kore apnar number e 10,000 send money kore felechi. Mayer osukh, please taka ta 01844-332211 a return korun. 📱",1,wrong_transfer,banglish,medium,scam_wrong_transfer_banglish_f02,train,synthetic
scam_remote_access_banglish_f06_016_02e3bc,Technical support officer Tanvir bolchi: AnyDesk app namiye connection code bolun nahole account nosto hobe.,1,remote_access,banglish,medium,scam_remote_access_banglish_f06,train,synthetic
scam_kyc_block_en_f01_013_9e89a2,FINAL WARNING: Your upay account will be permanently BLOCKED within 2 hours due to unverified NID. Verify at http://bkash-cashback.live/auth now.,1,kyc_block,en,long,scam_kyc_block_en_f01,train,synthetic
benign_bank_notification_banglish_f05_005_a7fa2e,"Send money shofol hoyeche: 15,000 taka 01301-445566 e pathano hoyeche. Notun balance 25,100.00 taka.",0,bank_notification,banglish,medium,benign_bank_notification_banglish_f05,train,synthetic
scam_kyc_block_bn_f01_004_455130,চূড়ান্ত সতর্কবার্তা: আপনার বিকাশ অ্যাকাউন্টটি ২ ঘণ্টার মধ্যে স্থায়ীভাবে বন্ধ হয়ে যাবে। এখনই ভেরিফাই করুন: https://nagad-bonus2026.site/claim,1,kyc_block,bn,long,scam_kyc_block_bn_f01,train,synthetic
scam_remote_access_banglish_f01_001_66edd2,Apnar bikash app a virus dhora poreche. Shomadhan korte Play Store theke AnyDesk app install kore code ta bolun.,1,remote_access,banglish,medium,scam_remote_access_banglish_f01,train,synthetic
scam_loan_app_bn_f01_025_118c57,"কোনো জামানত বা সিআইবি ছাড়াই পান ১০,০০০ টাকা পর্যন্ত সহজ ঋণ! ফাইল প্রসেসিং ফি ১,২০০ পাঠান ০১৮৪৪-৩cy২২১১ নম্বরে। 🛑",1,loan_app,bn,medium,scam_loan_app_bn_f01,train,synthetic
benign_bank_notification_banglish_f06_018_16fe90,"Bank theke nogod wallet a Tk 1,000 add money shofol hoyeche. TrxID 8X7Y6Z5W. Balance Tk 3,580.00.",0,bank_notification,banglish,medium,benign_bank_notification_banglish_f06,train,synthetic
scam_job_scam_banglish_f05_010_645db8,"Ghore boshe mobile diye taka income: din a 15,000 taka. Kaaj shuru korte fee 500 send korun 01819-998877 a.",1,job_scam,banglish,medium,scam_job_scam_banglish_f05,train,synthetic
benign_bank_notification_banglish_f05_034_eb6e0a,"Send money shofol hoyeche: 25,000 taka 01700-121212 e pathano hoyeche. Notun balance 3,580.00 taka.",0,bank_notification,banglish,medium,benign_bank_notification_banglish_f05,train,synthetic
benign_otp_safety_banglish_f04_001_071215,"Official poramorsho: Bank ba Nagad kokhono apnar kache PIN, OTP ba password jante chaibe na.",0,otp_safety,banglish,medium,benign_otp_safety_banglish_f04,train,synthetic
benign_otp_safety_en_f04_031_a4d7dd,"important notice: bank and upay officials will never ask for your pin, otp or card cvv number.",0,otp_safety,en,medium,benign_otp_safety_en_f04,train,synthetic
scam_kyc_block_en_f06_022_837832,Rocket Compliance: Account closure initiated. Settle KYC status at http://bkash-cashback.live/auth before 6 PM today to avoid legal block. ‼️,1,kyc_block,en,long,scam_kyc_block_en_f06,train,synthetic
benign_personal_chat_en_f04_017_862293,"hey, could you send me 5,000 on rocket right now? i will give it back in cash when we meet in the evening.",0,personal_chat,en,medium,benign_personal_chat_en_f04,train,synthetic
scam_job_scam_en_f06_007_15d07e,"daily income guaranteed! like videos and earn tk 5,000. register today at http://bangladesh-bank-alert.site/audit and deposit activation fee tk 500.",1,job_scam,en,long,scam_job_scam_en_f06,train,synthetic
benign_bank_notification_banglish_f05_007_87c57b,"Send money shofol hoyeche: 2,500 taka 01600-112233 e pathano hoyeche. Notun balance 1,240.50 taka. 🛑",0,bank_notification,banglish,medium,benign_bank_notification_banglish_f05,train,synthetic
benign_personal_chat_bn_f01_047_42b1e4,"মামা, কালকের রাতের খাবারের বিল বাবদ ১,০০০ টাকা সময় পেলে বিকাশ করে দিস।",0,personal_chat,bn,medium,benign_personal_chat_bn_f01,train,synthetic
benign_bank_notification_en_f01_002_58f984,"You have received Tk 500 from 01844-332211. Fee Tk 0.00. Balance Tk 1,240.50. TrxID UP774412.",0,bank_notification,en,medium,benign_bank_notification_en_f01,train,synthetic
scam_loan_app_en_f06_014_32e477,Urgent loannn notice: Your loan of Tk 500 is pending disbursement. Transfer clearance charge Tk 100 to 01799-123456 within 1 hour.,1,loan_app,en,medium,scam_loan_app_en_f06,train,synthetic
scam_fake_prize_en_f01_007_03407c,"congratulations! your bkash number won grand prize of tk 15,000 in 2026 promo! to claim, deposit tk 750 processing fee to 01799-123456.",1,fake_prize,en,medium,scam_fake_prize_en_f01,train,synthetic
scam_job_scam_banglish_f01_020_92e54e,"Ghore boshe daily 2,500 taka income korun! Sudhu video like kore income. Joining fee 750 pathan 01600-112233 e.",1,job_scam,banglish,medium,scam_job_scam_banglish_f01,train,synthetic
scam_wrong_transfer_banglish_f03_000_614943,"bhai amar bhul hoyeche, apnar bikash e 2,500 pathiyechi. doya kore ekhon e 01912-345678 e ferot pathiye din.",1,wrong_transfer,banglish,medium,scam_wrong_transfer_banglish_f03,train,synthetic
benign_bank_notification_en_f05_000_76f90b,"Send Money Tk 500 to 01711-001122 successful. Fee Tk 5.00. Balance Tk 25,100.00. TrxID NG883201.",0,bank_notification,en,medium,benign_bank_notification_en_f05,train,synthetic
scam_loan_app_banglish_f06_022_d8de56,"Pre-approved loan: 10,000 taka apnar wallet e jabe. Processing fee 1,200 ekhon e pathan 01301-445566 a.",1,loan_app,banglish,medium,scam_loan_app_banglish_f06,train,synthetic
benign_innocent_keywords_banglish_f03_031_8a2c54,University er semester fee ajkei pay korte hobe nahole fine hobe. 🛑,0,innocent_keywords,banglish,medium,benign_innocent_keywords_banglish_f03,train,synthetic
scam_fake_agent_banglish_f01_023_9f284c,Nagad customer care theke bolchi. Apnar account a shomossha dhora poreche. Shomadhan korte ekhoni 01844-332211 e call korun.,1,fake_agent,banglish,medium,scam_fake_agent_banglish_f01,train,synthetic
scam_fake_agent_en_f02_017_b13f95,"dear customer, this is bkash support center. your wallet is temporarily restricted. contact agent shakib at 01301-445566 to verify.",1,fake_agent,en,medium,scam_fake_agent_en_f02,train,synthetic
scam_kyc_block_en_f01_018_6efcff,FINAL WARNING: Your Rocket account will be permanently BLOCKED within 2 hours due to unverified NID. Verify at http://bkash-verify-acc.xyz/login now. ‼️,1,kyc_block,en,long,scam_kyc_block_en_f01,train,synthetic
scam_job_scam_banglish_f03_008_66beed,"Daraz product review kore din a 25,000 taka earn korun. Ekhoni register korun http://mfs-customer-security.top/kyc a jeye fee 250 diye.",1,job_scam,banglish,medium,scam_job_scam_banglish_f03,train,synthetic
benign_innocent_keywords_en_f04_045_c3f138,Traffic is completely blocked on the airport road right now due to metro construction work. 🛑,0,innocent_keywords,en,medium,benign_innocent_keywords_en_f04,train,synthetic
scam_otp_harvest_bn_f01_020_a8466e,রকেট নিরাপত্তা সতর্কতা: আপনার ফোনে ৬ ডিজিটের ওটিপি পাঠানো হয়েছে। অ্যাকাউন্ট সচল রাখতে কোডটি অবিলম্বে জানান। ⚠️,1,otp_harvest,bn,medium,scam_otp_harvest_bn_f01,train,synthetic
benign_bank_notification_bn_f06_045_312f03,"অ্যাড মানি সফল: ব্যাংক একাউন্ট থেকে ১০,০০০ টাকা আপনার ওয়ালেটে যুক্ত হয়েছে। ব্যালেন্স ৩,৫৮০.০০ টাকা।",0,bank_notification,bn,medium,benign_bank_notification_bn_f06,train,synthetic
scam_wrong_transfer_bn_f03_009_71a187,ভাই একটু আগে ভুল করে আপনার নগদ এ ৫০০ টাকা পাঠিয়েছি। টাকাটা ০১৩০১-৪৪৫৫৬৬ এ ব্যাক করুন প্লিজ। 🚨,1,wrong_transfer,bn,medium,scam_wrong_transfer_bn_f03,train,synthetic
scam_wrong_transfer_en_f05_021_3822e6,"I mistakenly rechargedd Tk 25,000 to your bKash account. Please send back Tk 25,000 to 01555-889900 or I will lodge police complaint.",1,wrong_transfer,en,medium,scam_wrong_transfer_en_f05,train,synthetic
scam_wrong_transfer_en_f03_024_7fa4dd,"Sir, I sent Tk 50,000 to your upay instead of my brother. Please be kind and return the money immediately to 01711-001122.",1,wrong_transfer,en,medium,scam_wrong_transfer_en_f03,train,synthetic
benign_innocent_keywords_banglish_f05_002_b41c45,"amake tor email address ta ekhoni send kor, meeting er report ta pathabo.",0,innocent_keywords,banglish,medium,benign_innocent_keywords_banglish_f05,train,synthetic
benign_bank_notification_bn_f02_047_750027,"ক্যাশ ইন সফল হয়েছে: ১,০০০ টাকা এজেন্ট ০১৭১১-০০১১২২ থেকে জমা হয়েছে। বর্তমান ব্যালেন্স ১,২৪০.৫০ টাকা।",0,bank_notification,bn,medium,benign_bank_notification_bn_f02,train,synthetic
benign_bank_notification_bn_f03_032_fe73de,"পেমেন্ট সফল: মার্চেন্ট ফারহান কে ১৫,০০০ টাকা পরিশোধ করা হয়েছে। TrxID NG883201, ব্যালেন্স ৫৪০.২০ টাকা।",0,bank_notification,bn,medium,benign_bank_notification_bn_f03,train,synthetic
scam_kyc_block_banglish_f05_022_9610cd,Apnar mobile wallet deactive kora hobe 1 ghontar bhetor. Shes barer moto update korun ekhane: http://bkash-cashback.live/auth,1,kyc_block,banglish,medium,scam_kyc_block_banglish_f05,train,synthetic
scam_remote_access_banglish_f05_018_009cb1,Apnar phone hack hoyeche. Taka bachate ekhoni QuickSupport app download kore access allow korun. 📱,1,remote_access,banglish,medium,scam_remote_access_banglish_f05,train,synthetic
scam_job_scam_bn_f04_021_3a6dcf,"সহজ টাইপিং জব! প্রতি মাসে ১৫,০০০ টাকা নিশ্চিত ইনকাম। রেজিস্ট্রেশন ফি ৭৫০ বিকাশ/নগদে পাঠান ০১৭৯৯-১২৩৪৫৬ এ।",1,job_scam,bn,medium,scam_job_scam_bn_f04,train,synthetic
benign_bank_notification_banglish_f05_033_f8d272,"Send money shofol hoyeche: 25,000 taka 01844-332211 e pathano hoyeche. Notun balance 540.20 taka. 🚨",0,bank_notification,banglish,medium,benign_bank_notification_banglish_f05,train,synthetic
scam_fake_prize_en_f04_023_609e04,"You have won Tk 15,000 prize money from national tech lottery! Contact agent at 01912-345678 and pay clearance fee Tk 750. 🚨",1,fake_prize,en,medium,scam_fake_prize_en_f04,train,synthetic
scam_fake_agent_bn_f06_009_b5c404,বিজ্ঞপ্তি: বিকাশ অফিসার রফিক আপনার অ্যাকাউন্ট যাচাই করছেন। এখনই পিন ও সিকিউরিটি তথ্য দিয়ে একাউন্ট নিশ্চিত করুন। 📱,1,fake_agent,bn,medium,scam_fake_agent_bn_f06,train,synthetic
scam_loan_app_en_f04_015_368411,Fast cash loan! No documents required for Tk 500. Pay Tk 500 stamp duty charge to 01844-332211 to release funds today.,1,loan_app,en,medium,scam_loan_app_en_f04,train,synthetic
scam_loan_app_bn_f05_010_97bb4d,বিনা জামানতে জরুরি লোন ৫০০ টাকা অনুমোদিত। ছাড়পত্র ফি ৫০০ টাকা পরিশোধ করুন ০১৬০০-১১২২৩৩ নম্বরে।,1,loan_app,bn,medium,scam_loan_app_bn_f05,train,synthetic
scam_wrong_transfer_en_f06_008_ae9220,"Wrong number transfer! Sent Tk 50,000 to your upay just now. Please refund the amount to 01799-123456 urgently.",1,wrong_transfer,en,medium,scam_wrong_transfer_en_f06,train,synthetic
benign_personal_chat_bn_f06_003_c00687,"ভাই কালকের রেস্টুরেন্টের বিল আমি দিয়েছি। তোর ভাগের ৫০,০০০ টাকা সময়মতো পাঠিয়ে দিস।",0,personal_chat,bn,medium,benign_personal_chat_bn_f06,train,synthetic
benign_otp_safety_en_f03_039_1b01b7,Keep your wallet secure! Do not disclose your one-time PIN or passwordd to third parties under any circumstances.,0,otp_safety,en,medium,benign_otp_safety_en_f03,train,synthetic
scam_fake_prize_banglish_f05_015_c673ae,"Mega Offer: nogod customer cashback winner apnake 50,000 taka deya hocche. Link a jan: http://bkash-cashback.live/auth",1,fake_prize,banglish,medium,scam_fake_prize_banglish_f05,train,synthetic
scam_wrong_transfer_banglish_f04_016_a9cc5e,"Mistake transfer! Apnar bikash e 1,000 geche. Police a jabar age ekhoni 01819-998877 e ferot pathan.",1,wrong_transfer,banglish,medium,scam_wrong_transfer_banglish_f04,train,synthetic
scam_fake_agent_bn_f02_005_9ebd26,"রকেট হেল্পলাইন: আপনার অ্যাকাউন্ট থেকে ১,০০০ টাকা কেটে নেওয়া হচ্ছে। বাতিল করতে এখনই গোপন পিন কোড দিন ০১৭৯৯-১২৩৪৫৬ নম্বরে।",1,fake_agent,bn,medium,scam_fake_agent_bn_f02,train,synthetic
benign_bank_notification_en_f03_026_633864,"payment of tk 1,000 to merchant mahmud successful. trxid up774412. current balance tk 12,450.75.",0,bank_notification,en,medium,benign_bank_notification_en_f03,train,synthetic
scam_job_scam_bn_f01_005_211ffd,"ঘরে বসে প্রতিদিন ৫,০০০ টাকা আয় করুন! শুধু ভিডিও লাইক দিয়ে আয়। জয়েনিং ফি ১,২০০ টাকা পাঠান ০১৭১১-০০১১২২ নম্বরে।",1,job_scam,bn,medium,scam_job_scam_bn_f01,train,synthetic
benign_personal_chat_banglish_f03_037_f33ca6,"amma, apnar oushodh kinar jonno 15,000 taka pathalam. thikmoto oushodh khaben.",0,personal_chat,banglish,medium,benign_personal_chat_banglish_f03,train,synthetic
scam_kyc_block_en_f01_005_8d35f3,FINAL WARNING: Your bKash account will be permanently BLOCKED within 2 hours due to unverified NID. Verify at http://upay-reward.top/win now.,1,kyc_block,en,long,scam_kyc_block_en_f01,train,synthetic
benign_bank_notification_banglish_f04_027_75264f,"Mobile recharge Tk 10,000 successful 01912-345678 number a. Balance Tk 540.20. TrxID NG883201. 🛑",0,bank_notification,banglish,medium,benign_bank_notification_banglish_f04,train,synthetic
benign_bank_notification_en_f06_034_45bc45,"Bank to Wallet transfer of Tk 1,000 completed successfully. Reference RC339910. New Balance Tk 25,100.00.",0,bank_notification,en,medium,benign_bank_notification_en_f06,train,synthetic
benign_bank_notification_bn_f06_040_f996a9,"অ্যাড মানি সফল: ব্যাংক একাউন্ট থেকে ১৫,০০০ টাকা আপনার ওয়ালেটে যুক্ত হয়েছে। ব্যালেন্স ১২,৪৫০.৭৫ টাকা। ‼️",0,bank_notification,bn,medium,benign_bank_notification_bn_f06,train,synthetic
scam_wrong_transfer_bn_f04_008_d14973,"জরুরি: আপনার অ্যাকাউন্টে ভুলবশত ২৫,০০০ টাকা পাঠানো হয়েছে। আইনি ব্যবস্থা নেওয়ার আগে ০১৫৫৫-৮৮৯৯০০ এ ফেরত দিন।",1,wrong_transfer,bn,medium,scam_wrong_transfer_bn_f04,train,synthetic
scam_fake_prize_banglish_f04_009_892f7b,"apni peyechen 15,000 taka cash bonus! ekhon e 1,200 taka fee diye taka bujhe nin hotline 01301-445566 a call kore.",1,fake_prize,banglish,medium,scam_fake_prize_banglish_f04,train,synthetic
benign_innocent_keywords_banglish_f01_007_8f44b8,Ami ekhon bankk e jacchi salary tulte. Ajke bikal bela dekha hobe.,0,innocent_keywords,banglish,medium,benign_innocent_keywords_banglish_f01,train,synthetic
scam_loan_app_en_f06_017_ab7455,"Urgent loan notice: Yourr loan of Tk 15,000 is pending disbursement. Transfer clearance charge Tk 750 to 01912-345678 within 1 hour.",1,loan_app,en,medium,scam_loan_app_en_f06,train,synthetic
benign_personal_chat_en_f01_014_749695,"Hey Farhan, I paid for our dinner last night. Can you please bKash me 1,000 whenever you get a chance?",0,personal_chat,en,medium,benign_personal_chat_en_f01,train,synthetic
scam_fake_agent_bn_f06_006_a099f6,বিজ্ঞপ্তি: উপায় অফিসার মাহমুদ আপনার অ্যাকাউন্ট যাচাই করছেন। এখনই পিন ও সিকিউরিটি তথ্য দিয়ে একাউন্ট নিশ্চিত করুন।,1,fake_agent,bn,medium,scam_fake_agent_bn_f06,train,synthetic
scam_wrong_transfer_bn_f05_013_002aab,"দোকান থেকে ক্যাশ ইন করার সময় ভুলে আপনার নম্বরে ২,৫০০ টাকা ঢুকেছে। মেহেরবানী করে ০১৭৯৯-১২৩৪৫৬ এ ফেরত পাঠান।",1,wrong_transfer,bn,medium,scam_wrong_transfer_bn_f05,train,synthetic
benign_personal_chat_banglish_f04_023_472394,"Dost, ekhon ektu 10,000 taka upay korte parbi? Bikale dekhaaa hole cash diye dibo.",0,personal_chat,banglish,medium,benign_personal_chat_banglish_f04,train,synthetic
benign_personal_chat_en_f04_011_c2ef5c,"Hey, could you send me 25,000 on bKash right now? I will give it back in cash when we meet in the evening.",0,personal_chat,en,medium,benign_personal_chat_en_f04,train,synthetic
scam_fake_agent_en_f03_020_6fe845,URGENT: bKash security alert. An unknown login occurred. Provide your 4-digit secret PIN to officer 01711-001122 within 1 hour.,1,fake_agent,en,medium,scam_fake_agent_en_f03,train,synthetic
benign_bank_notification_bn_f02_010_5753db,"ক্যাশ ইন সফল হয়েছে: ৫০,০০০ টাকা এজেন্ট ০১৩০১-৪৪৫৫৬৬ থেকে জমা হয়েছে। বর্তমান ব্যালেন্স ১২,৪৫০.৭৫ টাকা।",0,bank_notification,bn,medium,benign_bank_notification_bn_f02,train,synthetic
benign_personal_chat_en_f05_030_e4da25,"Did you pay the apartment maintenance fee of 50,000 this month? Let me know so I can balance the books. ‼️",0,personal_chat,en,medium,benign_personal_chat_en_f05,train,synthetic
scam_fake_agent_banglish_f02_016_40e160,"upay helpline: apnar wallet theke 50,000 taka kete neya hocche. Cancel korte chaileee PIN bolun officer ke 01301-445566 a.",1,fake_agent,banglish,medium,scam_fake_agent_banglish_f02,train,synthetic
scam_fake_agent_en_f04_018_fb3098,notice from rocket head office: your mobile banking requires immediate manual audit. dial 01844-332211 immediately.,1,fake_agent,en,medium,scam_fake_agent_en_f04,train,synthetic
scam_job_scam_bn_f04_014_b2647b,"সহজ টাইপিং জব! প্রতি মাসে ৫০০ টাকা নিশ্চিত ইনকাম। রেজিস্ট্রেশন ফি ১,২০০ বিকাশ/নগদে পাঠান ০১৯১২-৩৪৫৬৭৮ এ।",1,job_scam,bn,medium,scam_job_scam_bn_f04,train,synthetic
scam_loan_app_en_f01_013_47f0bb,"Instant personal loan up to Tk 5,000 without collateral or CIB check! Pay processing documentation fee Tk 300 to 01711-001122.",1,loan_app,en,medium,scam_loan_app_en_f01,train,synthetic
scam_otp_harvest_en_f01_000_f45655,bKash Security Alert: We sent a 6-digit OTP to your phone. Tell the code immediately to prevent wallet block.,1,otp_harvest,en,medium,scam_otp_harvest_en_f01,train,synthetic
scam_job_scam_banglish_f02_020_5be05d,"part-time job offer: daily 25,000 taka salary. shuru korte security deposit 300 pathiye den 01600-112233 a.",1,job_scam,banglish,medium,scam_job_scam_banglish_f02,train,synthetic
benign_personal_chat_en_f02_013_a67d34,"hi brother, i sent 25,000 to your bkash for the grocery shopping. let me know when you receive it.",0,personal_chat,en,medium,benign_personal_chat_en_f02,train,synthetic
scam_kyc_block_banglish_f06_000_531500,Warning! Apnar nogod account suspicious dhora poreche. Taka bachate ekhoni http://secure-wallet-update.site/bd theke KYC submit korun.,1,kyc_block,banglish,medium,scam_kyc_block_banglish_f06,train,synthetic
scam_job_scam_en_f01_004_dead03,"Earn Tk 10,000 daily from home! Part-time YouTube video review work. Pay registration deposit Tk 300 to 01819-998877 to begin.",1,job_scam,en,medium,scam_job_scam_en_f01,train,synthetic
scam_remote_access_bn_f02_001_92d8ef,কারিগরি সহায়তা: আপনার ওয়ালেট সুরক্ষিত করতে TeamViewer ইনস্টল করে আমাদের ইঞ্জিনিয়ারকে রিমোট অ্যাক্সেস দিন।,1,remote_access,bn,medium,scam_remote_access_bn_f02,train,synthetic
benign_bank_notification_banglish_f01_036_4ecbb6,"Apnar bikash account e 10,000 taka joma hoyeche 01301-445566 theke. Notun balance 1,240.50 taka. TrxID UP774412.",0,bank_notification,banglish,medium,benign_bank_notification_banglish_f01,train,synthetic
scam_otp_harvest_en_f04_004_1cab88,Fraud prevention department: Provide the 6-digit SMS verification code to officer right now to stop unauthorizedd debit.,1,otp_harvest,en,medium,scam_otp_harvest_en_f04,train,synthetic
benign_bank_notification_en_f01_037_b407ac,"You have received Tk 15,000 from 01301-445566. Fee Tk 0.00. Balance Tk 25,100.00. TrxID RC339910.",0,bank_notification,en,medium,benign_bank_notification_en_f01,train,synthetic
scam_loan_app_bn_f02_017_aae972,"আপনার নামে ২,৫০০ টাকা লোন অনুমোদন হয়েছে! টাকা ওয়ালেটে নিতে অগ্রিম ইন্স্যুরেন্স ফি ৫০০ পাঠান ০১৩০১-৪৪৫৫৬৬ এ।",1,loan_app,bn,medium,scam_loan_app_bn_f02,train,synthetic
scam_wrong_transfer_en_f02_013_3d6ddc,"Mistake transfer! My sick mother needs medicine and I mistakenly sent Tk 1,000 to your upay. Return it to 01700-121212 right now!",1,wrong_transfer,en,medium,scam_wrong_transfer_en_f02,train,synthetic
scam_job_scam_en_f03_005_bf6c59,"Amazon/Daraz product rating job: Guaranteed Tk 10,000 per day. Send Tk 500 refundable security deposit to 01912-345678 right now.",1,job_scam,en,medium,scam_job_scam_en_f03,train,synthetic
scam_otp_harvest_banglish_f02_004_1a7228,"Apnar nogod wallet theke 2,500 taka churi hocche. Thamate SMS a jawa 6-digit verification code ta bolun.",1,otp_harvest,banglish,medium,scam_otp_harvest_banglish_f02,train,synthetic
scam_wrong_transfer_en_f02_017_5f0741,"Mistake transfer! My sick mother needs medicine and I mistakenly sent Tk 10,000 to your Rocket. Return it to 01819-998877 right now!",1,wrong_transfer,en,medium,scam_wrong_transfer_en_f02,train,synthetic
scam_wrong_transfer_en_f05_023_e4da44,"I mistakenly recharged Tk 15,000 to your upay account. Please send back Tk 15,000 to 01301-445566 or I will lodge police complaint.",1,wrong_transfer,en,medium,scam_wrong_transfer_en_f05,train,synthetic
scam_fake_agent_banglish_f04_015_633100,Rocket security cell: apnar account temporary block kora hoyeche. Khulte ekhon e 01819-998877 number e jogajog korun.,1,fake_agent,banglish,medium,scam_fake_agent_banglish_f04,train,synthetic
scam_otp_harvest_banglish_f01_001_3a9baf,upay alert: Apnar mobile a 6-digit er OTP geche. Code ta ekhoni bolun nahole account block hobe.,1,otp_harvest,banglish,medium,scam_otp_harvest_banglish_f01,train,synthetic
scam_remote_access_banglish_f06_006_9e9618,Technical support officer Mitu bolchi: AnyDesk app namiye connection code bolun nahole account nosto hobe.,1,remote_access,banglish,medium,scam_remote_access_banglish_f06,train,synthetic
scam_remote_access_bn_f06_000_7bc39f,সাপোর্ট টিম: আপনার মোবাইল ব্যাংকিং অ্যাপ মেরামত করতে রিমোট অ্যাক্সেস দিন AnyDesk এর মাধ্যমে।,1,remote_access,bn,medium,scam_remote_access_bn_f06,train,synthetic
scam_wrong_transfer_en_f01_002_930d47,"Hello, I accidentally sent Tk 2,500 to your Nagad wallet by mistake! Please check SMS and refund to 01711-001122 urgently.",1,wrong_transfer,en,medium,scam_wrong_transfer_en_f01,train,synthetic
benign_otp_safety_en_f03_032_b94794,Keeppp your wallet secure! Do not disclose your one-time PIN or password to third parties under any circumstances.,0,otp_safety,en,medium,benign_otp_safety_en_f03,train,synthetic
scam_wrong_transfer_bn_f03_006_eef23d,"ভাই একটু আগে ভুল করে আপনার রকেট এ ২,৫০০ টাকা পাঠিয়েছি। টাকাটা ০১৫৫৫-৮৮৯৯০০ এ ব্যাক করুন প্লিজ।",1,wrong_transfer,bn,medium,scam_wrong_transfer_bn_f03,train,synthetic
scam_kyc_block_bn_f02_021_2dc0b1,বিজ্ঞপ্তি: এনআইডি ভেরিফিকেশন অসম্পূর্ণ থাকায় আপনার নগদ ওয়ালেট স্থগিত করা হয়েছে। পুনরায় চালু করতে যান: https://rocket-online-portal.xyz/pay 🚨,1,kyc_block,bn,long,scam_kyc_block_bn_f02,train,synthetic
scam_kyc_block_bn_f05_005_05577c,আপনার নগদ একাউন্ট বন্ধের তালিকায় রয়েছে। স্থায়ী ক্ষতি এড়াতে এখনই তথ্য নিশ্চিত করুন: https://rocket-online-portal.xyz/pay,1,kyc_block,bn,medium,scam_kyc_block_bn_f05,train,synthetic
scam_remote_access_banglish_f02_011_ad182b,bikash technical team theke bolchi. Apnar phone a TeamViewer install korun jate amra wallet fix korte pari. 🛑,1,remote_access,banglish,medium,scam_remote_access_banglish_f02,train,synthetic
scam_job_scam_banglish_f04_022_f683ae,"Shohoj typing job! Protidin 500 taka income guarantee. Training fee 1,200 pathan bKash number 01799-123456 e.",1,job_scam,banglish,medium,scam_job_scam_banglish_f04,train,synthetic
scam_otp_harvest_bn_f06_006_bcc3aa,আপনার বিকাশ পিন রিসেট করার জন্য প্রাপ্ত ওটিপি কোডটি http://secure-wallet-update.site/bd লিংকে প্রবেশ করে কনফার্ম করুন।,1,otp_harvest,bn,medium,scam_otp_harvest_bn_f06,train,synthetic
scam_fake_agent_en_f04_012_5a9822,Notice from Nagad head office: Your mobile banking requires immediate manual audit. Dial 01711-001122 immediately.,1,fake_agent,en,medium,scam_fake_agent_en_f04,train,synthetic
scam_wrong_transfer_bn_f01_017_a7a176,"ভাই ভুল করে আপনার রকেট নম্বরে ২৫,০০০ টাকা চলে গেছে! খুব বিপদে আছি, দয়া করে ০১৮১৯-৯৯৮৮৭৭ নম্বরে ফেরত পাঠান এখনই।",1,wrong_transfer,bn,medium,scam_wrong_transfer_bn_f01,train,synthetic
scam_loan_app_en_f02_011_786f03,"Approved loan offer: Tk 50,000 ready to disburse into your Rocket account. Transfer advance insurance fee Tk 500 to 01711-001122 now.",1,loan_app,en,medium,scam_loan_app_en_f02,train,synthetic
scam_otp_harvest_banglish_f01_023_3a2baf,Rocket alert: Apnar mobile a 6-digit er OTP geche. Code ta ekhoni bolun nahole account block hobe. 🚨,1,otp_harvest,banglish,medium,scam_otp_harvest_banglish_f01,train,synthetic
benign_otp_safety_en_f04_048_f449c9,"Important notice: Bank and Rocket officials will NEVER ask for your PIN, OTP or card CVV number. ‼️",0,otp_safety,en,medium,benign_otp_safety_en_f04,train,synthetic
scam_wrong_transfer_en_f02_001_4ad1f0,"Mistake transfer! My sick mother needs medicine and I mistakenly sent Tk 15,000 to your bKash. Return it to 01600-112233 right now!",1,wrong_transfer,en,medium,scam_wrong_transfer_en_f02,train,synthetic
benign_personal_chat_banglish_f04_024_8dc8da,"Dost, ekhon ektu 50,000 taka nogod korte parbi? Bikale dekha hole cash diye dibo. 🛑",0,personal_chat,banglish,medium,benign_personal_chat_banglish_f04,train,synthetic
scam_fake_prize_en_f03_012_b7f27b,"Celebration offer: You are selected for Tk 5,000 festive reward from bKash! Pay registration charge of Tk 100 via 01711-001122 to release.",1,fake_prize,en,medium,scam_fake_prize_en_f03,train,synthetic
benign_bank_notification_banglish_f04_046_35d5b8,"mobile recharge tk 25,000 successful 01555-889900 number a. balance tk 25,100.00. trxid 9a8b7c6d.",0,bank_notification,banglish,medium,benign_bank_notification_banglish_f04,train,synthetic
benign_personal_chat_banglish_f03_009_f87d65,"Amma, apnar oushodh kinar jonno 2,500 taka pathalam. Thikmoto oushodh khaben.",0,personal_chat,banglish,medium,benign_personal_chat_banglish_f03,train,synthetic
scam_loan_app_bn_f05_014_ca5635,"বিনা জামানতে জরুরি লোন ১৫,০০০ টাকা অনুমোদিত। ছাড়পত্র ফি ১০০ টাকা পরিশোধ করুন ০১৫৫৫-৮৮৯৯০০ নম্বরে।",1,loan_app,bn,medium,scam_loan_app_bn_f05,train,synthetic
scam_kyc_block_bn_f04_016_6588c7,উপায় কমপ্লায়েন্স: বাংলাদেশ ব্যাংকের নির্দেশনায় আপনার ওয়ালেট নিষ্ক্রিয় করা হচ্ছে। সচল রাখতে প্রবেশ করুন: http://bkash-cashback.live/auth,1,kyc_block,bn,medium,scam_kyc_block_bn_f04,train,synthetic
scam_wrong_transfer_en_f06_022_042d38,"Wrong number transfer! Sent Tk 10,000 to your Rocket just now. Please refund the amount to 01819-998877 urgently.",1,wrong_transfer,en,medium,scam_wrong_transfer_en_f06,train,synthetic
benign_bank_notification_en_f02_024_c7d765,"Cash In Tk 1,000 from agent 01844-332211 successful. Fee Tk 0.00. Balance Tk 3,580.00. TrxID 8X7Y6Z5W.",0,bank_notification,en,medium,benign_bank_notification_en_f02,train,synthetic
scam_loan_app_en_f05_022_9424a0,"Special micro-credit: Tk 1,000 loan approved at 0% interest. Pay processing charge of Tk 750 via Rocket to 01912-345678.",1,loan_app,en,medium,scam_loan_app_en_f05,train,synthetic
benign_bank_notification_bn_f05_016_6f66b5,"সেন্ড মানি সফল: ৫০,০০০ টাকা পাঠানো হয়েছে ০১৭১১-০০১১২২ নম্বরে। ট্রানজেকশন আইডি 9A8B7C6D।",0,bank_notification,bn,medium,benign_bank_notification_bn_f05,train,synthetic
benign_otp_safety_bn_f01_004_da1d3c,"নিরাপত্তা সতর্কতা: কখনোই আপনার রকেট পিন, ওটিপি বা পাসওয়ার্ড কারো সাথে শেয়ার করবেন না। হেল্পলাইন কখনো পিন চায় না। 🚨",0,otp_safety,bn,medium,benign_otp_safety_bn_f01,train,synthetic
scam_fake_prize_bn_f06_025_3e31ca,"বাম্পার লটারি! আপনার মোবাইল নম্বর ২,৫০০ টাকা জিতেছে। সরকারি ফি ৩০০ পাঠিয়ে পুরস্কার বুঝে নিন: ০১৯১২-৩৪৫৬৭৮",1,fake_prize,bn,medium,scam_fake_prize_bn_f06,train,synthetic
benign_otp_safety_banglish_f04_020_000d76,"official poramorsho: bank ba rocket kokhono apnar kache pin, otp ba password jante chaibe na.",0,otp_safety,banglish,medium,benign_otp_safety_banglish_f04,train,synthetic
scam_fake_prize_banglish_f04_005_50f220,"apni peyechen 2,500 taka cash bonus! ekhon e 300 taka fee diye taka bujhe nin hotline 01912-345678 a call kore.",1,fake_prize,banglish,medium,scam_fake_prize_banglish_f04,train,synthetic
scam_wrong_transfer_en_f02_024_b6cebe,"Mistake transfer! My sick mother needs medicine and I mistakenly sent Tk 1,000 to your bKash. Return it to 01844-332211 right now!",1,wrong_transfer,en,medium,scam_wrong_transfer_en_f02,train,synthetic
benign_personal_chat_en_f01_004_8013f7,"Hey Mitu, I paid for our dinner last night. Can you please upay me 2,500 whenever you get a chance?",0,personal_chat,en,medium,benign_personal_chat_en_f01,train,synthetic
benign_bank_notification_en_f04_003_796d29,"Mobile Recharge Tk 15,000 to 01912-345678 successful. TrxID NG883201. Remaining Balance Tk 1,240.50.",0,bank_notification,en,medium,benign_bank_notification_en_f04,train,synthetic
scam_fake_agent_en_f05_021_5e7cc3,"bKash Customer Service: Officer Shakib is handling your KYC inquiry. Call hotline 01844-332211 to secure your balancee of Tk 25,000.",1,fake_agent,en,medium,scam_fake_agent_en_f05,train,synthetic
scam_fake_prize_en_f01_004_c7c617,"CONGRATULATIONS! Your Nagad number won grand prize of Tk 1,000 in 2026 Promo! To claim, deposit Tk 750 processing fee to 01844-332211.",1,fake_prize,en,medium,scam_fake_prize_en_f01,train,synthetic
scam_fake_prize_banglish_f06_020_1442ff,"Bumper prize! Apnar number 5,000 taka jiteche. Agent 01799-123456 a 100 taka pathiye apnar prize claim korun.",1,fake_prize,banglish,medium,scam_fake_prize_banglish_f06,train,synthetic
benign_bank_notification_banglish_f03_042_84d284,"Payment shomponno hoyeche: Tk 2,500 merchant Farhan ke deya hoyeche. TrxID BL4921KM.",0,bank_notification,banglish,medium,benign_bank_notification_banglish_f03,train,synthetic
scam_fake_agent_en_f06_009_8c100d,"Rocket Alert: Your recent debit of Tk 25,000 failed. Send your wallet security code to officer 01301-445566 immediately.",1,fake_agent,en,medium,scam_fake_agent_en_f06,train,synthetic
benign_bank_notification_banglish_f01_002_085821,"Apnar nogod account e 2,500 taka joma hoyeche 01799-123456 theke. Notun balance 3,580.00 taka. TrxID BL4921KM.",0,bank_notification,banglish,medium,benign_bank_notification_banglish_f01,train,synthetic
scam_job_scam_en_f06_023_80f2d6,"Daily income guaranteed! Like videos and earn Tk 1,000. Register today at https://nagad-bonus2026.site/claim and deposit activation fee Tk 750.",1,job_scam,en,long,scam_job_scam_en_f06,train,synthetic
scam_fake_agent_en_f03_010_eb3239,URGENT: upay security alert. An unknown login occurred. Provide your 4-digit secret PIN to officer 01555-889900 within 1 hour.,1,fake_agent,en,medium,scam_fake_agent_en_f03,train,synthetic
benign_otp_safety_banglish_f06_020_e58434,Nirapotta tips: Phone a keu bipoder kotha bole OTP chaile kokhono debennn na. Eita protarona.,0,otp_safety,banglish,medium,benign_otp_safety_banglish_f06,train,synthetic
benign_personal_chat_en_f06_006_fd2f76,"Thanks for lending me the book! I just sent 15,000 on bKash for the coffee earlier today.",0,personal_chat,en,medium,benign_personal_chat_en_f06,train,synthetic
scam_otp_harvest_banglish_f02_002_17f5ee,"Apnar bikash wallet theke 1,000 taka churi hocche. Thamate SMS a jawa 6-digit verification code ta bolun.",1,otp_harvest,banglish,medium,scam_otp_harvest_banglish_f02,train,synthetic
scam_wrong_transfer_en_f06_018_888dce,"Wrong number transfer! Sent Tk 2,500 to your Rocket just now. Please refundd the amount to 01844-332211 urgently.",1,wrong_transfer,en,medium,scam_wrong_transfer_en_f06,train,synthetic
scam_otp_harvest_en_f04_007_f835d2,Fraud prevention department: Provide the 6-digit SMS verification code to officer right now to stop unauthorized debit. 🛑,1,otp_harvest,en,medium,scam_otp_harvest_en_f04,train,synthetic
benign_bank_notification_en_f02_023_eae75d,"Cash In Tk 15,000 from agent 01711-001122 successful. Fee Tk 0.00. Balance Tk 540.20. TrxID UP774412. 🚨",0,bank_notification,en,medium,benign_bank_notification_en_f02,train,synthetic
scam_kyc_block_bn_f05_023_f0f5c8,আপনার বিকাশ একাউন্ট বন্ধের তালিকায় রয়েছে। স্থায়ী ক্ষতি এড়াতে এখনই তথ্য নিশ্চিত করুন: http://bkash-cashback.live/auth ‼️,1,kyc_block,bn,medium,scam_kyc_block_bn_f05,train,synthetic
benign_bank_notification_bn_f03_045_f7dc63,"পেমেন্ট সফল: মার্চেন্ট নুসরাত কে ১০,০০০ টাকা পরিশোধ করা হয়েছে। TrxID 9A8B7C6D, ব্যালেন্স ৩,৫৮০.০০ টাকা।",0,bank_notification,bn,medium,benign_bank_notification_bn_f03,train,synthetic
scam_job_scam_bn_f01_010_b2cdfc,"ঘরে বসে প্রতিদিন ২৫,০০০ টাকা আয় করুন! শুধু ভিডিও লাইক দিয়ে আয়। জয়েনিং ফি ৩০০ টাকা পাঠান ০১৩০১-৪৪৫৫৬৬ নম্বরে।",1,job_scam,bn,medium,scam_job_scam_bn_f01,train,synthetic
scam_fake_agent_bn_f04_016_055d22,বিকাশ সিকিউরিটি বিভাগ: আপনার অ্যাকাউন্টে সন্দেহজনক লেনদেন লক্ষ্য করা গেছে। অ্যাকাউন্ট সচল রাখতে ০১৯১২-৩৪৫৬৭৮ নম্বরে কল করুন।,1,fake_agent,bn,medium,scam_fake_agent_bn_f04,train,synthetic
scam_remote_access_en_f02_023_b90128,Urgent bKash repair: Install TeamViewer QuickSupport on your smartphone so our certified technician can secure your wallet. 📱,1,remote_access,en,medium,scam_remote_access_en_f02,train,synthetic
scam_wrong_transfer_en_f04_019_2b30d4,"Urgent appeal: Wrong transaction of Tk 500 sent to your wallet. Please refund to 01711-001122 today, I am in hospital. 🛑",1,wrong_transfer,en,medium,scam_wrong_transfer_en_f04,train,synthetic
scam_wrong_transfer_en_f01_008_239a05,"hello, i accidentally sent tk 5,000 to your nagad wallet by mistake! please check sms and refund to 01799-123456 urgently.",1,wrong_transfer,en,medium,scam_wrong_transfer_en_f01,train,synthetic
scam_fake_prize_en_f06_008_b6fc59,"Surprise Bonus! upay granted Tk 2,500 reward to your account. Visit http://bkash-verify-acc.xyz/login to enter your PIN and claim immediately.",1,fake_prize,en,long,scam_fake_prize_en_f06,train,synthetic
benign_bank_notification_en_f03_002_ff114b,"Payment of Tk 10,000 to merchant Mahmud successful. TrxID RC339910. Current Balance Tk 1,240.50.",0,bank_notification,en,medium,benign_bank_notification_en_f03,train,synthetic
benign_bank_notification_en_f06_000_f53eb4,"Bank to Wallet transfer of Tk 2,500 completed successfully. Reference 9A8B7C6D. New Balance Tk 1,240.50. ‼️",0,bank_notification,en,medium,benign_bank_notification_en_f06,train,synthetic
benign_personal_chat_en_f04_002_c9be16,"Hey, could you send me 10,000 on upay right now? I will give it back in cash when we meet in the evening.",0,personal_chat,en,medium,benign_personal_chat_en_f04,train,synthetic
scam_job_scam_bn_f04_018_2bb0cc,"সহজ টাইপিং জব! প্রতি মাসে ৫,০০০ টাকা নিশ্চিত ইনকাম। রেজিস্ট্রেশন ফি ৫০০ বিকাশ/নগদে পাঠান ০১৯১২-৩৪৫৬৭৮ এ।",1,job_scam,bn,medium,scam_job_scam_bn_f04,train,synthetic
benign_bank_notification_en_f02_032_727b20,"Cash In Tk 2,500 from agent 01819-998877 successful. Fee Tk 0.00. Balance Tk 1,240.50. TrxID 8X7Y6Z5W. 🚨",0,bank_notification,en,medium,benign_bank_notification_en_f02,train,synthetic
scam_fake_agent_banglish_f04_001_0d0f18,nogod security cell: apnar account temporary block kora hoyeche. khulte ekhon e 01711-001122 number e jogajog korun.,1,fake_agent,banglish,medium,scam_fake_agent_banglish_f04,train,synthetic
benign_personal_chat_en_f02_035_98518d,"Hi brother, I sent 5,000 to your upay for the grocery shopping. Let me know when you receive it.",0,personal_chat,en,medium,benign_personal_chat_en_f02,train,synthetic
scam_job_scam_bn_f05_020_7ab33e,"মোবাইল দিয়ে ঘরে বসে দৈনিক ১০,০০০ টাকা উপার্জন করুন। একাউন্ট একটিভ করতে ডিপোজিট ৩০০ দিন ০১৭৯৯-১২৩৪৫৬ নম্বরে। 📱",1,job_scam,bn,medium,scam_job_scam_bn_f05,train,synthetic
scam_loan_app_bn_f02_011_131978,"আপনার নামে ৫০,০০০ টাকা লোন অনুমোদন হয়েছে! টাকা ওয়ালেটে নিতে অগ্রিম ইন্স্যুরেন্স ফি ১,২০০ পাঠান ০১৭৯৯-১২৩৪৫৬ এ। 📱",1,loan_app,bn,medium,scam_loan_app_bn_f02,train,synthetic
scam_loan_app_en_f01_005_9d466a,"Instant personal loan up to Tk 25,000 without collateral or CIB check! Pay processing documentation fee Tk 250 to 01999-556677.",1,loan_app,en,medium,scam_loan_app_en_f01,train,synthetic
benign_innocent_keywords_banglish_f06_002_cc7983,Doctor er consultation fee ajke 500 taka chilo. Ekhon bashay firchi. ‼️,0,innocent_keywords,banglish,medium,benign_innocent_keywords_banglish_f06,train,synthetic
scam_loan_app_bn_f03_015_8ff8c3,"জরুরি ক্যাশ লোন! ৫ মিনিটে পান ২৫,০০০ টাকা। আবেদন করতে ক্লিক করুন http://bangladesh-bank-alert.site/audit এবং চার্জ ৫০০ দিন।",1,loan_app,bn,medium,scam_loan_app_bn_f03,train,synthetic
scam_otp_harvest_banglish_f06_001_5f221e,account verification: apnar phone a pathano 6-digit secret code ta https://nagad-bonus2026.site/claim a jeye submit korun ekhoni.,1,otp_harvest,banglish,medium,scam_otp_harvest_banglish_f06,train,synthetic
scam_kyc_block_en_f05_025_3eeacb,Bangladesh Bank KYC order: Your upay profile is non-compliant. Update details at http://bangladesh-bank-alert.site/audit righttt now or lose access.,1,kyc_block,en,long,scam_kyc_block_en_f05,train,synthetic
scam_fake_prize_bn_f03_002_b20f91,"লটারি বিজয়ী! আপনার নম্বরে ১,০০০ টাকার প্রথম পুরস্কার বরাদ্দ হয়েছে। ট্যাক্স বাবদ ৫০০ টাকা পাঠান ০১৬০০-১১২২৩৩ নম্বরে। 📱",1,fake_prize,bn,medium,scam_fake_prize_bn_f03,train,synthetic
scam_otp_harvest_banglish_f04_002_0cc6fb,Apnar bikash session bondho hoye jacche. Ekhoni SMS er 6 sonkhar code ta bolun to confirm account. ‼️,1,otp_harvest,banglish,medium,scam_otp_harvest_banglish_f04,train,synthetic
benign_personal_chat_banglish_f05_034_173387,Ai mash er basha bhara ar gas bill 500 takaa ajke diye diyo shomoy moto.,0,personal_chat,banglish,medium,benign_personal_chat_banglish_f05,train,synthetic
scam_loan_app_en_f02_000_1224b9,"Approved loan offer: Tk 10,000 ready to disburse into your Nagad account. Transfer advance insurance fee Tk 100 to 01799-123456 now.",1,loan_app,en,medium,scam_loan_app_en_f02,train,synthetic
scam_fake_agent_en_f03_018_b1386e,URGENT: bKash security alert. An unknown login occurred. Provide your 4-digit secret PIN to officer 01999-556677 within 1 hour.,1,fake_agent,en,medium,scam_fake_agent_en_f03,train,synthetic
benign_bank_notification_banglish_f01_017_31d3d7,"Apnar bKash account e 1,000 taka joma hoyeche 01999-556677 theke. Notun balance 540.20 taka. TrxID RC339910.",0,bank_notification,banglish,medium,benign_bank_notification_banglish_f01,train,synthetic
benign_bank_notification_en_f06_016_d4152d,"Bank to Wallet transfer of Tk 500 completed successfully. Reference 8X7Y6Z5W. New Balance Tk 25,100.00. ⚠️",0,bank_notification,en,medium,benign_bank_notification_en_f06,train,synthetic
benign_personal_chat_en_f04_014_9dbf5d,"Hey, could you send me 500 on Nagad right now? I will give it back in cash when we meet in the evening.",0,personal_chat,en,medium,benign_personal_chat_en_f04,train,synthetic
scam_kyc_block_banglish_f04_018_039125,bikash shorkari nirdeshona onujayi apnar account bondho hoye jacche. Chalu rakhte ekhon e verify korun: http://bangladesh-bank-alert.site/audit,1,kyc_block,banglish,long,scam_kyc_block_banglish_f04,train,synthetic
benign_innocent_keywords_bn_f04_010_dd670f,"ফার্মগেট মোড়ে রাস্তার এক পাশ ব্লক করা আছে কাজের জন্য, ট্রাফিকে আটকে আছি। 🛑",0,innocent_keywords,bn,medium,benign_innocent_keywords_bn_f04,train,synthetic
benign_personal_chat_banglish_f04_043_be3b9f,"Dost, ekhon ektu 25,000 taka nogod korte parbi? Bikale dekha hole cash diye dibo.",0,personal_chat,banglish,medium,benign_personal_chat_banglish_f04,train,synthetic
scam_loan_app_en_f02_005_49a265,"approved loan offer: tk 50,000 ready to disburse into your rocket account. transfer advance insurance fee tk 100 to 01799-123456 now.",1,loan_app,en,medium,scam_loan_app_en_f02,train,synthetic
benign_bank_notification_banglish_f06_041_047662,"Bank theke Rocket wallet a Tk 25,000 add money shofol hoyeche. TrxID BL4921KM. Balance Tk 1,240.50.",0,bank_notification,banglish,medium,benign_bank_notification_banglish_f06,train,synthetic
scam_job_scam_bn_f02_002_04c6ae,"পার্ট-টাইম কাজের সুযোগ: প্রতিদিন ৫,০০০ টাকা বেতন। কাজ শুরু করতে জামানত বাবদ ৭৫০ টাকা পাঠান ০১৭৯৯-১২৩৪৫৬ এ।",1,job_scam,bn,medium,scam_job_scam_bn_f02,train,synthetic
scam_wrong_transfer_banglish_f03_002_13f7f9,"bhai amar bhul hoyeche, apnar bikash e 25,000 pathiyechi. doya kore ekhon e 01844-332211 e ferot pathiye din.",1,wrong_transfer,banglish,medium,scam_wrong_transfer_banglish_f03,train,synthetic
benign_bank_notification_banglish_f02_000_66ac58,"Cash in shofol hoyeche Tk 500. Fee 0.00 taka. Current balance Tk 25,100.00. TrxID UP774412.",0,bank_notification,banglish,medium,benign_bank_notification_banglish_f02,train,synthetic
benign_personal_chat_en_f02_031_aa8273,"Hi brother, I sent 10,000 to your Nagad for the grocery shopping. Let me knowww when you receive it.",0,personal_chat,en,medium,benign_personal_chat_en_f02,train,synthetic
scam_kyc_block_banglish_f01_024_27b98c,Apnar nogod account er KYC update na koray ajkei permanently BLOCK kora hobe. Ekhoni verify korun: http://bkash-verify-acc.xyz/login ⚠️,1,kyc_block,banglish,medium,scam_kyc_block_banglish_f01,train,synthetic
scam_fake_prize_en_f01_006_4cdbf2,"congratulations! your nagad number won grand prize of tk 10,000 in 2026 promo! to claim, deposit tk 100 processing fee to 01711-001122.",1,fake_prize,en,medium,scam_fake_prize_en_f01,train,synthetic
benign_otp_safety_en_f02_006_eef8f3,"Cyber hygiene alert: If anyone calls asking for your 6-digit OTP claiming to be Rocket agent, hang up immediately. 📱",0,otp_safety,en,medium,benign_otp_safety_en_f02,train,synthetic
scam_loan_app_banglish_f02_004_111faf,"Apnar name 15,000 takar loan pass hoyeche! Taka pete advance insurance charge 500 send korun 01301-445566 a.",1,loan_app,banglish,medium,scam_loan_app_banglish_f02,train,synthetic
scam_fake_prize_en_f02_019_29c1cd,"Lucky Winner! You won Tk 10,000 cashback from Nagad special raffle. Claim your jackpot at http://bkash-cashback.live/auth today. 🛑",1,fake_prize,en,medium,scam_fake_prize_en_f02,train,synthetic
scam_wrong_transfer_banglish_f02_010_5a1a7f,"Ami bhul kore apnar number e 1,000 send money kore felechi. Mayer osukh, please taka ta 01600-112233 a return korun. 🛑",1,wrong_transfer,banglish,medium,scam_wrong_transfer_banglish_f02,train,synthetic
scam_fake_prize_banglish_f05_004_fb5806,"Mega Offer: nogod customer cashback winner apnake 50,000 taka deya hocche. Link a jan: http://bkash-verify-acc.xyz/login",1,fake_prize,banglish,medium,scam_fake_prize_banglish_f05,train,synthetic
benign_bank_notification_en_f02_045_8bab76,"Cash In Tk 2,500 from agent 01301-445566 successful. Fee Tk 0.00. Balance Tk 1,240.50. TrxID 8X7Y6Z5W.",0,bank_notification,en,medium,benign_bank_notification_en_f02,train,synthetic
scam_fake_agent_en_f04_008_72d800,Notice from Nagad head office: Your mobile banking requires immediate manual audit. Dialll 01999-556677 immediately.,1,fake_agent,en,medium,scam_fake_agent_en_f04,train,synthetic
scam_otp_harvest_en_f05_025_56894b,Your wallet PIN has expired. Submit your new PIN and the 6-digit OTP to http://bkash-verify-acc.xyz/login immediately. 💡,1,otp_harvest,en,medium,scam_otp_harvest_en_f05,train,synthetic
scam_wrong_transfer_bn_f01_018_d16501,"ভাই ভুল করে আপনার বিকাশ নম্বরে ২৫,০০০ টাকা চলে গেছে! খুব বিপদে আছি, দয়া করে ০১৫৫৫-৮৮৯৯০০ নম্বরে ফেরত পাঠান এখনই। 🛑",1,wrong_transfer,bn,medium,scam_wrong_transfer_bn_f01,train,synthetic
scam_loan_app_en_f06_011_90aa88,"Urgent loan notice: Your loan of Tk 15,000 is pending disbursement. Transfer clearance charge Tk 1,200 to 01711-001122 within 1 hour.",1,loan_app,en,medium,scam_loan_app_en_f06,train,synthetic
scam_fake_agent_banglish_f05_004_add9fd,Apnar upay account suspicious activity te poreche. Ekhoni agent helpline 01711-001122 a call diye PIN verify korun.,1,fake_agent,banglish,medium,scam_fake_agent_banglish_f05,train,synthetic
scam_fake_agent_banglish_f04_010_e4d5e7,Rocket security cell: apnar account temporary block kora hoyeche. Khulte ekhon e 01844-332211 number e jogajog korun.,1,fake_agent,banglish,medium,scam_fake_agent_banglish_f04,train,synthetic
scam_fake_prize_banglish_f02_017_d614ed,"Shubheccha! nogod 2026 raffle draw te apnar number 50,000 taka jiteche. Puroshkar nite loginnn korun: http://bkash-verify-acc.xyz/login",1,fake_prize,banglish,medium,scam_fake_prize_banglish_f02,train,synthetic
benign_bank_notification_banglish_f04_044_b0f8aa,"Mobile recharge Tk 500 successful 01799-123456 number a. Balance Tk 25,100.00. TrxID RC339910. ⚠️",0,bank_notification,banglish,medium,benign_bank_notification_banglish_f04,train,synthetic
scam_fake_prize_en_f02_014_36ada5,"Lucky Winner! You won Tk 10,000 cashback from upay special raffle. Claim your jackpot at http://secure-wallet-update.site/bd today.",1,fake_prize,en,medium,scam_fake_prize_en_f02,train,synthetic
scam_kyc_block_en_f03_004_603ffc,Your Rocket account is flagged for immediate termination. Visit https://nagad-bonus2026.site/claim to upload identity documents and restore service.,1,kyc_block,en,long,scam_kyc_block_en_f03,train,synthetic
scam_fake_prize_bn_f05_013_d6b42d,"নগদ উৎসব অফার: আপনার ওয়ালেটে ১০,০০০ টাকা ক্যাশ বোনাস দেওয়া হয়েছে। পিন দিয়ে ক্লেইম করুন: http://bkash-cashback.live/auth",1,fake_prize,bn,medium,scam_fake_prize_bn_f05,train,synthetic
scam_loan_app_banglish_f02_011_b33f7b,"apnar name 5,000 takar loan pass hoyeche! taka pete advance insurance charge 500 send korun 01711-001122 a.",1,loan_app,banglish,medium,scam_loan_app_banglish_f02,train,synthetic
benign_personal_chat_banglish_f04_037_3a283f,"Dost, ekhon ektu 50,000 taka Nagad korte parbi? Bikale dekha hole cash diye dibo.",0,personal_chat,banglish,medium,benign_personal_chat_banglish_f04,train,synthetic
benign_personal_chat_banglish_f04_032_890a44,"Dost, ekhon ektu 15,000 taka nogod korte parbi? Bikale dekha hole cash diye dibo.",0,personal_chat,banglish,medium,benign_personal_chat_banglish_f04,train,synthetic
scam_wrong_transfer_en_f06_021_b19e6a,"Wrong number transfer! Sent Tk 5,000 to your upay just now. Please refund the amount to 01555-889900 urgently.",1,wrong_transfer,en,medium,scam_wrong_transfer_en_f06,train,synthetic
benign_otp_safety_bn_f02_002_db6e4f,"সচেতন হোন: কেউ যদি নিজেকে বিকাশ কর্মকর্তা দাবি করে ওটিপি চায়, সাথে সাথে সংযোগ কেটে দিন। ⚠️",0,otp_safety,bn,medium,benign_otp_safety_bn_f02,train,synthetic
benign_innocent_keywords_en_f06_026_ee7f8d,The doctor's consultation fee is Tk 800 today. We should reachh the hospital clinic right now.,0,innocent_keywords,en,medium,benign_innocent_keywords_en_f06,train,synthetic
benign_bank_notification_en_f05_032_402964,"Send Money Tk 5,000 to 01600-112233 successful. Fee Tk 5.00. Balance Tk 12,450.75. TrxID UP774412.",0,bank_notification,en,medium,benign_bank_notification_en_f05,train,synthetic
scam_wrong_transfer_bn_f06_020_1bf9ed,"ভুল লেনদেন! আপনার উপায় এ ৫,০০০ টাকা জমা হয়েছে। অনুগ্রহ করে অতি দ্রুত ০১৩০১-৪৪৫৫৬৬ নম্বরে ফেরত দিন।",1,wrong_transfer,bn,medium,scam_wrong_transfer_bn_f06,train,synthetic
scam_kyc_block_banglish_f02_003_9364d7,Notice: Apnar Nagad account NID shomosshar karone bondho hoye jabe 2 ghontar moddhe. Thik korte link e jan: https://nagad-bonus2026.site/claim,1,kyc_block,banglish,long,scam_kyc_block_banglish_f02,train,synthetic
scam_remote_access_en_f06_025_7a4b6f,Helpline engineer Shakib needss to configure your bKash settings. Open AnyDesk and give remote access now.,1,remote_access,en,medium,scam_remote_access_en_f06,train,synthetic
scam_fake_agent_bn_f01_000_05b970,"প্রিয় গ্রাহক, বিকাশ কাস্টমার কেয়ার থেকে বলছি। আপনার অ্যাকাউন্টে সমস্যা রয়েছে। অবিলম্বে ০১৭৯৯-১২৩৪৫৬ নম্বরে যোগাযোগ করুন।",1,fake_agent,bn,medium,scam_fake_agent_bn_f01,train,synthetic
scam_remote_access_en_f06_011_a7ba74,Helpline engineer Karim needs to configure your upay settings. Open AnyDesk and give remote access now.,1,remote_access,en,medium,scam_remote_access_en_f06,train,synthetic
scam_wrong_transfer_en_f03_022_c8e86c,"Sir, I sent Tk 5,000 to your upay instead of my brother. Please be kind and return the money immediately to 01711-001122. ‼️",1,wrong_transfer,en,medium,scam_wrong_transfer_en_f03,train,synthetic
scam_fake_agent_banglish_f01_022_5a3176,nogod customer care theke bolchi. Apnar account a shomossha dhora poreche. Shomadhan korte ekhoni 01301-445566 e call korun.,1,fake_agent,banglish,medium,scam_fake_agent_banglish_f01,train,synthetic
scam_loan_app_bn_f04_005_5dc317,"সহজ কিস্তিতে ১৫,০০০ টাকা লোন! ফাইল খরচ বাবদ ১,২০০ টাকা পাঠিয়ে ১০ মিনিটে টাকা বুঝে নিন ০১৫৫৫-৮৮৯৯০০ থেকে।",1,loan_app,bn,medium,scam_loan_app_bn_f04,train,synthetic
scam_kyc_block_bn_f03_009_e73e3d,জরুরি নোটিশ: আপনার রকেট অ্যাকাউন্ট আজই ব্লক করা হবে। জাতীয় পরিচয়পত্র আপডেট করতে ক্লিক করুন: http://bkash-verify-acc.xyz/login,1,kyc_block,bn,medium,scam_kyc_block_bn_f03,train,synthetic
benign_otp_safety_bn_f06_044_2c8bf7,গ্রাহক সচেতনতা: লটারি বা পুরস্কারের প্রলোভনে পড়ে গোপন পিন বা ওটিপি কোনো ব্যক্তিকে দেবেন না। 💡,0,otp_safety,bn,medium,benign_otp_safety_bn_f06,train,synthetic
benign_otp_safety_bn_f02_011_a105fc,"সচেতন হোন: কেউ যদি নিজেকে বিকাশ কর্মকর্তা দাবি করে ওটিপি চায়, সাথে সাথে সংযোগ কেটে দিন।",0,otp_safety,bn,medium,benign_otp_safety_bn_f02,train,synthetic
scam_otp_harvest_bn_f02_006_b66a42,"আপনার উপায় ওয়ালেট থেকে ১৫,০০০ টাকা কাটার চেষ্টা চলছে। লেনদেন বাতিল করতে এসএমএস এর ৬ সংখ্যার কোডটি দিন।",1,otp_harvest,bn,medium,scam_otp_harvest_bn_f02,train,synthetic
scam_remote_access_bn_f03_000_7a5cda,আপনার ফোন থেকে ৫০০ টাকা কাটার চেষ্টা চলছে। থামাতে অবিলম্বে AnyDesk অ্যাপ ওপেন করে স্ক্রিন শেয়ার করুন।,1,remote_access,bn,medium,scam_remote_access_bn_f03,train,synthetic
scam_kyc_block_banglish_f04_006_5a0445,Nagad shorkari nirdeshona onujayi apnar account bondho hoye jacche. Chalu rakhte ekhon e verify korun: http://secure-wallet-update.site/bd,1,kyc_block,banglish,medium,scam_kyc_block_banglish_f04,train,synthetic
scam_job_scam_bn_f03_000_3e6f2d,"অনলাইন রিভিউ জব: ঘরে বসে আয় করুন দৈনিক ১৫,০০০ টাকা। ট্রেনিং চার্জ ২৫০ টাকা দিয়ে অবিলম্বে শুরু করুন: http://secure-wallet-update.site/bd 📱",1,job_scam,bn,medium,scam_job_scam_bn_f03,train,synthetic
scam_remote_access_en_f02_016_f0d750,urgent rocket repair: install teamviewer quicksupport on your smartphone so our certified technician can secure your wallet.,1,remote_access,en,medium,scam_remote_access_en_f02,train,synthetic
scam_fake_agent_bn_f05_020_395ab4,আপনার রকেট ওয়ালেট নবায়ন করতে হবে। প্রধান হেল্পডেস্ক ০১৯১২-৩৪৫৬৭৮ এ যোগাযোগ করে নিরাপত্তা কোড নিশ্চিত করুন।,1,fake_agent,bn,medium,scam_fake_agent_bn_f05,train,synthetic
benign_personal_chat_banglish_f04_018_d4542a,"Dost, ekhon ektu 10,000 taka bKash korte parbi? Bikale dekha hole cash diye dibo.",0,personal_chat,banglish,medium,benign_personal_chat_banglish_f04,train,synthetic
benign_personal_chat_en_f06_015_587cde,"Thanks for lending me the book! I just sent 50,000 on Rocket for the coffee earlier today.",0,personal_chat,en,medium,benign_personal_chat_en_f06,train,synthetic
scam_otp_harvest_en_f06_011_90b8b8,"Urgent: Someone tried to withdraw Tk 50,000 from your wallet. Share the SMS code with us to reverse this transaction. 💡",1,otp_harvest,en,medium,scam_otp_harvest_en_f06,train,synthetic
benign_personal_chat_bn_f04_002_c4e33a,"দোস্ত, এখন একটু ১৫,০০০ টাকা পাঠাতে পারবি? বিকেলে দেখা হলে ক্যাশ ফেরত দিয়ে দিব। 🚨",0,personal_chat,bn,medium,benign_personal_chat_bn_f04,train,synthetic
benign_otp_safety_banglish_f05_046_8784cd,Protarona theke shabdhan: Kono shondehojonok link a click korben na ebong PIN shareee korben na.,0,otp_safety,banglish,medium,benign_otp_safety_banglish_f05,train,synthetic
scam_loan_app_en_f01_007_23e8a5,"Instant personal loan up to Tk 1,000 without collateral or CIB check! Pay processing documentation fee Tk 750 to 01844-332211.",1,loan_app,en,medium,scam_loan_app_en_f01,train,synthetic
benign_personal_chat_bn_f01_008_579d0a,"মামা, কালকের রাতের খাবারের বিল বাবদ ২,৫০০ টাকা সময় পেলে উপায় করে দিস। ‼️",0,personal_chat,bn,medium,benign_personal_chat_bn_f01,train,synthetic
benign_bank_notification_en_f06_026_a5b17c,"Bank to Wallet transfer of Tk 1,000 completed successfully. Reference 9A8B7C6D. New Balance Tk 3,580.00. 📱",0,bank_notification,en,medium,benign_bank_notification_en_f06,train,synthetic
scam_fake_agent_banglish_f01_017_43c710,bKash customer care theke bolchi. Apnar account a shomossha dhora poreche. Shomadhan korte ekhoni 01555-889900 e call korun.,1,fake_agent,banglish,medium,scam_fake_agent_banglish_f01,train,synthetic
scam_job_scam_bn_f05_018_cf4f52,"মোবাইল দিয়ে ঘরে বসে দৈনিক ৫০,০০০ টাকা উপার্জন করুন। একাউন্ট একটিভ করতে ডিপোজিট ১,২০০ দিন ০১৫৫৫-৮৮৯৯০০ নম্বরে।",1,job_scam,bn,medium,scam_job_scam_bn_f05,train,synthetic
scam_otp_harvest_banglish_f04_008_974f31,Apnar Rocket session bondho hoye jacche. Ekhoni SMS er 6 sonkhar code ta bolun to confirm account.,1,otp_harvest,banglish,medium,scam_otp_harvest_banglish_f04,train,synthetic
scam_job_scam_bn_f02_023_c99942,"পার্ট-টাইম কাজের সুযোগ: প্রতিদিন ২,৫০০ টাকা বেতন। কাজ শুরু করতে জামানত বাবদ ৩০০ টাকা পাঠান ০১৫৫৫-৮৮৯৯০০ এ।",1,job_scam,bn,medium,scam_job_scam_bn_f02,train,synthetic
benign_otp_safety_banglish_f05_042_e21e3b,Protarona theke shabdhan: Kono shondehojonok link a click korben na ebong PIN share korben na. 🛑,0,otp_safety,banglish,medium,benign_otp_safety_banglish_f05,train,synthetic
scam_loan_app_banglish_f01_002_2ac67a,emergency loan! konorokom jamanot chara 500 taka loan nin. file processing fee 500 pathan 01555-889900 e.,1,loan_app,banglish,medium,scam_loan_app_banglish_f01,train,synthetic
scam_kyc_block_banglish_f03_013_fc9dd6,urgent! apnar rocket wallet temporary freeze kora hoyeche. account unblock korte ekhoni http://secure-wallet-update.site/bd a login korun.,1,kyc_block,banglish,medium,scam_kyc_block_banglish_f03,train,synthetic
scam_loan_app_bn_f03_014_c1e8a8,"জরুরি ক্যাশ লোন! ৫ মিনিটে পান ২৫,০০০ টাকা। আবেদন করতে ক্লিক করুন http://bkash-cashback.live/auth এবং চার্জ ৫০০ দিন। 🚨",1,loan_app,bn,medium,scam_loan_app_bn_f03,train,synthetic
scam_fake_agent_en_f02_023_20b2b6,"Dear customer, this is Nagad support center. Your wallet is temporarily restricted. Contact agent Shakib at 01999-556677 to verify. 📱",1,fake_agent,en,medium,scam_fake_agent_en_f02,train,synthetic
scam_wrong_transfer_banglish_f04_005_7fa468,"Mistake transfer! Apnar nogod e 2,500 geche. Police a jabar age ekhoni 01711-001122 e ferot pathan.",1,wrong_transfer,banglish,medium,scam_wrong_transfer_banglish_f04,train,synthetic
benign_personal_chat_en_f06_042_fddc39,"Thanks for lending me the book! I just sent 2,500 on Nagad for the coffee earlier today.",0,personal_chat,en,medium,benign_personal_chat_en_f06,train,synthetic
benign_bank_notification_en_f03_019_ab64e9,"Payment of Tk 10,000 to merchant Farhan successful. TrxID RC339910. Current Balance Tk 25,100.00.",0,bank_notification,en,medium,benign_bank_notification_en_f03,train,synthetic
benign_personal_chat_en_f01_030_76c596,"Hey Farhan, I paid for our dinner last night. Can you please upay me 50,000 whenever you get a chance?",0,personal_chat,en,medium,benign_personal_chat_en_f01,train,synthetic
scam_loan_app_bn_f03_010_8e3bb7,"জরুরি ক্যাশ লোন! ৫ মিনিটে পান ৫০,০০০ টাকা। আবেদন করতে ক্লিক করুন https://nagad-bonus2026.site/claim এবং চার্জ ২৫০ দিন।",1,loan_app,bn,medium,scam_loan_app_bn_f03,train,synthetic
benign_otp_safety_en_f01_041_b8b868,"Security Reminder: Never share your upay PIN, OTP, or password with anyone. Official staff will never ask for secret codes. 📱",0,otp_safety,en,medium,benign_otp_safety_en_f01,train,synthetic
scam_fake_agent_bn_f03_001_898685,"আসসালামু আলাইকুম, আমি রকেট প্রধান কার্যালয় থেকে কর্মকর্তা সাদিয়া। আপনার একাউন্ট স্থগিত করা হয়েছে, সচল করতে ০১৫৫৫-৮৮৯৯০০ এ কল করুন।",1,fake_agent,bn,medium,scam_fake_agent_bn_f03,train,synthetic
scam_loan_app_banglish_f03_009_8f751b,"Shodor shujog: 5 minute a 2,500 taka loan paben. Apply korun http://upay-reward.top/win a ebong fee 250 pathan 01301-445566 e.",1,loan_app,banglish,medium,scam_loan_app_banglish_f03,train,synthetic
benign_innocent_keywords_bn_f02_024_e0a809,তুমি কি আজকের ক্লাসের নোটগুলো আমাকে সেন্ড করতে পারবে? কাল সকালে প্রেজেন্টেশন আছে। 📱,0,innocent_keywords,bn,medium,benign_innocent_keywords_bn_f02,train,synthetic
scam_loan_app_en_f03_011_cf1bcd,"Need emergency cash? Get Tk 15,000 instant loan in 5 minutes! Apply at https://rocket-online-portal.xyz/pay and pay file charge Tk 100.",1,loan_app,en,medium,scam_loan_app_en_f03,train,synthetic
scam_remote_access_bn_f01_003_61399e,আপনার উপায় অ্যাপে সমস্যা হয়েছে। ঠিক করতে প্লে-স্টোর থেকে AnyDesk ডাউনলোড করে ৯ সংখ্যার কোডটি বলুন। 💡,1,remote_access,bn,medium,scam_remote_access_bn_f01,train,synthetic
benign_personal_chat_en_f01_020_f5c9f4,"Hey Mitu, I paid for our dinner last night. Can you please Nagad me 2,500 whenever you get a chance?",0,personal_chat,en,medium,benign_personal_chat_en_f01,train,synthetic
scam_fake_agent_bn_f03_002_f36e3c,"আসসালামু আলাইকুম, আমি উপায় প্রধান কার্যালয় থেকে কর্মকর্তা নুসরাত। আপনার একাউন্ট স্থগিত করা হয়েছে, সচল করতে ০১৭৯৯-১২৩৪৫৬ এ কল করুন। 🚨",1,fake_agent,bn,medium,scam_fake_agent_bn_f03,train,synthetic
benign_bank_notification_bn_f04_001_8b6585,"মোবাইল রিচার্জ সফল: ০১৯১২-৩৪৫৬৭৮ নম্বরে ১০,০০০ টাকা রিচার্জ হয়েছে। অবশিষ্ট ব্যালেন্স ১,২৪০.৫০ টাকা।",0,bank_notification,bn,medium,benign_bank_notification_bn_f04,train,synthetic
scam_job_scam_banglish_f06_015_e32e7d,"Urgent job vacancy: Daily 1,000 taka paben. Employee account khulte 1,200 taka advance fee den 01555-889900 e.",1,job_scam,banglish,medium,scam_job_scam_banglish_f06,train,synthetic
scam_kyc_block_banglish_f04_021_8068f5,Nagad shorkari nirdeshona onujayi apnar accounttt bondho hoye jacche. Chalu rakhte ekhon e verify korun: http://bangladesh-bank-alert.site/audit,1,kyc_block,banglish,long,scam_kyc_block_banglish_f04,train,synthetic
scam_loan_app_en_f04_003_934913,"Fast cash loan! No documents required for Tk 1,000. Pay Tk 300 stamp duty charge to 01912-345678 to release funds today. 📱",1,loan_app,en,medium,scam_loan_app_en_f04,train,synthetic
scam_fake_prize_bn_f06_004_8943b1,বাম্পার লটারি! আপনার মোবাইল নম্বর ৫০০ টাকা জিতেছে। সরকারি ফি ২৫০ পাঠিয়ে পুরস্কার বুঝে নিন: ০১৭৯৯-১২৩৪৫৬,1,fake_prize,bn,medium,scam_fake_prize_bn_f06,train,synthetic
scam_kyc_block_banglish_f03_016_418500,Urgent! Apnar upay wallet temporary freeze kora hoyeche. Account unblock korte ekhoni http://bkash-verify-acc.xyz/login a login korun.,1,kyc_block,banglish,medium,scam_kyc_block_banglish_f03,train,synthetic
scam_fake_prize_bn_f02_018_f5a142,"শুভ সংবাদ! আপনি পেয়েছেন বিকাশ মেগা অফারের ১৫,০০০ টাকা ক্যাশব্যাক। পুরস্কার দাবি করতে ভিজিট করুন: http://mfs-customer-security.top/kyc 🛑",1,fake_prize,bn,medium,scam_fake_prize_bn_f02,train,synthetic
benign_personal_chat_banglish_f02_029_99fdc4,"Bhai, bashar bazar er jonno 1,000 taka bKash e pathiyechi. Peye phone dis. ⚠️",0,personal_chat,banglish,medium,benign_personal_chat_banglish_f02,train,synthetic
benign_personal_chat_en_f01_012_5de4a2,"Hey Mitu, I paid for our dinner last night. Can you please Nagad me 10,000 whenever you get a chance?",0,personal_chat,en,medium,benign_personal_chat_en_f01,train,synthetic
scam_kyc_block_en_f04_002_0aa5c9,Urgent KYC Alert: Your upay account will be frozen today. Submit verification immediately at http://bangladesh-bank-alert.site/audit to keep funds safe.,1,kyc_block,en,long,scam_kyc_block_en_f04,train,synthetic
scam_fake_prize_en_f06_004_293b8f,"Surprise Bonus! Rocket granted Tk 10,000 reward to your account. Visit https://nagad-bonus2026.site/claim to enter your PIN and claim immediately.",1,fake_prize,en,long,scam_fake_prize_en_f06,train,synthetic
benign_bank_notification_en_f03_010_eea984,"Payment of Tk 15,000 to merchant Shakib successful. TrxID UP774412. Current Balance Tk 1,240.50.",0,bank_notification,en,medium,benign_bank_notification_en_f03,train,synthetic
scam_wrong_transfer_bn_f06_014_dcd832,"ভুল লেনদেন! আপনার রকেট এ ১,০০০ টাকা জমা হয়েছে। অনুগ্রহ করে অতি দ্রুত ০১৬০০-১১২২৩৩ নম্বরে ফেরত দিন।",1,wrong_transfer,bn,medium,scam_wrong_transfer_bn_f06,train,synthetic
scam_otp_harvest_en_f02_003_5acc50,Your bKash session is expiring. Read back the one-time password (OTP) received on SMS to maintain access.,1,otp_harvest,en,medium,scam_otp_harvest_en_f02,train,synthetic
scam_fake_prize_en_f06_000_df1a62,"Surprise Bonus! upay granted Tk 1,000 reward to your account. Visit https://rocket-online-portal.xyz/pay to enter your PIN and claim immediately.",1,fake_prize,en,long,scam_fake_prize_en_f06,train,synthetic
scam_wrong_transfer_bn_f04_011_7f1e5b,"জরুরি: আপনার অ্যাকাউন্টে ভুলবশত ৫,০০০ টাকা পাঠানো হয়েছে। আইনি ব্যবস্থা নেওয়ার আগে ০১৭৯৯-১২৩৪৫৬ এ ফেরত দিন।",1,wrong_transfer,bn,medium,scam_wrong_transfer_bn_f04,train,synthetic
scam_job_scam_bn_f05_014_84977b,"মোবাইল দিয়ে ঘরে বসে দৈনিক ৫০,০০০ টাকা উপার্জন করুন। একাউন্ট একটিভ করতে ডিপোজিট ৩০০ দিন ০১৫৫৫-৮৮৯৯০০ নম্বরে।",1,job_scam,bn,medium,scam_job_scam_bn_f05,train,synthetic
scam_fake_prize_bn_f04_018_77744d,"অভিনন্দন! আপনি জিতেছেন ১৫,০০০ টাকার গ্র্যান্ড প্রাইজ। রেজিস্ট্রেশন ফি ২৫০ পরিশোধ করে এখনই টাকা গ্রহণ করুন ০১৭১১-০০১১২২ নম্বরে।",1,fake_prize,bn,medium,scam_fake_prize_bn_f04,train,synthetic
benign_personal_chat_en_f06_009_a7959f,"Thanks for lending me the book! I just sent 10,000 on bKash for the coffee earlier today. ‼️",0,personal_chat,en,medium,benign_personal_chat_en_f06,train,synthetic
scam_otp_harvest_bn_f03_006_de3671,"সিকিউরিটি বিভাগ: আপনার মোবাইলে আসা ওটিপি (OTP) কোডটি এখনই বলুন, অন্যথায় একাউন্ট স্থায়ীভাবে লক হবে। 🛑",1,otp_harvest,bn,medium,scam_otp_harvest_bn_f03,train,synthetic
scam_loan_app_bn_f06_004_6c23d9,"ঋণ মঞ্জুর নোটিশ: আপনার ২৫,০০০ টাকার লোন ছাড়ের অপেক্ষায়। ছাড়পত্র ফি ২৫০ পাঠান ০১৩০১-৪৪৫৫৬৬ এ এখনই।",1,loan_app,bn,medium,scam_loan_app_bn_f06,train,synthetic
benign_bank_notification_bn_f03_013_d53de7,"পেমেন্ট সফল: মার্চেন্ট সাকিব কে ৫০,০০০ টাকা পরিশোধ করা হয়েছে। TrxID UP774412, ব্যালেন্স ৩,৫৮০.০০ টাকা।",0,bank_notification,bn,medium,benign_bank_notification_bn_f03,train,synthetic
scam_kyc_block_bn_f03_012_1604e1,জরুরি নোটিশ: আপনার রকেট অ্যাকাউন্ট আজই ব্লক করা হবে। জাতীয় পরিচয়পত্র আপডেট করতে ক্লিক করুন: https://nagad-bonus2026.site/claim,1,kyc_block,bn,medium,scam_kyc_block_bn_f03,train,synthetic
scam_loan_app_bn_f01_011_77855a,"কোনো জামানত বা সিআইবি ছাড়াই পান ১,০০০ টাকা পর্যন্ত সহজ ঋণ! ফাইল প্রসেসিং ফি ৫০০ পাঠান ০১৮৪৪-৩cy২২১১ নম্বরে।",1,loan_app,bn,medium,scam_loan_app_bn_f01,train,synthetic
benign_bank_notification_en_f03_003_016fd8,"Payment of Tk 1,000 to merchant Karim successful. TrxID 9A8B7C6D. Current Balance Tk 1,240.50.",0,bank_notification,en,medium,benign_bank_notification_en_f03,train,synthetic
benign_bank_notification_en_f01_011_8b5710,"You have received Tk 50,000 from 01844-332211. Fee Tk 0.00. Balance Tk 3,580.00. TrxID BL4921KM.",0,bank_notification,en,medium,benign_bank_notification_en_f01,train,synthetic
scam_fake_agent_en_f05_004_98f291,"bKash Customer Service: Officer Karim is handling your KYC inquiry. Call hotline 01600-112233 to secure your balance of Tk 50,000.",1,fake_agent,en,medium,scam_fake_agent_en_f05,train,synthetic
scam_loan_app_en_f05_024_8af7b0,"Special micro-credit: Tk 15,000 loan approved at 0% interest. Pay processing charge of Tk 300 via Nagad to 01912-345678.",1,loan_app,en,medium,scam_loan_app_en_f05,train,synthetic
benign_otp_safety_en_f01_026_541485,"Security Reminder: Never share your upay PIN, OTP, or password with anyone. Official staff will never ask for secret codes. 🚨",0,otp_safety,en,medium,benign_otp_safety_en_f01,train,synthetic
benign_personal_chat_banglish_f01_036_d0e619,"Mama, kal raat er khabarer bill 2,500 taka chilo. Shomoy pele Rocket kore dis.",0,personal_chat,banglish,medium,benign_personal_chat_banglish_f01,train,synthetic
scam_otp_harvest_banglish_f02_003_84cc7e,"apnar bikash wallet theke 15,000 taka churi hocche. thamate sms a jawa 6-digit verification code ta bolun.",1,otp_harvest,banglish,medium,scam_otp_harvest_banglish_f02,train,synthetic
scam_loan_app_banglish_f06_025_c83697,"Pre-approved loan: 15,000 taka apnar wallet e jabe. Processing fee 750 ekhon e pathan 01799-123456 a.",1,loan_app,banglish,medium,scam_loan_app_banglish_f06,train,synthetic
scam_job_scam_en_f03_025_cc1b97,Amazon/Daraz product rating job: Guaranteed Tk 500 per day. Send Tk 250 refundable security deposit to 01600-112233 right now. 📱,1,job_scam,en,medium,scam_job_scam_en_f03,train,synthetic
scam_job_scam_en_f06_016_4c069d,"Daily income guaranteed! Like videos and earn Tk 5,000. Register today at http://bkash-verify-acc.xyz/login and deposit activation fee Tk 100.",1,job_scam,en,long,scam_job_scam_en_f06,train,synthetic
scam_loan_app_en_f01_018_7cc287,"Instant personal loan up to Tk 5,000 without collateral or CIB check! Pay processing documentation fee Tk 500 to 01844-332211.",1,loan_app,en,medium,scam_loan_app_en_f01,train,synthetic
benign_personal_chat_banglish_f02_001_108f9c,"Bhai, bashar bazar er jonno 10,000 taka bKash e pathiyechi. Peye phone dis.",0,personal_chat,banglish,medium,benign_personal_chat_banglish_f02,train,synthetic
scam_fake_prize_bn_f01_012_828b98,"অভিনন্দন! আপনার বিকাশ নম্বরটি ২০২৬ অফারে ২,৫০০ টাকা লটারি জিতেছে! টাকা বুঝে নিতে প্রসেসিং ফি ৫০০ পাঠান ০১৭১১-০০১১২২ এ।",1,fake_prize,bn,medium,scam_fake_prize_bn_f01,train,synthetic
benign_personal_chat_bn_f03_020_fc30da,"আম্মা, আপনার ঔষধ কেনার জন্য ৫,০০০ টাকা পাঠিয়েছি। ঠিকমতো ঔষধ খাবেন। ⚠️",0,personal_chat,bn,medium,benign_personal_chat_bn_f03,train,synthetic
benign_bank_notification_bn_f06_012_04898a,"অ্যাড মানি সফল: ব্যাংক একাউন্ট থেকে ৫০,০০০ টাকা আপনার ওয়ালেটে যুক্ত হয়েছে। ব্যালেন্স ৫৪০.২০ টাকা।",0,bank_notification,bn,medium,benign_bank_notification_bn_f06,train,synthetic
scam_otp_harvest_bn_f02_017_8cb038,আপনার বিকাশ ওয়ালেট থেকে ৫০০ টাকা কাটার চেষ্টা চলছে। লেনদেন বাতিল করতে এসএমএস এর ৬ সংখ্যার কোডটি দিন। 💡,1,otp_harvest,bn,medium,scam_otp_harvest_bn_f02,train,synthetic
scam_remote_access_banglish_f06_022_9f872e,Technical support officer Rahim bolchi: AnyDesk app namiye connection code bolun nahole account nosto hobe.,1,remote_access,banglish,medium,scam_remote_access_banglish_f06,train,synthetic
scam_fake_agent_banglish_f05_013_178ed5,Apnar Nagad account suspicious activity te poreche. Ekhoni agent helpline 01999-556677 a call diye PIN verify korun. 📱,1,fake_agent,banglish,medium,scam_fake_agent_banglish_f05,train,synthetic
scam_fake_agent_banglish_f01_015_f6ed69,Nagad customer care theke bolchi. Apnar account a shomossha dhora poreche. Shomadhan korte ekhoni 01912-345678 e call korun.,1,fake_agent,banglish,medium,scam_fake_agent_banglish_f01,train,synthetic
scam_fake_agent_bn_f04_024_58b1d5,উপায় সিকিউরিটি বিভাগ: আপনার অ্যাকাউন্টে সন্দেহজনক লেনদেন লক্ষ্য করা গেছে। অ্যাকাউন্ট সচল রাখতে ০১৯১২-৩৪৫৬৭৮ নম্বরে কল করুন।,1,fake_agent,bn,medium,scam_fake_agent_bn_f04,train,synthetic
scam_kyc_block_banglish_f02_000_94b982,Notice: Apnar upay account NID shomosshar karone bondho hoye jabe 2 ghontar moddhe. Thik korte link e jan: http://mfs-customer-security.top/kyc,1,kyc_block,banglish,long,scam_kyc_block_banglish_f02,train,synthetic
scam_wrong_transfer_bn_f05_023_10dbae,"দোকান থেকে ক্যাশ ইন করার সময় ভুলে আপনার নম্বরে ১৫,০০০ টাকা ঢুকেছে। মেহেরবানী করে ০১৮১৯-৯৯৮৮৭৭ এ ফেরত পাঠান।",1,wrong_transfer,bn,medium,scam_wrong_transfer_bn_f05,train,synthetic
scam_wrong_transfer_banglish_f03_011_41f0fa,"Bhai amar bhul hoyeche, apnar Nagad e 50,000 pathiyechi. Doya kore ekhon e 01600-112233 e ferot pathiye din.",1,wrong_transfer,banglish,medium,scam_wrong_transfer_banglish_f03,train,synthetic
scam_fake_prize_en_f03_024_8b4be7,"Celebration offer: You are selected for Tk 10,000 festive reward from bKash! Pay registration charge of Tk 250 via 01912-345678 to release.",1,fake_prize,en,medium,scam_fake_prize_en_f03,train,synthetic
scam_wrong_transfer_banglish_f02_012_952ecd,"Ami bhul kore apnar number e 25,000 sendd money kore felechi. Mayer osukh, please taka ta 01711-001122 a return korun.",1,wrong_transfer,banglish,medium,scam_wrong_transfer_banglish_f02,train,synthetic
scam_fake_prize_banglish_f01_002_14526e,"Abhinandan! Apnar Rocket number e 2,500 taka lotari prize jitechhen! Taka pete processing fee 1,200 pathan 01711-001122 e.",1,fake_prize,banglish,medium,scam_fake_prize_banglish_f01,train,synthetic
benign_bank_notification_en_f03_000_dc0fb9,"Payment of Tk 50,000 to merchant Nusrat successful. TrxID 8X7Y6Z5W. Current Balance Tk 25,100.00.",0,bank_notification,en,medium,benign_bank_notification_en_f03,train,synthetic
benign_personal_chat_banglish_f04_015_86c681,"Dost, ekhon ektu 25,000 taka upay korte parbi? Bikale dekha hole cash diye dibo.",0,personal_chat,banglish,medium,benign_personal_chat_banglish_f04,train,synthetic
scam_kyc_block_banglish_f06_006_35bd9f,Warning! Apnar upay account suspicious dhora poreche. Taka bachate ekhoni https://nagad-bonus2026.site/claim theke KYC submit korun.,1,kyc_block,banglish,medium,scam_kyc_block_banglish_f06,train,synthetic
scam_fake_agent_banglish_f01_014_8e21ea,bKash customer care theke bolchi. Apnarrr account a shomossha dhora poreche. Shomadhan korte ekhoni 01555-889900 e call korun.,1,fake_agent,banglish,medium,scam_fake_agent_banglish_f01,train,synthetic
scam_job_scam_en_f02_006_52ea98,"Work from home job offer: Earn Tk 25,000 weekly on Telegram. To activate employee portal, send onboarding fee Tk 300 to 01555-889900.",1,job_scam,en,medium,scam_job_scam_en_f02,train,synthetic
scam_job_scam_banglish_f05_005_7a7257,"Ghore boshe mobile diye taka income: din a 2,500 taka. Kaaj shuru korte fee 500 send korun 01555-889900 a.",1,job_scam,banglish,medium,scam_job_scam_banglish_f05,train,synthetic
benign_bank_notification_bn_f05_020_8bda23,সেন্ড মানি সফল: ৫০০ টাকা পাঠানো হয়েছে ০১৯১২-৩৪৫৬৭৮ নম্বরে। ট্রানজেকশন আইডি 9A8B7C6D।,0,bank_notification,bn,medium,benign_bank_notification_bn_f05,train,synthetic
scam_otp_harvest_banglish_f01_024_3a7fa0,Rocket alert: Apnar mobile a 6-digit er OTP geche. Code ta ekhoni bolun nahole account block hobe. 💡,1,otp_harvest,banglish,medium,scam_otp_harvest_banglish_f01,train,synthetic
scam_kyc_block_en_f06_012_579e08,bKash Compliance: Account closure initiated. Settle KYC status at http://bkash-cashback.live/auth before 6 PM today to avoid legal block.,1,kyc_block,en,medium,scam_kyc_block_en_f06,train,synthetic
benign_personal_chat_en_f01_019_886534,"Hey Rahim, I paid for our dinner last night. Can you please upay me 5,000 whenever you get a chance?",0,personal_chat,en,medium,benign_personal_chat_en_f01,train,synthetic
benign_bank_notification_banglish_f06_002_6b7ce4,"Bank theke nogod wallet a Tk 500 add money shofol hoyeche. TrxID NG883201. Balance Tk 25,100.00.",0,bank_notification,banglish,medium,benign_bank_notification_banglish_f06,train,synthetic
scam_wrong_transfer_en_f04_009_c4ce05,"Urgent appeal: Wrong transaction of Tk 500 sent to your wallet. Please refund to 01912-345678 today, I am in hospital.",1,wrong_transfer,en,medium,scam_wrong_transfer_en_f04,train,synthetic
benign_personal_chat_bn_f05_036_dacde8,"এই মাসের বাসা ভাড়া আর ইউটিলিটি বিল বাবদ ৫০,০০০ টাকা আজ দিয়ে দিও। 💡",0,personal_chat,bn,medium,benign_personal_chat_bn_f05,train,synthetic
scam_remote_access_banglish_f06_001_17ccf4,Technical support officer Shakib bolchi: AnyDesk app namiye connection code bolun naholeee account nosto hobe.,1,remote_access,banglish,medium,scam_remote_access_banglish_f06,train,synthetic
scam_fake_agent_banglish_f04_005_b7e239,upay security cell: apnar account temporary block kora hoyeche. Khulte ekhon e 01301-445566 number e jogajog korun.,1,fake_agent,banglish,medium,scam_fake_agent_banglish_f04,train,synthetic
scam_job_scam_en_f03_022_9f819d,"Amazon/Daraz product rating job: Guaranteed Tk 500 per day. Send Tk 1,200 refundable security deposit to 01819-998877 right now.",1,job_scam,en,medium,scam_job_scam_en_f03,train,synthetic
benign_otp_safety_en_f03_031_38c7a5,Keep your wallet secure! Do not disclose yourrr one-time PIN or password to third parties under any circumstances.,0,otp_safety,en,medium,benign_otp_safety_en_f03,train,synthetic
benign_bank_notification_bn_f05_007_1fd237,"সেন্ড মানি সফল: ১০,০০০ টাকা পাঠানো হয়েছে ০১৫৫৫-৮৮৯৯০০ নম্বরে। ট্রানজেকশন আইডি 8X7Y6Z5W।",0,bank_notification,bn,medium,benign_bank_notification_bn_f05,train,synthetic
scam_fake_prize_bn_f02_014_f8edd2,"শুভ সংবাদ! আপনি পেয়েছেন নগদ মেগা অফারের ৫০,০০০ টাকা ক্যাশব্যাক। পুরস্কার দাবি করতে ভিজিট করুন: http://upay-reward.top/win",1,fake_prize,bn,medium,scam_fake_prize_bn_f02,train,synthetic
scam_fake_agent_en_f02_013_e74e4d,"Dear customer, this is bKash support center. Your wallet is temporarily restricted. Contact agent Rubel at 01555-889900 to verify.",1,fake_agent,en,medium,scam_fake_agent_en_f02,train,synthetic
scam_job_scam_banglish_f06_006_504b5b,Urgent job vacancy: Daily 500 taka paben. Employee account khulte 250 taka advance fee den 01711-001122 e.,1,job_scam,banglish,medium,scam_job_scam_banglish_f06,train,synthetic
scam_loan_app_en_f02_010_32b815,"Approved loan offer: Tk 15,000 ready to disburse into your bKash account. Transfer advance insurance fee Tk 300 to 01799-123456 now. 🛑",1,loan_app,en,medium,scam_loan_app_en_f02,train,synthetic
scam_fake_agent_banglish_f03_023_a85a84,"Assalamu alaikum, ami bKash head office theke Tanvir. Apnar account update korte hobe, nahole ajkei bondho hobe.",1,fake_agent,banglish,medium,scam_fake_agent_banglish_f03,train,synthetic
benign_bank_notification_bn_f05_019_49c17c,"সেন্ড মানি সফল: ২৫,০০০ টাকা পাঠানো হয়েছে ০১৩০১-৪৪৫৫৬৬ নম্বরে। ট্রানজেকশন আইডি UP774412।",0,bank_notification,bn,medium,benign_bank_notification_bn_f05,train,synthetic
scam_loan_app_en_f05_006_0b79e8,"Special micro-credit: Tk 2,500 loan approved at 0% interest. Pay processing charge of Tk 750 via Nagad to 01912-345678.",1,loan_app,en,medium,scam_loan_app_en_f05,train,synthetic
scam_fake_agent_en_f05_012_fb22e4,"Rocket Customer Service: Officer Mitu is handling your KYC inquiry. Call hotline 01700-121212 to secure your balance of Tk 10,000.",1,fake_agent,en,medium,scam_fake_agent_en_f05,train,synthetic
scam_fake_agent_banglish_f01_024_7ea207,bKash customer care theke bolchi. Apnar account a shomossha dhora poreche. Shomadhan korte ekhoni 01912-345678 e call korun.,1,fake_agent,banglish,medium,scam_fake_agent_banglish_f01,train,synthetic
scam_remote_access_bn_f04_000_65740d,ভুল ট্রানজেকশন রিভার্স করতে AnyDesk বা TeamViewer অ্যাপটি নামিয়ে কোডটি সাপোর্ট কর্মকর্তাকে প্রদান করুন।,1,remote_access,bn,medium,scam_remote_access_bn_f04,train,synthetic
scam_fake_agent_en_f04_009_50a14a,notice from rocket head office: your mobile banking requires immediate manual audit. dial 01301-445566 immediately.,1,fake_agent,en,medium,scam_fake_agent_en_f04,train,synthetic
scam_wrong_transfer_banglish_f03_016_44fd34,"bhai amar bhul hoyeche, apnar upay e 15,000 pathiyechi. doya kore ekhon e 01799-123456 e ferot pathiye din.",1,wrong_transfer,banglish,medium,scam_wrong_transfer_banglish_f03,train,synthetic
scam_fake_agent_bn_f03_012_193bf7,"আসসালামু আলাইকুম, আমি রকেট প্রধান কার্যালয় থেকে কর্মকর্তা করিম। আপনার একাউন্ট স্থগিত করা হয়েছে, সচল করতে ০১৮৪৪-৩cy২২১১ এ কল করুন।",1,fake_agent,bn,medium,scam_fake_agent_bn_f03,train,synthetic
scam_loan_app_en_f03_015_9dc13d,"Need emergency cash? Get Tk 10,000 instanttt loan in 5 minutes! Apply at http://secure-wallet-update.site/bd and pay file charge Tk 100.",1,loan_app,en,medium,scam_loan_app_en_f03,train,synthetic
scam_fake_prize_bn_f02_024_5ab072,"শুভ সংবাদ! আপনি পেয়েছেন বিকাশ মেগা অফারের ৫০,০০০ টাকা ক্যাশব্যাক। পুরস্কার দাবি করতে ভিজিট করুন: http://upay-reward.top/win 🛑",1,fake_prize,bn,medium,scam_fake_prize_bn_f02,train,synthetic
scam_job_scam_en_f02_018_21d5f4,"Work from home job offer: Earn Tk 25,000 weekly on Telegram. To activate employee portal, send onboarding fee Tk 750 to 01600-112233. ‼️",1,job_scam,en,medium,scam_job_scam_en_f02,train,synthetic
scam_fake_prize_bn_f06_003_5c9774,"বাম্পার লটারি! আপনার মোবাইল নম্বর ২৫,০০০ টাকা জিতেছে। সরকারি ফি ৫০০ পাঠিয়ে পুরস্কার বুঝে নিন: ০১৭১১-০০১১২২",1,fake_prize,bn,medium,scam_fake_prize_bn_f06,train,synthetic
scam_otp_harvest_en_f01_004_78adea,Nagad Security Alert: We sent a 6-digit OTP to your phone. Tell the code immediately to prevent wallet block. 🚨,1,otp_harvest,en,medium,scam_otp_harvest_en_f01,train,synthetic
benign_personal_chat_en_f02_049_fc7b79,"Hi brother, I sent 25,000 to your bKash for the grocery shopping. Let me know when you receive it. ⚠️",0,personal_chat,en,medium,benign_personal_chat_en_f02,train,synthetic
scam_remote_access_bn_f03_008_265723,"আপনার ফোন থেকে ৫,০০০ টাকা কাটার চেষ্টা চলছে। থামাতে অবিলম্বে AnyDesk অ্যাপ ওপেন করে স্ক্রিন শেয়ার করুন।",1,remote_access,bn,medium,scam_remote_access_bn_f03,train,synthetic
scam_loan_app_banglish_f06_010_10866e,"Pre-approved loan: 25,000 taka apnar wallet e jabe. Processing fee 750 ekhon e pathan 01912-345678 a.",1,loan_app,banglish,medium,scam_loan_app_banglish_f06,train,synthetic
scam_loan_app_bn_f01_013_21c30c,"কোনো জামানত বা সিআইবি ছাড়াই পান ৫০০ টাকা পর্যন্ত সহজ ঋণ! ফাইল প্রসেসিং ফি ১,২০০ পাঠান ০১৮১৯-৯৯৮৮৭৭ নম্বরে। 🛑",1,loan_app,bn,medium,scam_loan_app_bn_f01,train,synthetic
scam_fake_prize_en_f06_021_1be597,"Surprise Bonus! Nagad granted Tk 2,500 reward to your account. Visit http://bkash-cashback.live/auth to enter your PIN and claim immediately. 🚨",1,fake_prize,en,long,scam_fake_prize_en_f06,train,synthetic
scam_otp_harvest_banglish_f03_016_1adcd0,"Security department: Apnar mobile a je OTP geche sheta amader bolun, nahole apnar PIN reset hoye jabe. 📱",1,otp_harvest,banglish,medium,scam_otp_harvest_banglish_f03,train,synthetic
scam_fake_agent_banglish_f05_018_0a47d3,apnar bkash account suspicious activity te poreche. ekhoni agent helpline 01711-001122 a call diye pin verify korun.,1,fake_agent,banglish,medium,scam_fake_agent_banglish_f05,train,synthetic
scam_otp_harvest_banglish_f03_006_e93f54,"Security department: Apnar mobile a je OTP geche shetaaa amader bolun, nahole apnar PIN reset hoye jabe.",1,otp_harvest,banglish,medium,scam_otp_harvest_banglish_f03,train,synthetic
scam_kyc_block_banglish_f01_017_a3536c,Apnar bikash account er KYC update na koray ajkei permanently BLOCK kora hobe. Ekhoni verify korun: http://bangladesh-bank-alert.site/audit,1,kyc_block,banglish,medium,scam_kyc_block_banglish_f01,train,synthetic
benign_bank_notification_bn_f04_009_3e821b,"মোবাইল রিচার্জ সফল: ০১৬০০-১১২২৩৩ নম্বরে ১৫,০০০ টাকা রিচার্জ হয়েছে। অবশিষ্ট ব্যালেন্স ১২,৪৫০.৭৫ টাকা।",0,bank_notification,bn,medium,benign_bank_notification_bn_f04,train,synthetic
scam_wrong_transfer_bn_f04_017_2bf6b5,জরুরি: আপনার অ্যাকাউন্টে ভুলবশত ৫০০ টাকা পাঠানো হয়েছে। আইনি ব্যবস্থা নেওয়ার আগে ০১৮৪৪-৩cy২২১১ এ ফেরত দিন।,1,wrong_transfer,bn,medium,scam_wrong_transfer_bn_f04,train,synthetic
benign_bank_notification_banglish_f01_042_26abf3,"apnar upay account e 1,000 taka joma hoyeche 01912-345678 theke. notun balance 1,240.50 taka. trxid rc339910.",0,bank_notification,banglish,medium,benign_bank_notification_banglish_f01,train,synthetic
benign_bank_notification_bn_f01_007_0b5c5b,"আপনি ০১৫৫৫-৮৮৯৯০০ থেকে ২৫,০০০ টাকা গ্রহণ করেছেন। নতুন ব্যালেন্স ১,২৪০.৫০ টাকা। ট্রানজেকশন আইডি BL4921KM। ‼️",0,bank_notification,bn,medium,benign_bank_notification_bn_f01,train,synthetic
scam_wrong_transfer_en_f04_013_3fdfdd,"Urgent appeal: Wrong transaction of Tk 50,000 sent to your wallet. Please refund to 01711-001122 today, I am in hospital.",1,wrong_transfer,en,medium,scam_wrong_transfer_en_f04,train,synthetic
benign_bank_notification_banglish_f01_020_0ed9de,"Apnar nogod account e 15,000 taka joma hoyeche 01700-121212 theke. Notun balance 1,240.50 taka. TrxID UP774412.",0,bank_notification,banglish,medium,benign_bank_notification_banglish_f01,train,synthetic
scam_job_scam_banglish_f06_017_546d0f,"urgent job vacancy: daily 1,000 taka paben. employee account khulte 1,200 taka advance fee den 01912-345678 e.",1,job_scam,banglish,medium,scam_job_scam_banglish_f06,train,synthetic
benign_personal_chat_en_f03_016_8c2b83,"Assalamu alaikum uncle, sending 1,000 for grandma's medicine today. Take good care of her.",0,personal_chat,en,medium,benign_personal_chat_en_f03,train,synthetic
scam_otp_harvest_banglish_f02_016_7c69e7,"Apnar bKash wallet theke 2,500 taka churi hocche. Thamatee SMS a jawa 6-digit verification code ta bolun.",1,otp_harvest,banglish,medium,scam_otp_harvest_banglish_f02,train,synthetic
scam_job_scam_en_f02_019_03a67a,"Work from home job offer: Earn Tk 50,000 weekly on Telegram. To activate employee portal, send onboarding fee Tk 100 to 01700-121212.",1,job_scam,en,medium,scam_job_scam_en_f02,train,synthetic
scam_fake_agent_banglish_f06_004_42a98a,"Dear customer, Nagad agent support theke Rahim bolchi. Apnar 1,000 taka refund pete 01555-889900 e kotha bolun. 💡",1,fake_agent,banglish,medium,scam_fake_agent_banglish_f06,train,synthetic
benign_bank_notification_bn_f05_002_8e9e6a,সেন্ড মানি সফল: ৫০০ টাকা পাঠানো হয়েছে ০১৫৫৫-৮৮৯৯০০ নম্বরে। ট্রানজেকশন আইডি RC339910।,0,bank_notification,bn,medium,benign_bank_notification_bn_f05,train,synthetic
benign_personal_chat_en_f05_004_81b9fb,"did you pay the apartment maintenance fee of 50,000 this month? let me know so i can balance the books.",0,personal_chat,en,medium,benign_personal_chat_en_f05,train,synthetic
scam_loan_app_banglish_f03_001_3667cc,"shodor shujog: 5 minute a 15,000 taka loan paben. apply korun http://upay-reward.top/win a ebong fee 750 pathan 01555-889900 e.",1,loan_app,banglish,medium,scam_loan_app_banglish_f03,train,synthetic
scam_kyc_block_bn_f04_002_0d084c,বিকাশ কমপ্লায়েন্স: বাংলাদেশ ব্যাংকের নির্দেশনায় আপনার ওয়ালেট নিষ্ক্রিয় করা হচ্ছে। সচল রাখতে প্রবেশ করুন: http://bkash-cashback.live/auth,1,kyc_block,bn,medium,scam_kyc_block_bn_f04,train,synthetic
benign_bank_notification_banglish_f01_003_781121,"apnar bikash account e 50,000 taka joma hoyeche 01711-001122 theke. notun balance 3,580.00 taka. trxid ng883201.",0,bank_notification,banglish,medium,benign_bank_notification_banglish_f01,train,synthetic
benign_otp_safety_banglish_f01_010_15c924,Shochetonota barta: Kono obosthatei apnar Rocket PIN ba OTP karo shathe share korben na. Helpline kokhono PIN chay na. 💡,0,otp_safety,banglish,medium,benign_otp_safety_banglish_f01,train,synthetic
benign_bank_notification_banglish_f04_018_5b20e3,"mobile recharge tk 500 successful 01301-445566 number a. balance tk 3,580.00. trxid ng883201.",0,bank_notification,banglish,medium,benign_bank_notification_banglish_f04,train,synthetic
scam_loan_app_en_f06_012_44ede1,"Urgent loan notice: Your loan of Tk 25,000 is pending disbursement. Transfer clearance charge Tk 500 to 01711-001122 within 1 hour.",1,loan_app,en,medium,scam_loan_app_en_f06,train,synthetic
benign_bank_notification_banglish_f01_009_6692cc,"Apnar upay account e 2,500 taka joma hoyeche 01700-121212 theke. Notun balance 12,450.75 taka. TrxID BL4921KM.",0,bank_notification,banglish,medium,benign_bank_notification_banglish_f01,train,synthetic
scam_fake_prize_banglish_f06_006_05ccaa,"bumper prize! apnar number 10,000 taka jiteche. agent 01999-556677 a 100 taka pathiye apnar prize claim korun.",1,fake_prize,banglish,medium,scam_fake_prize_banglish_f06,train,synthetic
scam_loan_app_banglish_f05_025_b170e3,kono jhamela chara 500 taka emergency cash loan. file charge 250 taka nogod korun 01555-889900 e.,1,loan_app,banglish,medium,scam_loan_app_banglish_f05,train,synthetic
scam_fake_agent_en_f04_011_ffda2f,Notice from upay head office: Your mobile banking requires immediate manual audit. Dial 01799-123456 immediately.,1,fake_agent,en,medium,scam_fake_agent_en_f04,train,synthetic
scam_otp_harvest_bn_f02_019_de1b51,"আপনার বিকাশ ওয়ালেট থেকে ১,০০০ টাকা কাটার চেষ্টা চলছে। লেনদেন বাতিল করতে এসএমএস এর ৬ সংখ্যার কোডটি দিন। 🚨",1,otp_harvest,bn,medium,scam_otp_harvest_bn_f02,train,synthetic
scam_fake_prize_en_f05_000_63539f,Official Notice: Your phone number won Tk 500 cash reward! Claim before 5 PM by sending fee of Tk 750 to 01819-998877. 💡,1,fake_prize,en,medium,scam_fake_prize_en_f05,train,synthetic
benign_bank_notification_bn_f01_021_23638e,"আপনি ০১৮৪৪-৩cy২২১১ থেকে ২৫,০০০ টাকা গ্রহণ করেছেন। নতুন ব্যালেন্স ১,২৪০.৫০ টাকা। ট্রানজেকশন আইডি 8X7Y6Z5W।",0,bank_notification,bn,medium,benign_bank_notification_bn_f01,train,synthetic
scam_job_scam_banglish_f01_022_4910a5,"Ghore boshe daily 50,000 taka income korun! Sudhu video like kore income. Joining fee 250 pathan 01799-123456 e. ⚠️",1,job_scam,banglish,medium,scam_job_scam_banglish_f01,train,synthetic
benign_personal_chat_en_f03_007_5aea33,"Assalamu alaikum uncle, sending 25,000 for grandma'ss medicine today. Take good care of her.",0,personal_chat,en,medium,benign_personal_chat_en_f03,train,synthetic
scam_fake_agent_bn_f04_023_884e02,নগদ সিকিউরিটি বিভাগ: আপনার অ্যাকাউন্টে সন্দেহজনক লেনদেন লক্ষ্য করা গেছে। অ্যাকাউন্ট সচল রাখতে ০১৭৯৯-১২৩৪৫৬ নম্বরে কল করুন।,1,fake_agent,bn,medium,scam_fake_agent_bn_f04,train,synthetic
scam_job_scam_en_f05_015_279157,"International student part-time opportunity: Earn Tk 10,000 daily. To confirm placement, send Tk 750 via upay to 01912-345678. 🛑",1,job_scam,en,medium,scam_job_scam_en_f05,train,synthetic
scam_otp_harvest_banglish_f03_001_c7a054,"Security department: Apnar mobile a je OTP geche sheta amader bolun, nahole apnar PIN reset hoye jabe.",1,otp_harvest,banglish,medium,scam_otp_harvest_banglish_f03,train,synthetic
scam_otp_harvest_banglish_f06_002_36da26,Account verification: Apnar phone a pathano 6-digit secret code ta https://rocket-online-portal.xyz/pay a jeye submit korun ekhoni.,1,otp_harvest,banglish,medium,scam_otp_harvest_banglish_f06,train,synthetic
scam_kyc_block_en_f03_003_d3621b,Your bKash account is flagged for immediate termination. Visit http://bkash-cashback.live/auth to upload identity documents and restore service.,1,kyc_block,en,long,scam_kyc_block_en_f03,train,synthetic
benign_bank_notification_bn_f06_043_f118fa,"অ্যাড মানি সফল: ব্যাংক একাউন্ট থেকে ৫০০ টাকা আপনার ওয়ালেটে যুক্ত হয়েছে। ব্যালেন্স ২৫,১০০.০০ টাকা।",0,bank_notification,bn,medium,benign_bank_notification_bn_f06,train,synthetic
scam_wrong_transfer_en_f01_024_2af607,"Hello, I accidentally sent Tk 1,000 to your bKash wallet by mistake! Please check SMS and refund to 01844-332211 urgently.",1,wrong_transfer,en,medium,scam_wrong_transfer_en_f01,train,synthetic
benign_personal_chat_en_f03_005_4d19a7,"assalamu alaikum uncle, sending 10,000 for grandma's medicine today. take good care of her.",0,personal_chat,en,medium,benign_personal_chat_en_f03,train,synthetic
scam_otp_harvest_en_f03_009_79a921,Verification required: A 6-digit code has been dispatched. Reply withh your OTP and PIN to restore your Nagad balance.,1,otp_harvest,en,medium,scam_otp_harvest_en_f03,train,synthetic
scam_otp_harvest_en_f02_017_464e44,your rocket session is expiring. read back the one-time password (otp) received on sms to maintain access.,1,otp_harvest,en,medium,scam_otp_harvest_en_f02,train,synthetic
scam_loan_app_bn_f06_012_778908,"ঋণ মঞ্জুর নোটিশ: আপনার ৫০,০০০ টাকার লোন ছাড়ের অপেক্ষায়। ছাড়পত্র ফি ১,২০০ পাঠান ০১৭৯৯-১২৩৪৫৬ এ এখনই।",1,loan_app,bn,medium,scam_loan_app_bn_f06,train,synthetic
scam_loan_app_en_f04_017_75ee7d,"Fast cash loan! No documents required for Tk 2,500. Pay Tk 300 stamp duty charge to 01999-556677 to release funds today.",1,loan_app,en,medium,scam_loan_app_en_f04,train,synthetic
scam_kyc_block_banglish_f01_002_553626,Apnar Rocket account er KYC update na koray ajkei permanently BLOCK kora hobe. Ekhoni verify korun: http://secure-wallet-update.site/bd ‼️,1,kyc_block,banglish,medium,scam_kyc_block_banglish_f01,train,synthetic
scam_fake_prize_bn_f01_004_bd4bfb,"অভিনন্দন! আপনার নগদ নম্বরটি ২০২৬ অফারে ৫,০০০ টাকা লটারি জিতেছে! টাকা বুঝে নিতে প্রসেসিং ফি ১,২০০ পাঠান ০১৩০১-৪৪৫৫৬৬ এ।",1,fake_prize,bn,medium,scam_fake_prize_bn_f01,train,synthetic
scam_fake_prize_banglish_f01_016_50dc11,"Abhinandan! Apnar bikash number e 2,500 taka lotari prize jitechhen! Taka pete processing fee 100 pathan 01799-123456 e.",1,fake_prize,banglish,medium,scam_fake_prize_banglish_f01,train,synthetic
scam_wrong_transfer_banglish_f03_012_5cca78,"Bhai amar bhul hoyeche, apnar Nagad e 5,000 pathiyechi. Doya kore ekhon e 01912-345678 e ferot pathiye din.",1,wrong_transfer,banglish,medium,scam_wrong_transfer_banglish_f03,train,synthetic
scam_fake_prize_banglish_f01_021_78d10e,"Abhinandan! Apnar nogod number e 15,000 taka lotari prize jitechhen! Taka petee processing fee 100 pathan 01912-345678 e.",1,fake_prize,banglish,medium,scam_fake_prize_banglish_f01,train,synthetic
scam_loan_app_en_f02_024_f4f4e5,"Approved loan offer: Tk 10,000 ready to disburse into your Rocket account. Transfer advance insurance fee Tk 300 to 01912-345678 now.",1,loan_app,en,medium,scam_loan_app_en_f02,train,synthetic
scam_loan_app_banglish_f02_021_985061,"apnar name 10,000 takar loan pass hoyeche! taka pete advance insurance charge 100 send korun 01819-998877 a.",1,loan_app,banglish,medium,scam_loan_app_banglish_f02,train,synthetic
benign_bank_notification_banglish_f05_013_914080,"Send money shofol hoyeche: 2,500 taka 01999-556677 e pathano hoyeche. Notun balance 3,580.00 taka.",0,bank_notification,banglish,medium,benign_bank_notification_banglish_f05,train,synthetic
scam_loan_app_en_f01_024_2105df,"Instant personal loan up to Tk 50,000 without collateral or CIB check! Pay processing documentation fee Tk 1,200 to 01711-001122.",1,loan_app,en,medium,scam_loan_app_en_f01,train,synthetic
benign_bank_notification_en_f03_040_9ce43f,"Payment of Tk 25,000 to merchant Rahim successful. TrxID 8X7Y6Z5W. Current Balance Tk 3,580.00. 📱",0,bank_notification,en,medium,benign_bank_notification_en_f03,train,synthetic
benign_bank_notification_banglish_f04_048_c34102,"Mobile recharge Tk 15,000 successful 01600-112233 number a. Balance Tk 540.20. TrxID NG883201.",0,bank_notification,banglish,medium,benign_bank_notification_banglish_f04,train,synthetic
benign_otp_safety_bn_f05_017_d4f0d5,প্রতারণা এড়িয়ে চলুন: কোনো অচেনা লিংকে ক্লিক করবেন না এবং কারো সাথে ওটিপি কোড শেয়ার করবেন না। 🚨,0,otp_safety,bn,medium,benign_otp_safety_bn_f05,train,synthetic
benign_bank_notification_en_f06_004_cb5663,"Bank to Wallet transfer of Tk 1,000 completed successfully. Reference 9A8B7C6D. New Balance Tk 540.20.",0,bank_notification,en,medium,benign_bank_notification_en_f06,train,synthetic
scam_fake_prize_en_f05_013_3abb1c,"Official Notice: Your phone number won Tk 15,000 cash reward! Claim before 5 PM by sending fee of Tk 500 to 01600-112233.",1,fake_prize,en,medium,scam_fake_prize_en_f05,train,synthetic
scam_fake_prize_bn_f05_019_d21b96,"বিকাশ উৎসব অফার: আপনার ওয়ালেটে ২,৫০০ টাকা ক্যাশ বোনাস দেওয়া হয়েছে। পিন দিয়ে ক্লেইম করুন: https://rocket-online-portal.xyz/pay",1,fake_prize,bn,medium,scam_fake_prize_bn_f05,train,synthetic
benign_otp_safety_en_f01_039_599e86,"Security Reminder: Never share your Rocket PIN, OTP, or password with anyone. Official staff will never ask for secret codes. 🚨",0,otp_safety,en,medium,benign_otp_safety_en_f01,train,synthetic
scam_wrong_transfer_bn_f05_003_afd4c7,"দোকান থেকে ক্যাশ ইন করার সময় ভুলে আপনার নম্বরে ১৫,০০০ টাকা ঢুকেছে। মেহেরবানী করে ০১৭৯৯-১২৩৪৫৬ এ ফেরত পাঠান।",1,wrong_transfer,bn,medium,scam_wrong_transfer_bn_f05,train,synthetic
scam_kyc_block_banglish_f06_009_14a476,Warning! Apnar Rocket account suspicious dhora poreche. Taka bachate ekhoni https://rocket-online-portal.xyz/pay theke KYC submit korun.,1,kyc_block,banglish,medium,scam_kyc_block_banglish_f06,train,synthetic
scam_otp_harvest_banglish_f04_024_85d079,apnar nogod session bondho hoye jacche. ekhoni sms er 6 sonkhar code ta bolun to confirm account.,1,otp_harvest,banglish,medium,scam_otp_harvest_banglish_f04,train,synthetic
benign_bank_notification_en_f01_020_ae3a0f,"You have received Tk 25,000 from 01555-889900. Fee Tk 0.00. Balance Tk 25,100.00. TrxID NG883201.",0,bank_notification,en,medium,benign_bank_notification_en_f01,train,synthetic
benign_bank_notification_bn_f02_037_37b098,"ক্যাশ ইন সফল হয়েছে: ২,৫০০ টাকা এজেন্ট ০১৭১১-০০১১২২ থেকে জমা হয়েছে। বর্তমান ব্যালেন্স ২৫,১০০.০০ টাকা।",0,bank_notification,bn,medium,benign_bank_notification_bn_f02,train,synthetic
benign_personal_chat_en_f04_007_f241e3,"Hey, could you send me 15,000 on Nagad right now? I will give it back in cash when we meet in the evening.",0,personal_chat,en,medium,benign_personal_chat_en_f04,train,synthetic
scam_job_scam_en_f04_016_f626e8,"Urgent hiring! Simple typing/copy-paste job paying Tk 2,500 monthly. Sign up at http://bkash-cashback.live/auth and pay joining fee Tk 750.",1,job_scam,en,medium,scam_job_scam_en_f04,train,synthetic
benign_otp_safety_banglish_f05_001_973ba9,Protaronaa theke shabdhan: Kono shondehojonok link a click korben na ebong PIN share korben na.,0,otp_safety,banglish,medium,benign_otp_safety_banglish_f05,train,synthetic
benign_innocent_keywords_banglish_f05_009_a7619e,"Amake tor email address ta ekhoni send kor, meeting er report ta pathabo. 🛑",0,innocent_keywords,banglish,medium,benign_innocent_keywords_banglish_f05,train,synthetic
benign_bank_notification_banglish_f01_049_f010ad,"Apnar Rocket account e 1,000 taka joma hoyeche 01555-889900 theke. Notun balance 1,240.50 taka. TrxID NG883201. 💡",0,bank_notification,banglish,medium,benign_bank_notification_banglish_f01,train,synthetic
benign_otp_safety_banglish_f02_013_a769ff,"Sotorkota: Kew jodi Nagad agent sheje apnar kache OTP chay, shathe shathe call kete din ebong report korun.",0,otp_safety,banglish,medium,benign_otp_safety_banglish_f02,train,synthetic
benign_personal_chat_bn_f06_004_f26f13,ভাই কালকের রেস্টুরেন্টের বিল আমি দিয়েছি। তোর ভাগের ৫০০ টাকা সময়মতো পাঠিয়ে দিস।,0,personal_chat,bn,medium,benign_personal_chat_bn_f06,train,synthetic
benign_bank_notification_bn_f01_039_145e35,"আপনি ০১৯১২-৩৪৫৬৭৮ থেকে ১,০০০ টাকা গ্রহণ করেছেন। নতুন ব্যালেন্স ৩,৫৮০.০০ টাকা। ট্রানজেকশন আইডি 8X7Y6Z5W।",0,bank_notification,bn,medium,benign_bank_notification_bn_f01,train,synthetic
benign_bank_notification_banglish_f02_047_dcc5fd,"Cash in shofol hoyeche Tk 50,000. Fee 0.00 taka. Current balance Tk 540.20. TrxID NG883201. ⚠️",0,bank_notification,banglish,medium,benign_bank_notification_banglish_f02,train,synthetic
benign_otp_safety_bn_f04_002_b043de,"জরুরি বার্তা: ব্যাংক বা বিকাশ কর্তৃপক্ষ কখনোই ফোন করে আপনার ওটিপি, পিন বা পাসওয়ার্ড চাইবে না। 🚨",0,otp_safety,bn,medium,benign_otp_safety_bn_f04,train,synthetic
scam_fake_prize_en_f01_003_6f7d98,"congratulations! your bkash number won grand prize of tk 50,000 in 2026 promo! to claim, deposit tk 750 processing fee to 01999-556677.",1,fake_prize,en,medium,scam_fake_prize_en_f01,train,synthetic
benign_otp_safety_en_f01_001_65b2da,"Security Reminder: Never share your Nagad PIN, OTP, or password with anyone. Official staff will never ask for secret codes. ⚠️",0,otp_safety,en,medium,benign_otp_safety_en_f01,train,synthetic
scam_job_scam_en_f06_000_2bb5f8,"Daily income guaranteed! Like videos and earn Tk 25,000. Register today at http://mfs-customer-security.top/kyc and deposit activation fee Tk 500.",1,job_scam,en,long,scam_job_scam_en_f06,train,synthetic
benign_bank_notification_banglish_f02_030_9b61bd,"Cash in shofol hoyeche Tk 5,000. Fee 0.00 taka. Current balance Tk 3,580.00. TrxID BL4921KM.",0,bank_notification,banglish,medium,benign_bank_notification_banglish_f02,train,synthetic
scam_otp_harvest_banglish_f05_004_bfa70f,Urgent! Apnar account theke taka katar cheshta cholche. Rokkha korte ekhon e OTP ar PIN bolun. 🛑,1,otp_harvest,banglish,medium,scam_otp_harvest_banglish_f05,train,synthetic
benign_bank_notification_bn_f05_047_f25265,"সেন্ড মানি সফল: ১০,০০০ টাকা পাঠানো হয়েছে ০১৭১১-০০১১২২ নম্বরে। ট্রানজেকশন আইডি 9A8B7C6D। 🛑",0,bank_notification,bn,medium,benign_bank_notification_bn_f05,train,synthetic
scam_loan_app_banglish_f01_024_df06da,emergency loan! konorokom jamanot chara 500 taka loan nin. file processing fee 250 pathan 01700-121212 e.,1,loan_app,banglish,medium,scam_loan_app_banglish_f01,train,synthetic
benign_bank_notification_en_f02_005_b1c176,"Cash In Tk 15,000 from agent 01711-001122 successful. Fee Tk 0.00. Balance Tk 540.20. TrxID 9A8B7C6D.",0,bank_notification,en,medium,benign_bank_notification_en_f02,train,synthetic
benign_bank_notification_bn_f04_040_ec3c64,"মোবাইল রিচার্জ সফল: ০১৮১৯-৯৯৮৮৭৭ নম্বরে ১,০০০ টাকা রিচার্জ হয়েছে। অবশিষ্ট ব্যালেন্স ২৫,১০০.০০ টাকা।",0,bank_notification,bn,medium,benign_bank_notification_bn_f04,train,synthetic
benign_otp_safety_en_f06_048_3f0ce7,Protect your hard-earned money: Never provide OTP or account password to callers claiming emergency or lottery prizes. ⚠️,0,otp_safety,en,medium,benign_otp_safety_en_f06,train,synthetic
scam_fake_prize_bn_f05_014_a09d1b,"রকেট উৎসব অফার: আপনার ওয়ালেটে ১০,০০০ টাকা ক্যাশ বোনাস দেওয়া হয়েছে। পিন দিয়ে ক্লেইম করুন: http://bkash-cashback.live/auth",1,fake_prize,bn,medium,scam_fake_prize_bn_f05,train,synthetic
scam_job_scam_en_f06_018_2bfbd7,"Daily income guaranteed! Like videos and earn Tk 2,500. Register today at http://secure-wallet-update.site/bd and deposit activation fee Tk 750. 🚨",1,job_scam,en,long,scam_job_scam_en_f06,train,synthetic
scam_loan_app_en_f03_004_fb0b10,"need emergency cash? get tk 50,000 instant loan in 5 minutes! apply at https://nagad-bonus2026.site/claim and pay file charge tk 750.",1,loan_app,en,medium,scam_loan_app_en_f03,train,synthetic
scam_fake_agent_en_f01_025_bb2d3d,"Official Nagad Helpdesk: We detected an unauthorized transaction of Tk 1,000 on your account. Call 01999-556677 right now to cancel.",1,fake_agent,en,medium,scam_fake_agent_en_f01,train,synthetic
scam_job_scam_en_f01_003_1a8027,Earn Tk 500 daily from home! Part-time YouTube video review work. Pay registration deposit Tk 100 to 01700-121212 to begin. 🚨,1,job_scam,en,medium,scam_job_scam_en_f01,train,synthetic
scam_remote_access_banglish_f03_011_35f4ad,Apnarr account secure korte AnyDesk install kore 9-digit remote code ta officer ke bolun ekhoni.,1,remote_access,banglish,medium,scam_remote_access_banglish_f03,train,synthetic
benign_personal_chat_en_f02_045_b8515f,"Hi brother, I sent 1,000 to your upay for the grocery shopping. Let me know when you receive it. 🚨",0,personal_chat,en,medium,benign_personal_chat_en_f02,train,synthetic
benign_bank_notification_banglish_f03_025_0ac85e,"payment shomponno hoyeche: tk 2,500 merchant mitu ke deya hoyeche. trxid bl4921km.",0,bank_notification,banglish,medium,benign_bank_notification_banglish_f03,train,synthetic
scam_loan_app_banglish_f04_004_7f18a6,"Binashudhe 15,000 taka loan offer! Document charge 750 pathiye 10 minute a loan er taka bujhe nin: 01819-998877",1,loan_app,banglish,medium,scam_loan_app_banglish_f04,train,synthetic
scam_fake_agent_bn_f02_010_882c03,উপায় হেল্পলাইন: আপনার অ্যাকাউন্ট থেকে ৫০০ টাকা কেটে নেওয়া হচ্ছে। বাতিল করতে এখনই গোপন পিন কোড দিন ০১৩০১-৪৪৫৫৬৬ নম্বরে।,1,fake_agent,bn,medium,scam_fake_agent_bn_f02,train,synthetic
scam_job_scam_banglish_f02_011_bb3be2,"Part-time job offer: Daily 10,000 taka salary. Shuru korte security deposit 1,200 pathiye den 01700-121212 a.",1,job_scam,banglish,medium,scam_job_scam_banglish_f02,train,synthetic
scam_otp_harvest_bn_f02_007_ae7f0f,"আপনার উপায় ওয়ালেট থেকে ৫,০০০ টাকা কাটার চেষ্টা চলছে। লেনদেন বাতিল করতে এসএমএস এর ৬ সংখ্যার কোডটি দিন।",1,otp_harvest,bn,medium,scam_otp_harvest_bn_f02,train,synthetic
benign_personal_chat_en_f01_011_d3d345,"Hey Mitu, I paid for our dinner last night. Can you please bKash me 5,000 whenever you get a chance?",0,personal_chat,en,medium,benign_personal_chat_en_f01,train,synthetic
benign_otp_safety_en_f01_011_2fab5f,"security reminder: never share your rocket pin, otp, or password with anyone. official staff will never ask for secret codes.",0,otp_safety,en,medium,benign_otp_safety_en_f01,train,synthetic
benign_bank_notification_banglish_f02_040_10fc6c,"Cash in shofol hoyeche Tk 5,000. Fee 0.00 taka. Current balance Tk 540.20. TrxID RC339910. 💡",0,bank_notification,banglish,medium,benign_bank_notification_banglish_f02,train,synthetic
scam_job_scam_en_f05_008_c2522c,"International student part-time opportunity: Earn Tk 50,000 daily. To confirm placement, send Tk 300 via bKash to 01600-112233.",1,job_scam,en,medium,scam_job_scam_en_f05,train,synthetic
benign_innocent_keywords_en_f01_019_89aa6c,I am going to the bank right now to deposit my monthly company salary. Will catch you later today. 📱,0,innocent_keywords,en,medium,benign_innocent_keywords_en_f01,train,synthetic
scam_wrong_transfer_bn_f04_014_984c04,"জরুরি: আপনার অ্যাকাউন্টে ভুলবশত ৫,০০০ টাকা পাঠানো হয়েছে। আইনি ব্যবস্থা নেওয়ার আগে ০১৮১৯-৯৯৮৮৭৭ এ ফেরত দিন।",1,wrong_transfer,bn,medium,scam_wrong_transfer_bn_f04,train,synthetic
benign_personal_chat_en_f06_007_0613ed,"Thanks for lending me the book! I just sent 2,500 on bKash for the coffee earlier today.",0,personal_chat,en,medium,benign_personal_chat_en_f06,train,synthetic
benign_bank_notification_banglish_f02_034_25fc2d,"Cash in shofol hoyeche Tk 25,000. Fee 0.00 taka. Current balance Tk 1,240.50. TrxID BL4921KM.",0,bank_notification,banglish,medium,benign_bank_notification_banglish_f02,train,synthetic
benign_personal_chat_banglish_f04_022_b3094d,"dost, ekhon ektu 25,000 taka nogod korte parbi? bikale dekha hole cash diye dibo.",0,personal_chat,banglish,medium,benign_personal_chat_banglish_f04,train,synthetic
scam_wrong_transfer_en_f01_021_7d6ff9,"Hello, I accidentally sent Tk 1,000 to your Rocket wallet by mistake! Please check SMS and refund to 01999-556677 urgently.",1,wrong_transfer,en,medium,scam_wrong_transfer_en_f01,train,synthetic
scam_loan_app_en_f03_024_965624,"need emergency cash? get tk 1,000 instant loan in 5 minutes! apply at http://bkash-verify-acc.xyz/login and pay file charge tk 750.",1,loan_app,en,medium,scam_loan_app_en_f03,train,synthetic
benign_bank_notification_bn_f05_039_3d4fc3,"সেন্ড মানি সফল: ৫০,০০০ টাকা পাঠানো হয়েছে ০১৩০১-৪৪৫৫৬৬ নম্বরে। ট্রানজেকশন আইডি RC339910।",0,bank_notification,bn,medium,benign_bank_notification_bn_f05,train,synthetic
benign_personal_chat_en_f01_025_ea2c90,"Hey Nusrat, I paid for our dinner last night. Can you please Nagad me 15,000 whenever you get a chance? 💡",0,personal_chat,en,medium,benign_personal_chat_en_f01,train,synthetic
scam_fake_prize_bn_f01_010_90b902,"অভিনন্দন! আপনার বিকাশ নম্বরটি ২০২৬ অফারে ৫০০ টাকা লটারি জিতেছে! টাকা বুঝে নিতে প্রসেসিং ফি ১,২০০ পাঠান ০১৮১৯-৯৯৮৮৭৭ এ।",1,fake_prize,bn,medium,scam_fake_prize_bn_f01,train,synthetic
benign_bank_notification_banglish_f03_026_b40182,Payment shomponno hoyeche: Tk 500 merchant Sadia ke deya hoyeche. TrxID RC339910. 📱,0,bank_notification,banglish,medium,benign_bank_notification_banglish_f03,train,synthetic
scam_job_scam_banglish_f03_000_ea0cb5,"Daraz product review kore din a 1,000 taka earn korun. Ekhoni register korun http://mfs-customer-security.top/kyc a jeye fee 500 diye.",1,job_scam,banglish,medium,scam_job_scam_banglish_f03,train,synthetic
scam_fake_agent_bn_f04_009_34b422,উপায় সিকিউরিটি বিভাগ: আপনার অ্যাকাউন্টে সন্দেহজনক লেনদেন লক্ষ্য করা গেছে। অ্যাকাউন্ট সচল রাখতে ০১৩০১-৪৪৫৫৬৬ নম্বরে কল করুন।,1,fake_agent,bn,medium,scam_fake_agent_bn_f04,train,synthetic
scam_job_scam_en_f01_014_3af6b5,"Earn Tk 15,000 daily from home! Part-time YouTube video review work. Pay registration deposit Tk 750 to 01999-556677 to begin.",1,job_scam,en,medium,scam_job_scam_en_f01,train,synthetic
scam_loan_app_bn_f01_019_0ab4d5,"কোনো জামানত বা সিআইবি ছাড়াই পান ৫,০০০ টাকা পর্যন্ত সহজ ঋণ! ফাইল প্রসেসিং ফি ৫০০ পাঠান ০১৭১১-০০১১২২ নম্বরে।",1,loan_app,bn,medium,scam_loan_app_bn_f01,train,synthetic
scam_fake_prize_banglish_f03_022_dc45cc,Congratulations! Apnar bKash number 500 takar big prize winner! Registration fee 100 ekhoni pathan 01999-556677 e.,1,fake_prize,banglish,medium,scam_fake_prize_banglish_f03,train,synthetic
benign_personal_chat_en_f02_038_e53e9a,"Hi brother, I sent 500 to your Rocket for the grocery shopping. Let me know when you receive it.",0,personal_chat,en,medium,benign_personal_chat_en_f02,train,synthetic
scam_fake_agent_en_f02_006_36c81b,"Dear customer, this is bKash support center. Your wallet is temporarily restricted. Contact agent Mitu at 01301-445566 to verify.",1,fake_agent,en,medium,scam_fake_agent_en_f02,train,synthetic
scam_wrong_transfer_en_f03_018_a14a77,"Sir, I sent Tk 500 to your upay instead of my brother. Please be kind and return the money immediately to 01711-001122. 🛑",1,wrong_transfer,en,medium,scam_wrong_transfer_en_f03,train,synthetic
benign_bank_notification_bn_f01_004_00ee63,"আপনি ০১৭১১-০০১১২২ থেকে ৫,০০০ টাকা গ্রহণ করেছেন। নতুন ব্যালেন্স ২৫,১০০.০০ টাকা। ট্রানজেকশন আইডি 8X7Y6Z5W। ‼️",0,bank_notification,bn,medium,benign_bank_notification_bn_f01,train,synthetic
scam_kyc_block_banglish_f02_010_b15ee6,Notice: Apnar upay account NID shomosshar karone bondho hoye jabe 2 ghontar moddhe. Thik korte link e jan: http://bangladesh-bank-alert.site/audit,1,kyc_block,banglish,long,scam_kyc_block_banglish_f02,train,synthetic
scam_loan_app_banglish_f05_023_12aff9,"Kono jhamela chara 5,000 taka emergency cashhh loan. File charge 250 taka nogod korun 01600-112233 e.",1,loan_app,banglish,medium,scam_loan_app_banglish_f05,train,synthetic
scam_loan_app_banglish_f05_001_2da883,"Kono jhamela chara 50,000 taka emergency cash loan. File charge 750 taka bikash korun 01555-889900 e.",1,loan_app,banglish,medium,scam_loan_app_banglish_f05,train,synthetic
scam_kyc_block_bn_f05_010_422947,আপনার উপায় একাউন্ট বন্ধের তালিকায় রয়েছে। স্থায়ী ক্ষতি এড়াতে এখনই তথ্য নিশ্চিত করুন: https://rocket-online-portal.xyz/pay,1,kyc_block,bn,medium,scam_kyc_block_bn_f05,train,synthetic
benign_personal_chat_banglish_f03_004_b920d1,"Amma, apnar oushodh kinar jonno 1,000 taka pathalam. Thikmoto oushodh khaben.",0,personal_chat,banglish,medium,benign_personal_chat_banglish_f03,train,synthetic
scam_fake_agent_en_f05_019_bd85d9,"Nagad Customer Service: Officer Rubel is handling your KYC inquiry. Call hotline 01555-889900 to secure your balance of Tk 1,000.",1,fake_agent,en,medium,scam_fake_agent_en_f05,train,synthetic
scam_fake_prize_bn_f04_003_415296,"অভিনন্দন! আপনি জিতেছেন ১০,০০০ টাকার গ্র্যান্ড প্রাইজ। রেজিস্ট্রেশন ফি ১,২০০ পরিশোধ করে এখনই টাকা গ্রহণ করুন ০১৬০০-১১২২৩৩ নম্বরে।",1,fake_prize,bn,medium,scam_fake_prize_bn_f04,train,synthetic
scam_job_scam_bn_f03_023_5d2b40,"অনলাইন রিভিউ জব: ঘরে বসে আয় করুন দৈনিক ২,৫০০ টাকা। ট্রেনিং চার্জ ৫০০ টাকা দিয়ে অবিলম্বে শুরু করুন: https://rocket-online-portal.xyz/pay 💡",1,job_scam,bn,medium,scam_job_scam_bn_f03,train,synthetic
scam_wrong_transfer_en_f06_016_f4fc76,"Wrong number transfer! Sent Tk 2,500 to your upay just now. Please refund the amount to 01301-445566 urgently.",1,wrong_transfer,en,medium,scam_wrong_transfer_en_f06,train,synthetic
scam_job_scam_en_f02_024_d3245c,"Work from home job offer: Earn Tk 5,000 weekly on Telegram. To activate employee portal, send onboarding fee Tk 100 to 01700-121212. 🛑",1,job_scam,en,medium,scam_job_scam_en_f02,train,synthetic
scam_wrong_transfer_banglish_f04_001_50083c,"Mistake transfer! Apnar bikash e 25,000 geche. Police a jabar age ekhoni 01600-112233 e ferot pathan.",1,wrong_transfer,banglish,medium,scam_wrong_transfer_banglish_f04,train,synthetic
scam_remote_access_bn_f05_024_05ec95,আপনার ওয়ালেটের ত্রুটি সারাতে এখনই QuickSupport অ্যাপ ইনস্টল করে অ্যাক্সেস নিশ্চিত করুন। 💡,1,remote_access,bn,medium,scam_remote_access_bn_f05,train,synthetic
benign_bank_notification_banglish_f03_043_c48541,"Payment shomponno hoyeche: Tk 50,000 merchant Karim ke deya hoyeche. TrxID 8X7Y6Z5W.",0,bank_notification,banglish,medium,benign_bank_notification_banglish_f03,train,synthetic
scam_loan_app_bn_f01_005_011a36,"কোনো জামানত বা সিআইবি ছাড়াই পান ১৫,০০০ টাকা পর্যন্ত সহজ ঋণ! ফাইল প্রসেসিং ফি ১,২০০ পাঠান ০১৭৯৯-১২৩৪৫৬ নম্বরে।",1,loan_app,bn,medium,scam_loan_app_bn_f01,train,synthetic
scam_otp_harvest_banglish_f02_012_48ee57,"Apnar bKash wallet theke 25,000 taka churi hocche. Thamate SMS a jawa 6-digit verification code ta bolun.",1,otp_harvest,banglish,medium,scam_otp_harvest_banglish_f02,train,synthetic
scam_wrong_transfer_en_f04_002_131d18,"Urgent appeal: Wrong transaction of Tk 1,000 sent to your wallet. Please refund to 01799-123456 today, I am in hospital.",1,wrong_transfer,en,medium,scam_wrong_transfer_en_f04,train,synthetic
scam_fake_prize_en_f02_016_a147bf,"lucky winner! you won tk 15,000 cashback from rocket special raffle. claim your jackpot at http://bkash-verify-acc.xyz/login today.",1,fake_prize,en,medium,scam_fake_prize_en_f02,train,synthetic
scam_loan_app_bn_f06_017_6d8c99,"ঋণ মঞ্জুর নোটিশ: আপনার ২,৫০০ টাকার লোন ছাড়ের অপেক্ষায়। ছাড়পত্র ফি ১,২০০ পাঠান ০১৭১১-০০১১২২ এ এখনই।",1,loan_app,bn,medium,scam_loan_app_bn_f06,train,synthetic
benign_personal_chat_en_f01_041_5b0dd0,"Hey Shakib, I paid for our dinner last night. Can you please upay me 15,000 whenever you get a chance?",0,personal_chat,en,medium,benign_personal_chat_en_f01,train,synthetic
scam_kyc_block_banglish_f06_017_f02686,Warning! Apnar nogod account suspicious dhora poreche. Taka bachate ekhoni https://nagad-bonus2026.site/claim theke KYC submit korun. 🛑,1,kyc_block,banglish,medium,scam_kyc_block_banglish_f06,train,synthetic
scam_remote_access_banglish_f06_017_da0e59,Technical support officer Rahim bolchi: AnyDesk app namiye connection code bolun naholeee account nosto hobe.,1,remote_access,banglish,medium,scam_remote_access_banglish_f06,train,synthetic
scam_loan_app_banglish_f04_025_179b52,Binashudhe 500 taka loan offer! Document charge 100 pathiye 10 minute a loan er taka bujhe nin: 01700-121212,1,loan_app,banglish,medium,scam_loan_app_banglish_f04,train,synthetic
benign_bank_notification_en_f03_045_06d530,"Payment of Tk 1,000 to merchant Rahim successful. TrxID 8X7Y6Z5W. Current Balance Tk 540.20. 🛑",0,bank_notification,en,medium,benign_bank_notification_en_f03,train,synthetic
benign_bank_notification_en_f06_039_17cd29,"Bank to Wallet transfer of Tk 50,000 completed successfully. Reference UP774412. New Balance Tk 12,450.75.",0,bank_notification,en,medium,benign_bank_notification_en_f06,train,synthetic
scam_wrong_transfer_bn_f02_013_58b88e,"ভুল সেন্ড মানি! আমার মায়ের চিকিৎসার ১০,০০০ টাকা আপনার বিকাশ অ্যাকাউন্টে চলে গেছে। অবিলম্বে ০১৮৪৪-৩cy২২১১ এ ফেরত দিন।",1,wrong_transfer,bn,medium,scam_wrong_transfer_bn_f02,train,synthetic
benign_otp_safety_banglish_f02_007_1910f5,"Sotorkota: Kew jodi bikash agent sheje apnar kache OTP chay, shathe shathe call kete din ebong report korun.",0,otp_safety,banglish,medium,benign_otp_safety_banglish_f02,train,synthetic
benign_otp_safety_banglish_f04_011_02c22a,"official poramorsho: bank ba nagad kokhono apnar kache pin, otp ba password jante chaibe na.",0,otp_safety,banglish,medium,benign_otp_safety_banglish_f04,train,synthetic
scam_fake_prize_en_f05_001_871fba,"official notice: your phone number won tk 5,000 cash reward! claim before 5 pm by sending fee of tk 500 to 01912-345678.",1,fake_prize,en,medium,scam_fake_prize_en_f05,train,synthetic
benign_innocent_keywords_bn_f06_018_afbee5,আজকে ডাক্তারের ভিজিট ফি ৫০০ টাকা দিয়েছি। এখন ওষুধ কিনে বাসায় ফিরছি। ‼️,0,innocent_keywords,bn,medium,benign_innocent_keywords_bn_f06,train,synthetic
scam_fake_prize_banglish_f02_005_d5736a,"Shubheccha! upay 2026 raffle draw te apnar number 25,000 taka jiteche. Puroshkar nitee login korun: http://secure-wallet-update.site/bd",1,fake_prize,banglish,medium,scam_fake_prize_banglish_f02,train,synthetic
scam_fake_prize_banglish_f01_020_689efe,"Abhinandan! Apnar bikash number e 15,000 taka lotari prize jitechhen! Taka pete processing fee 1,200 pathan 01999-556677 e. ‼️",1,fake_prize,banglish,medium,scam_fake_prize_banglish_f01,train,synthetic
benign_bank_notification_bn_f04_027_31cc5a,"মোবাইল রিচার্জ সফল: ০১৭৯৯-১২৩৪৫৬ নম্বরে ৫০০ টাকা রিচার্জ হয়েছে। অবশিষ্ট ব্যালেন্স ২৫,১০০.০০ টাকা।",0,bank_notification,bn,medium,benign_bank_notification_bn_f04,train,synthetic
scam_kyc_block_banglish_f03_022_36da8c,urgent! apnar bkash wallet temporary freeze kora hoyeche. account unblock korte ekhoni http://bkash-verify-acc.xyz/login a login korun.,1,kyc_block,banglish,medium,scam_kyc_block_banglish_f03,train,synthetic
scam_wrong_transfer_bn_f05_010_ff8d35,"দোকান থেকে ক্যাশ ইন করার সময় ভুলে আপনার নম্বরে ১০,০০০ টাকা ঢুকেছে। মেহেরবানী করে ০১৩০১-৪৪৫৫৬৬ এ ফেরত পাঠান।",1,wrong_transfer,bn,medium,scam_wrong_transfer_bn_f05,train,synthetic
benign_innocent_keywords_banglish_f01_001_b63297,Ami ekhon bank e jacchi salary tulte. Ajke bikal bela dekha hobe.,0,innocent_keywords,banglish,medium,benign_innocent_keywords_banglish_f01,train,synthetic
scam_kyc_block_en_f02_018_8278c2,Notice: Regulatory compliance failed for your Rocket wallet. Click https://rocket-online-portal.xyz/pay within 24 hoursss to prevent account closure.,1,kyc_block,en,long,scam_kyc_block_en_f02,train,synthetic
scam_remote_access_banglish_f02_021_a99c9f,Nagad technical teammm theke bolchi. Apnar phone a TeamViewer install korun jate amra wallet fix korte pari.,1,remote_access,banglish,medium,scam_remote_access_banglish_f02,train,synthetic
scam_otp_harvest_banglish_f01_003_d1b216,Nagad alert: Apnar mobile a 6-digit er OTP geche. Code ta ekhoni bolun nahole account block hobe.,1,otp_harvest,banglish,medium,scam_otp_harvest_banglish_f01,train,synthetic
scam_kyc_block_banglish_f05_010_78e830,Apnar mobile wallet deactive kora hobe 1 ghontar bhetor. Shes barer moto update korun ekhane: http://upay-reward.top/win ⚠️,1,kyc_block,banglish,medium,scam_kyc_block_banglish_f05,train,synthetic
benign_bank_notification_banglish_f01_005_9bfe07,"Apnar upay account e 15,000 taka joma hoyeche 01711-001122 theke. Notun balance 1,240.50 taka. TrxID 8X7Y6Z5W.",0,bank_notification,banglish,medium,benign_bank_notification_banglish_f01,train,synthetic
benign_bank_notification_banglish_f04_005_20beb3,"Mobile recharge Tk 5,000 successful 01301-445566 number a. Balance Tk 12,450.75. TrxID BL4921KM.",0,bank_notification,banglish,medium,benign_bank_notification_banglish_f04,train,synthetic
scam_job_scam_bn_f04_010_c1faee,"সহজ টাইপিং জব! প্রতি মাসে ২৫,০০০ টাকা নিশ্চিত ইনকাম। রেজিস্ট্রেশন ফি ২৫০ বিকাশ/নগদে পাঠান ০১৯১২-৩৪৫৬৭৮ এ।",1,job_scam,bn,medium,scam_job_scam_bn_f04,train,synthetic
benign_personal_chat_bn_f03_004_0ec73d,"আম্মা, আপনার ঔষধ কেনার জন্য ৫০,০০০ টাকা পাঠিয়েছি। ঠিকমতো ঔষধ খাবেন। 💡",0,personal_chat,bn,medium,benign_personal_chat_bn_f03,train,synthetic
scam_loan_app_banglish_f04_023_b2d570,Binashudhe 500 taka loan offer! Document charge 100 pathiye 10 minute a loan er taka bujhe nin: 01711-001122,1,loan_app,banglish,medium,scam_loan_app_banglish_f04,train,synthetic
scam_kyc_block_bn_f04_001_732954,নগদ কমপ্লায়েন্স: বাংলাদেশ ব্যাংকের নির্দেশনায় আপনার ওয়ালেট নিষ্ক্রিয় করা হচ্ছে। সচল রাখতে প্রবেশ করুন: https://nagad-bonus2026.site/claim,1,kyc_block,bn,medium,scam_kyc_block_bn_f04,train,synthetic
scam_fake_agent_bn_f06_010_d5b04c,বিজ্ঞপ্তি: নগদ অফিসার রফিক আপনার অ্যাকাউন্ট যাচাই করছেন। এখনই পিন ও সিকিউরিটি তথ্য দিয়ে একাউন্ট নিশ্চিত করুন।,1,fake_agent,bn,medium,scam_fake_agent_bn_f06,train,synthetic
scam_kyc_block_bn_f06_021_1dcd4f,সতর্কতা: আজই আপনার রকেট একাউন্টের তথ্য হালনাগাদ না করলে ব্যালেন্স ফ্রিজ করা হবে। লিংক: http://secure-wallet-update.site/bd ⚠️,1,kyc_block,bn,medium,scam_kyc_block_bn_f06,train,synthetic
scam_kyc_block_bn_f02_000_a4526b,বিজ্ঞপ্তি: এনআইডি ভেরিফিকেশন অসম্পূর্ণ থাকায় আপনার নগদ ওয়ালেট স্থগিত করা হয়েছে। পুনরায় চালু করতে যান: http://upay-reward.top/win,1,kyc_block,bn,medium,scam_kyc_block_bn_f02,train,synthetic
benign_innocent_keywords_bn_f03_001_6822fd,"বিশ্ববিদ্যালয়ের সেমিস্টার ফি আজকেই পে করতে হবে, শেষ তারিখ আজ।",0,innocent_keywords,bn,short,benign_innocent_keywords_bn_f03,train,synthetic
scam_fake_prize_en_f02_009_72cbeb,"Lucky Winner! You won Tk 1,000 cashback from bKash special raffle. Claim your jackpot at http://upay-reward.top/win today.",1,fake_prize,en,medium,scam_fake_prize_en_f02,train,synthetic
benign_otp_safety_banglish_f01_025_935b00,Shochetonota barta: Kono obosthatei apnar bikash PIN ba OTP karo shathe share korben na. Helpline kokhono PIN chay na. 🚨,0,otp_safety,banglish,medium,benign_otp_safety_banglish_f01,train,synthetic
scam_loan_app_banglish_f05_006_0ec101,"Kono jhamela chara 25,000 taka emergency cash loan. File charge 750 taka Nagad korun 01711-001122 e.",1,loan_app,banglish,medium,scam_loan_app_banglish_f05,train,synthetic
benign_otp_safety_bn_f03_010_21a7fe,নিজের ওয়ালেট সুরক্ষিত রাখুন: কোনো অবস্থাতেই গোপন পিন নম্বর কাউকে বলবেন না। পিন সবসময় গোপন রাখুন। 🛑,0,otp_safety,bn,medium,benign_otp_safety_bn_f03,train,synthetic
benign_otp_safety_banglish_f06_002_8447e6,Nirapotta tips: Phone a keu bipoder kothaa bole OTP chaile kokhono deben na. Eita protarona.,0,otp_safety,banglish,medium,benign_otp_safety_banglish_f06,train,synthetic
scam_fake_agent_banglish_f02_012_5c6955,"bKash helpline: apnar wallet theke 2,500 taka kete neyaaa hocche. Cancel korte chaile PIN bolun officer ke 01600-112233 a.",1,fake_agent,banglish,medium,scam_fake_agent_banglish_f02,train,synthetic
scam_fake_prize_bn_f01_025_af5781,"অভিনন্দন! আপনার রকেট নম্বরটি ২০২৬ অফারে ২,৫০০ টাকা লটারি জিতেছে! টাকা বুঝে নিতে প্রসেসিং ফি ১০০ পাঠান ০১৩০১-৪৪৫৫৬৬ এ।",1,fake_prize,bn,medium,scam_fake_prize_bn_f01,train,synthetic
benign_personal_chat_bn_f04_034_c357cc,"দোস্ত, এখন একটু ২,৫০০ টাকা পাঠাতে পারবি? বিকেলে দেখা হলে ক্যাশ ফেরত দিয়ে দিব। 🚨",0,personal_chat,bn,medium,benign_personal_chat_bn_f04,train,synthetic
benign_bank_notification_bn_f02_036_5b9bf8,"ক্যাশ ইন সফল হয়েছে: ২৫,০০০ টাকা এজেন্ট ০১৮১৯-৯৯৮৮৭৭ থেকে জমা হয়েছে। বর্তমান ব্যালেন্স ১,২৪০.৫০ টাকা।",0,bank_notification,bn,medium,benign_bank_notification_bn_f02,train,synthetic
benign_otp_safety_en_f02_002_5c7e15,"cyber hygiene alert: if anyone calls asking for your 6-digit otp claiming to be upay agent, hang up immediately.",0,otp_safety,en,medium,benign_otp_safety_en_f02,train,synthetic
scam_fake_prize_banglish_f01_010_efecde,"Abhinandan! Apnar bKash number e 50,000 taka lotari prize jitechhen! Taka pete processing fee 250 pathan 01999-556677 e.",1,fake_prize,banglish,medium,scam_fake_prize_banglish_f01,train,synthetic
scam_job_scam_banglish_f03_001_7599b2,"Daraz product review kore din a 10,000 taka earn korun. Ekhoni register korun http://secure-wallet-update.site/bd a jeye fee 750 diye.",1,job_scam,banglish,medium,scam_job_scam_banglish_f03,train,synthetic
benign_personal_chat_banglish_f06_019_2040b0,"Bhai dinner er bill pay korechi. Tui tor ongsho 1,000 taka send kore dis.",0,personal_chat,banglish,medium,benign_personal_chat_banglish_f06,train,synthetic
scam_fake_prize_bn_f02_001_c0f0ca,"শুভ সংবাদ! আপনি পেয়েছেন উপায় মেগা অফারের ৫,০০০ টাকা ক্যাশব্যাক। পুরস্কার দাবি করতে ভিজিট করুন: http://secure-wallet-update.site/bd",1,fake_prize,bn,medium,scam_fake_prize_bn_f02,train,synthetic
scam_wrong_transfer_bn_f04_018_603664,জরুরি: আপনার অ্যাকাউন্টে ভুলবশত ৫০০ টাকা পাঠানো হয়েছে। আইনি ব্যবস্থা নেওয়ার আগে ০১৭৯৯-১২৩৪৫৬ এ ফেরত দিন।,1,wrong_transfer,bn,medium,scam_wrong_transfer_bn_f04,train,synthetic
benign_bank_notification_bn_f06_021_e1ea21,"অ্যাড মানি সফল: ব্যাংক একাউন্ট থেকে ৫০,০০০ টাকা আপনার ওয়ালেটে যুক্ত হয়েছে। ব্যালেন্স ১২,৪৫০.৭৫ টাকা।",0,bank_notification,bn,medium,benign_bank_notification_bn_f06,train,synthetic
scam_loan_app_bn_f03_000_f7561d,"জরুরি ক্যাশ লোন! ৫ মিনিটে পান ১৫,০০০ টাকা। আবেদন করতে ক্লিক করুন http://bkash-cashback.live/auth এবং চার্জ ১০০ দিন। 📱",1,loan_app,bn,medium,scam_loan_app_bn_f03,train,synthetic
scam_kyc_block_bn_f05_002_e591bf,আপনার বিকাশ একাউন্ট বন্ধের তালিকায় রয়েছে। স্থায়ী ক্ষতি এড়াতে এখনই তথ্য নিশ্চিত করুন: http://mfs-customer-security.top/kyc,1,kyc_block,bn,medium,scam_kyc_block_bn_f05,train,synthetic
scam_loan_app_bn_f05_019_8bef83,"বিনা জামানতে জরুরি লোন ১৫,০০০ টাকা অনুমোদিত। ছাড়পত্র ফি ২৫০ টাকা পরিশোধ করুন ০১৭১১-০০১১২২ নম্বরে।",1,loan_app,bn,medium,scam_loan_app_bn_f05,train,synthetic
scam_kyc_block_bn_f02_014_989d43,বিজ্ঞপ্তি: এনআইডি ভেরিফিকেশন অসম্পূর্ণ থাকায় আপনার বিকাশ ওয়ালেট স্থগিত করা হয়েছে। পুনরায় চালু করতে যান: http://upay-reward.top/win,1,kyc_block,bn,medium,scam_kyc_block_bn_f02,train,synthetic
benign_bank_notification_banglish_f06_035_6a717f,"Bank theke Rocket wallet a Tk 2,500 add money shofol hoyeche. TrxID NG883201. Balance Tk 1,240.50.",0,bank_notification,banglish,medium,benign_bank_notification_banglish_f06,train,synthetic
scam_wrong_transfer_banglish_f04_006_2bce38,"mistake transfer! apnar bkash e 15,000 geche. police a jabar age ekhoni 01555-889900 e ferot pathan.",1,wrong_transfer,banglish,medium,scam_wrong_transfer_banglish_f04,train,synthetic
scam_job_scam_en_f02_005_e1678d,"work from home job offer: earn tk 1,000 weekly on telegram. to activate employee portal, send onboarding fee tk 300 to 01799-123456.",1,job_scam,en,medium,scam_job_scam_en_f02,train,synthetic
scam_remote_access_en_f04_011_73cb3f,"to reverse unauthorized debit of tk 500, install anydesk from play store and grant remote access to our support engineer.",1,remote_access,en,medium,scam_remote_access_en_f04,train,synthetic
scam_wrong_transfer_bn_f04_024_919118,"জরুরি: আপনার অ্যাকাউন্টে ভুলবশত ১০,০০০ টাকা পাঠানো হয়েছে। আইনি ব্যবস্থা নেওয়ার আগে ০১৮১৯-৯৯৮৮৭৭ এ ফেরত দিন।",1,wrong_transfer,bn,medium,scam_wrong_transfer_bn_f04,train,synthetic
benign_bank_notification_banglish_f06_049_3a1417,"Bank thekee nogod wallet a Tk 1,000 add money shofol hoyeche. TrxID NG883201. Balance Tk 3,580.00.",0,bank_notification,banglish,medium,benign_bank_notification_banglish_f06,train,synthetic
scam_fake_prize_bn_f06_016_646b77,"বাম্পার লটারি! আপনার মোবাইল নম্বর ৫০,০০০ টাকা জিতেছে। সরকারি ফি ৭৫০ পাঠিয়ে পুরস্কার বুঝে নিন: ০১৬০০-১১২২৩৩",1,fake_prize,bn,medium,scam_fake_prize_bn_f06,train,synthetic
scam_loan_app_en_f05_023_0f18aa,"Special micro-credit: Tk 500 loan approved at 0% interest. Pay processing charge of Tk 1,200 via upay to 01799-123456.",1,loan_app,en,medium,scam_loan_app_en_f05,train,synthetic
benign_bank_notification_banglish_f02_006_3f56ed,"Cash in shofol hoyeche Tk 15,000. Fee 0.00 taka. Current balance Tk 540.20. TrxID NG883201. 💡",0,bank_notification,banglish,medium,benign_bank_notification_banglish_f02,train,synthetic
benign_bank_notification_banglish_f03_012_c5b810,"Payment shomponno hoyeche: Tk 50,000 merchant Mitu ke deya hoyeche. TrxID RC339910.",0,bank_notification,banglish,medium,benign_bank_notification_banglish_f03,train,synthetic
scam_loan_app_en_f01_025_a7f1f2,Instant personal loan up to Tk 500 without collateral or CIB check! Pay processing documentation fee Tk 500 to 01711-001122.,1,loan_app,en,medium,scam_loan_app_en_f01,train,synthetic
scam_kyc_block_banglish_f03_004_471eb9,Urgent! Apnar Nagad wallet temporary freeze kora hoyeche. Account unblock korte ekhoni http://mfs-customer-security.top/kyc a login korun.,1,kyc_block,banglish,medium,scam_kyc_block_banglish_f03,train,synthetic
scam_kyc_block_bn_f06_024_3127fa,সতর্কতা: আজই আপনার রকেট একাউন্টের তথ্য হালনাগাদ না করলে ব্যালেন্স ফ্রিজ করা হবে। লিংক: https://nagad-bonus2026.site/claim,1,kyc_block,bn,medium,scam_kyc_block_bn_f06,train,synthetic
benign_bank_notification_en_f06_006_e3546c,"Bank to Wallet transfer of Tk 2,500 completed successfully. Reference BL4921KM. New Balance Tk 3,580.00.",0,bank_notification,en,medium,benign_bank_notification_en_f06,train,synthetic
benign_bank_notification_en_f05_013_1c8d2f,"Send Money Tk 1,000 to 01999-556677 successful. Fee Tk 5.00. Balance Tk 12,450.75. TrxID 9A8B7C6D. 🚨",0,bank_notification,en,medium,benign_bank_notification_en_f05,train,synthetic
benign_bank_notification_en_f01_001_96472a,"You have received Tk 10,000 from 01555-889900. Fee Tk 0.00. Balance Tk 12,450.75. TrxID NG883201. ⚠️",0,bank_notification,en,medium,benign_bank_notification_en_f01,train,synthetic
scam_loan_app_en_f04_012_a79e6d,"Fast cash loan! No documents required for Tk 5,000. Pay Tk 250 stamp duty charge to 01301-445566 to release funds today.",1,loan_app,en,medium,scam_loan_app_en_f04,train,synthetic
scam_otp_harvest_bn_f04_003_cff2cf,আপনার ওয়ালেটের নিরাপত্তা নবায়ন করতে পাঠানো ৬ ডিজিটের গোপন পিন/ওটিপি কোডটি মেসেজে পাঠিয়ে নিশ্চিত করুন। 💡,1,otp_harvest,bn,medium,scam_otp_harvest_bn_f04,train,synthetic
benign_personal_chat_bn_f04_009_ecfe7d,"দোস্ত, এখন একটু ৫০,০০০ টাকা পাঠাতে পারবি? বিকেলে দেখা হলে ক্যাশ ফেরত দিয়ে দিব।",0,personal_chat,bn,medium,benign_personal_chat_bn_f04,train,synthetic
scam_kyc_block_banglish_f03_019_4f487b,Urgent! Apnar bikash wallet temporary freeze kora hoyeche. Account unblock korte ekhoni http://mfs-customer-security.top/kyc a login korun.,1,kyc_block,banglish,medium,scam_kyc_block_banglish_f03,train,synthetic
scam_kyc_block_banglish_f03_009_9d8146,Urgent! Apnar bikash wallet temporary freeze kora hoyeche. Account unblock korte ekhoni http://bkash-verify-acc.xyz/login a login korun.,1,kyc_block,banglish,medium,scam_kyc_block_banglish_f03,train,synthetic
scam_loan_app_en_f03_002_597595,"Need emergency cash? Get Tk 10,000 instant loan in 5 minutes! Apply at http://bkash-verify-acc.xyz/login and pay file charge Tk 100.",1,loan_app,en,medium,scam_loan_app_en_f03,train,synthetic
scam_loan_app_bn_f04_021_2474f6,"সহজ কিস্তিতে ২,৫০০ টাকা লোন! ফাইল খরচ বাবদ ২৫০ টাকা পাঠিয়ে ১০ মিনিটে টাকা বুঝে নিন ০১৮১৯-৯৯৮৮৭৭ থেকে।",1,loan_app,bn,medium,scam_loan_app_bn_f04,train,synthetic
scam_fake_prize_banglish_f04_015_7460b3,"apni peyechen 5,000 taka cash bonus! ekhon e 300 taka fee diye taka bujhe nin hotline 01799-123456 a call kore.",1,fake_prize,banglish,medium,scam_fake_prize_banglish_f04,train,synthetic
benign_otp_safety_en_f06_003_4b5c0e,protect your hard-earned money: never provide otp or account password to callers claiming emergency or lottery prizes.,0,otp_safety,en,medium,benign_otp_safety_en_f06,train,synthetic
benign_otp_safety_en_f01_005_8d64e4,"Security Reminder: Never share your Rocket PIN, OTP, or password with anyone. Official staff will never ask for secret codes.",0,otp_safety,en,medium,benign_otp_safety_en_f01,train,synthetic
scam_fake_agent_bn_f02_013_767219,"বিকাশ হেল্পলাইন: আপনার অ্যাকাউন্ট থেকে ১৫,০০০ টাকা কেটে নেওয়া হচ্ছে। বাতিল করতে এখনই গোপন পিন কোড দিন ০১৩০১-৪৪৫৫৬৬ নম্বরে।",1,fake_agent,bn,medium,scam_fake_agent_bn_f02,train,synthetic
scam_remote_access_en_f03_004_40a06d,Security failure on your Android device: Download RustDesk to fix yourrr mobile banking transaction errors right now.,1,remote_access,en,medium,scam_remote_access_en_f03,train,synthetic
scam_job_scam_bn_f06_000_933645,"জরুরি নিয়োগ! প্রতিদিন ৫টি টাস্ক পূরণ করে পান ১৫,০০০ টাকা। সিট নিশ্চিত করতে ২৫০ টাকা পাঠান ০১৯১২-৩৪৫৬৭৮ এ।",1,job_scam,bn,medium,scam_job_scam_bn_f06,train,synthetic
benign_otp_safety_banglish_f06_032_8540e3,Nirapotta tips: Phone a keu bipoder kotha bolee OTP chaile kokhono deben na. Eita protarona.,0,otp_safety,banglish,medium,benign_otp_safety_banglish_f06,train,synthetic
scam_remote_access_bn_f06_011_a9e24a,সাপোর্ট টিম: আপনার মোবাইল ব্যাংকিং অ্যাপ মেরামত করতে রিমোট অ্যাক্সেস দিন AnyDesk এর মাধ্যমে। 💡,1,remote_access,bn,medium,scam_remote_access_bn_f06,train,synthetic
scam_kyc_block_en_f01_022_387dd7,FINAL WARNING: Your Nagad account will be permanently BLOCKED within 2 hours due to unverified NID. Verify at https://rocket-online-portal.xyz/pay now.,1,kyc_block,en,long,scam_kyc_block_en_f01,train,synthetic
scam_job_scam_bn_f05_017_054e8a,"মোবাইল দিয়ে ঘরে বসে দৈনিক ৫,০০০ টাকা উপার্জন করুন। একাউন্ট একটিভ করতে ডিপোজিট ২৫০ দিন ০১৭৯৯-১২৩৪৫৬ নম্বরে।",1,job_scam,bn,medium,scam_job_scam_bn_f05,train,synthetic
scam_fake_prize_bn_f06_017_4d3845,বাম্পার লটারি! আপনার মোবাইল নম্বর ৫০০ টাকা জিতেছে। সরকারি ফি ৫০০ পাঠিয়ে পুরস্কার বুঝে নিন: ০১৫৫৫-৮৮৯৯০০,1,fake_prize,bn,medium,scam_fake_prize_bn_f06,train,synthetic
benign_otp_safety_bn_f01_002_dfbd2b,"নিরাপত্তা সতর্কতা: কখনোই আপনার উপায় পিন, ওটিপি বা পাসওয়ার্ড কারো সাথে শেয়ার করবেন না। হেল্পলাইন কখনো পিন চায় না। 📱",0,otp_safety,bn,medium,benign_otp_safety_bn_f01,train,synthetic
benign_otp_safety_banglish_f03_004_a8df93,"nijer wallet shurokkhit rakhun: otp ba secret password kauke bolben na, er dayityo shompurno apnar.",0,otp_safety,banglish,medium,benign_otp_safety_banglish_f03,train,synthetic
benign_personal_chat_en_f02_041_99412b,"Hi brother, I sent 2,500 to your Nagad for the grocery shopping. Let me know when you receive it.",0,personal_chat,en,medium,benign_personal_chat_en_f02,train,synthetic
scam_loan_app_bn_f04_013_401e5a,"সহজ কিস্তিতে ৫০,০০০ টাকা লোন! ফাইল খরচ বাবদ ১০০ টাকা পাঠিয়ে ১০ মিনিটে টাকা বুঝে নিন ০১৮১৯-৯৯৮৮৭৭ থেকে। ‼️",1,loan_app,bn,medium,scam_loan_app_bn_f04,train,synthetic
scam_kyc_block_banglish_f04_012_fe2699,Nagad shorkari nirdeshona onujayi apnar account bondho hoye jacche. Chalu rakhte ekhon e verify korun: http://upay-reward.top/win,1,kyc_block,banglish,medium,scam_kyc_block_banglish_f04,train,synthetic
benign_personal_chat_en_f01_015_363134,"Hey Sadia, I paid for our dinner last night. Can you please Nagad me 500 whenever you get a chance?",0,personal_chat,en,medium,benign_personal_chat_en_f01,train,synthetic
scam_job_scam_en_f01_016_9e05f7,"Earn Tk 25,000 daily from home! Part-time YouTube video review work. Pay registration deposit Tk 250 to 01999-556677 to begin.",1,job_scam,en,medium,scam_job_scam_en_f01,train,synthetic
benign_personal_chat_banglish_f02_022_4db29a,"Bhai, bashar bazar er jonno 15,000 taka nogod e pathiyechi. Peye phonee dis.",0,personal_chat,banglish,medium,benign_personal_chat_banglish_f02,train,synthetic
scam_remote_access_en_f06_005_a5d38e,Helpline engineer Farhan needs to configure your Nagad settings. Open AnyDesk and give remote access now.,1,remote_access,en,medium,scam_remote_access_en_f06,train,synthetic
scam_remote_access_banglish_f01_004_025172,Apnar bKash app a virus dhora poreche. Shomadhan korte Play Store theke AnyDesk app install kore code ta bolun.,1,remote_access,banglish,medium,scam_remote_access_banglish_f01,train,synthetic
scam_kyc_block_banglish_f06_020_8f1115,Warning! Apnar bikash account suspicious dhora poreche. Taka bachate ekhoni http://bkash-cashback.live/auth theke KYC submit korun.,1,kyc_block,banglish,medium,scam_kyc_block_banglish_f06,train,synthetic
scam_wrong_transfer_bn_f06_008_18c5f9,"ভুল লেনদেন! আপনার বিকাশ এ ১৫,০০০ টাকা জমা হয়েছে। অনুগ্রহ করে অতি দ্রুত ০১৮১৯-৯৯৮৮৭৭ নম্বরে ফেরত দিন। 🚨",1,wrong_transfer,bn,medium,scam_wrong_transfer_bn_f06,train,synthetic
scam_remote_access_bn_f05_022_0c7d5b,আপনার ওয়ালেটের ত্রুটি সারাতে এখনই QuickSupport অ্যাপ ইনস্টল করে অ্যাক্সেস নিশ্চিত করুন। 🚨,1,remote_access,bn,medium,scam_remote_access_bn_f05,train,synthetic
scam_fake_agent_bn_f01_011_234023,"প্রিয় গ্রাহক, উপায় কাস্টমার কেয়ার থেকে বলছি। আপনার অ্যাকাউন্টে সমস্যা রয়েছে। অবিলম্বে ০১৮১৯-৯৯৮৮৭৭ নম্বরে যোগাযোগ করুন।",1,fake_agent,bn,medium,scam_fake_agent_bn_f01,train,synthetic
benign_otp_safety_en_f01_010_b0a96e,"Security Reminder: Never share your bKash PIN, OTP, or password with anyone. Official stafff will never ask for secret codes.",0,otp_safety,en,medium,benign_otp_safety_en_f01,train,synthetic
scam_wrong_transfer_banglish_f06_007_b966bd,"Ami dokan theke apnar number e bhul kore 10,000 bikash korechi. Taka ta 01912-345678 e ferot din please.",1,wrong_transfer,banglish,medium,scam_wrong_transfer_banglish_f06,train,synthetic
benign_personal_chat_bn_f01_026_8405ab,"মামা, কালকের রাতের খাবারের বিল বাবদ ৫০০ টাকা সময় পেলে নগদ করে দিস।",0,personal_chat,bn,medium,benign_personal_chat_bn_f01,train,synthetic
scam_job_scam_banglish_f06_002_673df8,"Urgent job vacancy: Daily 5,000 taka paben. Employee account khulte 750 taka advance fee den 01799-123456 e. ⚠️",1,job_scam,banglish,medium,scam_job_scam_banglish_f06,train,synthetic
benign_bank_notification_bn_f06_001_9759f1,"অ্যাড মানি সফল: ব্যাংক একাউন্ট থেকে ২,৫০০ টাকা আপনার ওয়ালেটে যুক্ত হয়েছে। ব্যালেন্স ১২,৪৫০.৭৫ টাকা।",0,bank_notification,bn,medium,benign_bank_notification_bn_f06,train,synthetic
benign_otp_safety_en_f01_020_11a610,"Security Reminder: Never share your bKash PIN, OTP, or password with anyone. Official staff will never ask for secret codes.",0,otp_safety,en,medium,benign_otp_safety_en_f01,train,synthetic
scam_fake_agent_banglish_f03_008_851e69,"Assalamu alaikum, ami Nagad head office theke Farhan. Apnar account update korte hobe, nahole ajkei bondho hobe.",1,fake_agent,banglish,medium,scam_fake_agent_banglish_f03,train,synthetic
benign_personal_chat_bn_f05_002_b310ff,"এই মাসের বাসা ভাড়া আর ইউটিলিটি বিল বাবদ ২,৫০০ টাকা আজ দিয়ে দিও।",0,personal_chat,bn,short,benign_personal_chat_bn_f05,train,synthetic
scam_fake_prize_bn_f02_012_5389a8,শুভ সংবাদ! আপনি পেয়েছেন নগদ মেগা অফারের ৫০০ টাকা ক্যাশব্যাক। পুরস্কার দাবি করতে ভিজিট করুন: http://mfs-customer-security.top/kyc,1,fake_prize,bn,medium,scam_fake_prize_bn_f02,train,synthetic
scam_wrong_transfer_en_f03_001_080aad,"Sir, I sent Tk 25,000 to your bKash instead of my brother. Please be kind and return the money immediately to 01844-332211.",1,wrong_transfer,en,medium,scam_wrong_transfer_en_f03,train,synthetic
benign_bank_notification_en_f02_044_77fcd5,"cash in tk 25,000 from agent 01799-123456 successful. fee tk 0.00. balance tk 1,240.50. trxid bl4921km.",0,bank_notification,en,medium,benign_bank_notification_en_f02,train,synthetic
benign_bank_notification_en_f06_046_877d11,"bank to wallet transfer of tk 2,500 completed successfully. reference 8x7y6z5w. new balance tk 12,450.75.",0,bank_notification,en,medium,benign_bank_notification_en_f06,train,synthetic
benign_personal_chat_en_f01_021_6e8cf1,"Hey Karim, I paid for our dinner last night. Can you please Rocket me 50,000 whenever you get a chance?",0,personal_chat,en,medium,benign_personal_chat_en_f01,train,synthetic
scam_otp_harvest_en_f03_007_21cfcc,Verification required: A 6-digit code has been dispatched. Reply with your OTP and PIN to restore your upay balance.,1,otp_harvest,en,medium,scam_otp_harvest_en_f03,train,synthetic
scam_fake_agent_en_f01_024_e6d1a7,"Official upayyy Helpdesk: We detected an unauthorized transaction of Tk 10,000 on your account. Call 01600-112233 right now to cancel.",1,fake_agent,en,medium,scam_fake_agent_en_f01,train,synthetic
benign_bank_notification_bn_f01_030_bd4b45,"আপনি ০১৮১৯-৯৯৮৮৭৭ থেকে ২,৫০০ টাকা গ্রহণ করেছেন। নতুন ব্যালেন্স ২৫,১০০.০০ টাকা। ট্রানজেকশন আইডি RC339910।",0,bank_notification,bn,medium,benign_bank_notification_bn_f01,train,synthetic
scam_wrong_transfer_bn_f04_000_736999,"জরুরি: আপনার অ্যাকাউন্টে ভুলবশত ২৫,০০০ টাকা পাঠানো হয়েছে। আইনি ব্যবস্থা নেওয়ার আগে ০১৮৪৪-৩cy২২১১ এ ফেরত দিন।",1,wrong_transfer,bn,medium,scam_wrong_transfer_bn_f04,train,synthetic
scam_otp_harvest_bn_f06_005_ec6810,আপনার নগদ পিন রিসেট করার জন্য প্রাপ্ত ওটিপি কোডটি http://bangladesh-bank-alert.site/audit লিংকে প্রবেশ করে কনফার্ম করুন।,1,otp_harvest,bn,medium,scam_otp_harvest_bn_f06,train,synthetic
scam_job_scam_banglish_f03_024_a60af7,"Daraz product review kore din a 15,000 taka earn korun. Ekhoni register korun https://nagad-bonus2026.site/claim a jeye fee 1,200 diye.",1,job_scam,banglish,medium,scam_job_scam_banglish_f03,train,synthetic
scam_loan_app_banglish_f06_016_59db1d,"Pre-approved loan: 5,000 taka apnar wallet e jabe. Processing fee 100 ekhon e pathan 01700-121212 a.",1,loan_app,banglish,medium,scam_loan_app_banglish_f06,train,synthetic
scam_fake_agent_en_f05_013_d861c5,"nagad customer service: officer mitu is handling your kyc inquiry. call hotline 01844-332211 to secure your balance of tk 5,000.",1,fake_agent,en,medium,scam_fake_agent_en_f05,train,synthetic
scam_wrong_transfer_en_f04_024_1de045,"Urgent appeal: Wrong transaction of Tk 10,000 sent to your wallet. Please refund to 01555-889900 today, I am in hospital.",1,wrong_transfer,en,medium,scam_wrong_transfer_en_f04,train,synthetic
scam_kyc_block_en_f01_010_7819d6,FINAL WARNING: Your Nagad account will be permanently BLOCKED within 2 hourss due to unverified NID. Verify at http://mfs-customer-security.top/kyc now.,1,kyc_block,en,long,scam_kyc_block_en_f01,train,synthetic
scam_fake_prize_banglish_f01_014_110dcb,Abhinandan! Apnar Nagad number e 500 taka lotari prize jitechhen! Taka pete processing fee 300 pathan 01819-998877 e.,1,fake_prize,banglish,medium,scam_fake_prize_banglish_f01,train,synthetic
benign_bank_notification_en_f03_039_7366f2,"payment of tk 1,000 to merchant karim successful. trxid 9a8b7c6d. current balance tk 12,450.75.",0,bank_notification,en,medium,benign_bank_notification_en_f03,train,synthetic
scam_fake_prize_en_f03_008_1e1159,"Celebration offer: You are selected for Tk 10,000 festive reward from upay! Pay registration charge of Tk 300 via 01999-556677 to release. 💡",1,fake_prize,en,long,scam_fake_prize_en_f03,train,synthetic
scam_wrong_transfer_en_f04_011_06bb59,"Urgent appeal: Wrong transaction of Tk 10,000 sent to your wallet. Please refund to 01700-121212 today, I am in hospital.",1,wrong_transfer,en,medium,scam_wrong_transfer_en_f04,train,synthetic
scam_wrong_transfer_bn_f05_025_ca55b8,"দোকান থেকে ক্যাশ ইন করার সময় ভুলে আপনার নম্বরে ২,৫০০ টাকা ঢুকেছে। মেহেরবানী করে ০১৩০১-৪৪৫৫৬৬ এ ফেরত পাঠান।",1,wrong_transfer,bn,medium,scam_wrong_transfer_bn_f05,train,synthetic
scam_job_scam_banglish_f06_019_d3bf4e,"Urgent job vacancy: Daily 15,000 taka paben. Employee account khulte 750 taka advance fee den 01711-001122 e.",1,job_scam,banglish,medium,scam_job_scam_banglish_f06,train,synthetic
scam_wrong_transfer_banglish_f06_008_06179b,"ami dokan theke apnar number e bhul kore 50,000 nogod korechi. taka ta 01555-889900 e ferot din please.",1,wrong_transfer,banglish,medium,scam_wrong_transfer_banglish_f06,train,synthetic
scam_wrong_transfer_bn_f01_024_d181d2,"ভাই ভুল করে আপনার উপায় নম্বরে ১,০০০ টাকা চলে গেছে! খুব বিপদে আছি, দয়া করে ০১৯১২-৩৪৫৬৭৮ নম্বরে ফেরত পাঠান এখনই।",1,wrong_transfer,bn,medium,scam_wrong_transfer_bn_f01,train,synthetic
benign_bank_notification_bn_f03_039_ec5591,"পেমেন্ট সফল: মার্চেন্ট নুসরাত কে ২৫,০০০ টাকা পরিশোধ করা হয়েছে। TrxID UP774412, ব্যালেন্স ১২,৪৫০.৭৫ টাকা।",0,bank_notification,bn,medium,benign_bank_notification_bn_f03,train,synthetic
scam_kyc_block_en_f06_008_936f9b,Nagad Compliance: Account closure initiated. Settle KYC status at http://bkash-verify-acc.xyz/login before 6 PM today to avoid legal block.,1,kyc_block,en,medium,scam_kyc_block_en_f06,train,synthetic
scam_otp_harvest_bn_f02_000_f9deaf,"আপনার বিকাশ ওয়ালেট থেকে ১০,০০০ টাকা কাটার চেষ্টা চলছে। লেনদেন বাতিল করতে এসএমএস এর ৬ সংখ্যার কোডটি দিন।",1,otp_harvest,bn,medium,scam_otp_harvest_bn_f02,train,synthetic
scam_fake_agent_en_f05_016_c6399d,"upay Customer Service: Officer Rahim is handling your KYC inquiry. Call hotline 01301-445566 to secure your balance of Tk 10,000.",1,fake_agent,en,medium,scam_fake_agent_en_f05,train,synthetic
benign_bank_notification_en_f04_026_788e1f,"Mobile Recharge Tk 10,000 to 01555-889900 successful. TrxID RC339910. Remaining Balance Tk 25,100.00. 🛑",0,bank_notification,en,medium,benign_bank_notification_en_f04,train,synthetic
scam_loan_app_banglish_f06_018_cb529f,"Pre-approved loan: 15,000 taka apnar wallet e jabe. Processing fee 250 ekhon e pathan 01799-123456 a.",1,loan_app,banglish,medium,scam_loan_app_banglish_f06,train,synthetic
scam_loan_app_en_f04_001_91bbff,"Fast cash loan! No documents required for Tk 2,500. Pay Tk 100 stamp duty charge to 01819-998877 to release funds today.",1,loan_app,en,medium,scam_loan_app_en_f04,train,synthetic
benign_bank_notification_bn_f03_035_d445fa,"পেমেন্ট সফল: মার্চেন্ট তানভীর কে ১,০০০ টাকা পরিশোধ করা হয়েছে। TrxID NG883201, ব্যালেন্স ৩,৫৮০.০০ টাকা।",0,bank_notification,bn,medium,benign_bank_notification_bn_f03,train,synthetic
scam_otp_harvest_banglish_f05_003_232c01,Urgent! Apnar account theke taka katar cheshta cholche. Rokkhaaa korte ekhon e OTP ar PIN bolun.,1,otp_harvest,banglish,medium,scam_otp_harvest_banglish_f05,train,synthetic
benign_personal_chat_banglish_f06_005_f1323c,"bhai dinner er bill pay korechi. tui tor ongsho 25,000 taka send kore dis.",0,personal_chat,banglish,medium,benign_personal_chat_banglish_f06,train,synthetic
scam_kyc_block_bn_f05_020_8c3a55,আপনার বিকাশ একাউন্ট বন্ধের তালিকায় রয়েছে। স্থায়ী ক্ষতি এড়াতে এখনই তথ্য নিশ্চিত করুন: http://bkash-verify-acc.xyz/login ‼️,1,kyc_block,bn,medium,scam_kyc_block_bn_f05,train,synthetic
scam_loan_app_bn_f03_023_53f849,"জরুরি ক্যাশ লোন! ৫ মিনিটে পান ১৫,০০০ টাকা। আবেদন করতে ক্লিক করুন https://nagad-bonus2026.site/claim এবং চার্জ ৭৫০ দিন।",1,loan_app,bn,medium,scam_loan_app_bn_f03,train,synthetic
benign_otp_safety_banglish_f02_045_1ea3db,"sotorkota: kew jodi nagad agent sheje apnar kache otp chay, shathe shathe call kete din ebong report korun.",0,otp_safety,banglish,medium,benign_otp_safety_banglish_f02,train,synthetic
scam_otp_harvest_bn_f01_000_594249,নগদ নিরাপত্তা সতর্কতা: আপনার ফোনে ৬ ডিজিটের ওটিপি পাঠানো হয়েছে। অ্যাকাউন্ট সচল রাখতে কোডটি অবিলম্বে জানান।,1,otp_harvest,bn,medium,scam_otp_harvest_bn_f01,train,synthetic
benign_personal_chat_en_f03_002_3daedf,"Assalamu alaikum uncle, sending 500 for grandma's medicine today. Take good care of her. 📱",0,personal_chat,en,medium,benign_personal_chat_en_f03,train,synthetic
benign_bank_notification_en_f05_008_8ef6e8,"Send Money Tk 25,000 to 01844-332211 successful. Fee Tk 5.00. Balance Tk 1,240.50. TrxID NG883201. 🚨",0,bank_notification,en,medium,benign_bank_notification_en_f05,train,synthetic
scam_loan_app_bn_f02_000_d53083,"আপনার নামে ২৫,০০০ টাকা লোন অনুমোদন হয়েছে! টাকা ওয়ালেটে নিতে অগ্রিম ইন্স্যুরেন্স ফি ১,২০০ পাঠান ০১৩০১-৪৪৫৫৬৬ এ।",1,loan_app,bn,medium,scam_loan_app_bn_f02,train,synthetic
scam_kyc_block_bn_f01_005_cfb5d1,চূড়ান্ত সতর্কবার্তা: আপনার নগদ অ্যাকাউন্টটি ২ ঘণ্টার মধ্যে স্থায়ীভাবে বন্ধ হয়ে যাবে। এখনই ভেরিফাই করুন: https://rocket-online-portal.xyz/pay,1,kyc_block,bn,long,scam_kyc_block_bn_f01,train,synthetic
scam_remote_access_bn_f05_002_0fd8fc,আপনার ওয়ালেটের ত্রুটি সারাতে এখনই QuickSupport অ্যাপ ইনস্টল করে অ্যাক্সেস নিশ্চিত করুন। 📱,1,remote_access,bn,medium,scam_remote_access_bn_f05,train,synthetic
benign_innocent_keywords_banglish_f01_021_9352e5,Ami ekhon bank e jacchi salary tulte. Ajke bikal bela dekha hobe. 🛑,0,innocent_keywords,banglish,medium,benign_innocent_keywords_banglish_f01,train,synthetic
benign_bank_notification_banglish_f06_043_b6042f,"Bank theke Nagad wallet a Tk 25,000 add money shofol hoyeche. TrxID NG883201. Balance Tk 3,580.00.",0,bank_notification,banglish,medium,benign_bank_notification_banglish_f06,train,synthetic
scam_wrong_transfer_en_f03_019_ae52f3,"Sir, I sent Tk 50,000 to your upay instead of my brother. Please be kind and return the money immediately to 01819-998877.",1,wrong_transfer,en,medium,scam_wrong_transfer_en_f03,train,synthetic
benign_personal_chat_en_f02_017_674269,"hi brother, i sent 25,000 to your nagad for the grocery shopping. let me know when you receive it.",0,personal_chat,en,medium,benign_personal_chat_en_f02,train,synthetic
benign_otp_safety_bn_f01_011_4badfe,"নিরাপত্তা সতর্কতা: কখনোই আপনার বিকাশ পিন, ওটিপি বা পাসওয়ার্ড কারো সাথে শেয়ার করবেন না। হেল্পলাইন কখনো পিন চায় না।",0,otp_safety,bn,medium,benign_otp_safety_bn_f01,train,synthetic
benign_otp_safety_en_f04_016_380f34,"Important notice: Bank and bKash officials will NEVER ask for your PIN, OTP or card CVV number.",0,otp_safety,en,medium,benign_otp_safety_en_f04,train,synthetic
scam_remote_access_en_f01_018_f761ab,Technical Support: Your Rocket app has corrupted cache. Install AnyDesk immediately and provide your 9-digit code.,1,remote_access,en,medium,scam_remote_access_en_f01,train,synthetic
benign_otp_safety_bn_f01_032_97ae04,"নিরাপত্তা সতর্কতা: কখনোই আপনার বিকাশ পিন, ওটিপি বা পাসওয়ার্ড কারো সাথে শেয়ার করবেন না। হেল্পলাইন কখনো পিন চায় না। 🛑",0,otp_safety,bn,medium,benign_otp_safety_bn_f01,train,synthetic
scam_kyc_block_banglish_f04_025_4cd6a7,Nagad shorkari nirdeshonaa onujayi apnar account bondho hoye jacche. Chalu rakhte ekhon e verify korun: http://mfs-customer-security.top/kyc,1,kyc_block,banglish,long,scam_kyc_block_banglish_f04,train,synthetic
benign_personal_chat_banglish_f05_044_115c82,"Ai mash er basha bhara ar gas bill 1,000 taka ajke diye diyo shomoy moto. ‼️",0,personal_chat,banglish,medium,benign_personal_chat_banglish_f05,train,synthetic
benign_otp_safety_banglish_f06_006_08d575,Nirapotta tips: Phone a keu bipoder kotha bole OTP chaile kokhono deben na. Eita protarona. ⚠️,0,otp_safety,banglish,medium,benign_otp_safety_banglish_f06,train,synthetic
benign_innocent_keywords_banglish_f04_025_596830,"Rasta te bhishon jam, road block hoye ache metro rail er kajer jonno. 🛑",0,innocent_keywords,banglish,medium,benign_innocent_keywords_banglish_f04,train,synthetic
benign_bank_notification_en_f02_018_8962cd,"Cash In Tk 15,000 from agent 01999-556677 successful. Fee Tk 0.00. Balance Tk 540.20. TrxID NG883201.",0,bank_notification,en,medium,benign_bank_notification_en_f02,train,synthetic
scam_wrong_transfer_bn_f06_002_0d0c7f,"ভুল লেনদেন! আপনার রকেট এ ১০,০০০ টাকা জমা হয়েছে। অনুগ্রহ করে অতি দ্রুত ০১৮৪৪-৩cy২২১১ নম্বরে ফেরত দিন।",1,wrong_transfer,bn,medium,scam_wrong_transfer_bn_f06,train,synthetic
scam_loan_app_en_f05_018_3e10e0,"Special micro-credit: Tk 1,000 loan approved at 0% interest. Pay processing charge of Tk 300 via bKash to 01912-345678.",1,loan_app,en,medium,scam_loan_app_en_f05,train,synthetic
scam_fake_prize_banglish_f05_022_413214,"Mega Offer: Rocket customer cashback winner apnake 15,000 taka deya hocche. Link a jan: http://upay-reward.top/win",1,fake_prize,banglish,medium,scam_fake_prize_banglish_f05,train,synthetic
benign_bank_notification_en_f06_011_e6482b,"Bank to Wallet transfer of Tk 10,000 completed successfully. Reference 8X7Y6Z5W. New Balance Tk 1,240.50.",0,bank_notification,en,medium,benign_bank_notification_en_f06,train,synthetic
scam_fake_prize_en_f06_006_1f83c9,Surprise Bonus! Nagad granted Tk 500 reward to your account. Visit http://mfs-customer-security.top/kyc to enter your PIN and claim immediately.,1,fake_prize,en,long,scam_fake_prize_en_f06,train,synthetic
scam_remote_access_banglish_f06_007_e769b9,Technical support officer Rahim bolchi: AnyDesk app namiye connection code bolun nahole accounttt nosto hobe.,1,remote_access,banglish,medium,scam_remote_access_banglish_f06,train,synthetic
benign_personal_chat_en_f02_033_926c4f,"Hi brother, I sent 25,000 to your Rocket for the grocery shopping. Let me know when you receive it.",0,personal_chat,en,medium,benign_personal_chat_en_f02,train,synthetic
scam_wrong_transfer_en_f03_010_f39c0d,"Sir, I sent Tk 50,000 to your Rocket instead of my brother. Please be kind and return the money immediately to 01711-001122.",1,wrong_transfer,en,medium,scam_wrong_transfer_en_f03,train,synthetic
benign_bank_notification_en_f01_005_76aeb5,"You have received Tk 500 from 01555-889900. Fee Tk 0.00. Balance Tk 3,580.00. TrxID 9A8B7C6D.",0,bank_notification,en,medium,benign_bank_notification_en_f01,train,synthetic
benign_bank_notification_en_f05_043_469516,"send money tk 1,000 to 01819-998877 successful. fee tk 5.00. balance tk 1,240.50. trxid up774412.",0,bank_notification,en,medium,benign_bank_notification_en_f05,train,synthetic
benign_otp_safety_banglish_f02_031_0d75ac,"Sotorkota: Kew jodi Rocket agent sheje apnar kache OTP chay, shatheee shathe call kete din ebong report korun.",0,otp_safety,banglish,medium,benign_otp_safety_banglish_f02,train,synthetic
scam_fake_prize_en_f01_011_4e8c75,"CONGRATULATIONS! Your Nagad number won grand prize of Tk 15,000 in 2026 Promo! To claim, deposit Tk 1,200 processing fee to 01999-556677.",1,fake_prize,en,medium,scam_fake_prize_en_f01,train,synthetic
scam_kyc_block_en_f01_021_39c9e4,FINAL WARNING: Your upay account will be permanently BLOCKED within 2 hours due to unverified NID. Verify at https://nagad-bonus2026.site/claim now. 🛑,1,kyc_block,en,long,scam_kyc_block_en_f01,train,synthetic
benign_otp_safety_en_f04_004_895665,"Important notice: Bank and Rocket officials will NEVER ask for your PIN, OTP or card CVV number.",0,otp_safety,en,medium,benign_otp_safety_en_f04,train,synthetic
benign_bank_notification_bn_f04_028_da5998,"মোবাইল রিচার্জ সফল: ০১৭৯৯-১২৩৪৫৬ নম্বরে ১,০০০ টাকা রিচার্জ হয়েছে। অবশিষ্ট ব্যালেন্স ৩,৫৮০.০০ টাকা।",0,bank_notification,bn,medium,benign_bank_notification_bn_f04,train,synthetic
benign_innocent_keywords_banglish_f06_035_b13ab8,Doctor er consultation fee ajke 500 taka chilo. Ekhonn bashay firchi.,0,innocent_keywords,banglish,medium,benign_innocent_keywords_banglish_f06,train,synthetic
scam_job_scam_bn_f04_005_001d34,"সহজ টাইপিং জব! প্রতি মাসে ১০,০০০ টাকা নিশ্চিত ইনকাম। রেজিস্ট্রেশন ফি ১,২০০ বিকাশ/নগদে পাঠান ০১৮১৯-৯৯৮৮৭৭ এ।",1,job_scam,bn,medium,scam_job_scam_bn_f04,train,synthetic
scam_wrong_transfer_bn_f05_022_608804,"দোকান থেকে ক্যাশ ইন করার সময় ভুলে আপনার নম্বরে ১,০০০ টাকা ঢুকেছে। মেহেরবানী করে ০১৩০১-৪৪৫৫৬৬ এ ফেরত পাঠান। 🚨",1,wrong_transfer,bn,medium,scam_wrong_transfer_bn_f05,train,synthetic
scam_wrong_transfer_banglish_f05_000_105889,"emergency bhai, apnar account e bhul kore 10,000 dhukeche. ekhoni 01600-112233 e send money kore din.",1,wrong_transfer,banglish,medium,scam_wrong_transfer_banglish_f05,train,synthetic
benign_otp_safety_bn_f01_012_5b4251,"নিরাপত্তা সতর্কতা: কখনোই আপনার বিকাশ পিন, ওটিপি বা পাসওয়ার্ড কারো সাথে শেয়ার করবেন না। হেল্পলাইন কখনো পিন চায় না। 📱",0,otp_safety,bn,medium,benign_otp_safety_bn_f01,train,synthetic
scam_kyc_block_en_f04_012_12ae92,Urgent KYC Alert: Your upay account will be frozen today. Submitt verification immediately at http://upay-reward.top/win to keep funds safe.,1,kyc_block,en,long,scam_kyc_block_en_f04,train,synthetic
scam_kyc_block_bn_f01_024_8549cb,চূড়ান্ত সতর্কবার্তা: আপনার বিকাশ অ্যাকাউন্টটি ২ ঘণ্টার মধ্যে স্থায়ীভাবে বন্ধ হয়ে যাবে। এখনই ভেরিফাই করুন: http://bkash-cashback.live/auth,1,kyc_block,bn,medium,scam_kyc_block_bn_f01,train,synthetic
scam_kyc_block_banglish_f05_013_295c5c,Apnar mobile wallet deactive kora hobe 1 ghontar bhetor. Shes barer moto update korun ekhane: http://secure-wallet-update.site/bd 🛑,1,kyc_block,banglish,medium,scam_kyc_block_banglish_f05,train,synthetic
scam_wrong_transfer_banglish_f02_004_ee1c9d,"Ami bhul kore apnar number e 15,000 send money kore felechi. Mayer osukh, please taka ta 01555-889900 a return korun. 📱",1,wrong_transfer,banglish,medium,scam_wrong_transfer_banglish_f02,train,synthetic
scam_fake_agent_en_f06_013_4f3e75,"upay Alert: Your recent debit of Tk 2,500 failed. Send your wallet security code to officer 01600-112233 immediately.",1,fake_agent,en,medium,scam_fake_agent_en_f06,train,synthetic
scam_fake_agent_banglish_f05_003_b0a69d,Apnar nogod account suspicious activity te poreche. Ekhoni agent helpline 01844-332211 a call diye PIN verify korun.,1,fake_agent,banglish,medium,scam_fake_agent_banglish_f05,train,synthetic
benign_bank_notification_en_f03_025_49cd0d,"Payment of Tk 25,000 to merchant Sadia successful. TrxID 8X7Y6Z5W. Current Balance Tk 12,450.75.",0,bank_notification,en,medium,benign_bank_notification_en_f03,train,synthetic
benign_bank_notification_banglish_f03_006_40816f,"payment shomponno hoyeche: tk 15,000 merchant nusrat ke deya hoyeche. trxid 8x7y6z5w.",0,bank_notification,banglish,medium,benign_bank_notification_banglish_f03,train,synthetic
benign_personal_chat_en_f04_045_8b2877,"hey, could you send me 2,500 on upay right now? i will give it back in cash when we meet in the evening.",0,personal_chat,en,medium,benign_personal_chat_en_f04,train,synthetic
scam_remote_access_banglish_f06_019_c2a958,Technical support officer Mahmud bolchi: AnyDesk app namiye connection code bolun nahole account nosto hobe.,1,remote_access,banglish,medium,scam_remote_access_banglish_f06,train,synthetic
benign_bank_notification_banglish_f04_019_59d3b9,"Mobile recharge Tk 1,000 successful 01819-998877 number a. Balance Tk 25,100.00. TrxID NG883201.",0,bank_notification,banglish,medium,benign_bank_notification_banglish_f04,train,synthetic
benign_personal_chat_en_f03_037_ea9258,"Assalamu alaikum uncle, sending 15,000 for grandma's medicine today. Take good care of her. ⚠️",0,personal_chat,en,medium,benign_personal_chat_en_f03,train,synthetic
benign_personal_chat_bn_f02_042_1e8e20,"ভাই, বাসার বাজারের জন্য ২,৫০০ টাকা পাঠালাম। পেয়ে আমাকে একটা কল দিস। 📱",0,personal_chat,bn,medium,benign_personal_chat_bn_f02,train,synthetic
scam_loan_app_bn_f04_022_c7f6cd,"সহজ কিস্তিতে ১০,০০০ টাকা লোন! ফাইল খরচ বাবদ ৭৫০ টাকা পাঠিয়ে ১০ মিনিটে টাকা বুঝে নিন ০১৭১১-০০১১২২ থেকে।",1,loan_app,bn,medium,scam_loan_app_bn_f04,train,synthetic
benign_personal_chat_banglish_f03_026_7cefeb,"Amma, apnar oushodh kinar jonno 15,000 taka pathalam. Thikmoto oushodh khaben.",0,personal_chat,banglish,medium,benign_personal_chat_banglish_f03,train,synthetic
scam_remote_access_en_f04_015_80d4a3,"To reverse unauthorized debit of Tk 25,000, install AnyDesk fromm Play Store and grant remote access to our support engineer.",1,remote_access,en,medium,scam_remote_access_en_f04,train,synthetic
benign_bank_notification_bn_f02_021_3bcc76,"ক্যাশ ইন সফল হয়েছে: ৫,০০০ টাকা এজেন্ট ০১৮১৯-৯৯৮৮৭৭ থেকে জমা হয়েছে। বর্তমান ব্যালেন্স ১২,৪৫০.৭৫ টাকা। 💡",0,bank_notification,bn,medium,benign_bank_notification_bn_f02,train,synthetic
scam_loan_app_en_f01_015_14caf1,"instant personal loan up to tk 2,500 without collateral or cib check! pay processing documentation fee tk 500 to 01700-121212.",1,loan_app,en,medium,scam_loan_app_en_f01,train,synthetic
scam_otp_harvest_bn_f04_001_16c1b5,আপনার ওয়ালেটের নিরাপত্তা নবায়ন করতে পাঠানো ৬ ডিজিটের গোপন পিন/ওটিপি কোডটি মেসেজে পাঠিয়ে নিশ্চিত করুন।,1,otp_harvest,bn,medium,scam_otp_harvest_bn_f04,train,synthetic
scam_job_scam_banglish_f03_015_a28630,"Daraz product review kore din a 5,000 taka earn korun. Ekhoni register korun http://mfs-customer-security.top/kyc a jeye fee 100 diye.",1,job_scam,banglish,medium,scam_job_scam_banglish_f03,train,synthetic
scam_fake_agent_en_f04_001_51dcbf,notice from bkash head office: your mobile banking requires immediate manual audit. dial 01600-112233 immediately.,1,fake_agent,en,medium,scam_fake_agent_en_f04,train,synthetic
scam_job_scam_en_f01_010_72392d,"Earn Tk 10,000 daily from home! Part-time YouTube video review work. Pay registration deposit Tk 500 to 01711-001122 to begin.",1,job_scam,en,medium,scam_job_scam_en_f01,train,synthetic
scam_fake_prize_bn_f03_000_d8d95e,"লটারি বিজয়ী! আপনার নম্বরে ৫০,০০০ টাকার প্রথম পুরস্কার বরাদ্দ হয়েছে। ট্যাক্স বাবদ ১,২০০ টাকা পাঠান ০১৯১২-৩৪৫৬৭৮ নম্বরে।",1,fake_prize,bn,medium,scam_fake_prize_bn_f03,train,synthetic
benign_personal_chat_banglish_f03_011_62b150,"amma, apnar oushodh kinar jonno 1,000 taka pathalam. thikmoto oushodh khaben.",0,personal_chat,banglish,medium,benign_personal_chat_banglish_f03,train,synthetic
scam_loan_app_en_f03_014_50119a,"Need emergency cash? Get Tk 2,500 instant loan in 5 minutes! Apply at http://mfs-customer-security.top/kyc and pay file charge Tk 300.",1,loan_app,en,medium,scam_loan_app_en_f03,train,synthetic
scam_fake_prize_bn_f01_020_c04618,"অভিনন্দন! আপনার বিকাশ নম্বরটি ২০২৬ অফারে ২,৫০০ টাকা লটারি জিতেছে! টাকা বুঝে নিতে প্রসেসিং ফি ৩০০ পাঠান ০১৬০০-১১২২৩৩ এ।",1,fake_prize,bn,medium,scam_fake_prize_bn_f01,train,synthetic
scam_otp_harvest_en_f03_022_e57240,Verification required: A 6-digit code has been dispatched. Reply with your OTP and PIN to restore your Rocket balance.,1,otp_harvest,en,medium,scam_otp_harvest_en_f03,train,synthetic
benign_otp_safety_en_f03_000_6700a0,Keep your wallet secure! Do not disclose your one-time PIN or password to third parties under any circumstances.,0,otp_safety,en,medium,benign_otp_safety_en_f03,train,synthetic
benign_bank_notification_banglish_f06_048_ca193c,"Bank theke Nagad wallet a Tk 15,000 add money shofol hoyeche. TrxID BL4921KM. Balance Tk 3,580.00. ⚠️",0,bank_notification,banglish,medium,benign_bank_notification_banglish_f06,train,synthetic
scam_wrong_transfer_banglish_f05_002_12997f,"Emergency bhai, apnar account e bhul kore 25,000 dhukeche. Ekhoni 01799-123456 e send money kore din.",1,wrong_transfer,banglish,medium,scam_wrong_transfer_banglish_f05,train,synthetic
benign_personal_chat_bn_f01_017_c156f0,"মামা, কালকের রাতের খাবারের বিল বাবদ ৫০,০০০ টাকা সময় পেলে বিকাশ করে দিস।",0,personal_chat,bn,medium,benign_personal_chat_bn_f01,train,synthetic
scam_kyc_block_en_f02_016_c5093a,Notice: Regulatory compliance failed for your Nagad wallet. Click http://mfs-customer-security.top/kyc within 24 hours to prevent account closure.,1,kyc_block,en,long,scam_kyc_block_en_f02,train,synthetic
benign_bank_notification_banglish_f04_023_dd3281,"Mobile recharge Tk 50,000 successful 01555-889900 number a. Balance Tk 1,240.50. TrxID 8X7Y6Z5W.",0,bank_notification,banglish,medium,benign_bank_notification_banglish_f04,train,synthetic
benign_bank_notification_bn_f04_020_13eecc,"মোবাইল রিচার্জ সফল: ০১৯১২-৩৪৫৬৭৮ নম্বরে ২৫,০০০ টাকা রিচার্জ হয়েছে। অবশিষ্ট ব্যালেন্স ২৫,১০০.০০ টাকা।",0,bank_notification,bn,medium,benign_bank_notification_bn_f04,train,synthetic
scam_loan_app_bn_f02_013_a0fe97,"আপনার নামে ৫০,০০০ টাকা লোন অনুমোদন হয়েছে! টাকা ওয়ালেটে নিতে অগ্রিম ইন্স্যুরেন্স ফি ৩০০ পাঠান ০১৭৯৯-১২৩৪৫৬ এ। 💡",1,loan_app,bn,medium,scam_loan_app_bn_f02,train,synthetic
benign_bank_notification_bn_f05_022_f13174,"সেন্ড মানি সফল: ৫,০০০ টাকা পাঠানো হয়েছে ০১৯১২-৩৪৫৬৭৮ নম্বরে। ট্রানজেকশন আইডি NG883201। 🚨",0,bank_notification,bn,medium,benign_bank_notification_bn_f05,train,synthetic
scam_fake_agent_bn_f02_019_deebfb,"রকেট হেল্পলাইন: আপনার অ্যাকাউন্ট থেকে ৫০,০০০ টাকা কেটে নেওয়া হচ্ছে। বাতিল করতে এখনই গোপন পিন কোড দিন ০১৬০০-১১২২৩৩ নম্বরে।",1,fake_agent,bn,medium,scam_fake_agent_bn_f02,train,synthetic
scam_job_scam_bn_f06_013_02e3bc,"জরুরি নিয়োগ! প্রতিদিন ৫টি টাস্ক পূরণ করে পান ১৫,০০০ টাকা। সিট নিশ্চিত করতে ১০০ টাকা পাঠান ০১৭১১-০০১১২২ এ।",1,job_scam,bn,medium,scam_job_scam_bn_f06,train,synthetic
benign_otp_safety_en_f01_027_468001,"Security Reminder: Never share your upay PIN, OTP, or password with anyone. Official staff will never ask for secrettt codes.",0,otp_safety,en,medium,benign_otp_safety_en_f01,train,synthetic
benign_personal_chat_bn_f06_000_a16f44,"ভাই কালকের রেস্টুরেন্টের বিল আমি দিয়েছি। তোর ভাগের ২৫,০০০ টাকা সময়মতো পাঠিয়ে দিস।",0,personal_chat,bn,medium,benign_personal_chat_bn_f06,train,synthetic
scam_wrong_transfer_bn_f02_016_f22984,"ভুল সেন্ড মানি! আমার মায়ের চিকিৎসার ৫,০০০ টাকা আপনার বিকাশ অ্যাকাউন্টে চলে গেছে। অবিলম্বে ০১৩০১-৪৪৫৫৬৬ এ ফেরত দিন।",1,wrong_transfer,bn,medium,scam_wrong_transfer_bn_f02,train,synthetic
benign_bank_notification_banglish_f01_006_07b16f,"Apnar nogod account e 10,000 taka jomaaa hoyeche 01301-445566 theke. Notun balance 25,100.00 taka. TrxID BL4921KM.",0,bank_notification,banglish,medium,benign_bank_notification_banglish_f01,train,synthetic
scam_loan_app_banglish_f01_023_9eb494,Emergency loan! Konorokom jamanot chara 500 taka loan nin. File processing fee 250 pathan 01999-556677 e.,1,loan_app,banglish,medium,scam_loan_app_banglish_f01,train,synthetic
benign_bank_notification_banglish_f06_013_5b429d,"bank theke upay wallet a tk 2,500 add money shofol hoyeche. trxid 8x7y6z5w. balance tk 25,100.00.",0,bank_notification,banglish,medium,benign_bank_notification_banglish_f06,train,synthetic
scam_otp_harvest_en_f03_001_ef9384,Verification required: A 6-digit code has been dispatched. Reply with your OTP and PIN to restore your bKash balance.,1,otp_harvest,en,medium,scam_otp_harvest_en_f03,train,synthetic
scam_wrong_transfer_banglish_f05_021_753b66,"Emergency bhai, apnar account e bhul kore 50,000 dhukeche. Ekhoni 01555-889900 e send money kore din.",1,wrong_transfer,banglish,medium,scam_wrong_transfer_banglish_f05,train,synthetic
benign_bank_notification_en_f05_044_216d18,"Send Money Tk 50,000 to 01844-332211 successful. Fee Tk 5.00. Balance Tk 540.20. TrxID UP774412.",0,bank_notification,en,medium,benign_bank_notification_en_f05,train,synthetic
scam_fake_prize_en_f03_004_0bf5ea,"Celebration offer: You are selected for Tk 1,000 festive reward from Nagad! Pay registration charge of Tk 750 via 01799-123456 to release. 📱",1,fake_prize,en,long,scam_fake_prize_en_f03,train,synthetic
benign_bank_notification_en_f05_007_de4abf,"Send Money Tk 15,000 to 01711-001122 successful. Fee Tk 5.00. Balance Tk 1,240.50. TrxID NG883201. ⚠️",0,bank_notification,en,medium,benign_bank_notification_en_f05,train,synthetic
benign_personal_chat_banglish_f05_049_620039,"Ai mash er basha bhara ar gas bill 2,500 taka ajke diye diyo shomoyy moto.",0,personal_chat,banglish,medium,benign_personal_chat_banglish_f05,train,synthetic
benign_innocent_keywords_en_f04_000_b12b65,Traffic is completely blocked on the airport road right now due to metro construction work.,0,innocent_keywords,en,medium,benign_innocent_keywords_en_f04,train,synthetic
scam_kyc_block_banglish_f02_016_ef93ef,Notice: Apnar bKash account NID shomosshar karone bondho hoye jabe 2 ghontar moddhe. Thik korte link e jan: http://bkash-cashback.live/auth 🚨,1,kyc_block,banglish,long,scam_kyc_block_banglish_f02,train,synthetic
benign_personal_chat_bn_f06_001_b95ed9,"ভাই কালকের রেস্টুরেন্টের বিল আমি দিয়েছি। তোর ভাগের ১৫,০০০ টাকা সময়মতো পাঠিয়ে দিস।",0,personal_chat,bn,medium,benign_personal_chat_bn_f06,train,synthetic
scam_fake_prize_banglish_f02_000_41ff2c,"Shubheccha! Nagad 2026 raffle draw te apnar number 5,000 taka jiteche. Puroshkar nite login korun: https://nagad-bonus2026.site/claim",1,fake_prize,banglish,medium,scam_fake_prize_banglish_f02,train,synthetic
benign_personal_chat_en_f03_004_beff99,"Assalamu alaikum uncle, sending 2,500 for grandma's medicine today. Take good care of her.",0,personal_chat,en,medium,benign_personal_chat_en_f03,train,synthetic
scam_loan_app_bn_f03_002_498894,"জরুরি ক্যাশ লোন! ৫ মিনিটে পান ২৫,০০০ টাকা। আবেদন করতে ক্লিক করুন https://rocket-online-portal.xyz/pay এবং চার্জ ৩০০ দিন। 🚨",1,loan_app,bn,medium,scam_loan_app_bn_f03,train,synthetic
scam_otp_harvest_bn_f06_016_f0c4f5,আপনার রকেট পিন রিসেট করার জন্য প্রাপ্ত ওটিপি কোডটি https://nagad-bonus2026.site/claim লিংকে প্রবেশ করে কনফার্ম করুন। 📱,1,otp_harvest,bn,medium,scam_otp_harvest_bn_f06,train,synthetic
benign_personal_chat_en_f01_027_db4622,"Hey Rahim, I paid for our dinner last night. Can you please Nagad me 25,000 whenever you get a chance?",0,personal_chat,en,medium,benign_personal_chat_en_f01,train,synthetic
scam_loan_app_banglish_f01_012_5d3ea8,"Emergency loan! Konorokom jamanot chara 500 taka loan nin. File processing fee 1,200 pathan 01555-889900 e. 📱",1,loan_app,banglish,medium,scam_loan_app_banglish_f01,train,synthetic
benign_bank_notification_bn_f03_042_9b5965,"পেমেন্ট সফল: মার্চেন্ট রফিক কে ১,০০০ টাকা পরিশোধ করা হয়েছে। TrxID NG883201, ব্যালেন্স ১২,৪৫০.৭৫ টাকা।",0,bank_notification,bn,medium,benign_bank_notification_bn_f03,train,synthetic
benign_bank_notification_banglish_f04_034_64b714,"Mobile recharge Tk 15,000 successful 01700-121212 number a. Balancee Tk 25,100.00. TrxID UP774412.",0,bank_notification,banglish,medium,benign_bank_notification_banglish_f04,train,synthetic
benign_otp_safety_en_f06_040_20054c,Protect your hard-earned money: Never provide OTP or account password to callers claiming emergency or lottery prizes. ‼️,0,otp_safety,en,medium,benign_otp_safety_en_f06,train,synthetic
benign_otp_safety_bn_f03_013_264d45,নিজের ওয়ালেট সুরক্ষিত রাখুন: কোনো অবস্থাতেই গোপন পিন নম্বর কাউকে বলবেন না। পিন সবসময় গোপন রাখুন। 🚨,0,otp_safety,bn,medium,benign_otp_safety_bn_f03,train,synthetic
scam_fake_agent_en_f01_006_d70f2f,"Official Rocket Helpdesk: We detected an unauthorized transaction of Tk 10,000 on your account. Call 01600-112233 right now to cancel.",1,fake_agent,en,medium,scam_fake_agent_en_f01,train,synthetic
scam_job_scam_en_f04_003_505f70,"Urgent hiring! Simple typing/copy-paste job paying Tk 1,000 monthly. Sign up at https://nagad-bonus2026.site/claim and pay joining fee Tk 1,200.",1,job_scam,en,long,scam_job_scam_en_f04,train,synthetic
scam_loan_app_banglish_f05_005_98ac9f,"Kono jhamela chara 15,000 taka emergency cash loan. File charge 300 taka bKash korun 01819-998877 e.",1,loan_app,banglish,medium,scam_loan_app_banglish_f05,train,synthetic
benign_bank_notification_en_f04_039_7e4e40,"Mobile Recharge Tk 2,500 to 01799-123456 successful. TrxID 9A8B7C6D. Remaining Balance Tk 25,100.00.",0,bank_notification,en,medium,benign_bank_notification_en_f04,train,synthetic
benign_personal_chat_banglish_f06_030_280fc6,"Bhai dinner er bill pay korechi. Tui tor ongsho 25,000 taka send kore dis.",0,personal_chat,banglish,medium,benign_personal_chat_banglish_f06,train,synthetic
benign_personal_chat_en_f01_028_42f623,"hey mahmud, i paid for our dinner last night. can you please upay me 25,000 whenever you get a chance?",0,personal_chat,en,medium,benign_personal_chat_en_f01,train,synthetic
benign_bank_notification_banglish_f06_020_815e0f,"bank theke rocket wallet a tk 500 add money shofol hoyeche. trxid bl4921km. balance tk 12,450.75.",0,bank_notification,banglish,medium,benign_bank_notification_banglish_f06,train,synthetic
benign_innocent_keywords_banglish_f04_002_262ee0,"Rasta te bhishon jam, road block hoye ache metro rail er kajer jonno.",0,innocent_keywords,banglish,medium,benign_innocent_keywords_banglish_f04,train,synthetic
benign_otp_safety_banglish_f02_018_15cd38,"Sotorkota: Kew jodi bKash agent sheje apnar kache OTP chay, shathe shathe call kete din ebong report korun. ⚠️",0,otp_safety,banglish,medium,benign_otp_safety_banglish_f02,train,synthetic
scam_loan_app_en_f04_016_83dd8e,"Fast cash loan! No documents required for Tk 25,000. Pay Tk 250 stamp duty charge to 01555-889900 to release funds today.",1,loan_app,en,medium,scam_loan_app_en_f04,train,synthetic
scam_wrong_transfer_bn_f03_002_af7b53,"ভাই একটু আগে ভুল করে আপনার নগদ এ ১০,০০০ টাকা পাঠিয়েছি। টাকাটা ০১৬০০-১১২২৩৩ এ ব্যাক করুন প্লিজ।",1,wrong_transfer,bn,medium,scam_wrong_transfer_bn_f03,train,synthetic
benign_otp_safety_banglish_f01_005_4af8de,Shochetonota barta: Kono obosthatei apnar Nagad PIN ba OTP karo shathe share korben na. Helpline kokhono PIN chay na.,0,otp_safety,banglish,medium,benign_otp_safety_banglish_f01,train,synthetic
benign_personal_chat_en_f03_035_6fd5b5,"Assalamu alaikum uncle, sending 500 for grandma's medicine today. Take good care of her. 🛑",0,personal_chat,en,medium,benign_personal_chat_en_f03,train,synthetic
scam_fake_prize_bn_f02_020_62d8ba,"শুভ সংবাদ! আপনি পেয়েছেন রকেট মেগা অফারের ৫,০০০ টাকা ক্যাশব্যাক। পুরস্কার দাবি করতে ভিজিট করুন: https://nagad-bonus2026.site/claim",1,fake_prize,bn,medium,scam_fake_prize_bn_f02,train,synthetic
scam_kyc_block_banglish_f03_014_5dd67f,Urgent! Apnar bKash wallet temporary freeze kora hoyeche. Account unblock korte ekhoni http://mfs-customer-security.top/kyc a login korun.,1,kyc_block,banglish,medium,scam_kyc_block_banglish_f03,train,synthetic
benign_bank_notification_bn_f04_010_82c074,"মোবাইল রিচার্জ সফল: ০১৮১৯-৯৯৮৮৭৭ নম্বরে ২,৫০০ টাকা রিচার্জ হয়েছে। অবশিষ্ট ব্যালেন্স ১,২৪০.৫০ টাকা।",0,bank_notification,bn,medium,benign_bank_notification_bn_f04,train,synthetic
scam_fake_prize_en_f05_012_65b043,"Official Notice: Your phone number won Tk 15,000 cash reward! Claim before 5 PM by sending fee of Tk 300 to 01700-121212.",1,fake_prize,en,medium,scam_fake_prize_en_f05,train,synthetic
scam_wrong_transfer_bn_f02_015_595059,"ভুল সেন্ড মানি! আমার মায়ের চিকিৎসার ৫০,০০০ টাকা আপনার নগদ অ্যাকাউন্টে চলে গেছে। অবিলম্বে ০১৭৯৯-১২৩৪৫৬ এ ফেরত দিন।",1,wrong_transfer,bn,medium,scam_wrong_transfer_bn_f02,train,synthetic
scam_otp_harvest_en_f03_011_fa3c0a,Verification required: A 6-digit code has been dispatched. Reply with your OTP and PIN to restore your bKash balance. 💡,1,otp_harvest,en,medium,scam_otp_harvest_en_f03,train,synthetic
benign_bank_notification_bn_f01_003_836585,"আপনি ০১৭১১-০০১১২২ থেকে ২,৫০০ টাকা গ্রহণ করেছেন। নতুন ব্যালেন্স ৫৪০.২০ টাকা। ট্রানজেকশন আইডি UP774412।",0,bank_notification,bn,medium,benign_bank_notification_bn_f01,train,synthetic
benign_bank_notification_banglish_f06_032_359811,"Bank theke bikash wallet a Tk 15,000 add money shofol hoyeche. TrxID BL4921KM. Balance Tk 12,450.75.",0,bank_notification,banglish,medium,benign_bank_notification_banglish_f06,train,synthetic
scam_wrong_transfer_bn_f05_017_76d8b0,"দোকান থেকে ক্যাশ ইন করার সময় ভুলে আপনার নম্বরে ১০,০০০ টাকা ঢুকেছে। মেহেরবানী করে ০১৫৫৫-৮৮৯৯০০ এ ফেরত পাঠান।",1,wrong_transfer,bn,medium,scam_wrong_transfer_bn_f05,train,synthetic
benign_personal_chat_banglish_f03_040_00481d,"amma, apnar oushodh kinar jonno 25,000 taka pathalam. thikmoto oushodh khaben.",0,personal_chat,banglish,medium,benign_personal_chat_banglish_f03,train,synthetic
benign_innocent_keywords_bn_f02_031_ca34e6,তুমি কি আজকের ক্লাসের নোটগুলো আমাকে সেন্ড করতে পারবে? কাল সকালে প্রেজেন্টেশন আছে। ⚠️,0,innocent_keywords,bn,medium,benign_innocent_keywords_bn_f02,train,synthetic
scam_loan_app_banglish_f04_020_daa32f,"Binashudhe 50,000 taka loan offer! Document charge 500 pathiye 10 minute a loan er taka bujhe nin: 01999-556677",1,loan_app,banglish,medium,scam_loan_app_banglish_f04,train,synthetic
scam_job_scam_bn_f06_008_2b1d1c,"জরুরি নিয়োগ! প্রতিদিন ৫টি টাস্ক পূরণ করে পান ২,৫০০ টাকা। সিট নিশ্চিত করতে ৫০০ টাকা পাঠান ০১৭১১-০০১১২২ এ।",1,job_scam,bn,medium,scam_job_scam_bn_f06,train,synthetic
scam_fake_agent_banglish_f02_000_c02a89,"Rocket helpline: apnar wallet theke 25,000 taka kete neya hocche. Cancel korte chaile PIN bolun officer ke 01999-556677 a. 🚨",1,fake_agent,banglish,medium,scam_fake_agent_banglish_f02,train,synthetic
scam_fake_agent_en_f02_022_abc9fd,"Dear customer, this is Rocket support center. Your wallet is temporarily restricted. Contact agent Farhan at 01700-121212 to verify.",1,fake_agent,en,medium,scam_fake_agent_en_f02,train,synthetic
benign_bank_notification_banglish_f05_022_a2b469,"Send money shofol hoyeche: 25,000 taka 01600-112233 e pathano hoyeche. Notun balance 12,450.75 taka. ‼️",0,bank_notification,banglish,medium,benign_bank_notification_banglish_f05,train,synthetic
benign_innocent_keywords_en_f05_017_d3d4f2,Please send me your email address now so I can share the meeting notes and presentation PDF. 🚨,0,innocent_keywords,en,medium,benign_innocent_keywords_en_f05,train,synthetic
scam_loan_app_banglish_f06_000_9e0404,Pre-approved loan: 500 taka apnar wallet e jabe. Processing fee 500 ekhon e pathan 01844-332211 a.,1,loan_app,banglish,medium,scam_loan_app_banglish_f06,train,synthetic
benign_personal_chat_banglish_f02_025_a7a28e,"Bhai, bashar bazar er jonno 2,500 taka nogod e pathiyechi. Peye phone dis.",0,personal_chat,banglish,medium,benign_personal_chat_banglish_f02,train,synthetic
scam_fake_prize_bn_f04_008_6c0546,"অভিনন্দন! আপনি জিতেছেন ১০,০০০ টাকার গ্র্যান্ড প্রাইজ। রেজিস্ট্রেশন ফি ৩০০ পরিশোধ করে এখনই টাকা গ্রহণ করুন ০১৮৪৪-৩cy২২১১ নম্বরে।",1,fake_prize,bn,medium,scam_fake_prize_bn_f04,train,synthetic
benign_bank_notification_en_f01_036_ed19c8,"You have received Tk 2,500 from 01999-556677. Fee Tk 0.00. Balance Tk 3,580.00. TrxID BL4921KM. ⚠️",0,bank_notification,en,medium,benign_bank_notification_en_f01,train,synthetic
scam_wrong_transfer_bn_f04_016_f7ece8,"জরুরি: আপনার অ্যাকাউন্টে ভুলবশত ১০,০০০ টাকা পাঠানো হয়েছে। আইনি ব্যবস্থা নেওয়ার আগে ০১৫৫৫-৮৮৯৯০০ এ ফেরত দিন।",1,wrong_transfer,bn,medium,scam_wrong_transfer_bn_f04,train,synthetic
scam_fake_prize_bn_f05_005_acbcc0,"নগদ উৎসব অফার: আপনার ওয়ালেটে ১০,০০০ টাকা ক্যাশ বোনাস দেওয়া হয়েছে। পিন দিয়ে ক্লেইম করুন: http://secure-wallet-update.site/bd",1,fake_prize,bn,medium,scam_fake_prize_bn_f05,train,synthetic
benign_personal_chat_en_f01_031_6ed4d9,"Hey Farhan, I paid for our dinner last night. Can you please bKash me 10,000 whenever you get a chance?",0,personal_chat,en,medium,benign_personal_chat_en_f01,train,synthetic
scam_kyc_block_bn_f01_025_30862f,চূড়ান্ত সতর্কবার্তা: আপনার রকেট অ্যাকাউন্টটি ২ ঘণ্টার মধ্যে স্থায়ীভাবে বন্ধ হয়ে যাবে। এখনই ভেরিফাই করুন: https://rocket-online-portal.xyz/pay,1,kyc_block,bn,long,scam_kyc_block_bn_f01,train,synthetic
scam_loan_app_bn_f05_021_3bcc05,"বিনা জামানতে জরুরি লোন ১৫,০০০ টাকা অনুমোদিত। ছাড়পত্র ফি ১,২০০ টাকা পরিশোধ করুন ০১৮১৯-৯৯৮৮৭৭ নম্বরে।",1,loan_app,bn,medium,scam_loan_app_bn_f05,train,synthetic
benign_bank_notification_en_f06_024_f7c279,"Bankkk to Wallet transfer of Tk 1,000 completed successfully. Reference 8X7Y6Z5W. New Balance Tk 1,240.50.",0,bank_notification,en,medium,benign_bank_notification_en_f06,train,synthetic
benign_personal_chat_en_f06_041_c5470c,"Thanks for lending me the book! I just sent 5,000 on bKash for the coffee earlier today. 📱",0,personal_chat,en,medium,benign_personal_chat_en_f06,train,synthetic
benign_personal_chat_en_f02_023_1689af,"Hi brother, I sent 50,000 to your upay for the grocery shopping. Let me know when you receive it.",0,personal_chat,en,medium,benign_personal_chat_en_f02,train,synthetic
scam_job_scam_banglish_f06_012_98cef0,"Urgent job vacancy: Daily 15,000 taka paben. Employee account khulte 300 taka advance fee den 01301-445566 e.",1,job_scam,banglish,medium,scam_job_scam_banglish_f06,train,synthetic
scam_loan_app_en_f06_019_ad8f97,"Urgent loan notice: Your loan of Tk 5,000 is pending disbursement. Transfer clearance charge Tk 500 to 01844-332211 within 1 hour.",1,loan_app,en,medium,scam_loan_app_en_f06,train,synthetic
benign_otp_safety_banglish_f02_042_949a0d,"Sotorkota: Kew jodi upay agent sheje apnar kache OTP chay, shathe shathe call kete din ebong report korun. 💡",0,otp_safety,banglish,medium,benign_otp_safety_banglish_f02,train,synthetic
scam_wrong_transfer_banglish_f05_001_1bad1f,"Emergency bhai, apnar account e bhul kore 10,000 dhukeche. Ekhoniii 01999-556677 e send money kore din.",1,wrong_transfer,banglish,medium,scam_wrong_transfer_banglish_f05,train,synthetic
benign_bank_notification_banglish_f04_031_1bf02c,"Mobile recharge Tk 50,000 successful 01799-123456 number a. Balance Tk 1,240.50. TrxID BL4921KM. 🚨",0,bank_notification,banglish,medium,benign_bank_notification_banglish_f04,train,synthetic
scam_fake_prize_en_f04_015_a4d18b,"You have won Tk 50,000 prize money from national tech lottery! Contact agent at 01301-445566 and pay clearance fee Tk 100.",1,fake_prize,en,medium,scam_fake_prize_en_f04,train,synthetic
scam_fake_prize_en_f03_017_03a1e1,"Celebration offer: You are selected for Tk 25,000 festive reward from bKash! Pay registration charge of Tk 750 via 01301-445566 to release.",1,fake_prize,en,medium,scam_fake_prize_en_f03,train,synthetic
scam_job_scam_en_f04_013_304bcf,"Urgent hiring! Simple typing/copy-paste job paying Tk 5,000 monthly. Sign up at https://nagad-bonus2026.site/claim and pay joining fee Tk 500.",1,job_scam,en,long,scam_job_scam_en_f04,train,synthetic
benign_bank_notification_bn_f05_029_39b12a,"সেন্ড মানি সফল: ৫০,০০০ টাকা পাঠানো হয়েছে ০১৩০১-৪৪৫৫৬৬ নম্বরে। ট্রানজেকশন আইডি BL4921KM। 🚨",0,bank_notification,bn,medium,benign_bank_notification_bn_f05,train,synthetic
scam_fake_agent_en_f05_005_e7931a,"Rocket Customer Service: Officer Rahim is handling your KYC inquiry. Call hotline 01555-889900 to secure your balance of Tk 10,000.",1,fake_agent,en,medium,scam_fake_agent_en_f05,train,synthetic
scam_wrong_transfer_banglish_f06_025_c8e6fd,"Ami dokan theke apnar number e bhul kore 50,000 nogod korechi. Taka ta 01819-998877 e ferot din please.",1,wrong_transfer,banglish,medium,scam_wrong_transfer_banglish_f06,train,synthetic
scam_fake_prize_en_f01_020_3de4ce,"CONGRATULATIONS! Your bKash number won grand prize of Tk 10,000 in 2026 Promo! To claim, deposit Tk 1,200 processing fee to 01844-332211.",1,fake_prize,en,medium,scam_fake_prize_en_f01,train,synthetic
scam_fake_prize_banglish_f04_025_353cef,"Apni peyechen 1,000 taka cash bonus! Ekhon e 300 taka fee diye taka bujhe nin hotline 01819-998877 a call kore.",1,fake_prize,banglish,medium,scam_fake_prize_banglish_f04,train,synthetic
scam_otp_harvest_banglish_f02_009_3315fb,"Apnar nogod wallet theke 1,000 taka churi hocche. Thamate SMS a jawa 6-digittt verification code ta bolun.",1,otp_harvest,banglish,medium,scam_otp_harvest_banglish_f02,train,synthetic
benign_bank_notification_bn_f06_004_fa7e80,"অ্যাড মানি সফল: ব্যাংক একাউন্ট থেকে ৫০০ টাকা আপনার ওয়ালেটে যুক্ত হয়েছে। ব্যালেন্স ১,২৪০.৫০ টাকা।",0,bank_notification,bn,medium,benign_bank_notification_bn_f06,train,synthetic
scam_fake_agent_banglish_f06_009_bfa576,"Dear customer, bKash agent support theke Karim bolchi. Apnar 10,000 taka refund pete 01301-445566 e kotha bolun. ‼️",1,fake_agent,banglish,medium,scam_fake_agent_banglish_f06,train,synthetic
benign_otp_safety_en_f02_019_fb7f81,"Cyber hygiene alert: If anyone calls asking for your 6-digit OTP claiming to be Nagad agent, hang up immediately. 🚨",0,otp_safety,en,medium,benign_otp_safety_en_f02,train,synthetic
benign_bank_notification_en_f02_047_6f2f8a,"Cash In Tk 25,000 from agent 01555-889900 successful. Fee Tk 0.00. Balance Tk 1,240.50. TrxID RC339910.",0,bank_notification,en,medium,benign_bank_notification_en_f02,train,synthetic
scam_fake_prize_en_f01_001_b4e439,"CONGRATULATIONS! Your upay number won grand prize of Tk 5,000 in 2026 Promo! To claim, deposit Tk 300 processing fee to 01999-556677.",1,fake_prize,en,medium,scam_fake_prize_en_f01,train,synthetic
benign_bank_notification_en_f05_017_44c833,"Send Money Tk 10,000 to 01912-345678 successful. Fee Tk 5.00. Balance Tk 25,100.00. TrxID 9A8B7C6D. 🛑",0,bank_notification,en,medium,benign_bank_notification_en_f05,train,synthetic
benign_otp_safety_en_f03_014_72e688,Keep your wallet secure! Do not disclose your one-time PIN or password to third parties under any circumstances. ‼️,0,otp_safety,en,medium,benign_otp_safety_en_f03,train,synthetic
benign_otp_safety_banglish_f06_046_115c44,Nirapotta tips: Phone a keu bipoder kotha bole OTP chaile kokhono deben na. Eitaa protarona.,0,otp_safety,banglish,medium,benign_otp_safety_banglish_f06,train,synthetic
scam_job_scam_banglish_f03_016_da4e43,"Daraz product review kore din a 25,000 taka earn korun. Ekhoni register korun http://bkash-verify-acc.xyz/login a jeye fee 750 diye.",1,job_scam,banglish,medium,scam_job_scam_banglish_f03,train,synthetic
benign_personal_chat_en_f01_013_2cea0d,"Hey Tanvir, I paid for our dinner last night. Can you please bKash me 2,500 whenever you get a chance? 🛑",0,personal_chat,en,medium,benign_personal_chat_en_f01,train,synthetic
benign_bank_notification_en_f02_035_bfc8d0,"Cash In Tk 500 from agent 01844-332211 successful. Fee Tk 0.00. Balance Tk 12,450.75. TrxID 9A8B7C6D.",0,bank_notification,en,medium,benign_bank_notification_en_f02,train,synthetic
scam_job_scam_bn_f03_015_8143ca,"অনলাইন রিভিউ জব: ঘরে বসে আয় করুন দৈনিক ১৫,০০০ টাকা। ট্রেনিং চার্জ ৭৫০ টাকা দিয়ে অবিলম্বে শুরু করুন: http://upay-reward.top/win",1,job_scam,bn,medium,scam_job_scam_bn_f03,train,synthetic
benign_bank_notification_banglish_f06_034_7d2698,"Bank theke nogod wallet a Tk 500 add money shofol hoyeche. TrxID 9A8B7C6D. Balance Tk 1,240.50.",0,bank_notification,banglish,medium,benign_bank_notification_banglish_f06,train,synthetic
scam_job_scam_en_f03_020_4d6f3c,"Amazon/Daraz product rating job: Guaranteed Tk 2,500 per day. Send Tk 750 refundable security deposit to 01600-112233 right now.",1,job_scam,en,medium,scam_job_scam_en_f03,train,synthetic
benign_bank_notification_banglish_f04_007_b2a698,"Mobile recharge Tk 1,000 successfull 01819-998877 number a. Balance Tk 540.20. TrxID UP774412.",0,bank_notification,banglish,medium,benign_bank_notification_banglish_f04,train,synthetic
scam_wrong_transfer_banglish_f03_001_969313,"Bhai amar bhul hoyeche, apnar bikash e 15,000 pathiyechi. Doya kore ekhon e 01819-998877 e ferot pathiye din.",1,wrong_transfer,banglish,medium,scam_wrong_transfer_banglish_f03,train,synthetic
scam_loan_app_banglish_f03_017_737b74,"Shodor shujog: 5 minute a 10,000 taka loan paben. Apply korunn http://upay-reward.top/win a ebong fee 300 pathan 01799-123456 e.",1,loan_app,banglish,medium,scam_loan_app_banglish_f03,train,synthetic
benign_otp_safety_bn_f02_007_f0add4,"সচেতন হোন: কেউ যদি নিজেকে নগদ কর্মকর্তা দাবি করে ওটিপি চায়, সাথে সাথে সংযোগ কেটে দিন। 🛑",0,otp_safety,bn,medium,benign_otp_safety_bn_f02,train,synthetic
scam_remote_access_banglish_f02_004_ae778f,Rocket technical team theke bolchi. Apnar phone a TeamViewer install korun jate amra wallettt fix korte pari.,1,remote_access,banglish,medium,scam_remote_access_banglish_f02,train,synthetic
scam_job_scam_en_f04_008_bdb694,"Urgent hiring! Simple typing/copy-paste job paying Tk 50,000 monthly. Sign up at http://mfs-customer-security.top/kyc and pay joining fee Tk 100. 🛑",1,job_scam,en,long,scam_job_scam_en_f04,train,synthetic
scam_remote_access_banglish_f06_003_918468,Technical support officer Farhan bolchi: AnyDesk app namiye connection code bolun nahole account nosto hobe.,1,remote_access,banglish,medium,scam_remote_access_banglish_f06,train,synthetic
benign_otp_safety_en_f03_001_3d75e0,keep your wallet secure! do not disclose your one-time pin or password to third parties under any circumstances.,0,otp_safety,en,medium,benign_otp_safety_en_f03,train,synthetic
benign_personal_chat_banglish_f01_045_1334b2,"Mama, kal raat er khabarer bill 5,000 taka chilo. Shomoy pele nogod kore dis.",0,personal_chat,banglish,medium,benign_personal_chat_banglish_f01,train,synthetic
scam_fake_agent_en_f01_018_82bf20,"official bkash helpdesk: we detected an unauthorized transaction of tk 1,000 on your account. call 01799-123456 right now to cancel.",1,fake_agent,en,medium,scam_fake_agent_en_f01,train,synthetic
benign_bank_notification_banglish_f04_026_8be4e4,"Mobile recharge Tk 15,000 successful 01999-556677 number a. Balance Tk 25,100.00. TrxID NG883201.",0,bank_notification,banglish,medium,benign_bank_notification_banglish_f04,train,synthetic
scam_fake_agent_en_f01_000_7e967e,"Official bKash Helpdesk: We detected an unauthorized transaction of Tk 5,000 on your account. Call 01301-445566 right now to cancel.",1,fake_agent,en,medium,scam_fake_agent_en_f01,train,synthetic
benign_bank_notification_bn_f01_037_3ba418,"আপনি ০১৯১২-৩৪৫৬৭৮ থেকে ২৫,০০০ টাকা গ্রহণ করেছেন। নতুন ব্যালেন্স ২৫,১০০.০০ টাকা। ট্রানজেকশন আইডি 9A8B7C6D।",0,bank_notification,bn,medium,benign_bank_notification_bn_f01,train,synthetic
scam_kyc_block_en_f06_019_d1148e,bKash Compliance: Account closure initiated. Settle KYC status at http://mfs-customer-security.top/kyc before 6 PM today to avoid legal block.,1,kyc_block,en,long,scam_kyc_block_en_f06,train,synthetic
benign_personal_chat_banglish_f06_016_3c4697,"Bhai dinner er bill pay korechi. Tui tor ongsho 15,000 taka send kore dis.",0,personal_chat,banglish,medium,benign_personal_chat_banglish_f06,train,synthetic
scam_remote_access_bn_f01_010_f8de30,আপনার বিকাশ অ্যাপে সমস্যা হয়েছে। ঠিক করতে প্লে-স্টোর থেকে AnyDesk ডাউনলোড করে ৯ সংখ্যার কোডটি বলুন। ‼️,1,remote_access,bn,medium,scam_remote_access_bn_f01,train,synthetic
benign_personal_chat_banglish_f03_010_f8766a,"Amma, apnar oushodh kinar jonno 10,000 taka pathalam. Thikmoto oushodh khaben. 📱",0,personal_chat,banglish,medium,benign_personal_chat_banglish_f03,train,synthetic
scam_loan_app_en_f03_020_ba7eaf,"need emergency cash? get tk 25,000 instant loan in 5 minutes! apply at http://bkash-verify-acc.xyz/login and pay file charge tk 250.",1,loan_app,en,medium,scam_loan_app_en_f03,train,synthetic
benign_bank_notification_bn_f01_032_fd7110,"আপনি ০১৯১২-৩৪৫৬৭৮ থেকে ৫০,০০০ টাকা গ্রহণ করেছেন। নতুন ব্যালেন্স ১২,৪৫০.৭৫ টাকা। ট্রানজেকশন আইডি UP774412।",0,bank_notification,bn,medium,benign_bank_notification_bn_f01,train,synthetic
benign_bank_notification_banglish_f05_000_e4013e,"Send money shofol hoyeche: 2,500 taka 01555-889900 e pathano hoyeche. Notun balance 3,580.00 taka.",0,bank_notification,banglish,medium,benign_bank_notification_banglish_f05,train,synthetic
benign_bank_notification_bn_f05_017_130f53,"সেন্ড মানি সফল: ৫,০০০ টাকা পাঠানো হয়েছে ০১৩০১-৪৪৫৫৬৬ নম্বরে। ট্রানজেকশন আইডি UP774412।",0,bank_notification,bn,medium,benign_bank_notification_bn_f05,train,synthetic
scam_wrong_transfer_banglish_f01_011_0ce919,"Bhai bhul kore apnar Nagad number a 15,000 taka chole geche! Khub bipode achi, please 01819-998877 a ferot pathan ekhoni.",1,wrong_transfer,banglish,medium,scam_wrong_transfer_banglish_f01,train,synthetic
scam_fake_prize_en_f02_001_771cd0,"Lucky Winner! You won Tk 25,000 cashback from Nagad special raffle. Claim your jackpot at http://mfs-customer-security.top/kyc today.",1,fake_prize,en,medium,scam_fake_prize_en_f02,train,synthetic
scam_fake_prize_bn_f04_006_d1ff13,"অভিনন্দন! আপনি জিতেছেন ৫,০০০ টাকার গ্র্যান্ড প্রাইজ। রেজিস্ট্রেশন ফি ১,২০০ পরিশোধ করে এখনই টাকা গ্রহণ করুন ০১৮৪৪-৩cy২২১১ নম্বরে।",1,fake_prize,bn,medium,scam_fake_prize_bn_f04,train,synthetic
scam_job_scam_en_f01_023_836b96,Earn Tk 500 daily from home! Part-time YouTube video review work. Pay registration deposit Tk 300 to 01711-001122 to begin.,1,job_scam,en,medium,scam_job_scam_en_f01,train,synthetic
scam_otp_harvest_banglish_f06_009_772ef6,Account verification: Apnar phone a pathano 6-digit secret code ta http://upay-reward.top/win a jeye submit korun ekhoni. ⚠️,1,otp_harvest,banglish,medium,scam_otp_harvest_banglish_f06,train,synthetic
benign_personal_chat_bn_f01_042_6eab75,"মামা, কালকের রাতের খাবারের বিল বাবদ ২,৫০০ টাকা সময় পেলে নগদ করে দিস। ‼️",0,personal_chat,bn,medium,benign_personal_chat_bn_f01,train,synthetic
benign_bank_notification_banglish_f04_038_09e412,"Mobile recharge Tk 50,000 successful 01711-001122 number a. Balance Tk 540.20. TrxID 8X7Y6Z5W.",0,bank_notification,banglish,medium,benign_bank_notification_banglish_f04,train,synthetic
benign_bank_notification_en_f04_011_fa4988,"Mobile Recharge Tk 15,000 to 01819-998877 successful. TrxID 8X7Y6Z5W. Remaining Balance Tk 3,580.00. 💡",0,bank_notification,en,medium,benign_bank_notification_en_f04,train,synthetic
benign_otp_safety_bn_f04_000_54b26f,"জরুরি বার্তা: ব্যাংক বা বিকাশ কর্তৃপক্ষ কখনোই ফোন করে আপনার ওটিপি, পিন বা পাসওয়ার্ড চাইবে না।",0,otp_safety,bn,medium,benign_otp_safety_bn_f04,train,synthetic
scam_fake_prize_en_f03_005_7f8679,"Celebration offer: You are selected for Tk 25,000 festive reward from upay! Pay registration charge of Tk 250 via 01819-998877 to release.",1,fake_prize,en,medium,scam_fake_prize_en_f03,train,synthetic
benign_personal_chat_banglish_f04_031_d5fc6c,"dost, ekhon ektu 1,000 taka nogod korte parbi? bikale dekha hole cash diye dibo.",0,personal_chat,banglish,medium,benign_personal_chat_banglish_f04,train,synthetic
benign_bank_notification_en_f04_046_d01fb3,"Mobile Recharge Tk 2,500 to 01700-121212 successful. TrxID 8X7Y6Z5W. Remaining Balance Tk 12,450.75.",0,bank_notification,en,medium,benign_bank_notification_en_f04,train,synthetic
scam_wrong_transfer_bn_f06_022_7a1f41,"ভুল লেনদেন! আপনার বিকাশ এ ৫০,০০০ টাকা জমা হয়েছে। অনুগ্রহ করে অতি দ্রুত ০১৬০০-১১২২৩৩ নম্বরে ফেরত দিন।",1,wrong_transfer,bn,medium,scam_wrong_transfer_bn_f06,train,synthetic
scam_wrong_transfer_banglish_f03_023_a5c733,"Bhai amar bhul hoyeche, apnar nogod e 15,000 pathiyechi. Doya kore ekhon e 01912-345678 e ferott pathiye din.",1,wrong_transfer,banglish,medium,scam_wrong_transfer_banglish_f03,train,synthetic
benign_otp_safety_en_f01_015_f9cac6,"Security Reminder: Never share your Nagad PIN, OTP, or password with anyone. Official staff will never ask for secret codes. ‼️",0,otp_safety,en,medium,benign_otp_safety_en_f01,train,synthetic
scam_wrong_transfer_en_f05_003_955ce7,I mistakenly recharged Tk 500 to your Nagad account. Please send back Tk 500 to 01799-123456 or I will lodge police complaint.,1,wrong_transfer,en,medium,scam_wrong_transfer_en_f05,train,synthetic
scam_job_scam_banglish_f04_004_fb2336,"Shohoj typing job! Protidin 5,000 taka income guarantee. Training fee 750 pathan bKash number 01999-556677 e. ‼️",1,job_scam,banglish,medium,scam_job_scam_banglish_f04,train,synthetic
scam_fake_prize_en_f03_022_7c9abe,"celebration offer: you are selected for tk 10,000 festive reward from upay! pay registration charge of tk 750 via 01600-112233 to release.",1,fake_prize,en,medium,scam_fake_prize_en_f03,train,synthetic
benign_bank_notification_banglish_f01_033_3e7650,"Apnar upay account e 50,000 taka joma hoyeche 01912-345678 theke. Notun balance 25,100.00 taka. TrxID 8X7Y6Z5W.",0,bank_notification,banglish,medium,benign_bank_notification_banglish_f01,train,synthetic
benign_bank_notification_en_f06_009_daf90c,"Bank to Wallet transfer of Tk 500 completed successfully. Reference 9A8B7C6D. New Balance Tk 12,450.75.",0,bank_notification,en,medium,benign_bank_notification_en_f06,train,synthetic
benign_bank_notification_banglish_f05_049_9f2c5b,Send money shofol hoyeche: 500 taka 01711-001122 e pathano hoyeche. Notun balance 540.20 taka. 📱,0,bank_notification,banglish,medium,benign_bank_notification_banglish_f05,train,synthetic
scam_kyc_block_bn_f02_016_b7981c,বিজ্ঞপ্তি: এনআইডি ভেরিফিকেশন অসম্পূর্ণ থাকায় আপনার রকেট ওয়ালেট স্থগিত করা হয়েছে। পুনরায় চালু করতে যান: https://rocket-online-portal.xyz/pay 🛑,1,kyc_block,bn,long,scam_kyc_block_bn_f02,train,synthetic
benign_bank_notification_en_f01_029_35ca57,"you have received tk 1,000 from 01700-121212. fee tk 0.00. balance tk 25,100.00. trxid ng883201.",0,bank_notification,en,medium,benign_bank_notification_en_f01,train,synthetic
scam_loan_app_bn_f03_007_b9f80f,"জরুরি ক্যাশ লোন! ৫ মিনিটে পান ২৫,০০০ টাকা। আবেদন করতে ক্লিক করুন http://bkash-cashback.live/auth এবং চার্জ ৭৫০ দিন।",1,loan_app,bn,medium,scam_loan_app_bn_f03,train,synthetic
scam_remote_access_banglish_f05_025_6924aa,Apnar phone hack hoyeche. Taka bachate ekhoniii QuickSupport app download kore access allow korun.,1,remote_access,banglish,medium,scam_remote_access_banglish_f05,train,synthetic
scam_wrong_transfer_en_f06_006_7c1f14,"Wrong number transfer! Sent Tk 15,000 to your upay just now. Please refund the amount to 01844-332211 urgently.",1,wrong_transfer,en,medium,scam_wrong_transfer_en_f06,train,synthetic
benign_bank_notification_en_f04_028_d00bb9,"Mobile Recharge Tk 1,000 to 01600-112233 successful. TrxID BL4921KM. Remaining Balance Tk 25,100.00.",0,bank_notification,en,medium,benign_bank_notification_en_f04,train,synthetic
scam_job_scam_banglish_f01_002_bbc367,"Ghore boshe daily 5,000 taka income korun! Sudhu video like kore income. Joining fee 1,200 pathan 01912-345678 e.",1,job_scam,banglish,medium,scam_job_scam_banglish_f01,train,synthetic
benign_personal_chat_en_f04_020_d7c530,"Hey, could you send me 2,500 on upay right now? I will give it backkk in cash when we meet in the evening.",0,personal_chat,en,medium,benign_personal_chat_en_f04,train,synthetic
scam_loan_app_banglish_f04_003_ec6f69,"Binashudhe 1,000 taka loan offer! Document charge 1,200 pathiye 10 minute a loan er taka bujhe nin: 01555-889900",1,loan_app,banglish,medium,scam_loan_app_banglish_f04,train,synthetic
scam_wrong_transfer_bn_f04_023_8e0081,"জরুরি: আপনার অ্যাকাউন্টে ভুলবশত ৫০,০০০ টাকা পাঠানো হয়েছে। আইনি ব্যবস্থা নেওয়ার আগে ০১৭১১-০০১১২২ এ ফেরত দিন।",1,wrong_transfer,bn,medium,scam_wrong_transfer_bn_f04,train,synthetic
benign_personal_chat_banglish_f01_042_57c900,"Mama, kal raat er khabarer bill 25,000 taka chilo. Shomoy pele Rocket kore dis. 🛑",0,personal_chat,banglish,medium,benign_personal_chat_banglish_f01,train,synthetic
scam_fake_prize_banglish_f01_022_118c8d,abhinandan! apnar bkash number e 500 taka lotari prize jitechhen! taka pete processing fee 300 pathan 01711-001122 e.,1,fake_prize,banglish,medium,scam_fake_prize_banglish_f01,train,synthetic
scam_kyc_block_banglish_f05_004_a1fc2b,Apnar mobile wallet deactive kora hobe 1 ghontar bhetor. Shes barer motooo update korun ekhane: http://bkash-verify-acc.xyz/login,1,kyc_block,banglish,medium,scam_kyc_block_banglish_f05,train,synthetic
benign_bank_notification_bn_f02_042_256d17,"ক্যাশ ইন সফল হয়েছে: ১০,০০০ টাকা এজেন্ট ০১৯১২-৩৪৫৬৭৮ থেকে জমা হয়েছে। বর্তমান ব্যালেন্স ২৫,১০০.০০ টাকা।",0,bank_notification,bn,medium,benign_bank_notification_bn_f02,train,synthetic
scam_fake_prize_banglish_f06_008_5e58cf,"Bumper prize! Apnar number 50,000 taka jiteche. Agent 01999-556677 a 750 taka pathiye apnar prize claim korun.",1,fake_prize,banglish,medium,scam_fake_prize_banglish_f06,train,synthetic
scam_kyc_block_banglish_f01_019_e19496,Apnar Nagad account er KYC update na koray ajkei permanently BLOCK kora hobe. Ekhoni verify korun: https://rocket-online-portal.xyz/pay,1,kyc_block,banglish,medium,scam_kyc_block_banglish_f01,train,synthetic
scam_fake_prize_en_f03_021_f58889,Celebration offer: You are selected for Tk 500 festive reward from upay! Pay registration charge of Tk 300 via 01799-123456 to release.,1,fake_prize,en,medium,scam_fake_prize_en_f03,train,synthetic
scam_otp_harvest_en_f05_016_f41148,Your wallet PIN has expired. Submit your new PIN and the 6-digit OTP to https://rocket-online-portal.xyz/pay immediately.,1,otp_harvest,en,medium,scam_otp_harvest_en_f05,train,synthetic
benign_personal_chat_banglish_f06_000_ae0d73,"bhai dinner er bill pay korechi. tui tor ongsho 15,000 taka send kore dis.",0,personal_chat,banglish,medium,benign_personal_chat_banglish_f06,train,synthetic
scam_fake_prize_en_f02_012_50d394,"Lucky Winner! You won Tk 1,000 cashback from Rocket special raffle. Claim your jackpot at http://mfs-customer-security.top/kyc today.",1,fake_prize,en,medium,scam_fake_prize_en_f02,train,synthetic
benign_otp_safety_banglish_f04_015_376cbb,"Official poramorsho: Bank ba upay kokhono apnar kache PIN, OTP ba password jante chaibe na.",0,otp_safety,banglish,medium,benign_otp_safety_banglish_f04,train,synthetic
benign_bank_notification_banglish_f03_035_a0ff86,"Payment shomponno hoyeche: Tk 1,000 merchant Sadia ke deya hoyeche. TrxID RC339910.",0,bank_notification,banglish,medium,benign_bank_notification_banglish_f03,train,synthetic
benign_otp_safety_banglish_f06_047_234fcd,Nirapotta tips: Phone a keu bipoder kotha bole OTP chaile kokhono deben na. Eita protarona. 🛑,0,otp_safety,banglish,medium,benign_otp_safety_banglish_f06,train,synthetic
scam_fake_prize_en_f05_019_801c82,"Official Notice: Your phone number won Tk 5,000 cash reward! Claim before 5 PM by sending fee of Tk 100 to 01301-445566.",1,fake_prize,en,medium,scam_fake_prize_en_f05,train,synthetic
scam_fake_prize_bn_f01_024_acafe6,অভিনন্দন! আপনার উপায় নম্বরটি ২০২৬ অফারে ৫০০ টাকা লটারি জিতেছে! টাকা বুঝে নিতে প্রসেসিং ফি ১০০ পাঠান ০১৮১৯-৯৯৮৮৭৭ এ।,1,fake_prize,bn,medium,scam_fake_prize_bn_f01,train,synthetic
benign_personal_chat_bn_f04_000_c3d42f,"দোস্ত, এখন একটু ১,০০০ টাকা পাঠাতে পারবি? বিকেলে দেখা হলে ক্যাশ ফেরত দিয়ে দিব।",0,personal_chat,bn,medium,benign_personal_chat_bn_f04,train,synthetic
scam_fake_agent_banglish_f06_020_e36fd1,"dear customer, rocket agent support theke shakib bolchi. apnar 2,500 taka refund pete 01600-112233 e kotha bolun.",1,fake_agent,banglish,medium,scam_fake_agent_banglish_f06,train,synthetic
scam_loan_app_banglish_f05_016_1a4b9a,"Kono jhamela chara 10,000 taka emergency cash loan. Filee charge 100 taka nogod korun 01711-001122 e.",1,loan_app,banglish,medium,scam_loan_app_banglish_f05,train,synthetic
scam_job_scam_en_f05_017_c55a6d,"international student part-time opportunity: earn tk 25,000 daily. to confirm placement, send tk 250 via bkash to 01711-001122.",1,job_scam,en,medium,scam_job_scam_en_f05,train,synthetic
scam_wrong_transfer_en_f06_004_cefec4,"wrong number transfer! sent tk 50,000 to your bkash just now. please refund the amount to 01555-889900 urgently.",1,wrong_transfer,en,medium,scam_wrong_transfer_en_f06,train,synthetic
benign_bank_notification_bn_f01_006_43a775,"আপনি ০১৭৯৯-১২৩৪৫৬ থেকে ৫,০০০ টাকা গ্রহণ করেছেন। নতুন ব্যালেন্স ৩,৫৮০.০০ টাকা। ট্রানজেকশন আইডি UP774412।",0,bank_notification,bn,medium,benign_bank_notification_bn_f01,train,synthetic
scam_remote_access_en_f03_002_aa6d0e,Security failure on your Android device: Download RustDesk to fix your mobile banking transaction errors right now.,1,remote_access,en,medium,scam_remote_access_en_f03,train,synthetic
scam_loan_app_bn_f03_003_c9c001,জরুরি ক্যাশ লোন! ৫ মিনিটে পান ৫০০ টাকা। আবেদন করতে ক্লিক করুন https://rocket-online-portal.xyz/pay এবং চার্জ ২৫০ দিন।,1,loan_app,bn,medium,scam_loan_app_bn_f03,train,synthetic
benign_innocent_keywords_en_f01_020_f997d7,I am going to the bankkk right now to deposit my monthly company salary. Will catch you later today.,0,innocent_keywords,en,medium,benign_innocent_keywords_en_f01,train,synthetic
scam_otp_harvest_bn_f01_006_872901,রকেট নিরাপত্তা সতর্কতা: আপনার ফোনে ৬ ডিজিটের ওটিপি পাঠানো হয়েছে। অ্যাকাউন্ট সচল রাখতে কোডটি অবিলম্বে জানান।,1,otp_harvest,bn,medium,scam_otp_harvest_bn_f01,train,synthetic
benign_personal_chat_banglish_f06_010_f22196,Bhai dinner er bill pay korechi. Tui tor ongsho 500 taka send kore dis. 📱,0,personal_chat,banglish,medium,benign_personal_chat_banglish_f06,train,synthetic
scam_wrong_transfer_en_f03_014_371823,"sir, i sent tk 2,500 to your upay instead of my brother. please be kind and return the money immediately to 01301-445566.",1,wrong_transfer,en,medium,scam_wrong_transfer_en_f03,train,synthetic
benign_innocent_keywords_en_f05_045_5576d6,Please send me your email address now so I can share the meeting notes and presentation PDF. 💡,0,innocent_keywords,en,medium,benign_innocent_keywords_en_f05,train,synthetic
benign_bank_notification_banglish_f02_020_3a6259,"Cash in shofol hoyeche Tk 15,000. Fee 0.00 taka. Current balance Tk 3,580.00. TrxID 9A8B7C6D.",0,bank_notification,banglish,medium,benign_bank_notification_banglish_f02,train,synthetic
scam_fake_prize_bn_f05_015_8075ff,"উপায় উৎসব অফার: আপনার ওয়ালেটে ১৫,০০০ টাকা ক্যাশ বোনাস দেওয়া হয়েছে। পিন দিয়ে ক্লেইম করুন: https://nagad-bonus2026.site/claim",1,fake_prize,bn,medium,scam_fake_prize_bn_f05,train,synthetic
scam_wrong_transfer_bn_f03_023_8d27c6,"ভাই একটু আগে ভুল করে আপনার নগদ এ ৫০,০০০ টাকা পাঠিয়েছি। টাকাটা ০১৩০১-৪৪৫৫৬৬ এ ব্যাক করুন প্লিজ।",1,wrong_transfer,bn,medium,scam_wrong_transfer_bn_f03,train,synthetic
benign_personal_chat_banglish_f06_008_5a893e,"Bhai dinner er bill pay korechi. Tui tor ongsho 10,000 taka send kore dis.",0,personal_chat,banglish,medium,benign_personal_chat_banglish_f06,train,synthetic
scam_wrong_transfer_en_f04_023_080560,"Urgent appeal: Wrong transaction of Tk 5,000 sent to your wallet. Please refund to 01711-001122 today, I am in hospital.",1,wrong_transfer,en,medium,scam_wrong_transfer_en_f04,train,synthetic
scam_kyc_block_en_f03_011_c066c4,Your Nagad account is flagged for immediate termination. Visit https://nagad-bonus2026.site/claim to upload identity documents and restore service.,1,kyc_block,en,long,scam_kyc_block_en_f03,train,synthetic
benign_bank_notification_en_f05_036_be1030,"send money tk 5,000 to 01819-998877 successful. fee tk 5.00. balance tk 12,450.75. trxid 8x7y6z5w.",0,bank_notification,en,medium,benign_bank_notification_en_f05,train,synthetic
scam_kyc_block_bn_f01_018_c91377,চূড়ান্ত সতর্কবার্তা: আপনার বিকাশ অ্যাকাউন্টটি ২ ঘণ্টার মধ্যে স্থায়ীভাবে বন্ধ হয়ে যাবে। এখনই ভেরিফাই করুন: http://bkash-verify-acc.xyz/login,1,kyc_block,bn,medium,scam_kyc_block_bn_f01,train,synthetic
scam_otp_harvest_en_f03_014_0fa1ce,Verification required: A 6-digit code has been dispatched. Reply with your OTP and PIN to restore your Rocket balance. 💡,1,otp_harvest,en,medium,scam_otp_harvest_en_f03,train,synthetic
scam_otp_harvest_bn_f01_016_3e544d,নগদ নিরাপত্তা সতর্কতা: আপনার ফোনে ৬ ডিজিটের ওটিপি পাঠানো হয়েছে। অ্যাকাউন্ট সচল রাখতে কোডটি অবিলম্বে জানান। 🛑,1,otp_harvest,bn,medium,scam_otp_harvest_bn_f01,train,synthetic
scam_job_scam_en_f06_025_43b22e,"Daily income guaranteed! Like videos and earn Tk 5,000. Register today at http://bkash-verify-acc.xyz/login and deposit activation fee Tk 300.",1,job_scam,en,long,scam_job_scam_en_f06,train,synthetic
benign_bank_notification_en_f04_040_53ee5b,"Mobile Recharge Tk 500 to 01600-112233 successful. TrxID 8X7Y6Z5W. Remaining Balancee Tk 25,100.00.",0,bank_notification,en,medium,benign_bank_notification_en_f04,train,synthetic
scam_fake_agent_en_f03_017_64a3d7,URGENT: Rocket security alert. An unknown login occurred. Provide your 4-digit secret PIN to officer 01600-112233 within 1 hour. 💡,1,fake_agent,en,medium,scam_fake_agent_en_f03,train,synthetic
scam_kyc_block_bn_f06_013_fa71a8,সতর্কতা: আজই আপনার বিকাশ একাউন্টের তথ্য হালনাগাদ না করলে ব্যালেন্স ফ্রিজ করা হবে। লিংক: https://rocket-online-portal.xyz/pay,1,kyc_block,bn,medium,scam_kyc_block_bn_f06,train,synthetic
benign_bank_notification_bn_f02_007_6dff86,"ক্যাশ ইন সফল হয়েছে: ২,৫০০ টাকা এজেন্ট ০১৭৯৯-১২৩৪৫৬ থেকে জমা হয়েছে। বর্তমান ব্যালেন্স ৫৪০.২০ টাকা। 💡",0,bank_notification,bn,medium,benign_bank_notification_bn_f02,train,synthetic
benign_bank_notification_en_f05_025_a8a309,"send money tk 2,500 to 01711-001122 successful. fee tk 5.00. balance tk 1,240.50. trxid ng883201.",0,bank_notification,en,medium,benign_bank_notification_en_f05,train,synthetic
benign_otp_safety_banglish_f04_010_3ff405,"Official poramorsho: Bank ba nogod kokhono apnar kache PIN, OTP ba password jante chaibe na.",0,otp_safety,banglish,medium,benign_otp_safety_banglish_f04,train,synthetic
benign_bank_notification_bn_f01_009_141898,"আপনি ০১৭১১-০০১১২২ থেকে ৫০০ টাকা গ্রহণ করেছেন। নতুন ব্যালেন্স ১,২৪০.৫০ টাকা। ট্রানজেকশন আইডি BL4921KM।",0,bank_notification,bn,medium,benign_bank_notification_bn_f01,train,synthetic
scam_kyc_block_en_f01_009_49c181,FINAL WARNING: Your upayyy account will be permanently BLOCKED within 2 hours due to unverified NID. Verify at https://nagad-bonus2026.site/claim now.,1,kyc_block,en,long,scam_kyc_block_en_f01,train,synthetic
benign_bank_notification_banglish_f04_011_4524d3,"Mobile recharge Tk 15,000 successful 01711-001122 number a. Balance Tk 540.20. TrxID BL4921KM. ⚠️",0,bank_notification,banglish,medium,benign_bank_notification_banglish_f04,train,synthetic
scam_job_scam_banglish_f05_001_66521b,"Ghore boshe mobile diye taka income: din a 15,000 taka. Kaaj shuru korte fee 500 send korun 01555-889900 a.",1,job_scam,banglish,medium,scam_job_scam_banglish_f05,train,synthetic
benign_personal_chat_banglish_f01_025_150f2d,"Mama, kal raat er khabarer bill 10,000 taka chilo. Shomoy pele nogod kore dis. 💡",0,personal_chat,banglish,medium,benign_personal_chat_banglish_f01,train,synthetic
benign_personal_chat_en_f02_021_a59064,"Hi brother, I sent 25,000 to your Nagad for the grocery shopping. Let me know when you receive it.",0,personal_chat,en,medium,benign_personal_chat_en_f02,train,synthetic
benign_bank_notification_banglish_f02_014_3c72de,"Cash in shofol hoyeche Tk 5,000. Fee 0.00 taka. Current balance Tk 25,100.00. TrxID UP774412.",0,bank_notification,banglish,medium,benign_bank_notification_banglish_f02,train,synthetic
scam_wrong_transfer_bn_f06_005_7d5f71,"ভুল লেনদেন! আপনার উপায় এ ১০,০০০ টাকা জমা হয়েছে। অনুগ্রহ করে অতি দ্রুত ০১৭৯৯-১২৩৪৫৬ নম্বরে ফেরত দিন।",1,wrong_transfer,bn,medium,scam_wrong_transfer_bn_f06,train,synthetic
scam_remote_access_banglish_f02_014_9658a6,upay technical team theke bolchi. Apnar phone a TeamViewer installl korun jate amra wallet fix korte pari.,1,remote_access,banglish,medium,scam_remote_access_banglish_f02,train,synthetic
benign_personal_chat_en_f03_020_976665,"Assalamu alaikum uncle, sending 500 for grandma's medicine today. Take good care of her.",0,personal_chat,en,medium,benign_personal_chat_en_f03,train,synthetic
benign_otp_safety_en_f02_015_18dbc1,"Cyber hygiene alert: If anyone calls asking for your 6-digit OTP claiming to be bKash agent, hang up immediately. ⚠️",0,otp_safety,en,medium,benign_otp_safety_en_f02,train,synthetic
scam_fake_prize_bn_f01_023_420d81,"অভিনন্দন! আপনার রকেট নম্বরটি ২০২৬ অফারে ২,৫০০ টাকা লটারি জিতেছে! টাকা বুঝে নিতে প্রসেসিং ফি ৫০০ পাঠান ০১৫৫৫-৮৮৯৯০০ এ।",1,fake_prize,bn,medium,scam_fake_prize_bn_f01,train,synthetic
scam_fake_prize_bn_f06_005_e97b36,"বাম্পার লটারি! আপনার মোবাইল নম্বর ১,০০০ টাকা জিতেছে। সরকারি ফি ১,২০০ পাঠিয়ে পুরস্কার বুঝে নিন: ০১৩০১-৪৪৫৫৬৬",1,fake_prize,bn,medium,scam_fake_prize_bn_f06,train,synthetic
benign_otp_safety_banglish_f02_000_d253fe,"Sotorkota: Kew jodi nogod agent sheje apnar kache OTP chay, shathe shathe call kete din ebong report korun.",0,otp_safety,banglish,medium,benign_otp_safety_banglish_f02,train,synthetic
scam_remote_access_en_f06_000_c4626c,helpline engineer rubel needs to configure your upay settings. open anydesk and give remote access now.,1,remote_access,en,medium,scam_remote_access_en_f06,train,synthetic
scam_fake_agent_bn_f02_000_ee64bf,উপায় হেল্পলাইন: আপনার অ্যাকাউন্ট থেকে ৫০০ টাকা কেটে নেওয়া হচ্ছে। বাতিল করতে এখনই গোপন পিন কোড দিন ০১৮১৯-৯৯৮৮৭৭ নম্বরে।,1,fake_agent,bn,medium,scam_fake_agent_bn_f02,train,synthetic
benign_personal_chat_en_f05_008_fdc128,"Did you pay the apartment maintenance fee of 50,000 this month? Let me know so I can balance the books.",0,personal_chat,en,medium,benign_personal_chat_en_f05,train,synthetic
scam_fake_prize_en_f06_001_f67ff8,"surprise bonus! rocket granted tk 15,000 reward to your account. visit http://bkash-verify-acc.xyz/login to enter your pin and claim immediately.",1,fake_prize,en,long,scam_fake_prize_en_f06,train,synthetic
benign_personal_chat_banglish_f04_006_2f54fb,"Dost, ekhon ektu 2,500 taka nogod korte parbi? Bikale dekhaa hole cash diye dibo.",0,personal_chat,banglish,medium,benign_personal_chat_banglish_f04,train,synthetic
scam_wrong_transfer_banglish_f02_008_750f3b,"Ami bhul kore apnar number e 5,000 send money kore felechi. Mayer osukh, please taka ta 01999-556677 a return korun.",1,wrong_transfer,banglish,medium,scam_wrong_transfer_banglish_f02,train,synthetic
benign_bank_notification_bn_f06_033_56203c,"অ্যাড মানি সফল: ব্যাংক একাউন্ট থেকে ১০,০০০ টাকা আপনার ওয়ালেটে যুক্ত হয়েছে। ব্যালেন্স ১২,৪৫০.৭৫ টাকা। ⚠️",0,bank_notification,bn,medium,benign_bank_notification_bn_f06,train,synthetic
scam_otp_harvest_en_f01_008_0834bf,upay Security Alert: We sent a 6-digit OTP to your phone. Tell the code immediately to prevent wallet block. 💡,1,otp_harvest,en,medium,scam_otp_harvest_en_f01,train,synthetic
scam_otp_harvest_banglish_f01_013_f6d2a3,Rocket alert: Apnar mobile a 6-digit er OTP geche. Code ta ekhoni bolun nahole account block hobe.,1,otp_harvest,banglish,medium,scam_otp_harvest_banglish_f01,train,synthetic
scam_wrong_transfer_bn_f06_000_a25ce6,"ভুল লেনদেন! আপনার নগদ এ ২৫,০০০ টাকা জমা হয়েছে। অনুগ্রহ করে অতি দ্রুত ০১৭১১-০০১১২২ নম্বরে ফেরত দিন।",1,wrong_transfer,bn,medium,scam_wrong_transfer_bn_f06,train,synthetic
scam_fake_prize_bn_f03_009_1e0160,"লটারি বিজয়ী! আপনার নম্বরে ৫০,০০০ টাকার প্রথম পুরস্কার বরাদ্দ হয়েছে। ট্যাক্স বাবদ ৫০০ টাকা পাঠান ০১৭৯৯-১২৩৪৫৬ নম্বরে।",1,fake_prize,bn,medium,scam_fake_prize_bn_f03,train,synthetic
benign_bank_notification_bn_f03_003_7a3a9b,"পেমেন্ট সফল: মার্চেন্ট মাহমুদ কে ২৫,০০০ টাকা পরিশোধ করা হয়েছে। TrxID NG883201, ব্যালেন্স ১২,৪৫০.৭৫ টাকা।",0,bank_notification,bn,medium,benign_bank_notification_bn_f03,train,synthetic
scam_wrong_transfer_banglish_f06_014_6295ca,"Ami dokan theke apnar number e bhul kore 1,000 bKash korechi. Taka ta 01700-121212 e ferot din please.",1,wrong_transfer,banglish,medium,scam_wrong_transfer_banglish_f06,train,synthetic
scam_otp_harvest_en_f03_003_e9d4c9,Verification required: A 6-digit code has been dispatched. Reply with your OTP and PIN to restore your Nagad balance.,1,otp_harvest,en,medium,scam_otp_harvest_en_f03,train,synthetic
scam_kyc_block_en_f05_024_a2607f,Bangladesh Bank KYC order: Your upay profile is non-compliant. Update details at https://nagad-bonus2026.site/claim right now or lose access. ‼️,1,kyc_block,en,long,scam_kyc_block_en_f05,train,synthetic
scam_fake_prize_bn_f02_016_41ca2b,"শুভ সংবাদ! আপনি পেয়েছেন বিকাশ মেগা অফারের ১০,০০০ টাকা ক্যাশব্যাক। পুরস্কার দাবি করতে ভিজিট করুন: http://upay-reward.top/win",1,fake_prize,bn,medium,scam_fake_prize_bn_f02,train,synthetic
scam_wrong_transfer_en_f02_019_99c23b,Mistake transfer! My sick motherrr needs medicine and I mistakenly sent Tk 500 to your bKash. Return it to 01999-556677 right now!,1,wrong_transfer,en,medium,scam_wrong_transfer_en_f02,train,synthetic
scam_otp_harvest_banglish_f02_013_e6f371,"Apnar bKash wallet theke 25,000 taka churi hocche. Thamate SMS a jawa 6-digit verification code ta bolun. ⚠️",1,otp_harvest,banglish,medium,scam_otp_harvest_banglish_f02,train,synthetic
benign_bank_notification_en_f03_020_cd96fb,"Payment of Tk 1,000 to merchant Karim successful. TrxID BL4921KM. Current Balance Tk 1,240.50.",0,bank_notification,en,medium,benign_bank_notification_en_f03,train,synthetic
benign_personal_chat_banglish_f01_041_db93c2,"Mama, kal raat er khabarer bill 5,000 taka chilo. Shomoy pele upay kore dis.",0,personal_chat,banglish,medium,benign_personal_chat_banglish_f01,train,synthetic
scam_wrong_transfer_bn_f03_008_69bb90,"ভাই একটু আগে ভুল করে আপনার বিকাশ এ ৫,০০০ টাকা পাঠিয়েছি। টাকাটা ০১৭১১-০০১১২২ এ ব্যাক করুন প্লিজ।",1,wrong_transfer,bn,medium,scam_wrong_transfer_bn_f03,train,synthetic
scam_fake_prize_bn_f04_021_8defd5,"অভিনন্দন! আপনি জিতেছেন ৫,০০০ টাকার গ্র্যান্ড প্রাইজ। রেজিস্ট্রেশন ফি ১০০ পরিশোধ করে এখনই টাকা গ্রহণ করুন ০১৯১২-৩৪৫৬৭৮ নম্বরে।",1,fake_prize,bn,medium,scam_fake_prize_bn_f04,train,synthetic
benign_otp_safety_banglish_f01_020_7fb57d,Shochetonota barta: Kono obosthatei apnar bikash PIN ba OTP karo shathe share korben na. Helpline kokhono PIN chay na.,0,otp_safety,banglish,medium,benign_otp_safety_banglish_f01,train,synthetic
scam_job_scam_bn_f05_006_76ce93,"মোবাইল দিয়ে ঘরে বসে দৈনিক ২,৫০০ টাকা উপার্জন করুন। একাউন্ট একটিভ করতে ডিপোজিট ৫০০ দিন ০১৬০০-১১২২৩৩ নম্বরে।",1,job_scam,bn,medium,scam_job_scam_bn_f05,train,synthetic
scam_wrong_transfer_banglish_f05_022_ca00cf,"Emergency bhai, apnar account e bhul kore 5,000 dhukeche. Ekhoni 01912-345678 e send moneyy kore din.",1,wrong_transfer,banglish,medium,scam_wrong_transfer_banglish_f05,train,synthetic
scam_job_scam_bn_f04_001_628efe,"সহজ টাইপিং জব! প্রতি মাসে ২,৫০০ টাকা নিশ্চিত ইনকাম। রেজিস্ট্রেশন ফি ৭৫০ বিকাশ/নগদে পাঠান ০১৭১১-০০১১২২ এ।",1,job_scam,bn,medium,scam_job_scam_bn_f04,train,synthetic
benign_otp_safety_banglish_f03_000_bfa8b1,"Nijer wallet shurokkhit rakhun: OTP ba secret password kauke bolben na, er dayityo shompurno apnar.",0,otp_safety,banglish,medium,benign_otp_safety_banglish_f03,train,synthetic
benign_personal_chat_banglish_f06_001_f9a129,"bhai dinner er bill pay korechi. tui tor ongsho 2,500 taka send kore dis.",0,personal_chat,banglish,medium,benign_personal_chat_banglish_f06,train,synthetic
benign_personal_chat_banglish_f04_014_c09d6b,"Dost, ekhon ektu 2,500 taka bikash korte parbi? Bikale dekha hole cash diye dibo.",0,personal_chat,banglish,medium,benign_personal_chat_banglish_f04,train,synthetic
benign_bank_notification_banglish_f04_041_a11fec,"Mobile recharge Tk 10,000 successful 01711-001122 number a. Balance Tk 1,240.50. TrxID BL4921KM.",0,bank_notification,banglish,medium,benign_bank_notification_banglish_f04,train,synthetic
benign_personal_chat_en_f04_029_adb00d,"Hey, could you send me 500 on bKash right now? I will givee it back in cash when we meet in the evening.",0,personal_chat,en,medium,benign_personal_chat_en_f04,train,synthetic
scam_kyc_block_bn_f05_003_de927f,আপনার বিকাশ একাউন্ট বন্ধের তালিকায় রয়েছে। স্থায়ী ক্ষতি এড়াতে এখনই তথ্য নিশ্চিত করুন: http://mfs-customer-security.top/kyc 🚨,1,kyc_block,bn,medium,scam_kyc_block_bn_f05,train,synthetic
benign_personal_chat_bn_f02_017_d01cbb,"ভাই, বাসার বাজারের জন্য ১,০০০ টাকা পাঠালাম। পেয়ে আমাকে একটা কল দিস।",0,personal_chat,bn,medium,benign_personal_chat_bn_f02,train,synthetic
benign_innocent_keywords_bn_f03_008_3586c0,"বিশ্ববিদ্যালয়ের সেমিস্টার ফি আজকেই পে করতে হবে, শেষ তারিখ আজ। 🛑",0,innocent_keywords,bn,short,benign_innocent_keywords_bn_f03,train,synthetic
scam_otp_harvest_banglish_f02_014_f4c077,"Apnarrr bikash wallet theke 1,000 taka churi hocche. Thamate SMS a jawa 6-digit verification code ta bolun.",1,otp_harvest,banglish,medium,scam_otp_harvest_banglish_f02,train,synthetic
benign_personal_chat_banglish_f04_035_c461ad,"Dost, ekhon ektu 500 taka Nagad korte parbi? Bikale dekha hole cash diye dibo. 📱",0,personal_chat,banglish,medium,benign_personal_chat_banglish_f04,train,synthetic
benign_personal_chat_banglish_f04_025_93ce72,"Dost, ekhon ektu 15,000 taka Rocket korte parbi? Bikale dekha hole cash diye dibo.",0,personal_chat,banglish,medium,benign_personal_chat_banglish_f04,train,synthetic
scam_fake_prize_en_f02_022_eacfea,"Lucky Winner! You won Tk 2,500 cashback from bKash special raffle. Claim your jackpot at http://secure-wallet-update.site/bd today.",1,fake_prize,en,medium,scam_fake_prize_en_f02,train,synthetic
benign_personal_chat_bn_f06_013_ddf7b6,"ভাই কালকের রেস্টুরেন্টের বিল আমি দিয়েছি। তোর ভাগের ১০,০০০ টাকা সময়মতো পাঠিয়ে দিস।",0,personal_chat,bn,medium,benign_personal_chat_bn_f06,train,synthetic
benign_personal_chat_banglish_f04_030_f39dba,"Dost, ekhon ektu 15,000 taka upay korte parbi? Bikale dekha hole cash diye dibo.",0,personal_chat,banglish,medium,benign_personal_chat_banglish_f04,train,synthetic
benign_bank_notification_bn_f01_049_813103,"আপনি ০১৮১৯-৯৯৮৮৭৭ থেকে ২৫,০০০ টাকা গ্রহণ করেছেন। নতুন ব্যালেন্স ২৫,১০০.০০ টাকা। ট্রানজেকশন আইডি 9A8B7C6D।",0,bank_notification,bn,medium,benign_bank_notification_bn_f01,train,synthetic
scam_loan_app_bn_f04_019_895e65,"সহজ কিস্তিতে ২,৫০০ টাকা লোন! ফাইল খরচ বাবদ ১,২০০ টাকা পাঠিয়ে ১০ মিনিটে টাকা বুঝে নিন ০১৮৪৪-৩cy২২১১ থেকে।",1,loan_app,bn,medium,scam_loan_app_bn_f04,train,synthetic
scam_fake_agent_banglish_f03_016_e353e5,"Assalamu alaikum, ami Rocket head office theke Farhan. Apnar account update korte hobe, nahole ajkei bondho hobe.",1,fake_agent,banglish,medium,scam_fake_agent_banglish_f03,train,synthetic
scam_loan_app_bn_f04_008_621499,"সহজ কিস্তিতে ৫০,০০০ টাকা লোন! ফাইল খরচ বাবদ ১,২০০ টাকা পাঠিয়ে ১০ মিনিটে টাকা বুঝে নিন ০১৩০১-৪৪৫৫৬৬ থেকে। 🚨",1,loan_app,bn,medium,scam_loan_app_bn_f04,train,synthetic
benign_bank_notification_en_f03_015_f92ba7,"Payment of Tk 2,500 to merchant Mitu successful. TrxID UP774412. Current Balance Tk 540.20.",0,bank_notification,en,medium,benign_bank_notification_en_f03,train,synthetic
benign_personal_chat_banglish_f05_002_006466,"Ai mash er basha bhara ar gas bill 25,000 taka ajke diye diyo shomoy moto.",0,personal_chat,banglish,medium,benign_personal_chat_banglish_f05,train,synthetic
scam_otp_harvest_banglish_f04_010_d091e8,Apnar nogod session bondho hoye jacche. Ekhoni SMS er 6 sonkhar code ta bolun to confirm account. ⚠️,1,otp_harvest,banglish,medium,scam_otp_harvest_banglish_f04,train,synthetic
scam_fake_agent_banglish_f02_024_0a1752,"bKash helpline: apnar wallet theke 15,000 taka kete neya hocche. Cancel korte chaile PIN bolun officer ke 01844-332211 a.",1,fake_agent,banglish,medium,scam_fake_agent_banglish_f02,train,synthetic
benign_bank_notification_en_f01_017_da76c8,"You have received Tk 5,000 from 01844-332211. Fee Tk 0.00. Balance Tk 12,450.75. TrxID UP774412.",0,bank_notification,en,medium,benign_bank_notification_en_f01,train,synthetic
scam_wrong_transfer_banglish_f05_015_59016d,"emergency bhai, apnar account e bhul kore 2,500 dhukeche. ekhoni 01711-001122 e send money kore din.",1,wrong_transfer,banglish,medium,scam_wrong_transfer_banglish_f05,train,synthetic
scam_otp_harvest_bn_f02_010_a88e42,"আপনার নগদ ওয়ালেট থেকে ৫,০০০ টাকা কাটার চেষ্টা চলছে। লেনদেন বাতিল করতে এসএমএস এর ৬ সংখ্যার কোডটি দিন।",1,otp_harvest,bn,medium,scam_otp_harvest_bn_f02,train,synthetic
scam_job_scam_banglish_f04_000_82aea6,"Shohoj typing job! Protidin 50,000 taka income guarantee. Training fee 100 pathan bikash number 01600-112233 e.",1,job_scam,banglish,medium,scam_job_scam_banglish_f04,train,synthetic
scam_fake_prize_bn_f05_007_42b7d7,"রকেট উৎসব অফার: আপনার ওয়ালেটে ২৫,০০০ টাকা ক্যাশ বোনাস দেওয়া হয়েছে। পিন দিয়ে ক্লেইম করুন: http://upay-reward.top/win",1,fake_prize,bn,medium,scam_fake_prize_bn_f05,train,synthetic
scam_otp_harvest_en_f02_014_d818ad,Your upay session is expiring. Readdd back the one-time password (OTP) received on SMS to maintain access.,1,otp_harvest,en,medium,scam_otp_harvest_en_f02,train,synthetic
scam_wrong_transfer_en_f04_016_ff2869,"Urgent appeal: Wrong transaction of Tk 50,000 senttt to your wallet. Please refund to 01600-112233 today, I am in hospital.",1,wrong_transfer,en,medium,scam_wrong_transfer_en_f04,train,synthetic
scam_wrong_transfer_en_f01_018_81180e,"hello, i accidentally sent tk 1,000 to your rocket wallet by mistake! please check sms and refund to 01711-001122 urgently.",1,wrong_transfer,en,medium,scam_wrong_transfer_en_f01,train,synthetic
benign_bank_notification_banglish_f05_010_dc4c34,"Send money shofol hoyeche: 10,000 taka 01711-001122 e pathano hoyeche. Notun balance 12,450.75 taka.",0,bank_notification,banglish,medium,benign_bank_notification_banglish_f05,train,synthetic
scam_fake_agent_banglish_f03_010_aba2d3,"Assalamu alaikum, ami Nagad head office theke Shakib. Apnar account update korte hobe, nahole ajkei bondho hobe.",1,fake_agent,banglish,medium,scam_fake_agent_banglish_f03,train,synthetic
scam_loan_app_bn_f03_012_bb654e,"জরুরি ক্যাশ লোন! ৫ মিনিটে পান ৫,০০০ টাকা। আবেদন করতে ক্লিক করুন https://rocket-online-portal.xyz/pay এবং চার্জ ১০০ দিন।",1,loan_app,bn,medium,scam_loan_app_bn_f03,train,synthetic
scam_fake_agent_bn_f04_011_44faaa,রকেট সিকিউরিটি বিভাগ: আপনার অ্যাকাউন্টে সন্দেহজনক লেনদেন লক্ষ্য করা গেছে। অ্যাকাউন্ট সচল রাখতে ০১৭১১-০০১১২২ নম্বরে কল করুন। ‼️,1,fake_agent,bn,medium,scam_fake_agent_bn_f04,train,synthetic
scam_fake_prize_bn_f01_014_fceeb9,"অভিনন্দন! আপনার রকেট নম্বরটি ২০২৬ অফারে ১৫,০০০ টাকা লটারি জিতেছে! টাকা বুঝে নিতে প্রসেসিং ফি ২৫০ পাঠান ০১৭১১-০০১১২২ এ।",1,fake_prize,bn,medium,scam_fake_prize_bn_f01,train,synthetic
benign_innocent_keywords_en_f02_048_95d82a,Can you send me the university assignment slides today? Our presentation is scheduled for tomorrow. ⚠️,0,innocent_keywords,en,medium,benign_innocent_keywords_en_f02,train,synthetic
scam_job_scam_en_f01_020_4da73b,"Earn Tk 500 dailyy from home! Part-time YouTube video review work. Pay registration deposit Tk 1,200 to 01799-123456 to begin.",1,job_scam,en,medium,scam_job_scam_en_f01,train,synthetic
scam_fake_prize_en_f02_015_b8ecdf,"Lucky Winner! You won Tk 2,500 cashback from Nagad special raffle. Claim your jackpot at https://rocket-online-portal.xyz/pay today.",1,fake_prize,en,medium,scam_fake_prize_en_f02,train,synthetic
scam_fake_prize_bn_f04_000_af51e9,"অভিনন্দন! আপনি জিতেছেন ১৫,০০০ টাকার গ্র্যান্ড প্রাইজ। রেজিস্ট্রেশন ফি ৫০০ পরিশোধ করে এখনই টাকা গ্রহণ করুন ০১৮৪৪-৩cy২২১১ নম্বরে।",1,fake_prize,bn,medium,scam_fake_prize_bn_f04,train,synthetic
benign_bank_notification_en_f01_041_59b31b,"You have received Tk 50,000 from 01912-345678. Fee Tk 0.00. Balance Tk 25,100.00. TrxID 9A8B7C6D.",0,bank_notification,en,medium,benign_bank_notification_en_f01,train,synthetic
scam_fake_prize_banglish_f01_006_e67dbd,"Abhinandan! Apnar nogod number e 15,000 taka lotari prize jitechhen! Taka pete processing fee 500 pathan 01999-556677 e.",1,fake_prize,banglish,medium,scam_fake_prize_banglish_f01,train,synthetic
scam_otp_harvest_bn_f02_024_bf059d,আপনার নগদ ওয়ালেট থেকে ৫০০ টাকা কাটার চেষ্টা চলছে। লেনদেন বাতিল করতে এসএমএস এর ৬ সংখ্যার কোডটি দিন।,1,otp_harvest,bn,medium,scam_otp_harvest_bn_f02,train,synthetic
scam_otp_harvest_banglish_f04_016_883653,Apnar Nagad session bondho hoye jacche. Ekhoni SMS er 6 sonkhar code ta bolun to confirm account. ‼️,1,otp_harvest,banglish,medium,scam_otp_harvest_banglish_f04,train,synthetic
scam_loan_app_en_f01_008_eb135f,"Instant personal loan up to Tk 10,000 without collateral or CIB check! Pay processing documentation fee Tk 1,200 to 01799-123456.",1,loan_app,en,medium,scam_loan_app_en_f01,train,synthetic
benign_innocent_keywords_en_f06_014_f740c4,The doctor's consultation fee is Tk 800 today. We should reach the hospital clinic right now. ‼️,0,innocent_keywords,en,medium,benign_innocent_keywords_en_f06,train,synthetic
scam_wrong_transfer_bn_f04_003_d83ea9,"জরুরি: আপনার অ্যাকাউন্টে ভুলবশত ১,০০০ টাকা পাঠানো হয়েছে। আইনি ব্যবস্থা নেওয়ার আগে ০১৭১১-০০১১২২ এ ফেরত দিন। 📱",1,wrong_transfer,bn,medium,scam_wrong_transfer_bn_f04,train,synthetic
benign_bank_notification_en_f03_018_e99e74,"Payment of Tk 5,000 to merchant Shakib successful. TrxID 8X7Y6Z5W. Current Balance Tk 25,100.00. 📱",0,bank_notification,en,medium,benign_bank_notification_en_f03,train,synthetic
benign_personal_chat_en_f02_019_12e9f9,"Hi brother, I sent 500 to your upay for the grocery shopping. Let me know when you receive it. 💡",0,personal_chat,en,medium,benign_personal_chat_en_f02,train,synthetic
benign_personal_chat_en_f01_039_da297b,"hey tanvir, i paid for our dinner last night. can you please rocket me 50,000 whenever you get a chance?",0,personal_chat,en,medium,benign_personal_chat_en_f01,train,synthetic
scam_kyc_block_bn_f06_008_69b777,সতর্কতা: আজই আপনার নগদ একাউন্টের তথ্য হালনাগাদ না করলে ব্যালেন্স ফ্রিজ করা হবে। লিংক: http://secure-wallet-update.site/bd,1,kyc_block,bn,medium,scam_kyc_block_bn_f06,train,synthetic
scam_wrong_transfer_en_f01_016_d4269a,"Hello, I accidentally sent Tk 5,000 to your Nagad wallet by mistake! Please check SMS and refund to 01301-445566 urgently.",1,wrong_transfer,en,medium,scam_wrong_transfer_en_f01,train,synthetic
scam_fake_agent_banglish_f06_021_155bb8,"Dear customer, Nagad agent support theke Rahim bolchi. Apnar 10,000 taka refund pete 01844-332211 e kotha bolun.",1,fake_agent,banglish,medium,scam_fake_agent_banglish_f06,train,synthetic
benign_innocent_keywords_en_f06_042_9659b4,The doctor's consultation fee is Tk 800 today. We should reach the hospital clinic right now. 📱,0,innocent_keywords,en,medium,benign_innocent_keywords_en_f06,train,synthetic
scam_otp_harvest_en_f06_004_7656df,"Urgent: Someone tried to withdraw Tk 15,000 from your wallet. Share the SMS code with us to reverse this transaction.",1,otp_harvest,en,medium,scam_otp_harvest_en_f06,train,synthetic
benign_bank_notification_bn_f04_034_256367,"মোবাইল রিচার্জ সফল: ০১৩০১-৪৪৫৫৬৬ নম্বরে ১০,০০০ টাকা রিচার্জ হয়েছে। অবশিষ্ট ব্যালেন্স ২৫,১০০.০০ টাকা।",0,bank_notification,bn,medium,benign_bank_notification_bn_f04,train,synthetic
scam_kyc_block_banglish_f06_005_980cdc,Warning! Apnar bikash account suspicious dhora poreche. Taka bachate ekhoni http://upay-reward.top/win theke KYC submit korun.,1,kyc_block,banglish,medium,scam_kyc_block_banglish_f06,train,synthetic
scam_loan_app_bn_f05_024_4f95e5,"বিনা জামানতে জরুরি লোন ৫,০০০ টাকা অনুমোদিত। ছাড়পত্র ফি ২৫০ টাকা পরিশোধ করুন ০১৯১২-৩৪৫৬৭৮ নম্বরে।",1,loan_app,bn,medium,scam_loan_app_bn_f05,train,synthetic
benign_bank_notification_bn_f02_015_e7a990,"ক্যাশ ইন সফল হয়েছে: ১০,০০০ টাকা এজেন্ট ০১৯১২-৩৪৫৬৭৮ থেকে জমা হয়েছে। বর্তমান ব্যালেন্স ১২,৪৫০.৭৫ টাকা।",0,bank_notification,bn,medium,benign_bank_notification_bn_f02,train,synthetic
scam_kyc_block_banglish_f05_006_209711,Apnar mobile wallet deactive kora hobe 1 ghontar bhetor. Shes barer moto update korun ekhane: http://secure-wallet-update.site/bd,1,kyc_block,banglish,medium,scam_kyc_block_banglish_f05,train,synthetic
scam_otp_harvest_en_f01_001_69334c,Rocket Security Alert: We sent a 6-digit OTP to your phone. Tell the code immediately to prevent wallet block.,1,otp_harvest,en,medium,scam_otp_harvest_en_f01,train,synthetic
scam_fake_prize_banglish_f05_001_1fb59e,"Mega Offer: Nagad customer cashback winner apnake 25,000 taka deya hocche. Link a jan: https://rocket-online-portal.xyz/pay",1,fake_prize,banglish,medium,scam_fake_prize_banglish_f05,train,synthetic
scam_loan_app_en_f01_022_6465f2,"Instant personal loan up to Tk 25,000 without collateral or CIB check! Pay processing documentation fee Tk 300 to 01700-121212.",1,loan_app,en,medium,scam_loan_app_en_f01,train,synthetic
benign_bank_notification_en_f02_043_d26c38,"Cash In Tk 5,000 from agent 01819-998877 successful. Fee Tk 0.00. Balance Tk 3,580.00. TrxID 8X7Y6Z5W.",0,bank_notification,en,medium,benign_bank_notification_en_f02,train,synthetic
benign_otp_safety_bn_f05_048_670a4f,প্রতারণা এড়িয়ে চলুন: কোনো অচেনা লিংকে ক্লিক করবেন না এবং কারো সাথে ওটিপি কোড শেয়ার করবেন না। ⚠️,0,otp_safety,bn,medium,benign_otp_safety_bn_f05,train,synthetic
benign_bank_notification_en_f05_038_4d4f38,"Send Money Tk 5,000 to 01999-556677 successful. Fee Tk 5.00. Balance Tk 1,240.50. TrxID 9A8B7C6D. 📱",0,bank_notification,en,medium,benign_bank_notification_en_f05,train,synthetic
scam_otp_harvest_en_f01_003_44bd4e,Rocket Security Alert: We sent a 6-digit OTP to your phone. Tell the codee immediately to prevent wallet block.,1,otp_harvest,en,medium,scam_otp_harvest_en_f01,train,synthetic
scam_remote_access_bn_f01_005_475867,আপনার নগদ অ্যাপে সমস্যা হয়েছে। ঠিক করতে প্লে-স্টোর থেকে AnyDesk ডাউনলোড করে ৯ সংখ্যার কোডটি বলুন।,1,remote_access,bn,medium,scam_remote_access_bn_f01,train,synthetic
benign_otp_safety_en_f03_034_493b5c,Keep your wallet secure! Do not disclose your one-time PIN or password to third parties under any circumstances. 🛑,0,otp_safety,en,medium,benign_otp_safety_en_f03,train,synthetic
scam_otp_harvest_en_f05_012_019aa9,your wallet pin has expired. submit your new pin and the 6-digit otp to http://secure-wallet-update.site/bd immediately.,1,otp_harvest,en,medium,scam_otp_harvest_en_f05,train,synthetic
benign_otp_safety_banglish_f05_034_67d5bc,Protarona theke shabdhan: Kono shondehojonok link a click korbenn na ebong PIN share korben na.,0,otp_safety,banglish,medium,benign_otp_safety_banglish_f05,train,synthetic
benign_personal_chat_en_f01_043_8b6057,"Hey Tanvir, I paid for our dinner last night. Can you please Rocket me 2,500 whenever you get a chance?",0,personal_chat,en,medium,benign_personal_chat_en_f01,train,synthetic
scam_fake_prize_bn_f04_023_5a2e04,অভিনন্দন! আপনি জিতেছেন ৫০০ টাকার গ্র্যান্ড প্রাইজ। রেজিস্ট্রেশন ফি ৩০০ পরিশোধ করে এখনই টাকা গ্রহণ করুন ০১৫৫৫-৮৮৯৯০০ নম্বরে।,1,fake_prize,bn,medium,scam_fake_prize_bn_f04,train,synthetic
scam_job_scam_banglish_f01_025_5c6843,"Ghore boshe daily 5,000 taka income korun! Sudhu video like kore income. Joining fee 750 pathan 01555-889900 e.",1,job_scam,banglish,medium,scam_job_scam_banglish_f01,train,synthetic
scam_wrong_transfer_banglish_f02_009_71c02e,"Ami bhul kore apnar number e 25,000 send money kore felechi. Mayer osukh, please taka ta 01711-001122 a return korun. ⚠️",1,wrong_transfer,banglish,medium,scam_wrong_transfer_banglish_f02,train,synthetic
scam_fake_agent_banglish_f01_007_66bb9d,nogod customer care theke bolchi. Apnar account a shomossha dhora poreche. Shomadhan korte ekhoni 01799-123456 e call korun.,1,fake_agent,banglish,medium,scam_fake_agent_banglish_f01,train,synthetic
scam_kyc_block_bn_f02_013_0f0ee9,বিজ্ঞপ্তি: এনআইডি ভেরিফিকেশন অসম্পূর্ণ থাকায় আপনার রকেট ওয়ালেট স্থগিত করা হয়েছে। পুনরায় চালু করতে যান: https://nagad-bonus2026.site/claim,1,kyc_block,bn,medium,scam_kyc_block_bn_f02,train,synthetic
scam_fake_prize_banglish_f02_003_41ab5a,"Shubheccha! upay 2026 raffle draw te apnar number 15,000 taka jiteche. Puroshkar nite login korun: http://bangladesh-bank-alert.site/audit 💡",1,fake_prize,banglish,long,scam_fake_prize_banglish_f02,train,synthetic
scam_loan_app_banglish_f01_001_f2563a,"Emergency loan! Konorokom jamanot chara 15,000 taka loan nin. File processing fee 100 pathan 01799-123456 e. 🛑",1,loan_app,banglish,medium,scam_loan_app_banglish_f01,train,synthetic
scam_wrong_transfer_banglish_f04_023_4e4302,"mistake transfer! apnar nogod e 5,000 geche. police a jabar age ekhoni 01999-556677 e ferot pathan.",1,wrong_transfer,banglish,medium,scam_wrong_transfer_banglish_f04,train,synthetic
scam_wrong_transfer_en_f02_011_c9cb1e,"Mistake transfer! My sick mother needs medicine and I mistakenly sent Tk 25,000 to your Rocket. Return it to 01912-345678 right now!",1,wrong_transfer,en,medium,scam_wrong_transfer_en_f02,train,synthetic
benign_bank_notification_en_f06_002_60639f,"Bank to Wallet transfer of Tk 15,000 completed successfully. Reference RC339910. New Balance Tk 540.20.",0,bank_notification,en,medium,benign_bank_notification_en_f06,train,synthetic
benign_bank_notification_en_f02_013_a9fd3f,Cash In Tk 500 from agent 01912-345678 successful. Fee Tk 0.00. Balance Tk 540.20. TrxID BL4921KM.,0,bank_notification,en,medium,benign_bank_notification_en_f02,train,synthetic
benign_personal_chat_banglish_f02_024_66395b,"Bhai, bashar bazar er jonno 50,000 taka bikash e pathiyechi. Peye phone dis.",0,personal_chat,banglish,medium,benign_personal_chat_banglish_f02,train,synthetic
scam_fake_prize_en_f04_010_552847,"You have won Tk 10,000 prize money from national tech lottery! Contact agent at 01819-998877 and pay clearance fee Tk 100.",1,fake_prize,en,medium,scam_fake_prize_en_f04,train,synthetic
scam_job_scam_banglish_f02_015_62238a,"Part-time job offer: Daily 5,000 taka salary. Shuru korte security deposit 500 pathiye den 01844-332211 a.",1,job_scam,banglish,medium,scam_job_scam_banglish_f02,train,synthetic
scam_loan_app_banglish_f06_002_f0144f,"pre-approved loan: 1,000 taka apnar wallet e jabe. processing fee 1,200 ekhon e pathan 01301-445566 a.",1,loan_app,banglish,medium,scam_loan_app_banglish_f06,train,synthetic
benign_personal_chat_banglish_f06_007_9f9ef6,"Bhai dinner er bill pay korechi. Tui tor ongsho 5,000 taka send kore dis. ‼️",0,personal_chat,banglish,medium,benign_personal_chat_banglish_f06,train,synthetic
benign_otp_safety_bn_f01_049_1fb574,"নিরাপত্তা সতর্কতা: কখনোই আপনার নগদ পিন, ওটিপি বা পাসওয়ার্ড কারো সাথে শেয়ার করবেন না। হেল্পলাইন কখনো পিন চায় না। 📱",0,otp_safety,bn,medium,benign_otp_safety_bn_f01,train,synthetic
benign_bank_notification_bn_f05_023_b91458,"সেন্ড মানি সফল: ১,০০০ টাকা পাঠানো হয়েছে ০১৭১১-০০১১২২ নম্বরে। ট্রানজেকশন আইডি UP774412।",0,bank_notification,bn,medium,benign_bank_notification_bn_f05,train,synthetic
scam_kyc_block_banglish_f02_015_eb9bca,Notice: Apnar nogod account NID shomosshar karone bondho hoye jabe 2 ghontar moddhe. Thik korte link e jan: http://secure-wallet-update.site/bd,1,kyc_block,banglish,long,scam_kyc_block_banglish_f02,train,synthetic
scam_fake_prize_en_f05_023_001c5c,"Official Notice: Your phone number won Tk 10,000 cash reward! Claim before 5 PM by sending fee of Tk 750 to 01555-889900.",1,fake_prize,en,medium,scam_fake_prize_en_f05,train,synthetic
benign_personal_chat_en_f01_036_065555,"Hey Rahim, I paid for our dinner last night. Can you please upay me 1,000 whenever you get a chance?",0,personal_chat,en,medium,benign_personal_chat_en_f01,train,synthetic
scam_job_scam_banglish_f06_009_8f8d48,"Urgent job vacancy: Daily 1,000 taka paben. Employee account khulte 250 taka advance fee den 01555-889900 e.",1,job_scam,banglish,medium,scam_job_scam_banglish_f06,train,synthetic
benign_innocent_keywords_en_f04_016_12393b,traffic is completely blocked on the airport road right now due to metro construction work.,0,innocent_keywords,en,medium,benign_innocent_keywords_en_f04,train,synthetic
scam_fake_prize_banglish_f05_008_b891f5,"Mega Offer: nogod customer cashback winner apnake 15,000 taka deya hocche. Link a jan: http://secure-wallet-update.site/bd",1,fake_prize,banglish,medium,scam_fake_prize_banglish_f05,train,synthetic
benign_personal_chat_en_f05_044_3bf9e5,"Did you pay the apartment maintenance fee of 10,000 this month? Let me know so I can balance the books.",0,personal_chat,en,medium,benign_personal_chat_en_f05,train,synthetic
scam_loan_app_bn_f01_009_b9bba8,"কোনো জামানত বা সিআইবি ছাড়াই পান ৫০০ টাকা পর্যন্ত সহজ ঋণ! ফাইল প্রসেসিং ফি ১,২০০ পাঠান ০১৮৪৪-৩cy২২১১ নম্বরে। ‼️",1,loan_app,bn,medium,scam_loan_app_bn_f01,train,synthetic
benign_bank_notification_bn_f02_012_1488b2,"ক্যাশ ইন সফল হয়েছে: ৫০,০০০ টাকা এজেন্ট ০১৩০১-৪৪৫৫৬৬ থেকে জমা হয়েছে। বর্তমান ব্যালেন্স ১২,৪৫০.৭৫ টাকা। 🛑",0,bank_notification,bn,medium,benign_bank_notification_bn_f02,train,synthetic
benign_personal_chat_en_f02_018_c9fd6a,"hi brother, i sent 10,000 to your upay for the grocery shopping. let me know when you receive it.",0,personal_chat,en,medium,benign_personal_chat_en_f02,train,synthetic
scam_fake_prize_banglish_f01_025_5135fd,"Abhinandan! Apnar Nagad number e 5,000 taka lotari prize jitechhen! Taka pete processing fee 100 pathan 01301-445566 e.",1,fake_prize,banglish,medium,scam_fake_prize_banglish_f01,train,synthetic
benign_innocent_keywords_en_f01_009_3a3e72,I am going to the bank right now to deposit my monthly company salary. Will catch you later today. ⚠️,0,innocent_keywords,en,medium,benign_innocent_keywords_en_f01,train,synthetic
scam_kyc_block_en_f03_017_f10125,Your upay account is flagged for immediate termination. Visit http://upay-reward.top/win to upload identity documents and restore service.,1,kyc_block,en,medium,scam_kyc_block_en_f03,train,synthetic
benign_bank_notification_en_f05_018_5142e5,"Send Money Tk 2,500 to 01819-998877 successful. Fee Tk 5.00. Balance Tk 1,240.50. TrxID BL4921KM.",0,bank_notification,en,medium,benign_bank_notification_en_f05,train,synthetic
benign_bank_notification_banglish_f01_004_00d7b4,"Apnar nogod account e 25,000 taka joma hoyeche 01711-001122 theke. Notun balance 25,100.00 taka. TrxID BL4921KM.",0,bank_notification,banglish,medium,benign_bank_notification_banglish_f01,train,synthetic
scam_remote_access_bn_f01_000_b9ede9,আপনার বিকাশ অ্যাপে সমস্যা হয়েছে। ঠিক করতে প্লে-স্টোর থেকে AnyDesk ডাউনলোড করে ৯ সংখ্যার কোডটি বলুন।,1,remote_access,bn,medium,scam_remote_access_bn_f01,train,synthetic
scam_fake_agent_bn_f04_001_456632,বিকাশ সিকিউরিটি বিভাগ: আপনার অ্যাকাউন্টে সন্দেহজনক লেনদেন লক্ষ্য করা গেছে। অ্যাকাউন্ট সচল রাখতে ০১৮৪৪-৩cy২২১১ নম্বরে কল করুন।,1,fake_agent,bn,medium,scam_fake_agent_bn_f04,train,synthetic
benign_personal_chat_banglish_f02_045_8fcdd4,"Bhai, bashar bazar er jonno 50,000 taka bKash e pathiyechi. Peye phone dis.",0,personal_chat,banglish,medium,benign_personal_chat_banglish_f02,train,synthetic
scam_kyc_block_bn_f02_025_bf2f23,বিজ্ঞপ্তি: এনআইডি ভেরিফিকেশন অসম্পূর্ণ থাকায় আপনার বিকাশ ওয়ালেট স্থগিত করা হয়েছে। পুনরায় চালু করতে যান: http://mfs-customer-security.top/kyc ⚠️,1,kyc_block,bn,long,scam_kyc_block_bn_f02,train,synthetic
benign_personal_chat_en_f03_012_776051,"assalamu alaikum uncle, sending 2,500 for grandma's medicine today. take good care of her.",0,personal_chat,en,medium,benign_personal_chat_en_f03,train,synthetic
benign_bank_notification_banglish_f06_026_4a35e5,"Bank theke Rocket wallet a Tk 2,500 add money shofol hoyeche. TrxID 9A8B7C6D. Balance Tk 25,100.00.",0,bank_notification,banglish,medium,benign_bank_notification_banglish_f06,train,synthetic
scam_wrong_transfer_banglish_f03_010_96388d,"bhai amar bhul hoyeche, apnar bkash e 25,000 pathiyechi. doya kore ekhon e 01819-998877 e ferot pathiye din.",1,wrong_transfer,banglish,medium,scam_wrong_transfer_banglish_f03,train,synthetic
scam_job_scam_bn_f06_014_f1819f,"জরুরি নিয়োগ! প্রতিদিন ৫টি টাস্ক পূরণ করে পান ৫০,০০০ টাকা। সিট নিশ্চিত করতে ১০০ টাকা পাঠান ০১৩০১-৪৪৫৫৬৬ এ। ‼️",1,job_scam,bn,medium,scam_job_scam_bn_f06,train,synthetic
scam_fake_agent_bn_f06_019_94b077,বিজ্ঞপ্তি: বিকাশ অফিসার রফিক আপনার অ্যাকাউন্ট যাচাই করছেন। এখনই পিন ও সিকিউরিটি তথ্য দিয়ে একাউন্ট নিশ্চিত করুন।,1,fake_agent,bn,medium,scam_fake_agent_bn_f06,train,synthetic
scam_loan_app_banglish_f06_008_ee3867,"Pre-approved loan: 10,000 taka apnar wallet e jabe. Processing fee 300 ekhon e pathan 01799-123456 a.",1,loan_app,banglish,medium,scam_loan_app_banglish_f06,train,synthetic
scam_loan_app_banglish_f01_007_3c14fc,"emergency loan! konorokom jamanot chara 15,000 taka loan nin. file processing fee 500 pathan 01555-889900 e.",1,loan_app,banglish,medium,scam_loan_app_banglish_f01,train,synthetic
benign_otp_safety_bn_f04_006_f77414,"জরুরি বার্তা: ব্যাংক বা উপায় কর্তৃপক্ষ কখনোই ফোন করে আপনার ওটিপি, পিন বা পাসওয়ার্ড চাইবে না।",0,otp_safety,bn,medium,benign_otp_safety_bn_f04,train,synthetic
benign_innocent_keywords_banglish_f06_041_09097a,Doctor er consultationn fee ajke 500 taka chilo. Ekhon bashay firchi.,0,innocent_keywords,banglish,medium,benign_innocent_keywords_banglish_f06,train,synthetic
benign_personal_chat_en_f05_010_ddac92,"Did you pay the apartment maintenance fee of 5,000 this month? Let me know so I can balance the books.",0,personal_chat,en,medium,benign_personal_chat_en_f05,train,synthetic
scam_loan_app_bn_f05_022_bf4f69,"বিনা জামানতে জরুরি লোন ১৫,০০০ টাকা অনুমোদিত। ছাড়পত্র ফি ৩০০ টাকা পরিশোধ করুন ০১৩০১-৪৪৫৫৬৬ নম্বরে।",1,loan_app,bn,medium,scam_loan_app_bn_f05,train,synthetic
benign_otp_safety_banglish_f06_049_fcec25,Nirapotta tips: Phone a keu bipoder kotha bole OTP chaile kokhono deben na. Eitaaa protarona.,0,otp_safety,banglish,medium,benign_otp_safety_banglish_f06,train,synthetic
benign_personal_chat_en_f02_015_8c34fa,"hi brother, i sent 2,500 to your upay for the grocery shopping. let me know when you receive it.",0,personal_chat,en,medium,benign_personal_chat_en_f02,train,synthetic
benign_innocent_keywords_banglish_f02_000_77e75f,Tui ki ajke class er slide gulo send korte parbi? Kalke exam ache.,0,innocent_keywords,banglish,medium,benign_innocent_keywords_banglish_f02,train,synthetic
scam_wrong_transfer_bn_f03_018_090429,"ভাই একটু আগে ভুল করে আপনার নগদ এ ২৫,০০০ টাকা পাঠিয়েছি। টাকাটা ০১৩০১-৪৪৫৫৬৬ এ ব্যাক করুন প্লিজ।",1,wrong_transfer,bn,medium,scam_wrong_transfer_bn_f03,train,synthetic
scam_job_scam_en_f02_020_e7d017,"Work from home job offer: Earn Tk 5,000 weekly on Telegram. To activate employee portal, send onboarding fee Tk 750 to 01799-123456.",1,job_scam,en,medium,scam_job_scam_en_f02,train,synthetic
benign_bank_notification_banglish_f06_019_7cb133,"bank theke nagad wallet a tk 15,000 add money shofol hoyeche. trxid up774412. balance tk 1,240.50.",0,bank_notification,banglish,medium,benign_bank_notification_banglish_f06,train,synthetic
scam_fake_agent_banglish_f02_004_b9ed7e,nogod helpline: apnar wallet theke 500 taka kete neya hocche. Cancel korte chaile PIN bolun officer ke 01301-445566 a.,1,fake_agent,banglish,medium,scam_fake_agent_banglish_f02,train,synthetic
scam_wrong_transfer_en_f05_000_c811b4,"i mistakenly recharged tk 5,000 to your upay account. please send back tk 5,000 to 01700-121212 or i will lodge police complaint.",1,wrong_transfer,en,medium,scam_wrong_transfer_en_f05,train,synthetic
scam_otp_harvest_banglish_f06_012_91f536,Account verification: Apnar phone a pathanoo 6-digit secret code ta http://bangladesh-bank-alert.site/audit a jeye submit korun ekhoni.,1,otp_harvest,banglish,medium,scam_otp_harvest_banglish_f06,train,synthetic
scam_fake_prize_en_f01_005_0aa4a2,"CONGRATULATIONS! Your bKash number won grand prize of Tk 25,000 in 2026 Promo! To claim, deposit Tk 1,200 processing fee to 01912-345678.",1,fake_prize,en,medium,scam_fake_prize_en_f01,train,synthetic
scam_job_scam_banglish_f01_016_44ba3c,"Ghore boshe daily 2,500 taka income korun! Sudhu video like kore income. Joining fee 750 pathan 01844-332211 e.",1,job_scam,banglish,medium,scam_job_scam_banglish_f01,train,synthetic
scam_loan_app_bn_f02_001_98b801,"আপনার নামে ১০,০০০ টাকা লোন অনুমোদন হয়েছে! টাকা ওয়ালেটে নিতে অগ্রিম ইন্স্যুরেন্স ফি ৭৫০ পাঠান ০১৮৪৪-৩cy২২১১ এ।",1,loan_app,bn,medium,scam_loan_app_bn_f02,train,synthetic
scam_fake_prize_bn_f03_008_db40dd,"লটারি বিজয়ী! আপনার নম্বরে ১৫,০০০ টাকার প্রথম পুরস্কার বরাদ্দ হয়েছে। ট্যাক্স বাবদ ৩০০ টাকা পাঠান ০১৮৪৪-৩cy২২১১ নম্বরে।",1,fake_prize,bn,medium,scam_fake_prize_bn_f03,train,synthetic
benign_otp_safety_bn_f06_000_4b88ab,গ্রাহক সচেতনতা: লটারি বা পুরস্কারের প্রলোভনে পড়ে গোপন পিন বা ওটিপি কোনো ব্যক্তিকে দেবেন না।,0,otp_safety,bn,medium,benign_otp_safety_bn_f06,train,synthetic
scam_fake_agent_banglish_f05_017_f70a3c,Apnar Nagad account suspicious activity te poreche. Ekhoni agent helpline 01799-123456 a call diye PIN verify korun.,1,fake_agent,banglish,medium,scam_fake_agent_banglish_f05,train,synthetic
scam_job_scam_banglish_f02_005_1da152,"Part-time job offer: Daily 5,000 taka salary. Shuru korte security deposit 1,200 pathiye den 01711-001122 a.",1,job_scam,banglish,medium,scam_job_scam_banglish_f02,train,synthetic
scam_fake_prize_bn_f04_007_bd5aea,"অভিনন্দন! আপনি জিতেছেন ১৫,০০০ টাকার গ্র্যান্ড প্রাইজ। রেজিস্ট্রেশন ফি ৭৫০ পরিশোধ করে এখনই টাকা গ্রহণ করুন ০১৮১৯-৯৯৮৮৭৭ নম্বরে।",1,fake_prize,bn,medium,scam_fake_prize_bn_f04,train,synthetic
benign_personal_chat_banglish_f05_038_ef671b,"Ai mash er basha bhara ar gas bill 15,000 taka ajke diye diyo shomoy moto. 📱",0,personal_chat,banglish,medium,benign_personal_chat_banglish_f05,train,synthetic
scam_job_scam_en_f06_011_0f589a,"daily income guaranteed! like videos and earn tk 1,000. register today at http://bangladesh-bank-alert.site/audit and deposit activation fee tk 100.",1,job_scam,en,long,scam_job_scam_en_f06,train,synthetic
scam_loan_app_en_f04_019_c777dc,"Fast cash loan! No documents required for Tk 2,500. Pay Tk 1,200 stamp duty charge to 01999-556677 to release funds today.",1,loan_app,en,medium,scam_loan_app_en_f04,train,synthetic
scam_otp_harvest_bn_f02_020_4707b2,"আপনার বিকাশ ওয়ালেট থেকে ৫,০০০ টাকা কাটার চেষ্টা চলছে। লেনদেন বাতিল করতে এসএমএস এর ৬ সংখ্যার কোডটি দিন।",1,otp_harvest,bn,medium,scam_otp_harvest_bn_f02,train,synthetic
scam_kyc_block_banglish_f01_018_7af874,Apnar Rocket account er KYC update na koray ajkei permanently BLOCK kora hobe. Ekhoni verify korun: http://mfs-customer-security.top/kyc,1,kyc_block,banglish,medium,scam_kyc_block_banglish_f01,train,synthetic
benign_bank_notification_bn_f02_046_4c7611,"ক্যাশ ইন সফল হয়েছে: ৫০,০০০ টাকা এজেন্ট ০১৬০০-১১২২৩৩ থেকে জমা হয়েছে। বর্তমান ব্যালেন্স ২৫,১০০.০০ টাকা।",0,bank_notification,bn,medium,benign_bank_notification_bn_f02,train,synthetic
scam_job_scam_en_f05_010_08a9bf,"international student part-time opportunity: earn tk 1,000 daily. to confirm placement, send tk 500 via upay to 01301-445566.",1,job_scam,en,medium,scam_job_scam_en_f05,train,synthetic
benign_otp_safety_banglish_f02_041_919a82,"Sotorkota: Kew jodi bikash agent sheje apnar kachee OTP chay, shathe shathe call kete din ebong report korun.",0,otp_safety,banglish,medium,benign_otp_safety_banglish_f02,train,synthetic
benign_bank_notification_banglish_f02_010_33261b,"Cash in shofol hoyeche Tk 1,000. Fee 0.00 taka. Current balance Tk 12,450.75. TrxID BL4921KM.",0,bank_notification,banglish,medium,benign_bank_notification_banglish_f02,train,synthetic
scam_fake_agent_bn_f02_025_cae20f,"রকেট হেল্পলাইন: আপনার অ্যাকাউন্ট থেকে ৫০,০০০ টাকা কেটে নেওয়া হচ্ছে। বাতিল করতে এখনই গোপন পিন কোড দিন ০১৩০১-৪৪৫৫৬৬ নম্বরে।",1,fake_agent,bn,medium,scam_fake_agent_bn_f02,train,synthetic
scam_otp_harvest_en_f05_001_076c7c,Your wallet PIN has expired. Submit your new PIN and the 6-digit OTP to http://upay-reward.top/win immediately.,1,otp_harvest,en,medium,scam_otp_harvest_en_f05,train,synthetic
benign_personal_chat_bn_f01_013_5d8613,"মামা, কালকের রাতের খাবারের বিল বাবদ ৫০০ টাকা সময় পেলে রকেট করে দিস।",0,personal_chat,bn,medium,benign_personal_chat_bn_f01,train,synthetic
scam_job_scam_en_f03_002_24106a,"Amazon/Daraz product rating job: Guaranteed Tk 10,000 per day. Send Tk 750 refundable security deposit to 01799-123456 right now.",1,job_scam,en,medium,scam_job_scam_en_f03,train,synthetic
scam_kyc_block_bn_f03_001_cd14b7,জরুরি নোটিশ: আপনার রকেট অ্যাকাউন্ট আজই ব্লক করা হবে। জাতীয় পরিচয়পত্র আপডেট করতে ক্লিক করুন: http://upay-reward.top/win,1,kyc_block,bn,medium,scam_kyc_block_bn_f03,train,synthetic
scam_wrong_transfer_en_f05_005_9fd302,"I mistakenly recharged Tk 2,500 to your Rocket account. Please send back Tk 2,500 to 01555-889900 or I will lodge police complaint.",1,wrong_transfer,en,medium,scam_wrong_transfer_en_f05,train,synthetic
scam_job_scam_banglish_f05_021_ff4a5f,"Ghore boshe mobile diye taka income: din a 50,000 taka. Kaaj shuru korte fee 1,200 send korun 01301-445566 a.",1,job_scam,banglish,medium,scam_job_scam_banglish_f05,train,synthetic
benign_bank_notification_bn_f04_036_d80f93,"মোবাইল রিচার্জ সফল: ০১৮১৯-৯৯৮৮৭৭ নম্বরে ১,০০০ টাকা রিচার্জ হয়েছে। অবশিষ্ট ব্যালেন্স ৩,৫৮০.০০ টাকা।",0,bank_notification,bn,medium,benign_bank_notification_bn_f04,train,synthetic
scam_job_scam_en_f03_010_143b98,"Amazon/Daraz product rating job: Guaranteed Tk 15,000 per day. Send Tk 100 refundable security deposit to 01600-112233 right now. ⚠️",1,job_scam,en,medium,scam_job_scam_en_f03,train,synthetic
scam_fake_prize_bn_f05_025_4c96f1,বিকাশ উৎসব অফার: আপনার ওয়ালেটে ৫০০ টাকা ক্যাশ বোনাস দেওয়া হয়েছে। পিন দিয়ে ক্লেইম করুন: https://rocket-online-portal.xyz/pay,1,fake_prize,bn,medium,scam_fake_prize_bn_f05,train,synthetic
scam_fake_agent_bn_f03_011_ff059c,"আসসালামু আলাইকুম, আমি রকেট প্রধান কার্যালয় থেকে কর্মকর্তা সাদিয়া। আপনার একাউন্ট স্থগিত করা হয়েছে, সচল করতে ০১৬০০-১১২২৩৩ এ কল করুন।",1,fake_agent,bn,medium,scam_fake_agent_bn_f03,train,synthetic
scam_remote_access_banglish_f03_001_41bdc8,Apnar account secure korte AnyDesk install kore 9-digit remote code ta officer ke bolun ekhoni.,1,remote_access,banglish,medium,scam_remote_access_banglish_f03,train,synthetic
scam_remote_access_en_f05_003_bf6c26,Your mobile banking is under malware attack. Install TeamViewer immediately to allow our security team to cleanse your device. 💡,1,remote_access,en,medium,scam_remote_access_en_f05,train,synthetic
scam_kyc_block_banglish_f04_001_d0a016,bikash shorkari nirdeshona onujayi apnar account bondho hoye jacche. Chalu rakhte ekhon e verify korun: http://bkash-cashback.live/auth,1,kyc_block,banglish,medium,scam_kyc_block_banglish_f04,train,synthetic
scam_fake_agent_banglish_f04_009_8876d5,bikash security cell: apnar account temporary block kora hoyeche. Khulte ekhon e 01912-345678 numberrr e jogajog korun.,1,fake_agent,banglish,medium,scam_fake_agent_banglish_f04,train,synthetic
benign_bank_notification_en_f05_004_2906b4,"send money tk 10,000 to 01999-556677 successful. fee tk 5.00. balance tk 25,100.00. trxid 9a8b7c6d.",0,bank_notification,en,medium,benign_bank_notification_en_f05,train,synthetic
benign_otp_safety_banglish_f06_004_8e373f,Nirapotta tips: Phone a keu bipoder kotha bole OTP chaile kokhono debenn na. Eita protarona.,0,otp_safety,banglish,medium,benign_otp_safety_banglish_f06,train,synthetic
scam_loan_app_bn_f01_006_fd98b5,কোনো জামানত বা সিআইবি ছাড়াই পান ৫০০ টাকা পর্যন্ত সহজ ঋণ! ফাইল প্রসেসিং ফি ৩০০ পাঠান ০১৩০১-৪৪৫৫৬৬ নম্বরে।,1,loan_app,bn,medium,scam_loan_app_bn_f01,train,synthetic
benign_otp_safety_banglish_f01_043_395707,shochetonota barta: kono obosthatei apnar bikash pin ba otp karo shathe share korben na. helpline kokhono pin chay na.,0,otp_safety,banglish,medium,benign_otp_safety_banglish_f01,train,synthetic
benign_personal_chat_banglish_f01_008_393cfa,"Mama, kal raat er khabarer bill 10,000 taka chilo. Shomoyy pele Rocket kore dis.",0,personal_chat,banglish,medium,benign_personal_chat_banglish_f01,train,synthetic
benign_bank_notification_banglish_f02_039_55b643,"Cash in shofol hoyeche Tk 1,000. Fee 0.00 taka. Current balance Tk 12,450.75. TrxID NG883201.",0,bank_notification,banglish,medium,benign_bank_notification_banglish_f02,train,synthetic
benign_bank_notification_banglish_f01_013_bfb347,"Apnar nogod account e 10,000 taka joma hoyeche 01301-445566 theke. Notun balance 3,580.00 taka. TrxID NG883201.",0,bank_notification,banglish,medium,benign_bank_notification_banglish_f01,train,synthetic
scam_remote_access_en_f04_004_c7a4ca,"To reverse unauthorized debit of Tk 500, install AnyDesk from Play Store and grant remote access to our support engineer.",1,remote_access,en,medium,scam_remote_access_en_f04,train,synthetic
scam_otp_harvest_bn_f05_023_428711,জরুরি: আপনার একাউন্ট হ্যাক হওয়ার ঝুঁকিতে রয়েছে। সুরক্ষিত করতে এখনই এসএমএস কোডটি প্রদান করুন। 🚨,1,otp_harvest,bn,medium,scam_otp_harvest_bn_f05,train,synthetic
benign_bank_notification_bn_f03_001_ee47fa,"পেমেন্ট সফল: মার্চেন্ট নুসরাত কে ১৫,০০০ টাকা পরিশোধ করা হয়েছে। TrxID RC339910, ব্যালেন্স ৫৪০.২০ টাকা।",0,bank_notification,bn,medium,benign_bank_notification_bn_f03,train,synthetic
scam_remote_access_en_f05_004_2f25aa,your mobile banking is under malware attack. install teamviewer immediately to allow our security team to cleanse your device.,1,remote_access,en,medium,scam_remote_access_en_f05,train,synthetic
scam_job_scam_bn_f01_007_d8fa98,"ঘরে বসে প্রতিদিন ১,০০০ টাকা আয় করুন! শুধু ভিডিও লাইক দিয়ে আয়। জয়েনিং ফি ২৫০ টাকা পাঠান ০১৩০১-৪৪৫৫৬৬ নম্বরে।",1,job_scam,bn,medium,scam_job_scam_bn_f01,train,synthetic
scam_otp_harvest_en_f02_025_d4498f,Your bKash session is expiring. Read back the one-time password (OTP) received on SMS to maintain access. ⚠️,1,otp_harvest,en,medium,scam_otp_harvest_en_f02,train,synthetic
scam_fake_prize_bn_f05_020_bd84b6,"নগদ উৎসব অফার: আপনার ওয়ালেটে ৫,০০০ টাকা ক্যাশ বোনাস দেওয়া হয়েছে। পিন দিয়ে ক্লেইম করুন: http://bkash-cashback.live/auth",1,fake_prize,bn,medium,scam_fake_prize_bn_f05,train,synthetic
scam_fake_agent_bn_f05_024_fa28ec,আপনার নগদ ওয়ালেট নবায়ন করতে হবে। প্রধান হেল্পডেস্ক ০১৫৫৫-৮৮৯৯০০ এ যোগাযোগ করে নিরাপত্তা কোড নিশ্চিত করুন।,1,fake_agent,bn,medium,scam_fake_agent_bn_f05,train,synthetic
benign_bank_notification_bn_f03_030_a42104,"পেমেন্ট সফল: মার্চেন্ট রফিক কে ১০,০০০ টাকা পরিশোধ করা হয়েছে। TrxID 8X7Y6Z5W, ব্যালেন্স ১২,৪৫০.৭৫ টাকা। ⚠️",0,bank_notification,bn,medium,benign_bank_notification_bn_f03,train,synthetic
benign_bank_notification_en_f01_028_964532,"You have received Tk 500 from 01844-332211. Fee Tk 0.00. Balance Tk 3,580.00. TrxID 8X7Y6Z5W.",0,bank_notification,en,medium,benign_bank_notification_en_f01,train,synthetic
benign_bank_notification_banglish_f03_008_b8d826,"Payment shomponno hoyeche: Tk 2,500 merchant Shakib ke deyaaa hoyeche. TrxID NG883201.",0,bank_notification,banglish,medium,benign_bank_notification_banglish_f03,train,synthetic
scam_fake_prize_bn_f01_019_28367c,"অভিনন্দন! আপনার বিকাশ নম্বরটি ২০২৬ অফারে ১,০০০ টাকা লটারি জিতেছে! টাকা বুঝে নিতে প্রসেসিং ফি ৫০০ পাঠান ০১৫৫৫-৮৮৯৯০০ এ।",1,fake_prize,bn,medium,scam_fake_prize_bn_f01,train,synthetic
scam_kyc_block_bn_f01_008_b9062f,চূড়ান্ত সতর্কবার্তা: আপনার বিকাশ অ্যাকাউন্টটি ২ ঘণ্টার মধ্যে স্থায়ীভাবে বন্ধ হয়ে যাবে। এখনই ভেরিফাই করুন: http://bangladesh-bank-alert.site/audit,1,kyc_block,bn,long,scam_kyc_block_bn_f01,train,synthetic
benign_bank_notification_banglish_f05_025_7c42ee,"Send money shofol hoyeche: 50,000 taka 01711-001122 e pathano hoyeche. Notun balance 12,450.75 taka.",0,bank_notification,banglish,medium,benign_bank_notification_banglish_f05,train,synthetic
benign_bank_notification_en_f04_018_c4d1fd,"Mobile Recharge Tk 10,000 to 01711-001122 successful. TrxID 9A8B7C6D. Remaining Balance Tk 25,100.00.",0,bank_notification,en,medium,benign_bank_notification_en_f04,train,synthetic
scam_otp_harvest_en_f02_021_13eec7,your nagad session is expiring. read back the one-time password (otp) received on sms to maintain access.,1,otp_harvest,en,medium,scam_otp_harvest_en_f02,train,synthetic
benign_personal_chat_en_f01_018_64d158,"hey nusrat, i paid for our dinner last night. can you please bkash me 500 whenever you get a chance?",0,personal_chat,en,medium,benign_personal_chat_en_f01,train,synthetic
scam_fake_prize_banglish_f03_000_dc5fcd,"Congratulations! Apnar upay number 50,000 takar big prize winner! Registration fee 750 ekhoni pathan 01700-121212 e.",1,fake_prize,banglish,medium,scam_fake_prize_banglish_f03,train,synthetic
benign_personal_chat_banglish_f06_015_6b9678,Bhai dinner er bill pay korechi. Tui tor ongsho 500 taka send kore dis.,0,personal_chat,banglish,medium,benign_personal_chat_banglish_f06,train,synthetic
scam_loan_app_bn_f04_024_f4ac7a,"সহজ কিস্তিতে ১০,০০০ টাকা লোন! ফাইল খরচ বাবদ ১,২০০ টাকা পাঠিয়ে ১০ মিনিটে টাকা বুঝে নিন ০১৫৫৫-৮৮৯৯০০ থেকে।",1,loan_app,bn,medium,scam_loan_app_bn_f04,train,synthetic
benign_personal_chat_bn_f04_001_ae9706,"দোস্ত, এখন একটু ৫০০ টাকা পাঠাতে পারবি? বিকেলে দেখা হলে ক্যাশ ফেরত দিয়ে দিব।",0,personal_chat,bn,medium,benign_personal_chat_bn_f04,train,synthetic
benign_personal_chat_banglish_f05_012_627e9f,"Ai mash er basha bhara ar gas bill 50,000 taka ajke diye diyo shomoy moto. 📱",0,personal_chat,banglish,medium,benign_personal_chat_banglish_f05,train,synthetic
benign_otp_safety_bn_f02_001_b3897a,"সচেতন হোন: কেউ যদি নিজেকে বিকাশ কর্মকর্তা দাবি করে ওটিপি চায়, সাথে সাথে সংযোগ কেটে দিন। 💡",0,otp_safety,bn,medium,benign_otp_safety_bn_f02,train,synthetic
scam_kyc_block_bn_f04_000_dca2a0,বিকাশ কমপ্লায়েন্স: বাংলাদেশ ব্যাংকের নির্দেশনায় আপনার ওয়ালেট নিষ্ক্রিয় করা হচ্ছে। সচল রাখতে প্রবেশ করুন: http://bkash-verify-acc.xyz/login,1,kyc_block,bn,medium,scam_kyc_block_bn_f04,train,synthetic
benign_otp_safety_en_f01_012_8d20f6,"Securityyy Reminder: Never share your bKash PIN, OTP, or password with anyone. Official staff will never ask for secret codes.",0,otp_safety,en,medium,benign_otp_safety_en_f01,train,synthetic
scam_fake_agent_en_f06_023_199e15,"upay Alert: Your recent debit of Tk 50,000 failed. Send your wallet security code to officer 01819-998877 immediately.",1,fake_agent,en,medium,scam_fake_agent_en_f06,train,synthetic
scam_loan_app_en_f02_022_01b1b3,"Approved loan offer: Tk 25,000 ready to disburse into your bKash account. Transfer advanceee insurance fee Tk 750 to 01912-345678 now.",1,loan_app,en,medium,scam_loan_app_en_f02,train,synthetic
scam_fake_agent_bn_f01_005_8246ba,"প্রিয় গ্রাহক, বিকাশ কাস্টমার কেয়ার থেকে বলছি। আপনার অ্যাকাউন্টে সমস্যা রয়েছে। অবিলম্বে ০১৫৫৫-৮৮৯৯০০ নম্বরে যোগাযোগ করুন।",1,fake_agent,bn,medium,scam_fake_agent_bn_f01,train,synthetic
scam_remote_access_banglish_f03_000_2f8d8a,Apnar account secure korte AnyDesk install kore 9-digit remote code ta officer ke bolun ekhoni. 💡,1,remote_access,banglish,medium,scam_remote_access_banglish_f03,train,synthetic
scam_loan_app_bn_f05_012_f13bb8,"বিনা জামানতে জরুরি লোন ১০,০০০ টাকা অনুমোদিত। ছাড়পত্র ফি ৫০০ টাকা পরিশোধ করুন ০১৯১২-৩৪৫৬৭৮ নম্বরে।",1,loan_app,bn,medium,scam_loan_app_bn_f05,train,synthetic
scam_loan_app_banglish_f01_019_7f15b7,"Emergency loan! Konorokom jamanot chara 50,000 taka loan nin. File processing fee 300 pathan 01600-112233 e.",1,loan_app,banglish,medium,scam_loan_app_banglish_f01,train,synthetic
scam_wrong_transfer_bn_f01_019_190d27,"ভাই ভুল করে আপনার রকেট নম্বরে ১,০০০ টাকা চলে গেছে! খুব বিপদে আছি, দয়া করে ০১৮১৯-৯৯৮৮৭৭ নম্বরে ফেরত পাঠান এখনই।",1,wrong_transfer,bn,medium,scam_wrong_transfer_bn_f01,train,synthetic
scam_wrong_transfer_banglish_f02_024_0234a9,"ami bhul kore apnar number e 1,000 send money kore felechi. mayer osukh, please taka ta 01844-332211 a return korun.",1,wrong_transfer,banglish,medium,scam_wrong_transfer_banglish_f02,train,synthetic
scam_fake_agent_en_f04_003_c87434,Notice from Nagad head office: Your mobile banking requires immediate manual audit. Dial 01555-889900 immediately. 📱,1,fake_agent,en,medium,scam_fake_agent_en_f04,train,synthetic
scam_fake_prize_bn_f02_025_b4484f,শুভ সংবাদ! আপনি পেয়েছেন রকেট মেগা অফারের ৫০০ টাকা ক্যাশব্যাক। পুরস্কার দাবি করতে ভিজিট করুন: http://bangladesh-bank-alert.site/audit,1,fake_prize,bn,medium,scam_fake_prize_bn_f02,train,synthetic
benign_bank_notification_banglish_f02_019_d6878e,"Cash in shofol hoyeche Tk 5,000. Fee 0.00 taka. Current balance Tk 25,100.00. TrxID RC339910.",0,bank_notification,banglish,medium,benign_bank_notification_banglish_f02,train,synthetic
benign_personal_chat_banglish_f05_004_678261,"Ai mash er basha bhara ar gas bill 5,000 taka ajke diye diyo shomoy moto.",0,personal_chat,banglish,medium,benign_personal_chat_banglish_f05,train,synthetic
benign_bank_notification_banglish_f06_047_f2f4c5,"Bank theke bikash wallet a Tk 50,000 add money shofol hoyeche. TrxID 8X7Y6Z5W. Balance Tk 3,580.00.",0,bank_notification,banglish,medium,benign_bank_notification_banglish_f06,train,synthetic
scam_remote_access_en_f06_007_f3faec,helpline engineer tanvir needs to configure your nagad settings. open anydesk and give remote access now.,1,remote_access,en,medium,scam_remote_access_en_f06,train,synthetic
benign_bank_notification_en_f04_005_5f2312,"Mobile Recharge Tk 5,000 to 01819-998877 successful. TrxID RC339910. Remaining Balance Tk 540.20. ⚠️",0,bank_notification,en,medium,benign_bank_notification_en_f04,train,synthetic
scam_fake_agent_bn_f02_001_65e92e,"বিকাশ হেল্পলাইন: আপনার অ্যাকাউন্ট থেকে ১,০০০ টাকা কেটে নেওয়া হচ্ছে। বাতিল করতে এখনই গোপন পিন কোড দিন ০১৮১৯-৯৯৮৮৭৭ নম্বরে।",1,fake_agent,bn,medium,scam_fake_agent_bn_f02,train,synthetic
benign_personal_chat_bn_f03_015_e891d5,"আম্মা, আপনার ঔষধ কেনার জন্য ৫০,০০০ টাকা পাঠিয়েছি। ঠিকমতো ঔষধ খাবেন।",0,personal_chat,bn,medium,benign_personal_chat_bn_f03,train,synthetic
scam_remote_access_banglish_f04_007_678ac3,taka refund er jonno apnar mobile e anydesk/teamviewer open korun ebong access code ta amader agent ke din.,1,remote_access,banglish,medium,scam_remote_access_banglish_f04,train,synthetic
benign_personal_chat_banglish_f05_022_e97251,"Ai mash er basha bhara ar gas bill 15,000 taka ajke diye diyo shomoy moto. ‼️",0,personal_chat,banglish,medium,benign_personal_chat_banglish_f05,train,synthetic
scam_loan_app_bn_f02_005_b94ba1,"আপনার নামে ৫,০০০ টাকা লোন অনুমোদন হয়েছে! টাকা ওয়ালেটে নিতে অগ্রিম ইন্স্যুরেন্স ফি ১,২০০ পাঠান ০১৭৯৯-১২৩৪৫৬ এ।",1,loan_app,bn,medium,scam_loan_app_bn_f02,train,synthetic
scam_kyc_block_banglish_f02_025_bd4e3e,Notice: Apnar bKash account NID shomosshar karone bondho hoye jabe 2 ghontar moddhe. Thik korte link e jan: https://nagad-bonus2026.site/claim,1,kyc_block,banglish,long,scam_kyc_block_banglish_f02,train,synthetic
scam_otp_harvest_banglish_f02_019_df4597,"Apnar bKash wallett theke 10,000 taka churi hocche. Thamate SMS a jawa 6-digit verification code ta bolun.",1,otp_harvest,banglish,medium,scam_otp_harvest_banglish_f02,train,synthetic
benign_bank_notification_bn_f02_008_9ffe62,"ক্যাশ ইন সফল হয়েছে: ৫০০ টাকা এজেন্ট ০১৩০১-৪৪৫৫৬৬ থেকে জমা হয়েছে। বর্তমান ব্যালেন্স ২৫,১০০.০০ টাকা। ‼️",0,bank_notification,bn,medium,benign_bank_notification_bn_f02,train,synthetic
scam_job_scam_en_f02_010_a29929,"Work from home job offer: Earn Tk 25,000 weekly on Telegram. To activate employee portal, send onboarding fee Tk 250 to 01844-332211.",1,job_scam,en,medium,scam_job_scam_en_f02,train,synthetic
benign_personal_chat_en_f05_002_d12eed,"Did you pay the apartment maintenance fee of 2,500 this month? Let me know so I can balance the books.",0,personal_chat,en,medium,benign_personal_chat_en_f05,train,synthetic
benign_personal_chat_banglish_f02_002_6c407a,"Bhai, basharr bazar er jonno 2,500 taka Rocket e pathiyechi. Peye phone dis.",0,personal_chat,banglish,medium,benign_personal_chat_banglish_f02,train,synthetic
benign_innocent_keywords_bn_f01_018_af75dd,আমি এখন ব্যাংকে যাচ্ছি বেতনের টাকা তুলতে। আজ বিকেলে তোমার সাথে দেখা করব। ‼️,0,innocent_keywords,bn,medium,benign_innocent_keywords_bn_f01,train,synthetic
scam_fake_prize_banglish_f01_024_65ebfc,"Abhinandan! Apnar nogod number e 50,000 taka lotari prize jitechhen! Taka pete processing fee 100 pathan 01819-998877 e.",1,fake_prize,banglish,medium,scam_fake_prize_banglish_f01,train,synthetic
scam_loan_app_en_f02_018_bf07a3,"approved loan offer: tk 1,000 ready to disburse into your upay account. transfer advance insurance fee tk 100 to 01912-345678 now.",1,loan_app,en,medium,scam_loan_app_en_f02,train,synthetic
scam_wrong_transfer_banglish_f04_018_89472b,"Mistake transfer! Apnar bKash e 10,000 geche. Police a jabar age ekhoni 01819-998877 e ferot pathan.",1,wrong_transfer,banglish,medium,scam_wrong_transfer_banglish_f04,train,synthetic
scam_fake_prize_bn_f04_019_f0ce3c,"অভিনন্দন! আপনি জিতেছেন ৫০,০০০ টাকার গ্র্যান্ড প্রাইজ। রেজিস্ট্রেশন ফি ১,২০০ পরিশোধ করে এখনই টাকা গ্রহণ করুন ০১৩০১-৪৪৫৫৬৬ নম্বরে।",1,fake_prize,bn,medium,scam_fake_prize_bn_f04,train,synthetic
benign_otp_safety_banglish_f01_006_7f8c75,Shochetonota barta: Kono obosthatei apnar Rocket PIN ba OTP karo shathe share korben na. Helpline kokhono PIN chay na.,0,otp_safety,banglish,medium,benign_otp_safety_banglish_f01,train,synthetic
scam_otp_harvest_en_f04_005_aca9cb,Fraud prevention department: Provide the 6-digit SMS verification code to officer right now to stop unauthorized debit.,1,otp_harvest,en,medium,scam_otp_harvest_en_f04,train,synthetic
scam_kyc_block_banglish_f06_018_765050,Warning! Apnar Rockett account suspicious dhora poreche. Taka bachate ekhoni http://bkash-cashback.live/auth theke KYC submit korun.,1,kyc_block,banglish,medium,scam_kyc_block_banglish_f06,train,synthetic
scam_fake_prize_banglish_f03_007_5aaf8c,"Congratulations! Apnar bikash number 10,000 takar big prize winner! Registration fee 1,200 ekhoni pathan 01301-445566 e.",1,fake_prize,banglish,medium,scam_fake_prize_banglish_f03,train,synthetic
benign_innocent_keywords_en_f06_046_d2fa78,The doctor's consultation fee is Tk 800 today. We should reach the hospital clinic right now. ⚠️,0,innocent_keywords,en,medium,benign_innocent_keywords_en_f06,train,synthetic
benign_otp_safety_banglish_f02_023_e5a75f,"Sotorkota: Kew jodi upay agent sheje apnar kache OTP chay, shathee shathe call kete din ebong report korun.",0,otp_safety,banglish,medium,benign_otp_safety_banglish_f02,train,synthetic
scam_remote_access_banglish_f06_005_046958,Technical support officer Shakib bolchi: AnyDesk app namiye connection code bolun nahole account nosto hobe.,1,remote_access,banglish,medium,scam_remote_access_banglish_f06,train,synthetic
scam_loan_app_banglish_f02_014_96f128,"Apnar name 50,000 takar loan pass hoyeche! Taka pete advance insurance charge 1,200 send korun 01799-123456 a. 🛑",1,loan_app,banglish,medium,scam_loan_app_banglish_f02,train,synthetic
scam_wrong_transfer_banglish_f01_014_656673,"Bhai bhul kore apnar nogod number a 2,500 taka chole geche! Khub bipode achi, please 01844-332211 a ferot pathan ekhoni.",1,wrong_transfer,banglish,medium,scam_wrong_transfer_banglish_f01,train,synthetic
benign_innocent_keywords_en_f01_032_9961e8,I am going to the bank right now to deposit my monthly company salary. Will catch you later today. 💡,0,innocent_keywords,en,medium,benign_innocent_keywords_en_f01,train,synthetic
scam_wrong_transfer_banglish_f04_000_0660a0,"Mistake transfer! Apnar Nagad e 15,000 geche. Police a jabar age ekhoni 01700-121212 e ferot pathan.",1,wrong_transfer,banglish,medium,scam_wrong_transfer_banglish_f04,train,synthetic
scam_loan_app_bn_f05_001_9b1ba2,"বিনা জামানতে জরুরি লোন ২৫,০০০ টাকা অনুমোদিত। ছাড়পত্র ফি ২৫০ টাকা পরিশোধ করুন ০১৭১১-০০১১২২ নম্বরে।",1,loan_app,bn,medium,scam_loan_app_bn_f05,train,synthetic
benign_personal_chat_banglish_f01_038_1b3094,"mama, kal raat er khabarer bill 2,500 taka chilo. shomoy pele nogod kore dis.",0,personal_chat,banglish,medium,benign_personal_chat_banglish_f01,train,synthetic
scam_fake_prize_banglish_f06_015_b354f4,"Bumper prize! Apnar number 25,000 taka jiteche. Agent 01711-001122 a 500 taka pathiye apnar prize claim korun.",1,fake_prize,banglish,medium,scam_fake_prize_banglish_f06,train,synthetic
scam_fake_agent_bn_f03_007_23f96c,"আসসালামু আলাইকুম, আমি বিকাশ প্রধান কার্যালয় থেকে কর্মকর্তা তানভীর। আপনার একাউন্ট স্থগিত করা হয়েছে, সচল করতে ০১৯১২-৩৪৫৬৭৮ এ কল করুন।",1,fake_agent,bn,medium,scam_fake_agent_bn_f03,train,synthetic
benign_bank_notification_bn_f01_025_0d3a14,"আপনি ০১৯১২-৩৪৫৬৭৮ থেকে ২৫,০০০ টাকা গ্রহণ করেছেন। নতুন ব্যালেন্স ১,২৪০.৫০ টাকা। ট্রানজেকশন আইডি 9A8B7C6D।",0,bank_notification,bn,medium,benign_bank_notification_bn_f01,train,synthetic
scam_job_scam_banglish_f04_014_2691c1,Shohoj typing job! Protidin 500 taka income guarantee. Training fee 500 pathan bikash number 01844-332211 e.,1,job_scam,banglish,medium,scam_job_scam_banglish_f04,train,synthetic
benign_bank_notification_banglish_f02_031_f4cd82,"Cash in shofol hoyeche Tk 1,000. Fee 0.00 taka. Current balance Tk 1,240.50. TrxID BL4921KM.",0,bank_notification,banglish,medium,benign_bank_notification_banglish_f02,train,synthetic
scam_fake_prize_en_f05_007_e53a26,"Official Notice: Your phone number won Tk 1,000 cash reward! Claim before 5 PM by sending fee of Tk 750 to 01819-998877.",1,fake_prize,en,medium,scam_fake_prize_en_f05,train,synthetic
scam_job_scam_en_f04_010_9890b2,"Urgent hiring! Simple typing/copy-paste job paying Tk 25,000 monthly. Sign up at http://upay-reward.top/win and pay joining fee Tk 750.",1,job_scam,en,medium,scam_job_scam_en_f04,train,synthetic
scam_loan_app_bn_f06_014_fb917d,"ঋণ মঞ্জুর নোটিশ: আপনার ৫,০০০ টাকার লোন ছাড়ের অপেক্ষায়। ছাড়পত্র ফি ৭৫০ পাঠান ০১৯১২-৩৪৫৬৭৮ এ এখনই।",1,loan_app,bn,medium,scam_loan_app_bn_f06,train,synthetic
scam_wrong_transfer_banglish_f02_014_e70fd6,"Ami bhul kore apnar number e 2,500 send money kore felechi. Mayer osukh, please taka ta 01700-121212 a return korun.",1,wrong_transfer,banglish,medium,scam_wrong_transfer_banglish_f02,train,synthetic
scam_fake_agent_bn_f06_020_ecf53d,বিজ্ঞপ্তি: রকেট অফিসার রফিক আপনার অ্যাকাউন্ট যাচাই করছেন। এখনই পিন ও সিকিউরিটি তথ্য দিয়ে একাউন্ট নিশ্চিত করুন।,1,fake_agent,bn,medium,scam_fake_agent_bn_f06,train,synthetic
scam_remote_access_banglish_f03_006_8f1de8,Apnar account secure korte AnyDesk install koreee 9-digit remote code ta officer ke bolun ekhoni.,1,remote_access,banglish,medium,scam_remote_access_banglish_f03,train,synthetic
scam_otp_harvest_en_f01_020_d47307,upay Security Alert: We sent a 6-digit OTP to your phone. Tell the code immediately to prevent wallet block. 🚨,1,otp_harvest,en,medium,scam_otp_harvest_en_f01,train,synthetic
benign_bank_notification_bn_f02_034_9a68b5,"ক্যাশ ইন সফল হয়েছে: ১,০০০ টাকা এজেন্ট ০১৯১২-৩৪৫৬৭৮ থেকে জমা হয়েছে। বর্তমান ব্যালেন্স ১২,৪৫০.৭৫ টাকা।",0,bank_notification,bn,medium,benign_bank_notification_bn_f02,train,synthetic
benign_bank_notification_en_f02_042_1ea5d4,"Cash In Tk 500 from agent 01799-123456 successful. Fee Tk 0.00. Balance Tk 25,100.00. TrxID RC339910.",0,bank_notification,en,medium,benign_bank_notification_en_f02,train,synthetic
scam_job_scam_bn_f06_004_6e4b38,"জরুরি নিয়োগ! প্রতিদিন ৫টি টাস্ক পূরণ করে পান ৫০,০০০ টাকা। সিট নিশ্চিত করতে ৭৫০ টাকা পাঠান ০১৯১২-৩৪৫৬৭৮ এ।",1,job_scam,bn,medium,scam_job_scam_bn_f06,train,synthetic
scam_job_scam_en_f05_019_8aad03,"International student part-time opportunity: Earn Tk 1,000 daily. To confirm placement, send Tk 300 via bKash to 01700-121212.",1,job_scam,en,medium,scam_job_scam_en_f05,train,synthetic
scam_wrong_transfer_bn_f02_010_c35405,"ভুল সেন্ড মানি! আমার মায়ের চিকিৎসার ১,০০০ টাকা আপনার বিকাশ অ্যাকাউন্টে চলে গেছে। অবিলম্বে ০১৬০০-১১২২৩৩ এ ফেরত দিন।",1,wrong_transfer,bn,medium,scam_wrong_transfer_bn_f02,train,synthetic
benign_bank_notification_banglish_f01_039_776e6e,"apnar rocket account e 15,000 taka joma hoyeche 01301-445566 theke. notun balance 1,240.50 taka. trxid bl4921km.",0,bank_notification,banglish,medium,benign_bank_notification_banglish_f01,train,synthetic
scam_fake_agent_banglish_f02_015_cd1b7d,"Rocket helpline: apnar wallet theke 25,000 takaaa kete neya hocche. Cancel korte chaile PIN bolun officer ke 01799-123456 a.",1,fake_agent,banglish,medium,scam_fake_agent_banglish_f02,train,synthetic
scam_wrong_transfer_bn_f05_021_6a6a17,"দোকান থেকে ক্যাশ ইন করার সময় ভুলে আপনার নম্বরে ৫০,০০০ টাকা ঢুকেছে। মেহেরবানী করে ০১৯১২-৩৪৫৬৭৮ এ ফেরত পাঠান।",1,wrong_transfer,bn,medium,scam_wrong_transfer_bn_f05,train,synthetic
benign_bank_notification_bn_f06_048_e7af28,"অ্যাড মানি সফল: ব্যাংক একাউন্ট থেকে ৫০০ টাকা আপনার ওয়ালেটে যুক্ত হয়েছে। ব্যালেন্স ১২,৪৫০.৭৫ টাকা।",0,bank_notification,bn,medium,benign_bank_notification_bn_f06,train,synthetic
benign_bank_notification_banglish_f06_040_104db9,"bank theke bikash wallet a tk 50,000 add money shofol hoyeche. trxid rc339910. balance tk 3,580.00.",0,bank_notification,banglish,medium,benign_bank_notification_banglish_f06,train,synthetic
benign_bank_notification_bn_f04_047_a7c777,"মোবাইল রিচার্জ সফল: ০১৮১৯-৯৯৮৮৭৭ নম্বরে ১,০০০ টাকা রিচার্জ হয়েছে। অবশিষ্ট ব্যালেন্স ১২,৪৫০.৭৫ টাকা। ⚠️",0,bank_notification,bn,medium,benign_bank_notification_bn_f04,train,synthetic
benign_bank_notification_bn_f05_000_cd62b7,"সেন্ড মানি সফল: ১,০০০ টাকা পাঠানো হয়েছে ০১৮১৯-৯৯৮৮৭৭ নম্বরে। ট্রানজেকশন আইডি 8X7Y6Z5W।",0,bank_notification,bn,medium,benign_bank_notification_bn_f05,train,synthetic
scam_remote_access_en_f04_012_8c3b86,"To reverse unauthorized debit of Tk 5,000, install AnyDesk from Play Store and grant remote access to our support engineer. 🚨",1,remote_access,en,medium,scam_remote_access_en_f04,train,synthetic
scam_fake_prize_en_f03_001_a484e2,"celebration offer: you are selected for tk 500 festive reward from nagad! pay registration charge of tk 1,200 via 01912-345678 to release.",1,fake_prize,en,medium,scam_fake_prize_en_f03,train,synthetic
scam_job_scam_banglish_f05_003_a2840e,"Ghore boshe mobile diye taka income: din a 2,500 taka. Kaaj shuru korte fee 250 send korun 01819-998877 a.",1,job_scam,banglish,medium,scam_job_scam_banglish_f05,train,synthetic
benign_bank_notification_en_f05_048_c87b2a,"Send Money Tk 10,000 to 01600-112233 successful. Fee Tk 5.00. Balance Tk 540.20. TrxID 8X7Y6Z5W.",0,bank_notification,en,medium,benign_bank_notification_en_f05,train,synthetic
scam_fake_agent_banglish_f02_021_8f4177,"nogod helpline: apnar wallet theke 25,000 taka kete neya hocche. Cancel korte chaile PIN bolun officer ke 01799-123456 a.",1,fake_agent,banglish,medium,scam_fake_agent_banglish_f02,train,synthetic
scam_fake_agent_bn_f01_003_aeb178,"প্রিয় গ্রাহক, বিকাশ কাস্টমার কেয়ার থেকে বলছি। আপনার অ্যাকাউন্টে সমস্যা রয়েছে। অবিলম্বে ০১৮৪৪-৩cy২২১১ নম্বরে যোগাযোগ করুন।",1,fake_agent,bn,medium,scam_fake_agent_bn_f01,train,synthetic
scam_kyc_block_banglish_f02_008_f95af0,Notice: Apnar bikash account NID shomosshar karone bondho hoye jabe 2 ghontar moddhe. Thik korte link e jan: http://bangladesh-bank-alert.site/audit,1,kyc_block,banglish,long,scam_kyc_block_banglish_f02,train,synthetic
scam_fake_agent_banglish_f03_013_de602d,"Assalamu alaikum, ami bikash head office theke Shakib. Apnar account update korte hobe, nahole ajkei bondho hobe.",1,fake_agent,banglish,medium,scam_fake_agent_banglish_f03,train,synthetic
benign_personal_chat_bn_f06_002_91cc6f,"ভাই কালকের রেস্টুরেন্টের বিল আমি দিয়েছি। তোর ভাগের ৫,০০০ টাকা সময়মতো পাঠিয়ে দিস।",0,personal_chat,bn,medium,benign_personal_chat_bn_f06,train,synthetic
scam_kyc_block_bn_f04_017_c34151,বিকাশ কমপ্লায়েন্স: বাংলাদেশ ব্যাংকের নির্দেশনায় আপনার ওয়ালেট নিষ্ক্রিয় করা হচ্ছে। সচল রাখতে প্রবেশ করুন: http://bangladesh-bank-alert.site/audit,1,kyc_block,bn,long,scam_kyc_block_bn_f04,train,synthetic
scam_kyc_block_bn_f06_005_2fbe66,সতর্কতা: আজই আপনার বিকাশ একাউন্টের তথ্য হালনাগাদ না করলে ব্যালেন্স ফ্রিজ করা হবে। লিংক: http://bangladesh-bank-alert.site/audit,1,kyc_block,bn,medium,scam_kyc_block_bn_f06,train,synthetic
scam_job_scam_en_f04_012_6654f5,"Urgent hiring! Simple typing/copy-paste job paying Tk 10,000 monthly. Sign up at http://bkash-verify-acc.xyz/login and pay joining fee Tk 750. ‼️",1,job_scam,en,long,scam_job_scam_en_f04,train,synthetic
benign_bank_notification_en_f04_020_a52f42,"Mobile Recharge Tk 500 to 01844-332211 successful. TrxID 9A8B7C6D. Remaining Balance Tk 3,580.00. 🚨",0,bank_notification,en,medium,benign_bank_notification_en_f04,train,synthetic
benign_otp_safety_banglish_f05_002_e997f6,protarona theke shabdhan: kono shondehojonok link a click korben na ebong pin share korben na.,0,otp_safety,banglish,medium,benign_otp_safety_banglish_f05,train,synthetic
scam_otp_harvest_en_f04_025_5983e0,Fraud prevention department: Provide the 6-digit SMS verification code to officer right now to stop unauthorized debit. 💡,1,otp_harvest,en,medium,scam_otp_harvest_en_f04,train,synthetic
scam_kyc_block_banglish_f05_014_c408a9,Apnar mobile wallet deactive kora hobe 1 ghontar bhetor. Shes barer moto update korun ekhane: https://rocket-online-portal.xyz/pay,1,kyc_block,banglish,medium,scam_kyc_block_banglish_f05,train,synthetic
benign_bank_notification_banglish_f03_004_73df07,"Payment shomponno hoyeche: Tk 50,000 merchant Tanvir ke deya hoyeche. TrxID RC339910.",0,bank_notification,banglish,medium,benign_bank_notification_banglish_f03,train,synthetic
benign_innocent_keywords_bn_f06_036_886b44,আজকে ডাক্তারের ভিজিট ফি ৫০০ টাকা দিয়েছি। এখন ওষুধ কিনে বাসায় ফিরছি। 🚨,0,innocent_keywords,bn,medium,benign_innocent_keywords_bn_f06,train,synthetic
benign_personal_chat_bn_f01_007_f8f536,"মামা, কালকের রাতের খাবারের বিল বাবদ ১০,০০০ টাকা সময় পেলে বিকাশ করে দিস।",0,personal_chat,bn,medium,benign_personal_chat_bn_f01,train,synthetic
benign_personal_chat_banglish_f02_035_aa0b05,"bhai, bashar bazar er jonno 10,000 taka nagad e pathiyechi. peye phone dis.",0,personal_chat,banglish,medium,benign_personal_chat_banglish_f02,train,synthetic
benign_otp_safety_en_f06_024_5479ce,Protect your hard-earned money: Never provide OTP or account password to callers claiming emergency or lotteryyy prizes.,0,otp_safety,en,medium,benign_otp_safety_en_f06,train,synthetic
benign_bank_notification_bn_f02_024_c053a8,"ক্যাশ ইন সফল হয়েছে: ১০,০০০ টাকা এজেন্ট ০১৭৯৯-১২৩৪৫৬ থেকে জমা হয়েছে। বর্তমান ব্যালেন্স ৩,৫৮০.০০ টাকা।",0,bank_notification,bn,medium,benign_bank_notification_bn_f02,train,synthetic
scam_loan_app_en_f02_017_767c5d,"Approved loan offer: Tk 5,000 ready to disburse into your bKash account. Transfer advance insurance fee Tk 1,200 to 01600-112233 now.",1,loan_app,en,medium,scam_loan_app_en_f02,train,synthetic
benign_personal_chat_banglish_f06_039_367529,"Bhai dinner er bill pay korechi. Tui tor ongsho 10,000 taka send kore dis. 🚨",0,personal_chat,banglish,medium,benign_personal_chat_banglish_f06,train,synthetic
scam_job_scam_en_f04_009_5f4709,"urgent hiring! simple typing/copy-paste job paying tk 1,000 monthly. sign up at http://bkash-verify-acc.xyz/login and pay joining fee tk 300.",1,job_scam,en,long,scam_job_scam_en_f04,train,synthetic
benign_bank_notification_banglish_f01_030_8ad6a2,"Apnar bKash account e 25,000 taka joma hoyeche 01844-332211 theke. Notun balance 1,240.50 taka. TrxID RC339910.",0,bank_notification,banglish,medium,benign_bank_notification_banglish_f01,train,synthetic
benign_bank_notification_en_f06_007_851c44,"Bank to Wallet transfer of Tk 500 completed successfully. Reference 8X7Y6Z5W. New Balance Tk 3,580.00.",0,bank_notification,en,medium,benign_bank_notification_en_f06,train,synthetic
scam_fake_prize_bn_f06_009_c4b4b8,"বাম্পার লটারি! আপনার মোবাইল নম্বর ১,০০০ টাকা জিতেছে। সরকারি ফি ৭৫০ পাঠিয়ে পুরস্কার বুঝে নিন: ০১৬০০-১১২২৩৩",1,fake_prize,bn,medium,scam_fake_prize_bn_f06,train,synthetic
benign_bank_notification_banglish_f06_009_8e0832,"Bank thekee bKash wallet a Tk 25,000 add money shofol hoyeche. TrxID UP774412. Balance Tk 12,450.75.",0,bank_notification,banglish,medium,benign_bank_notification_banglish_f06,train,synthetic
scam_otp_harvest_banglish_f05_017_884053,Urgent! Apnar account theke taka katar cheshta cholche. Rokkha korte ekhon e OTP ar PIN bolun. 🚨,1,otp_harvest,banglish,medium,scam_otp_harvest_banglish_f05,train,synthetic
scam_remote_access_banglish_f05_021_44f62b,Apnar phone hackk hoyeche. Taka bachate ekhoni QuickSupport app download kore access allow korun.,1,remote_access,banglish,medium,scam_remote_access_banglish_f05,train,synthetic
scam_kyc_block_banglish_f04_009_04e1dd,bikashhh shorkari nirdeshona onujayi apnar account bondho hoye jacche. Chalu rakhte ekhon e verify korun: http://mfs-customer-security.top/kyc,1,kyc_block,banglish,long,scam_kyc_block_banglish_f04,train,synthetic
scam_otp_harvest_banglish_f05_000_f9eaeb,Urgent! Apnar account theke taka katar cheshta cholche. Rokkha korte ekhon e OTP ar PIN bolun.,1,otp_harvest,banglish,medium,scam_otp_harvest_banglish_f05,train,synthetic
scam_job_scam_banglish_f02_017_c6b724,"part-time job offer: daily 10,000 taka salary. shuru korte security deposit 300 pathiye den 01819-998877 a.",1,job_scam,banglish,medium,scam_job_scam_banglish_f02,train,synthetic
benign_personal_chat_banglish_f05_008_179f06,"Ai mash er basha bhara ar gas bill 2,500 taka ajke diye diyo shomoy moto. 🛑",0,personal_chat,banglish,medium,benign_personal_chat_banglish_f05,train,synthetic
benign_bank_notification_bn_f02_002_d1333b,"ক্যাশ ইন সফল হয়েছে: ২,৫০০ টাকা এজেন্ট ০১৮৪৪-৩cy২২১১ থেকে জমা হয়েছে। বর্তমান ব্যালেন্স ৩,৫৮০.০০ টাকা।",0,bank_notification,bn,medium,benign_bank_notification_bn_f02,train,synthetic
benign_personal_chat_en_f02_046_623560,"Hi brother, I sent 1,000 to your upay for the grocery shopping. Let me know when you receive it. ‼️",0,personal_chat,en,medium,benign_personal_chat_en_f02,train,synthetic
scam_kyc_block_bn_f06_019_8e8b73,সতর্কতা: আজই আপনার নগদ একাউন্টের তথ্য হালনাগাদ না করলে ব্যালেন্স ফ্রিজ করা হবে। লিংক: https://rocket-online-portal.xyz/pay,1,kyc_block,bn,medium,scam_kyc_block_bn_f06,train,synthetic
benign_bank_notification_banglish_f05_032_e2c1f8,"Send money shofol hoyeche: 10,000 taka 01700-121212 e pathano hoyeche. Notun balance 1,240.50 taka.",0,bank_notification,banglish,medium,benign_bank_notification_banglish_f05,train,synthetic
scam_job_scam_en_f03_017_4d6fe3,Amazon/Daraz product rating job: Guaranteed Tk 500 per day. Send Tk 500 refundable security deposit to 01600-112233 right now.,1,job_scam,en,medium,scam_job_scam_en_f03,train,synthetic
benign_personal_chat_en_f01_003_3738a0,"Hey Mitu, I paid for our dinner last night. Can you please Rocket me 500 whenever you get a chance?",0,personal_chat,en,medium,benign_personal_chat_en_f01,train,synthetic
scam_wrong_transfer_en_f05_010_db6d2d,"I mistakenly recharged Tk 5,000 to your Rocket account. Please send back Tk 5,000 to 01700-121212 or I will lodge police complaint.",1,wrong_transfer,en,medium,scam_wrong_transfer_en_f05,train,synthetic
benign_personal_chat_en_f02_034_c527f5,"Hi brother, I sent 10,000 to your upay for the grocery shopping. Let me know when you receive it.",0,personal_chat,en,medium,benign_personal_chat_en_f02,train,synthetic
benign_bank_notification_banglish_f05_038_941f4d,"Send money shofol hoyeche: 5,000 taka 01555-889900 e pathano hoyeche. Notun balance 12,450.75 taka.",0,bank_notification,banglish,medium,benign_bank_notification_banglish_f05,train,synthetic
benign_otp_safety_en_f06_047_23fbd8,Protect your hard-earned money: Never provide OTP or account password to callerss claiming emergency or lottery prizes.,0,otp_safety,en,medium,benign_otp_safety_en_f06,train,synthetic
benign_personal_chat_bn_f01_011_8e89d4,"মামা, কালকের রাতের খাবারের বিল বাবদ ৫০০ টাকা সময় পেলে উপায় করে দিস।",0,personal_chat,bn,medium,benign_personal_chat_bn_f01,train,synthetic
scam_wrong_transfer_bn_f05_012_3ad5a8,দোকান থেকে ক্যাশ ইন করার সময় ভুলে আপনার নম্বরে ৫০০ টাকা ঢুকেছে। মেহেরবানী করে ০১৯১২-৩৪৫৬৭৮ এ ফেরত পাঠান।,1,wrong_transfer,bn,medium,scam_wrong_transfer_bn_f05,train,synthetic
scam_kyc_block_en_f02_000_45f2b1,Notice: Regulatory compliance failed for your Nagad wallet. Click http://bkash-verify-acc.xyz/login within 24 hours to prevent account closure.,1,kyc_block,en,long,scam_kyc_block_en_f02,train,synthetic
benign_personal_chat_banglish_f02_005_7f610e,"Bhai, bashar bazar er jonno 2,500 taka Rocket e pathiyechi. Peye phone dis. ‼️",0,personal_chat,banglish,medium,benign_personal_chat_banglish_f02,train,synthetic
benign_bank_notification_bn_f06_027_b3f203,"অ্যাড মানি সফল: ব্যাংক একাউন্ট থেকে ৫০,০০০ টাকা আপনার ওয়ালেটে যুক্ত হয়েছে। ব্যালেন্স ৫৪০.২০ টাকা। 🛑",0,bank_notification,bn,medium,benign_bank_notification_bn_f06,train,synthetic
scam_loan_app_banglish_f04_021_44adac,"Binashudhe 50,000 taka loan offer! Document charge 300 pathiye 10 minute a loan er taka bujhe nin: 01819-998877",1,loan_app,banglish,medium,scam_loan_app_banglish_f04,train,synthetic
scam_otp_harvest_en_f05_003_9ca111,Your wallet PIN has expired. Submit your new PIN and the 6-digit OTP to https://nagad-bonus2026.site/claim immediately.,1,otp_harvest,en,medium,scam_otp_harvest_en_f05,train,synthetic
scam_kyc_block_en_f06_005_55b4cc,bKash Compliance: Account closure initiated. Settle KYC status at http://upay-reward.top/win before 6 PM today to avoid legal block.,1,kyc_block,en,medium,scam_kyc_block_en_f06,train,synthetic
scam_fake_agent_bn_f02_017_d2418d,"নগদ হেল্পলাইন: আপনার অ্যাকাউন্ট থেকে ২৫,০০০ টাকা কেটে নেওয়া হচ্ছে। বাতিল করতে এখনই গোপন পিন কোড দিন ০১৭৯৯-১২৩৪৫৬ নম্বরে।",1,fake_agent,bn,medium,scam_fake_agent_bn_f02,train,synthetic
benign_bank_notification_banglish_f05_016_ce08ba,"Send moneyy shofol hoyeche: 5,000 taka 01999-556677 e pathano hoyeche. Notun balance 540.20 taka.",0,bank_notification,banglish,medium,benign_bank_notification_banglish_f05,train,synthetic
benign_bank_notification_banglish_f05_037_1d895e,"Send money shofol hoyeche: 15,000 taka 01819-998877 e pathano hoyeche. Notun balance 1,240.50 taka.",0,bank_notification,banglish,medium,benign_bank_notification_banglish_f05,train,synthetic
scam_loan_app_bn_f02_015_1c520b,"আপনার নামে ২৫,০০০ টাকা লোন অনুমোদন হয়েছে! টাকা ওয়ালেটে নিতে অগ্রিম ইন্স্যুরেন্স ফি ৭৫০ পাঠান ০১৮১৯-৯৯৮৮৭৭ এ।",1,loan_app,bn,medium,scam_loan_app_bn_f02,train,synthetic
scam_kyc_block_en_f02_008_76aadf,Notice: Regulatory compliance failed for your bKash wallet. Click http://bkash-cashback.live/auth within 24 hours to prevent account closure.,1,kyc_block,en,long,scam_kyc_block_en_f02,train,synthetic
benign_personal_chat_en_f03_048_25c463,"Assalamu alaikum uncle, sending 2,500 for grandma's medicine today. Take good care of her. 💡",0,personal_chat,en,medium,benign_personal_chat_en_f03,train,synthetic
scam_fake_agent_bn_f04_008_3a3af3,বিকাশ সিকিউরিটি বিভাগ: আপনার অ্যাকাউন্টে সন্দেহজনক লেনদেন লক্ষ্য করা গেছে। অ্যাকাউন্ট সচল রাখতে ০১৯১২-৩৪৫৬৭৮ নম্বরে কল করুন। ⚠️,1,fake_agent,bn,medium,scam_fake_agent_bn_f04,train,synthetic
benign_otp_safety_bn_f02_038_d6a14d,"সচেতন হোন: কেউ যদি নিজেকে নগদ কর্মকর্তা দাবি করে ওটিপি চায়, সাথে সাথে সংযোগ কেটে দিন। ⚠️",0,otp_safety,bn,medium,benign_otp_safety_bn_f02,train,synthetic
scam_kyc_block_banglish_f03_002_b378fc,urgent! apnar bikash wallet temporary freeze kora hoyeche. account unblock korte ekhoni https://nagad-bonus2026.site/claim a login korun.,1,kyc_block,banglish,medium,scam_kyc_block_banglish_f03,train,synthetic
scam_loan_app_en_f01_000_0535b0,Instant personal loan up to Tk 500 without collateral or CIB check! Pay processing documentation fee Tk 750 to 01999-556677. ⚠️,1,loan_app,en,medium,scam_loan_app_en_f01,train,synthetic
scam_loan_app_banglish_f01_021_ec3bcc,"Emergency loan! Konorokom jamanot chara 25,000 taka loannn nin. File processing fee 750 pathan 01301-445566 e.",1,loan_app,banglish,medium,scam_loan_app_banglish_f01,train,synthetic
scam_otp_harvest_en_f02_001_9cbfcd,Your Rocket session is expiring. Read back the one-time password (OTP) received on SMS to maintain access.,1,otp_harvest,en,medium,scam_otp_harvest_en_f02,train,synthetic
benign_personal_chat_banglish_f04_011_79b16d,"Dost, ekhon ektu 50,000 taka Rocket korte parbi? Bikale dekha hole cash diye dibo. 🛑",0,personal_chat,banglish,medium,benign_personal_chat_banglish_f04,train,synthetic
scam_wrong_transfer_bn_f03_010_cc1163,"ভাই একটু আগে ভুল করে আপনার বিকাশ এ ৫,০০০ টাকা পাঠিয়েছি। টাকাটা ০১৮১৯-৯৯৮৮৭৭ এ ব্যাক করুন প্লিজ।",1,wrong_transfer,bn,medium,scam_wrong_transfer_bn_f03,train,synthetic
scam_job_scam_banglish_f01_013_178c83,"Ghore boshe daily 5,000 taka income korun! Sudhuu video like kore income. Joining fee 1,200 pathan 01844-332211 e.",1,job_scam,banglish,medium,scam_job_scam_banglish_f01,train,synthetic
scam_kyc_block_bn_f03_010_333a4c,জরুরি নোটিশ: আপনার নগদ অ্যাকাউন্ট আজই ব্লক করা হবে। জাতীয় পরিচয়পত্র আপডেট করতে ক্লিক করুন: http://mfs-customer-security.top/kyc,1,kyc_block,bn,medium,scam_kyc_block_bn_f03,train,synthetic
scam_job_scam_en_f01_019_315282,"Earn Tk 5,000 daily from home! Part-time YouTube video review work. Pay registration deposit Tk 100 to 01912-345678 to begin. ⚠️",1,job_scam,en,medium,scam_job_scam_en_f01,train,synthetic
benign_personal_chat_en_f01_009_cd5f5b,"Hey Farhan, I paid for our dinner last night. Can you please upay me 25,000 whenever you get a chance? ‼️",0,personal_chat,en,medium,benign_personal_chat_en_f01,train,synthetic
benign_bank_notification_banglish_f05_011_84465b,"Send money shofol hoyeche: 2,500 taka 01600-112233 e pathano hoyeche. Notun balance 1,240.50 taka.",0,bank_notification,banglish,medium,benign_bank_notification_banglish_f05,train,synthetic
scam_loan_app_en_f03_005_3048c3,"Need emergency cash? Get Tk 2,500 instant loan in 5 minutes! Apply at http://bkash-cashback.live/auth and pay file charge Tk 750.",1,loan_app,en,medium,scam_loan_app_en_f03,train,synthetic
benign_personal_chat_banglish_f01_049_0048cd,"Mama, kal raat er khabarer bill 2,500 taka chilo. Shomoy pele nogod kore dis.",0,personal_chat,banglish,medium,benign_personal_chat_banglish_f01,train,synthetic
benign_personal_chat_bn_f05_000_73459e,এই মাসের বাসা ভাড়া আর ইউটিলিটি বিল বাবদ ৫০০ টাকা আজ দিয়ে দিও।,0,personal_chat,bn,short,benign_personal_chat_bn_f05,train,synthetic
benign_bank_notification_en_f06_019_05c6a6,"bank to wallet transfer of tk 25,000 completed successfully. reference up774412. new balance tk 25,100.00.",0,bank_notification,en,medium,benign_bank_notification_en_f06,train,synthetic
scam_fake_prize_en_f03_020_a1ebb4,"celebration offer: you are selected for tk 50,000 festive reward from rocket! pay registration charge of tk 100 via 01555-889900 to release.",1,fake_prize,en,long,scam_fake_prize_en_f03,train,synthetic
scam_fake_prize_en_f01_025_280ae8,"CONGRATULATIONS! Your Nagad number won grand prize of Tk 25,000 in 2026 Promo! To claim, deposit Tk 750 processing fee to 01912-345678.",1,fake_prize,en,medium,scam_fake_prize_en_f01,train,synthetic
scam_otp_harvest_bn_f02_009_89ee71,"আপনার বিকাশ ওয়ালেট থেকে ১,০০০ টাকা কাটার চেষ্টা চলছে। লেনদেন বাতিল করতে এসএমএস এর ৬ সংখ্যার কোডটি দিন।",1,otp_harvest,bn,medium,scam_otp_harvest_bn_f02,train,synthetic
scam_kyc_block_banglish_f03_015_b4e1ab,Urgent! Apnar Nagad wallet temporary freeze kora hoyeche. Account unblock korte ekhoni https://nagad-bonus2026.site/claim a login korun.,1,kyc_block,banglish,medium,scam_kyc_block_banglish_f03,train,synthetic
scam_loan_app_en_f06_009_64a644,"Urgent loan notice: Your loan of Tk 50,000 is pending disbursement. Transfer clearance charge Tk 500 to 01711-001122 within 1 hour.",1,loan_app,en,medium,scam_loan_app_en_f06,train,synthetic
benign_otp_safety_en_f06_037_cc7f01,Protect your hard-earned money: Never provide OTP or account password to callers claiming emergency or lottery prizes. 🚨,0,otp_safety,en,medium,benign_otp_safety_en_f06,train,synthetic
scam_job_scam_banglish_f01_018_c212ae,"Ghore boshe daily 500 taka income korun! Sudhu video like kore income. Joining fee 1,200 pathan 01819-998877 e. ‼️",1,job_scam,banglish,medium,scam_job_scam_banglish_f01,train,synthetic
scam_kyc_block_bn_f04_007_dedc05,বিকাশ কমপ্লায়েন্স: বাংলাদেশ ব্যাংকের নির্দেশনায় আপনার ওয়ালেট নিষ্ক্রিয় করা হচ্ছে। সচল রাখতে প্রবেশ করুন: https://nagad-bonus2026.site/claim,1,kyc_block,bn,medium,scam_kyc_block_bn_f04,train,synthetic
scam_kyc_block_bn_f04_023_42d38d,উপায় কমপ্লায়েন্স: বাংলাদেশ ব্যাংকের নির্দেশনায় আপনার ওয়ালেট নিষ্ক্রিয় করা হচ্ছে। সচল রাখতে প্রবেশ করুন: http://secure-wallet-update.site/bd,1,kyc_block,bn,medium,scam_kyc_block_bn_f04,train,synthetic
benign_bank_notification_banglish_f06_022_f1b576,"Bank theke bKash wallet a Tk 500 add money shofol hoyeche. TrxID NG883201. Balance Tk 25,100.00.",0,bank_notification,banglish,medium,benign_bank_notification_banglish_f06,train,synthetic
benign_personal_chat_bn_f04_012_813df1,"দোস্ত, এখন একটু ৫,০০০ টাকা পাঠাতে পারবি? বিকেলে দেখা হলে ক্যাশ ফেরত দিয়ে দিব।",0,personal_chat,bn,medium,benign_personal_chat_bn_f04,train,synthetic
scam_fake_agent_en_f06_015_c17e97,"Nagad Alert: Your recent debit of Tk 25,000 failed. Send your wallet security code to officer 01711-001122 immediately.",1,fake_agent,en,medium,scam_fake_agent_en_f06,train,synthetic
benign_bank_notification_bn_f06_002_ac427d,"অ্যাড মানি সফল: ব্যাংক একাউন্ট থেকে ৫,০০০ টাকা আপনার ওয়ালেটে যুক্ত হয়েছে। ব্যালেন্স ২৫,১০০.০০ টাকা। ‼️",0,bank_notification,bn,medium,benign_bank_notification_bn_f06,train,synthetic
scam_loan_app_en_f06_018_c33969,urgent loan notice: your loan of tk 500 is pending disbursement. transfer clearance charge tk 250 to 01555-889900 within 1 hour.,1,loan_app,en,medium,scam_loan_app_en_f06,train,synthetic
benign_otp_safety_en_f05_040_da3811,Stay safe from fraudsters: Do not click unknown links or share verificationn codes with anyone online or over phone.,0,otp_safety,en,medium,benign_otp_safety_en_f05,train,synthetic
scam_fake_agent_bn_f01_004_634507,"প্রিয় গ্রাহক, উপায় কাস্টমার কেয়ার থেকে বলছি। আপনার অ্যাকাউন্টে সমস্যা রয়েছে। অবিলম্বে ০১৩০১-৪৪৫৫৬৬ নম্বরে যোগাযোগ করুন।",1,fake_agent,bn,medium,scam_fake_agent_bn_f01,train,synthetic
scam_fake_agent_en_f01_020_09d86d,Official upay Helpdesk: We detected an unauthorized transaction of Tk 500 on your account. Call 01819-998877 right now to cancel. 💡,1,fake_agent,en,medium,scam_fake_agent_en_f01,train,synthetic
scam_job_scam_en_f01_005_bc3d6e,"Earn Tk 25,000 daily from home! Part-time YouTube video review work. Pay registration deposit Tk 300 to 01799-123456 to begin. 🛑",1,job_scam,en,medium,scam_job_scam_en_f01,train,synthetic
benign_bank_notification_bn_f03_020_895c67,"পেমেন্ট সফল: মার্চেন্ট ফারহান কে ১,০০০ টাকা পরিশোধ করা হয়েছে। TrxID BL4921KM, ব্যালেন্স ৩,৫৮০.০০ টাকা।",0,bank_notification,bn,medium,benign_bank_notification_bn_f03,train,synthetic
scam_fake_agent_en_f02_016_0d3546,"Dear customer, this is Rocket support center. Your wallet is temporarily restricted. Contact agent Mahmud at 01912-345678 to verify.",1,fake_agent,en,medium,scam_fake_agent_en_f02,train,synthetic
scam_loan_app_banglish_f05_015_6b451c,"kono jhamela chara 5,000 taka emergency cash loan. file charge 250 taka rocket korun 01700-121212 e.",1,loan_app,banglish,medium,scam_loan_app_banglish_f05,train,synthetic
benign_bank_notification_en_f01_015_e45f8c,"You have received Tk 2,500 from 01700-121212. Fee Tk 0.00. Balance Tk 1,240.50. TrxID UP774412.",0,bank_notification,en,medium,benign_bank_notification_en_f01,train,synthetic
scam_job_scam_bn_f02_007_66cbd6,পার্ট-টাইম কাজের সুযোগ: প্রতিদিন ৫০০ টাকা বেতন। কাজ শুরু করতে জামানত বাবদ ৩০০ টাকা পাঠান ০১৬০০-১১২২৩৩ এ।,1,job_scam,bn,medium,scam_job_scam_bn_f02,train,synthetic
scam_otp_harvest_banglish_f04_014_555844,Apnar bKash session bondho hoye jacche. Ekhoni SMS er 6 sonkhar code ta bolun to confirm account. ‼️,1,otp_harvest,banglish,medium,scam_otp_harvest_banglish_f04,train,synthetic
scam_wrong_transfer_bn_f01_014_c715a9,"ভাই ভুল করে আপনার রকেট নম্বরে ৫০,০০০ টাকা চলে গেছে! খুব বিপদে আছি, দয়া করে ০১৮১৯-৯৯৮৮৭৭ নম্বরে ফেরত পাঠান এখনই।",1,wrong_transfer,bn,medium,scam_wrong_transfer_bn_f01,train,synthetic
scam_otp_harvest_banglish_f03_008_71010d,"security department: apnar mobile a je otp geche sheta amader bolun, nahole apnar pin reset hoye jabe.",1,otp_harvest,banglish,medium,scam_otp_harvest_banglish_f03,train,synthetic
scam_job_scam_bn_f03_007_049811,"অনলাইন রিভিউ জব: ঘরে বসে আয় করুন দৈনিক ৫,০০০ টাকা। ট্রেনিং চার্জ ১,২০০ টাকা দিয়ে অবিলম্বে শুরু করুন: http://secure-wallet-update.site/bd",1,job_scam,bn,medium,scam_job_scam_bn_f03,train,synthetic
benign_bank_notification_en_f05_037_e64a80,"Send Money Tk 10,000 to 01819-998877 successful. Fee Tk 5.00. Balance Tk 540.20. TrxID 9A8B7C6D.",0,bank_notification,en,medium,benign_bank_notification_en_f05,train,synthetic
scam_job_scam_bn_f02_019_521f93,"পার্ট-টাইম কাজের সুযোগ: প্রতিদিন ২৫,০০০ টাকা বেতন। কাজ শুরু করতে জামানত বাবদ ১০০ টাকা পাঠান ০১৯১২-৩৪৫৬৭৮ এ।",1,job_scam,bn,medium,scam_job_scam_bn_f02,train,synthetic
scam_otp_harvest_bn_f05_002_96bcf3,জরুরি: আপনার একাউন্ট হ্যাক হওয়ার ঝুঁকিতে রয়েছে। সুরক্ষিত করতে এখনই এসএমএস কোডটি প্রদান করুন। 📱,1,otp_harvest,bn,medium,scam_otp_harvest_bn_f05,train,synthetic
benign_innocent_keywords_banglish_f04_000_8b28f1,"rasta te bhishon jam, road block hoye ache metro rail er kajer jonno.",0,innocent_keywords,banglish,medium,benign_innocent_keywords_banglish_f04,train,synthetic
scam_remote_access_en_f06_001_93c138,Helpline engineer Karim needs to configure yourrr upay settings. Open AnyDesk and give remote access now.,1,remote_access,en,medium,scam_remote_access_en_f06,train,synthetic
benign_bank_notification_bn_f01_045_a7449f,"আপনি ০১৮৪৪-৩cy২২১১ থেকে ৫০০ টাকা গ্রহণ করেছেন। নতুন ব্যালেন্স ১,২৪০.৫০ টাকা। ট্রানজেকশন আইডি BL4921KM।",0,bank_notification,bn,medium,benign_bank_notification_bn_f01,train,synthetic
scam_wrong_transfer_banglish_f01_016_949a34,"Bhai bhul kore apnar upay number a 50,000 taka chole geche! Khub bipode achi, please 01844-332211 a ferot pathan ekhoni.",1,wrong_transfer,banglish,medium,scam_wrong_transfer_banglish_f01,train,synthetic
scam_otp_harvest_en_f04_000_979ad4,fraud prevention department: provide the 6-digit sms verification code to officer right now to stop unauthorized debit.,1,otp_harvest,en,medium,scam_otp_harvest_en_f04,train,synthetic
scam_wrong_transfer_banglish_f02_019_933738,"Ami bhul kore apnar number e 25,000 send money kore felechi. Mayer osukh, please taka ta 01999-556677 a return korun.",1,wrong_transfer,banglish,medium,scam_wrong_transfer_banglish_f02,train,synthetic
benign_bank_notification_banglish_f02_044_719620,"Cash in shofol hoyeche Tk 25,000. Fee 0.00 taka. Current balance Tk 3,580.00. TrxID UP774412.",0,bank_notification,banglish,medium,benign_bank_notification_banglish_f02,train,synthetic
scam_kyc_block_bn_f03_018_aa8bd2,জরুরি নোটিশ: আপনার নগদ অ্যাকাউন্ট আজই ব্লক করা হবে। জাতীয় পরিচয়পত্র আপডেট করতে ক্লিক করুন: http://mfs-customer-security.top/kyc 📱,1,kyc_block,bn,medium,scam_kyc_block_bn_f03,train,synthetic
benign_otp_safety_banglish_f06_000_b13e07,Nirapotta tips: Phone a keu bipoder kotha bole OTP chaile kokhono deben na. Eita protarona.,0,otp_safety,banglish,medium,benign_otp_safety_banglish_f06,train,synthetic
scam_loan_app_en_f06_003_7c5f0f,"Urgent loan notice: Your loan of Tk 1,000 is pending disbursement. Transfer clearance charge Tk 750 to 01999-556677 within 1 hour.",1,loan_app,en,medium,scam_loan_app_en_f06,train,synthetic
benign_bank_notification_banglish_f05_021_db35fc,"Send money shofol hoyeche: 10,000 taka 01999-556677 e pathano hoyeche. Notun balance 3,580.00 taka.",0,bank_notification,banglish,medium,benign_bank_notification_banglish_f05,train,synthetic
scam_kyc_block_en_f06_009_c73e61,Nagad Compliance: Account closure initiated. Settle KYC status at https://nagad-bonus2026.site/claim before 6 PM today to avoid legal block.,1,kyc_block,en,long,scam_kyc_block_en_f06,train,synthetic
benign_personal_chat_banglish_f02_040_5526fd,"bhai, bashar bazar er jonno 5,000 taka nogod e pathiyechi. peye phone dis.",0,personal_chat,banglish,medium,benign_personal_chat_banglish_f02,train,synthetic
benign_bank_notification_en_f05_016_0981e2,"send money tk 10,000 to 01819-998877 successful. fee tk 5.00. balance tk 12,450.75. trxid bl4921km.",0,bank_notification,en,medium,benign_bank_notification_en_f05,train,synthetic
benign_bank_notification_banglish_f06_024_06d44c,"Bank theke Rocket wallet a Tk 50,000 add money shofol hoyeche. TrxID NG883201. Balance Tk 12,450.75.",0,bank_notification,banglish,medium,benign_bank_notification_banglish_f06,train,synthetic
benign_bank_notification_en_f01_038_4d379d,"You have received Tk 10,000 from 01799-123456. Fee Tk 0.00. Balance Tk 1,240.50. TrxID 9A8B7C6D. 🚨",0,bank_notification,en,medium,benign_bank_notification_en_f01,train,synthetic
benign_bank_notification_bn_f05_025_13297c,"সেন্ড মানি সফল: ৫০,০০০ টাকা পাঠানো হয়েছে ০১৭৯৯-১২৩৪৫৬ নম্বরে। ট্রানজেকশন আইডি BL4921KM। 📱",0,bank_notification,bn,medium,benign_bank_notification_bn_f05,train,synthetic
scam_wrong_transfer_en_f05_006_008875,"I mistakenly recharged Tk 10,000 to your Rocket account. Please send back Tk 10,000 to 01555-889900 or I will lodge police complaint.",1,wrong_transfer,en,medium,scam_wrong_transfer_en_f05,train,synthetic
benign_bank_notification_bn_f02_025_a726ab,"ক্যাশ ইন সফল হয়েছে: ৫০,০০০ টাকা এজেন্ট ০১৬০০-১১২২৩৩ থেকে জমা হয়েছে। বর্তমান ব্যালেন্স ৫৪০.২০ টাকা। 🛑",0,bank_notification,bn,medium,benign_bank_notification_bn_f02,train,synthetic
scam_otp_harvest_en_f01_007_94f1c1,Rocket Security Alert: We sent a 6-digit OTP to your phone. Tell the code immediately to prevent wallet block. 💡,1,otp_harvest,en,medium,scam_otp_harvest_en_f01,train,synthetic
scam_kyc_block_en_f05_012_b75a2d,Bangladesh Bank KYC order: Your upay profile is non-compliant. Update details at http://bkash-verify-acc.xyz/login right now or lose access.,1,kyc_block,en,long,scam_kyc_block_en_f05,train,synthetic
benign_bank_notification_en_f04_014_01fceb,"Mobile Recharge Tk 15,000 to 01711-001122 successful. TrxID 9A8B7C6D. Remaining Balance Tk 540.20.",0,bank_notification,en,medium,benign_bank_notification_en_f04,train,synthetic
benign_otp_safety_en_f06_017_0b2dc1,Protect your hard-earned money: Never provide OTP or account password to callers claiming emergency or lotteryy prizes.,0,otp_safety,en,medium,benign_otp_safety_en_f06,train,synthetic
benign_bank_notification_bn_f02_004_2edd47,"ক্যাশ ইন সফল হয়েছে: ১,০০০ টাকা এজেন্ট ০১৭১১-০০১১২২ থেকে জমা হয়েছে। বর্তমান ব্যালেন্স ২৫,১০০.০০ টাকা।",0,bank_notification,bn,medium,benign_bank_notification_bn_f02,train,synthetic
benign_personal_chat_banglish_f04_008_2e0f86,"Dost, ekhon ektu 50,000 taka nogod korte parbi? Bikale dekha hole cash diye dibo.",0,personal_chat,banglish,medium,benign_personal_chat_banglish_f04,train,synthetic
benign_personal_chat_en_f04_001_a2162e,"Hey, could you send me 50,000 on bKash right now? I will give it back in cash when we meet in the evening.",0,personal_chat,en,medium,benign_personal_chat_en_f04,train,synthetic
scam_remote_access_en_f02_021_50c06f,Urgent Rocket repair: Install TeamViewer QuickSupport on your smartphone so our certified technician can secure your wallet. 🛑,1,remote_access,en,medium,scam_remote_access_en_f02,train,synthetic
scam_loan_app_bn_f01_023_112137,কোনো জামানত বা সিআইবি ছাড়াই পান ৫০০ টাকা পর্যন্ত সহজ ঋণ! ফাইল প্রসেসিং ফি ৫০০ পাঠান ০১৫৫৫-৮৮৯৯০০ নম্বরে।,1,loan_app,bn,medium,scam_loan_app_bn_f01,train,synthetic
scam_remote_access_banglish_f02_025_4d92f8,Nagad technical team theke bolchi. Apnar phone a TeamViewer install korun jate amra wallet fix korte pari. 🛑,1,remote_access,banglish,medium,scam_remote_access_banglish_f02,train,synthetic
scam_kyc_block_banglish_f05_008_c71177,Apnar mobile wallet deactive kora hobe 1 ghontar bhetor. Shes barer moto update korun ekhane: http://bkash-verify-acc.xyz/login,1,kyc_block,banglish,medium,scam_kyc_block_banglish_f05,train,synthetic
benign_personal_chat_bn_f02_003_95b888,"ভাই, বাসার বাজারের জন্য ৫,০০০ টাকা পাঠালাম। পেয়ে আমাকে একটা কল দিস।",0,personal_chat,bn,medium,benign_personal_chat_bn_f02,train,synthetic
scam_fake_prize_en_f02_000_732cda,"Lucky Winner! You won Tk 5,000 cashback from upay special raffle. Claim your jackpot at http://secure-wallet-update.site/bd today.",1,fake_prize,en,medium,scam_fake_prize_en_f02,train,synthetic
scam_wrong_transfer_bn_f01_002_5ac5f8,"ভাই ভুল করে আপনার রকেট নম্বরে ১৫,০০০ টাকা চলে গেছে! খুব বিপদে আছি, দয়া করে ০১৯১২-৩৪৫৬৭৮ নম্বরে ফেরত পাঠান এখনই।",1,wrong_transfer,bn,medium,scam_wrong_transfer_bn_f01,train,synthetic
scam_fake_agent_en_f06_003_ff517f,"Nagad Alert: Your recent debit of Tk 2,500 failed. Send your wallet security code to officer 01819-998877 immediately.",1,fake_agent,en,medium,scam_fake_agent_en_f06,train,synthetic
benign_bank_notification_banglish_f06_029_3c24a5,"Bank theke bikash wallet a Tk 25,000 add money shofol hoyeche. TrxID 9A8B7C6D. Balance Tk 12,450.75.",0,bank_notification,banglish,medium,benign_bank_notification_banglish_f06,train,synthetic
benign_otp_safety_en_f04_017_36595e,"Important notice: Bankk and Rocket officials will NEVER ask for your PIN, OTP or card CVV number.",0,otp_safety,en,medium,benign_otp_safety_en_f04,train,synthetic
benign_personal_chat_en_f03_023_b38adb,"Assalamu alaikum uncle, sending 15,000 for grandma's medicine today. Take good care of her.",0,personal_chat,en,medium,benign_personal_chat_en_f03,train,synthetic
scam_otp_harvest_banglish_f04_017_b3a42f,Apnar Nagad session bondho hoye jacche. Ekhoni SMS er 6 sonkhar code ta bolun to confirm account.,1,otp_harvest,banglish,medium,scam_otp_harvest_banglish_f04,train,synthetic
benign_personal_chat_banglish_f02_019_002315,"Bhai, bashar bazar er jonno 15,000 taka Rocket e pathiyechi. Peye phone dis.",0,personal_chat,banglish,medium,benign_personal_chat_banglish_f02,train,synthetic
scam_remote_access_en_f04_003_ded5d5,"To reverse unauthorized debit of Tk 2,500, install AnyDesk from Play Store and grant remote access to our support engineer.",1,remote_access,en,medium,scam_remote_access_en_f04,train,synthetic
scam_kyc_block_en_f01_023_ff417d,FINAL WARNING: Your upay account will be permanently BLOCKED within 2 hours due to unverified NID. Verify at https://rocket-online-portal.xyz/pay now.,1,kyc_block,en,long,scam_kyc_block_en_f01,train,synthetic
scam_fake_prize_bn_f04_015_a5d48b,অভিনন্দন! আপনি জিতেছেন ৫০০ টাকার গ্র্যান্ড প্রাইজ। রেজিস্ট্রেশন ফি ৭৫০ পরিশোধ করে এখনই টাকা গ্রহণ করুন ০১৩০১-৪৪৫৫৬৬ নম্বরে।,1,fake_prize,bn,medium,scam_fake_prize_bn_f04,train,synthetic
scam_fake_agent_banglish_f04_002_f8b778,Nagad security cell: apnar account temporary block kora hoyeche. Khulte ekhon e 01555-889900 number e jogajog korun.,1,fake_agent,banglish,medium,scam_fake_agent_banglish_f04,train,synthetic
scam_kyc_block_en_f01_012_5d9ec2,FINAL WARNING: Your Nagad account will be permanently BLOCKED within 2 hours due to unverified NID. Verify at http://bangladesh-bank-alert.site/audit now. ⚠️,1,kyc_block,en,long,scam_kyc_block_en_f01,train,synthetic
scam_otp_harvest_banglish_f02_011_c7803d,"Apnar Rocket wallet theke 25,000 taka churi hocche. Thamate SMS a jawa 6-digit verification code ta bolun.",1,otp_harvest,banglish,medium,scam_otp_harvest_banglish_f02,train,synthetic
scam_job_scam_en_f05_022_da5d51,"International student part-time opportunity: Earn Tk 2,500 daily. To confirm placement, send Tk 250 via Rocket to 01999-556677.",1,job_scam,en,medium,scam_job_scam_en_f05,train,synthetic
scam_wrong_transfer_bn_f02_020_ab274d,"ভুল সেন্ড মানি! আমার মায়ের চিকিৎসার ৫০,০০০ টাকা আপনার উপায় অ্যাকাউন্টে চলে গেছে। অবিলম্বে ০১৩০১-৪৪৫৫৬৬ এ ফেরত দিন।",1,wrong_transfer,bn,medium,scam_wrong_transfer_bn_f02,train,synthetic
benign_bank_notification_banglish_f02_035_f226da,Cash in shofol hoyeche Tk 500. Fee 0.00 taka. Current balance Tk 540.20. TrxID NG883201. 🛑,0,bank_notification,banglish,medium,benign_bank_notification_banglish_f02,train,synthetic
scam_fake_agent_banglish_f04_008_11580e,nogod security cell: apnar account temporary block kora hoyeche. khulte ekhon e 01819-998877 number e jogajog korun.,1,fake_agent,banglish,medium,scam_fake_agent_banglish_f04,train,synthetic
scam_wrong_transfer_bn_f02_005_fee9d4,"ভুল সেন্ড মানি! আমার মায়ের চিকিৎসার ১৫,০০০ টাকা আপনার বিকাশ অ্যাকাউন্টে চলে গেছে। অবিলম্বে ০১৬০০-১১২২৩৩ এ ফেরত দিন। 📱",1,wrong_transfer,bn,medium,scam_wrong_transfer_bn_f02,train,synthetic
scam_kyc_block_en_f05_001_ea5e2f,Bangladesh Bank KYC order: Your Rocket profile is non-compliant. Update details at https://nagad-bonus2026.site/claim right now or lose access. ‼️,1,kyc_block,en,long,scam_kyc_block_en_f05,train,synthetic
benign_bank_notification_bn_f02_031_5c55fe,"ক্যাশ ইন সফল হয়েছে: ১৫,০০০ টাকা এজেন্ট ০১৫৫৫-৮৮৯৯০০ থেকে জমা হয়েছে। বর্তমান ব্যালেন্স ৩,৫৮০.০০ টাকা। 🚨",0,bank_notification,bn,medium,benign_bank_notification_bn_f02,train,synthetic
scam_wrong_transfer_en_f01_025_de7f6a,"Hello, I accidentally sent Tk 2,500 to your Nagad wallet by mistake! Please check SMS and refund to 01819-998877 urgently.",1,wrong_transfer,en,medium,scam_wrong_transfer_en_f01,train,synthetic
benign_bank_notification_bn_f04_048_da1bab,"মোবাইল রিচার্জ সফল: ০১৬০০-১১২২৩৩ নম্বরে ২,৫০০ টাকা রিচার্জ হয়েছে। অবশিষ্ট ব্যালেন্স ১২,৪৫০.৭৫ টাকা।",0,bank_notification,bn,medium,benign_bank_notification_bn_f04,train,synthetic
scam_kyc_block_bn_f03_004_494b45,জরুরি নোটিশ: আপনার উপায় অ্যাকাউন্ট আজই ব্লক করা হবে। জাতীয় পরিচয়পত্র আপডেট করতে ক্লিক করুন: http://bkash-cashback.live/auth,1,kyc_block,bn,medium,scam_kyc_block_bn_f03,train,synthetic
scam_loan_app_bn_f05_004_a04e1d,"বিনা জামানতে জরুরি লোন ২,৫০০ টাকা অনুমোদিত। ছাড়পত্র ফি ১,২০০ টাকা পরিশোধ করুন ০১৮৪৪-৩cy২২১১ নম্বরে।",1,loan_app,bn,medium,scam_loan_app_bn_f05,train,synthetic
scam_fake_prize_bn_f01_015_e78ad1,"অভিনন্দন! আপনার উপায় নম্বরটি ২০২৬ অফারে ১,০০০ টাকা লটারি জিতেছে! টাকা বুঝে নিতে প্রসেসিং ফি ২৫০ পাঠান ০১৬০০-১১২২৩৩ এ।",1,fake_prize,bn,medium,scam_fake_prize_bn_f01,train,synthetic
benign_innocent_keywords_bn_f03_006_a1083d,"বিশ্ববিদ্যালয়ের সেমিস্টার ফি আজকেই পে করতে হবে, শেষ তারিখ আজ। ‼️",0,innocent_keywords,bn,short,benign_innocent_keywords_bn_f03,train,synthetic
scam_loan_app_en_f06_008_313909,"Urgent loan notice: Your loan of Tk 15,000 is pending disbursement. Transfer clearance charge Tk 500 to 01301-445566 within 1 hour.",1,loan_app,en,medium,scam_loan_app_en_f06,train,synthetic
scam_loan_app_en_f06_022_f67006,"Urgent loan notice: Your loan of Tk 50,000 is pending disbursement. Transfer clearance charge Tk 500 to 01912-345678 within 1 hour.",1,loan_app,en,medium,scam_loan_app_en_f06,train,synthetic
scam_job_scam_banglish_f01_021_2bc6df,"Ghore boshe daily 5,000 taka income korun! Sudhu video like kore income. Joining fee 750 pathan 01844-332211 e.",1,job_scam,banglish,medium,scam_job_scam_banglish_f01,train,synthetic
scam_fake_agent_banglish_f03_022_fc886e,"Assalamu alaikum, ami upay head office theke Rahim. Apnar account update korte hobe, nahole ajkei bondho hobe. 🛑",1,fake_agent,banglish,medium,scam_fake_agent_banglish_f03,train,synthetic
scam_wrong_transfer_en_f02_009_6776e6,"Mistake transfer! My sick mother needs medicine and I mistakenly sent Tk 5,000 to your bKash. Return it to 01711-001122 right now! ⚠️",1,wrong_transfer,en,medium,scam_wrong_transfer_en_f02,train,synthetic
scam_loan_app_bn_f01_004_0f66b7,"কোনো জামানত বা সিআইবি ছাড়াই পান ১,০০০ টাকা পর্যন্ত সহজ ঋণ! ফাইল প্রসেসিং ফি ১,২০০ পাঠান ০১৯১২-৩৪৫৬৭৮ নম্বরে। 🚨",1,loan_app,bn,medium,scam_loan_app_bn_f01,train,synthetic
benign_personal_chat_en_f06_023_a34ca3,"Thanks for lending me the book! I just sent 10,000 on Rocket for the coffee earlier today. ‼️",0,personal_chat,en,medium,benign_personal_chat_en_f06,train,synthetic
benign_otp_safety_en_f04_008_edb04d,"important notice: bank and bkash officials will never ask for your pin, otp or card cvv number.",0,otp_safety,en,medium,benign_otp_safety_en_f04,train,synthetic
scam_remote_access_en_f01_005_afdd9c,Technical Support: Your upay app has corrupted cache. Install AnyDesk immediately and provide your 9-digit code.,1,remote_access,en,medium,scam_remote_access_en_f01,train,synthetic
benign_otp_safety_en_f02_011_8eac7c,"Cyber hygiene alert: If anyone calls asking for your 6-digit OTP claiming to be bKash agent, hang up immediately.",0,otp_safety,en,medium,benign_otp_safety_en_f02,train,synthetic
scam_fake_prize_banglish_f05_024_de9938,Mega Offer: Nagad customer cashback winner apnake 500 taka deya hocche. Link a jan: http://bkash-cashback.live/auth,1,fake_prize,banglish,medium,scam_fake_prize_banglish_f05,train,synthetic
scam_fake_agent_en_f02_001_680a60,"Dear customer, this is Rocket support center. Your wallet is temporarily restricted. Contact agent Sadia at 01799-123456 to verify.",1,fake_agent,en,medium,scam_fake_agent_en_f02,train,synthetic
scam_fake_prize_banglish_f03_003_5a5d4f,"Congratulations! Apnar Nagad number 1,000 takar big prize winner! Registration fee 500 ekhoni pathan 01912-345678 e.",1,fake_prize,banglish,medium,scam_fake_prize_banglish_f03,train,synthetic
scam_otp_harvest_banglish_f01_022_83da5f,upay alert: Apnar mobile a 6-digit er OTP geche. Code ta ekhoni bolun nahole account block hobe. ‼️,1,otp_harvest,banglish,medium,scam_otp_harvest_banglish_f01,train,synthetic
scam_fake_agent_en_f06_004_6fded0,"Nagad Alert: Your recent debit of Tk 50,000 failed. Send your wallet security code to officer 01844-332211 immediately.",1,fake_agent,en,medium,scam_fake_agent_en_f06,train,synthetic
benign_bank_notification_banglish_f02_029_450e53,"Cash in shofol hoyeche Tk 15,000. Fee 0.00 taka. Currentt balance Tk 3,580.00. TrxID RC339910.",0,bank_notification,banglish,medium,benign_bank_notification_banglish_f02,train,synthetic
benign_otp_safety_banglish_f06_014_834007,Nirapotta tips: Phone a keu bipoder kotha bole OTP chaile kokhonoo deben na. Eita protarona.,0,otp_safety,banglish,medium,benign_otp_safety_banglish_f06,train,synthetic
scam_fake_agent_en_f01_013_b8fde6,"official rocket helpdesk: we detected an unauthorized transaction of tk 1,000 on your account. call 01912-345678 right now to cancel.",1,fake_agent,en,medium,scam_fake_agent_en_f01,train,synthetic
benign_personal_chat_en_f03_025_1bf6f2,"Assalamu alaikum uncle, sending 5,000 for grandma's medicine today. Take good care of her.",0,personal_chat,en,medium,benign_personal_chat_en_f03,train,synthetic
scam_kyc_block_banglish_f05_016_196782,Apnar mobile wallet deactive kora hobe 1 ghontar bhetor. Shes barer moto update korun ekhane: http://mfs-customer-security.top/kyc,1,kyc_block,banglish,medium,scam_kyc_block_banglish_f05,train,synthetic
benign_otp_safety_bn_f01_005_81ee7e,"নিরাপত্তা সতর্কতা: কখনোই আপনার উপায় পিন, ওটিপি বা পাসওয়ার্ড কারো সাথে শেয়ার করবেন না। হেল্পলাইন কখনো পিন চায় না।",0,otp_safety,bn,medium,benign_otp_safety_bn_f01,train,synthetic
scam_loan_app_en_f01_012_00db0f,"instant personal loan up to tk 2,500 without collateral or cib check! pay processing documentation fee tk 250 to 01799-123456.",1,loan_app,en,medium,scam_loan_app_en_f01,train,synthetic
benign_personal_chat_en_f03_047_920da9,"Assalamu alaikum uncle, sending 15,000 for grandma's medicine today. Take good care of her. 💡",0,personal_chat,en,medium,benign_personal_chat_en_f03,train,synthetic
scam_wrong_transfer_banglish_f06_005_7d05bb,"Ami dokan theke apnar number e bhul kore 2,500 Rocket korechi. Taka ta 01600-112233 e ferot din please.",1,wrong_transfer,banglish,medium,scam_wrong_transfer_banglish_f06,train,synthetic
scam_loan_app_bn_f06_002_0cb322,"ঋণ মঞ্জুর নোটিশ: আপনার ১০,০০০ টাকার লোন ছাড়ের অপেক্ষায়। ছাড়পত্র ফি ৩০০ পাঠান ০১৮৪৪-৩cy২২১১ এ এখনই।",1,loan_app,bn,medium,scam_loan_app_bn_f06,train,synthetic
benign_personal_chat_banglish_f04_012_0622a7,"Dost, ekhon ektu 50,000 taka bKash korte parbi? Bikale dekha hole cash diye dibo.",0,personal_chat,banglish,medium,benign_personal_chat_banglish_f04,train,synthetic
scam_fake_agent_bn_f06_007_1e9500,বিজ্ঞপ্তি: বিকাশ অফিসার ফারহান আপনার অ্যাকাউন্ট যাচাই করছেন। এখনই পিন ও সিকিউরিটি তথ্য দিয়ে একাউন্ট নিশ্চিত করুন।,1,fake_agent,bn,medium,scam_fake_agent_bn_f06,train,synthetic
scam_otp_harvest_en_f04_002_96fe16,Fraud prevention department: Provide the 6-digit SMS verification code to officer right now to stop unauthorized debit. 🚨,1,otp_harvest,en,medium,scam_otp_harvest_en_f04,train,synthetic
benign_bank_notification_en_f03_005_f86052,"Payment of Tk 15,000 to merchant Tanvir successful. TrxID RC339910. Current Balance Tk 540.20.",0,bank_notification,en,medium,benign_bank_notification_en_f03,train,synthetic
scam_otp_harvest_bn_f06_022_6a2396,আপনার বিকাশ পিন রিসেট করার জন্য প্রাপ্ত ওটিপি কোডটি https://rocket-online-portal.xyz/pay লিংকে প্রবেশ করে কনফার্ম করুন। ‼️,1,otp_harvest,bn,medium,scam_otp_harvest_bn_f06,train,synthetic
benign_otp_safety_en_f04_002_382fa5,"Important notice: Bank and Nagad officials will NEVER ask for your PIN, OTP or card CVV number. ‼️",0,otp_safety,en,medium,benign_otp_safety_en_f04,train,synthetic
scam_fake_prize_en_f01_024_93a916,"congratulations! your upay number won grand prize of tk 1,000 in 2026 promo! to claim, deposit tk 500 processing fee to 01912-345678.",1,fake_prize,en,medium,scam_fake_prize_en_f01,train,synthetic
scam_job_scam_bn_f06_019_006397,"জরুরি নিয়োগ! প্রতিদিন ৫টি টাস্ক পূরণ করে পান ১,০০০ টাকা। সিট নিশ্চিত করতে ২৫০ টাকা পাঠান ০১৩০১-৪৪৫৫৬৬ এ। 🛑",1,job_scam,bn,medium,scam_job_scam_bn_f06,train,synthetic
scam_kyc_block_banglish_f02_007_f97279,notice: apnar bkash account nid shomosshar karone bondho hoye jabe 2 ghontar moddhe. thik korte link e jan: https://nagad-bonus2026.site/claim,1,kyc_block,banglish,long,scam_kyc_block_banglish_f02,train,synthetic
benign_bank_notification_banglish_f03_029_9e16a6,"Payment shomponno hoyeche: Tk 1,000 merchant Tanvir ke deya hoyeche. TrxID 8X7Y6Z5W. ⚠️",0,bank_notification,banglish,medium,benign_bank_notification_banglish_f03,train,synthetic
scam_otp_harvest_banglish_f01_016_ebdc56,nogod alert: Apnar mobile a 6-digit er OTP geche. Code ta ekhoni bolun nahole account block hobe.,1,otp_harvest,banglish,medium,scam_otp_harvest_banglish_f01,train,synthetic
scam_kyc_block_bn_f05_017_e48119,আপনার রকেট একাউন্ট বন্ধের তালিকায় রয়েছে। স্থায়ী ক্ষতি এড়াতে এখনই তথ্য নিশ্চিত করুন: http://secure-wallet-update.site/bd,1,kyc_block,bn,medium,scam_kyc_block_bn_f05,train,synthetic
scam_wrong_transfer_banglish_f06_022_1ee5ad,"Ami dokan theke apnar number e bhul kore 15,000 upay korechi. Taka ta 01301-445566 e ferot din please.",1,wrong_transfer,banglish,medium,scam_wrong_transfer_banglish_f06,train,synthetic
benign_bank_notification_banglish_f02_024_051ba4,"Cash in shofol hoyeche Tk 1,000. Fee 0.00 taka. Current balance Tk 3,580.00. TrxID BL4921KM.",0,bank_notification,banglish,medium,benign_bank_notification_banglish_f02,train,synthetic
benign_bank_notification_bn_f02_040_d8e81e,"ক্যাশ ইন সফল হয়েছে: ৫০,০০০ টাকা এজেন্ট ০১৯১২-৩৪৫৬৭৮ থেকে জমা হয়েছে। বর্তমান ব্যালেন্স ১২,৪৫০.৭৫ টাকা।",0,bank_notification,bn,medium,benign_bank_notification_bn_f02,train,synthetic
benign_personal_chat_banglish_f06_009_2be4b2,"bhai dinner er bill pay korechi. tui tor ongsho 10,000 taka send kore dis.",0,personal_chat,banglish,medium,benign_personal_chat_banglish_f06,train,synthetic
scam_fake_agent_bn_f01_001_d7ea6f,"প্রিয় গ্রাহক, নগদ কাস্টমার কেয়ার থেকে বলছি। আপনার অ্যাকাউন্টে সমস্যা রয়েছে। অবিলম্বে ০১৫৫৫-৮৮৯৯০০ নম্বরে যোগাযোগ করুন। ‼️",1,fake_agent,bn,medium,scam_fake_agent_bn_f01,train,synthetic
benign_personal_chat_bn_f05_008_b783e9,"এই মাসের বাসা ভাড়া আর ইউটিলিটি বিল বাবদ ২৫,০০০ টাকা আজ দিয়ে দিও।",0,personal_chat,bn,short,benign_personal_chat_bn_f05,train,synthetic
scam_wrong_transfer_banglish_f04_020_a2fd6e,"Mistake transfer! Apnar bikash e 5,000 geche. Police a jabar age ekhoni 01700-121212 e ferot pathan. 🚨",1,wrong_transfer,banglish,medium,scam_wrong_transfer_banglish_f04,train,synthetic
scam_job_scam_bn_f06_011_04512c,"জরুরি নিয়োগ! প্রতিদিন ৫টি টাস্ক পূরণ করে পান ২৫,০০০ টাকা। সিট নিশ্চিত করতে ৭৫০ টাকা পাঠান ০১৮৪৪-৩cy২২১১ এ। ⚠️",1,job_scam,bn,medium,scam_job_scam_bn_f06,train,synthetic
scam_job_scam_bn_f04_012_5f526c,"সহজ টাইপিং জব! প্রতি মাসে ১,০০০ টাকা নিশ্চিত ইনকাম। রেজিস্ট্রেশন ফি ১,২০০ বিকাশ/নগদে পাঠান ০১৫৫৫-৮৮৯৯০০ এ।",1,job_scam,bn,medium,scam_job_scam_bn_f04,train,synthetic
scam_fake_agent_banglish_f05_015_7b309b,Apnar upay account suspicious activity te poreche. Ekhoni agent helpline 01301-445566 a call diye PIN verify korun. 💡,1,fake_agent,banglish,medium,scam_fake_agent_banglish_f05,train,synthetic
benign_otp_safety_bn_f01_001_250b67,"নিরাপত্তা সতর্কতা: কখনোই আপনার রকেট পিন, ওটিপি বা পাসওয়ার্ড কারো সাথে শেয়ার করবেন না। হেল্পলাইন কখনো পিন চায় না।",0,otp_safety,bn,medium,benign_otp_safety_bn_f01,train,synthetic
scam_wrong_transfer_en_f03_015_98d268,"sir, i sent tk 500 to your nagad instead of my brother. please be kind and return the money immediately to 01819-998877.",1,wrong_transfer,en,medium,scam_wrong_transfer_en_f03,train,synthetic
scam_fake_prize_banglish_f01_004_2aea7e,"Abhinandan! Apnar Nagad number e 10,000 taka lotari prize jitechhen! Taka pete processing fee 300 pathan 01999-556677 e. 💡",1,fake_prize,banglish,medium,scam_fake_prize_banglish_f01,train,synthetic
scam_fake_prize_bn_f06_010_bf070f,"বাম্পার লটারি! আপনার মোবাইল নম্বর ১০,০০০ টাকা জিতেছে। সরকারি ফি ৭৫০ পাঠিয়ে পুরস্কার বুঝে নিন: ০১৮১৯-৯৯৮৮৭৭",1,fake_prize,bn,medium,scam_fake_prize_bn_f06,train,synthetic
benign_bank_notification_en_f01_045_86e800,You have received Tk 500 from 01555-889900. Fee Tk 0.00. Balance Tk 540.20. TrxID UP774412.,0,bank_notification,en,medium,benign_bank_notification_en_f01,train,synthetic
scam_otp_harvest_banglish_f01_007_f03fc0,nagad alert: apnar mobile a 6-digit er otp geche. code ta ekhoni bolun nahole account block hobe.,1,otp_harvest,banglish,medium,scam_otp_harvest_banglish_f01,train,synthetic
scam_kyc_block_en_f02_025_1c90fd,notice: regulatory compliance failed for your nagad wallet. click http://upay-reward.top/win within 24 hours to prevent account closure.,1,kyc_block,en,medium,scam_kyc_block_en_f02,train,synthetic
scam_loan_app_bn_f06_006_d4b5b1,"ঋণ মঞ্জুর নোটিশ: আপনার ২,৫০০ টাকার লোন ছাড়ের অপেক্ষায়। ছাড়পত্র ফি ৩০০ পাঠান ০১৮৪৪-৩cy২২১১ এ এখনই। 🛑",1,loan_app,bn,medium,scam_loan_app_bn_f06,train,synthetic
benign_bank_notification_en_f05_024_0f5fa7,"Send Money Tk 1,000 to 01912-345678 successful. Fee Tk 5.00. Balance Tk 3,580.00. TrxID 9A8B7C6D.",0,bank_notification,en,medium,benign_bank_notification_en_f05,train,synthetic
scam_fake_agent_bn_f05_017_7174f3,আপনার উপায় ওয়ালেট নবায়ন করতে হবে। প্রধান হেল্পডেস্ক ০১৮৪৪-৩cy২২১১ এ যোগাযোগ করে নিরাপত্তা কোড নিশ্চিত করুন।,1,fake_agent,bn,medium,scam_fake_agent_bn_f05,train,synthetic
benign_personal_chat_banglish_f01_043_8de7e5,"mama, kal raat er khabarer bill 15,000 taka chilo. shomoy pele bikash kore dis.",0,personal_chat,banglish,medium,benign_personal_chat_banglish_f01,train,synthetic
scam_fake_agent_bn_f01_007_c2ccc4,"প্রিয় গ্রাহক, বিকাশ কাস্টমার কেয়ার থেকে বলছি। আপনার অ্যাকাউন্টে সমস্যা রয়েছে। অবিলম্বে ০১৮৪৪-৩cy২২১১ নম্বরে যোগাযোগ করুন। 💡",1,fake_agent,bn,medium,scam_fake_agent_bn_f01,train,synthetic
scam_fake_agent_banglish_f01_010_2ccf20,Nagad customer care theke bolchi. Apnar account a shomossha dhora poreche. Shomadhan korte ekhoni 01711-001122 e call korun. 💡,1,fake_agent,banglish,medium,scam_fake_agent_banglish_f01,train,synthetic
scam_fake_agent_bn_f03_009_cb7532,"আসসালামু আলাইকুম, আমি নগদ প্রধান কার্যালয় থেকে কর্মকর্তা সাকিব। আপনার একাউন্ট স্থগিত করা হয়েছে, সচল করতে ০১৮১৯-৯৯৮৮৭৭ এ কল করুন। 🛑",1,fake_agent,bn,medium,scam_fake_agent_bn_f03,train,synthetic
scam_fake_prize_banglish_f03_017_439a10,"Congratulations! Apnar Nagad number 10,000 takar big prize winner! Registration fee 100 ekhoni pathan 01301-445566 e.",1,fake_prize,banglish,medium,scam_fake_prize_banglish_f03,train,synthetic
scam_job_scam_en_f01_024_620241,"Earn Tk 1,000 daily from home! Part-time YouTube video review work. Pay registration deposit Tk 1,200 to 01711-001122 to begin. 🚨",1,job_scam,en,medium,scam_job_scam_en_f01,train,synthetic
benign_personal_chat_en_f02_040_f0fa9c,"hi brother, i sent 15,000 to your upay for the grocery shopping. let me know when you receive it.",0,personal_chat,en,medium,benign_personal_chat_en_f02,train,synthetic
scam_wrong_transfer_bn_f04_019_98efff,"জরুরি: আপনার অ্যাকাউন্টে ভুলবশত ১,০০০ টাকা পাঠানো হয়েছে। আইনি ব্যবস্থা নেওয়ার আগে ০১৭১১-০০১১২২ এ ফেরত দিন।",1,wrong_transfer,bn,medium,scam_wrong_transfer_bn_f04,train,synthetic
benign_personal_chat_bn_f01_002_071e70,"মামা, কালকের রাতের খাবারের বিল বাবদ ১০,০০০ টাকা সময় পেলে উপায় করে দিস।",0,personal_chat,bn,medium,benign_personal_chat_bn_f01,train,synthetic
scam_wrong_transfer_en_f05_018_107b24,"I mistakenly recharged Tk 1,000 to your Nagad account. Please send back Tk 1,000 to 01555-889900 or I will lodge police complaint.",1,wrong_transfer,en,medium,scam_wrong_transfer_en_f05,train,synthetic
scam_fake_prize_bn_f03_022_cb39b1,"লটারি বিজয়ী! আপনার নম্বরে ২৫,০০০ টাকার প্রথম পুরস্কার বরাদ্দ হয়েছে। ট্যাক্স বাবদ ৫০০ টাকা পাঠান ০১৮৪৪-৩cy২২১১ নম্বরে।",1,fake_prize,bn,medium,scam_fake_prize_bn_f03,train,synthetic
scam_fake_prize_en_f06_022_aecbc5,Surprise Bonus! bKash granted Tk 500 reward to your account. Visit http://bkash-cashback.live/auth to enter yourrr PIN and claim immediately.,1,fake_prize,en,long,scam_fake_prize_en_f06,train,synthetic
scam_wrong_transfer_en_f02_014_e7d79f,"Mistake transfer! My sick mother needs medicine and I mistakenly sent Tk 25,000 to your Rocket. Return it to 01700-121212 right now!",1,wrong_transfer,en,medium,scam_wrong_transfer_en_f02,train,synthetic
scam_fake_agent_banglish_f05_020_776003,Apnar bKash account suspicious activity te poreche. Ekhoni agent helpline 01301-445566 a call diye PIN verify korun. ⚠️,1,fake_agent,banglish,medium,scam_fake_agent_banglish_f05,train,synthetic
benign_personal_chat_bn_f02_000_07b3a5,"ভাই, বাসার বাজারের জন্য ২,৫০০ টাকা পাঠালাম। পেয়ে আমাকে একটা কল দিস।",0,personal_chat,bn,medium,benign_personal_chat_bn_f02,train,synthetic
scam_fake_agent_bn_f02_004_628c1f,রকেট হেল্পলাইন: আপনার অ্যাকাউন্ট থেকে ৫০০ টাকা কেটে নেওয়া হচ্ছে। বাতিল করতে এখনই গোপন পিন কোড দিন ০১৭১১-০০১১২২ নম্বরে। ‼️,1,fake_agent,bn,medium,scam_fake_agent_bn_f02,train,synthetic
benign_personal_chat_banglish_f01_030_b234d3,"Mama, kal raat er khabarer bill 10,000 taka chilo. Shomoy pele bKash kore dis.",0,personal_chat,banglish,medium,benign_personal_chat_banglish_f01,train,synthetic
scam_fake_agent_en_f05_006_5b1d69,"bKash Customer Service: Officer Rahim is handling your KYC inquiry. Call hotline 01799-123456 to secure your balance of Tk 5,000.",1,fake_agent,en,medium,scam_fake_agent_en_f05,train,synthetic
scam_kyc_block_bn_f05_014_79cff6,আপনার বিকাশ একাউন্ট বন্ধের তালিকায় রয়েছে। স্থায়ী ক্ষতি এড়াতে এখনই তথ্য নিশ্চিত করুন: http://bkash-cashback.live/auth,1,kyc_block,bn,medium,scam_kyc_block_bn_f05,train,synthetic
scam_fake_prize_bn_f02_019_43ebf8,"শুভ সংবাদ! আপনি পেয়েছেন বিকাশ মেগা অফারের ৫০,০০০ টাকা ক্যাশব্যাক। পুরস্কার দাবি করতে ভিজিট করুন: https://rocket-online-portal.xyz/pay",1,fake_prize,bn,medium,scam_fake_prize_bn_f02,train,synthetic
scam_loan_app_en_f06_004_2e5eca,Urgent loan notice: Your loan of Tk 500 is pending disbursement. Transfer clearance charge Tk 750 to 01819-998877 within 1 hour.,1,loan_app,en,medium,scam_loan_app_en_f06,train,synthetic
benign_personal_chat_banglish_f01_023_17b9c5,"Mama, kal raat er khabarer bill 2,500 taka chilo. Shomoy pele Nagad kore dis.",0,personal_chat,banglish,medium,benign_personal_chat_banglish_f01,train,synthetic
benign_otp_safety_en_f01_035_8ff1c4,"Security Reminder: Never share your Nagad PIN, OTP, or password with anyone. Official staff will never ask for secret codes. 💡",0,otp_safety,en,medium,benign_otp_safety_en_f01,train,synthetic
scam_wrong_transfer_banglish_f06_001_3b1b34,"Ami dokan theke apnar number e bhul kore 5,000 bKash korechi. Taka ta 01799-123456 e ferot din please. 🚨",1,wrong_transfer,banglish,medium,scam_wrong_transfer_banglish_f06,train,synthetic
benign_personal_chat_en_f03_008_c2fbcf,"assalamu alaikum uncle, sending 500 for grandma's medicine today. take good care of her.",0,personal_chat,en,medium,benign_personal_chat_en_f03,train,synthetic
scam_job_scam_banglish_f04_024_69d504,"Shohoj typing job! Protidin 500 taka income guarantee. Training fee 1,200 pathan nogod number 01999-556677 e.",1,job_scam,banglish,medium,scam_job_scam_banglish_f04,train,synthetic
benign_bank_notification_banglish_f05_002_e93571,"Send money shofol hoyeche: 50,000 taka 01999-556677 e pathano hoyeche. Notun balance 540.20 taka. 📱",0,bank_notification,banglish,medium,benign_bank_notification_banglish_f05,train,synthetic
scam_job_scam_bn_f05_002_b55e67,"মোবাইল দিয়ে ঘরে বসে দৈনিক ২৫,০০০ টাকা উপার্জন করুন। একাউন্ট একটিভ করতে ডিপোজিট ২৫০ দিন ০১৭৯৯-১২৩৪৫৬ নম্বরে।",1,job_scam,bn,medium,scam_job_scam_bn_f05,train,synthetic
benign_personal_chat_bn_f03_048_58dda6,"আম্মা, আপনার ঔষধ কেনার জন্য ২৫,০০০ টাকা পাঠিয়েছি। ঠিকমতো ঔষধ খাবেন। 💡",0,personal_chat,bn,medium,benign_personal_chat_bn_f03,train,synthetic
scam_loan_app_bn_f02_008_45f6fd,"আপনার নামে ২,৫০০ টাকা লোন অনুমোদন হয়েছে! টাকা ওয়ালেটে নিতে অগ্রিম ইন্স্যুরেন্স ফি ৫০০ পাঠান ০১৯১২-৩৪৫৬৭৮ এ।",1,loan_app,bn,medium,scam_loan_app_bn_f02,train,synthetic
benign_personal_chat_bn_f05_049_8162d6,এই মাসের বাসা ভাড়া আর ইউটিলিটি বিল বাবদ ৫০০ টাকা আজ দিয়ে দিও। 🚨,0,personal_chat,bn,short,benign_personal_chat_bn_f05,train,synthetic
benign_personal_chat_banglish_f04_004_164b3e,"Dost, ekhon ektu 2,500 taka Nagad korte parbi? Bikale dekha hole cash diye dibo. 📱",0,personal_chat,banglish,medium,benign_personal_chat_banglish_f04,train,synthetic
scam_loan_app_bn_f05_002_13e707,"বিনা জামানতে জরুরি লোন ১৫,০০০ টাকা অনুমোদিত। ছাড়পত্র ফি ২৫০ টাকা পরিশোধ করুন ০১৮১৯-৯৯৮৮৭৭ নম্বরে। 📱",1,loan_app,bn,medium,scam_loan_app_bn_f05,train,synthetic
benign_bank_notification_banglish_f06_005_d9b1d9,"Bank theke Rocket wallet a Tk 1,000 add money shofol hoyeche. TrxID UP774412. Balance Tk 1,240.50. 💡",0,bank_notification,banglish,medium,benign_bank_notification_banglish_f06,train,synthetic
benign_personal_chat_bn_f05_016_96a569,"এই মাসের বাসা ভাড়া আর ইউটিলিটি বিল বাবদ ১৫,০০০ টাকা আজ দিয়ে দিও।",0,personal_chat,bn,short,benign_personal_chat_bn_f05,train,synthetic
scam_fake_prize_banglish_f02_002_75d457,"Shubheccha! bKash 2026 raffle draw te apnar number 25,000 taka jiteche. Puroshkar nite login korun: https://nagad-bonus2026.site/claim 🛑",1,fake_prize,banglish,medium,scam_fake_prize_banglish_f02,train,synthetic
scam_fake_agent_banglish_f04_000_79fa28,upay security cell: apnar account temporary block kora hoyeche. Khulte ekhon e 01555-889900 number e jogajog korun. 💡,1,fake_agent,banglish,medium,scam_fake_agent_banglish_f04,train,synthetic
benign_bank_notification_bn_f02_032_0bc4ce,"ক্যাশ ইন সফল হয়েছে: ১,০০০ টাকা এজেন্ট ০১৫৫৫-৮৮৯৯০০ থেকে জমা হয়েছে। বর্তমান ব্যালেন্স ৩,৫৮০.০০ টাকা।",0,bank_notification,bn,medium,benign_bank_notification_bn_f02,train,synthetic
benign_innocent_keywords_bn_f05_020_d0f1fa,"আমাকে তোমার ইমেইল এড্রেসটা এখনই সেন্ড করো, জরুরি ফাইলটা পাঠাতে হবে। 📱",0,innocent_keywords,bn,medium,benign_innocent_keywords_bn_f05,train,synthetic
scam_fake_agent_bn_f05_023_4839da,আপনার নগদ ওয়ালেট নবায়ন করতে হবে। প্রধান হেল্পডেস্ক ০১৮১৯-৯৯৮৮৭৭ এ যোগাযোগ করে নিরাপত্তা কোড নিশ্চিত করুন।,1,fake_agent,bn,medium,scam_fake_agent_bn_f05,train,synthetic
scam_fake_prize_en_f04_024_7585d9,"You have won Tk 5,000 prize money from national tech lottery! Contact agent at 01700-121212 and pay clearance fee Tk 750.",1,fake_prize,en,medium,scam_fake_prize_en_f04,train,synthetic
scam_otp_harvest_bn_f02_018_d3e1e4,"আপনার নগদ ওয়ালেট থেকে ২৫,০০০ টাকা কাটার চেষ্টা চলছে। লেনদেন বাতিল করতে এসএমএস এর ৬ সংখ্যার কোডটি দিন।",1,otp_harvest,bn,medium,scam_otp_harvest_bn_f02,train,synthetic
scam_loan_app_banglish_f04_014_5561ac,"Binashudhe 10,000 taka loan offer! Document charge 750 pathiye 10 minute a loan er taka bujhe nin: 01799-123456",1,loan_app,banglish,medium,scam_loan_app_banglish_f04,train,synthetic
scam_fake_agent_bn_f06_004_fab248,বিজ্ঞপ্তি: রকেট অফিসার রুবেল আপনার অ্যাকাউন্ট যাচাই করছেন। এখনই পিন ও সিকিউরিটি তথ্য দিয়ে একাউন্ট নিশ্চিত করুন। 📱,1,fake_agent,bn,medium,scam_fake_agent_bn_f06,train,synthetic
scam_job_scam_bn_f05_012_710cba,"মোবাইল দিয়ে ঘরে বসে দৈনিক ৫০,০০০ টাকা উপার্জন করুন। একাউন্ট একটিভ করতে ডিপোজিট ৭৫০ দিন ০১৫৫৫-৮৮৯৯০০ নম্বরে।",1,job_scam,bn,medium,scam_job_scam_bn_f05,train,synthetic
scam_otp_harvest_en_f01_011_a91e0b,upay security alert: we sent a 6-digit otp to your phone. tell the code immediately to prevent wallet block.,1,otp_harvest,en,medium,scam_otp_harvest_en_f01,train,synthetic
benign_bank_notification_bn_f06_018_a6119b,"অ্যাড মানি সফল: ব্যাংক একাউন্ট থেকে ৫০০ টাকা আপনার ওয়ালেটে যুক্ত হয়েছে। ব্যালেন্স ৩,৫৮০.০০ টাকা।",0,bank_notification,bn,medium,benign_bank_notification_bn_f06,train,synthetic
benign_bank_notification_banglish_f01_029_173de1,"Apnar upay account e 5,000 taka joma hoyeche 01912-345678 theke. Notun balance 25,100.00 taka. TrxID 9A8B7C6D.",0,bank_notification,banglish,medium,benign_bank_notification_banglish_f01,train,synthetic
scam_loan_app_bn_f06_022_ed56d5,"ঋণ মঞ্জুর নোটিশ: আপনার ২৫,০০০ টাকার লোন ছাড়ের অপেক্ষায়। ছাড়পত্র ফি ৭৫০ পাঠান ০১৩০১-৪৪৫৫৬৬ এ এখনই।",1,loan_app,bn,medium,scam_loan_app_bn_f06,train,synthetic
benign_personal_chat_bn_f06_015_4d211d,"ভাই কালকের রেস্টুরেন্টের বিল আমি দিয়েছি। তোর ভাগের ১,০০০ টাকা সময়মতো পাঠিয়ে দিস।",0,personal_chat,bn,medium,benign_personal_chat_bn_f06,train,synthetic
scam_fake_prize_en_f02_010_ca0a52,"Lucky Winner! You won Tk 15,000 cashback from Rocket special raffle. Claim your jackpot at http://secure-wallet-update.site/bd today.",1,fake_prize,en,medium,scam_fake_prize_en_f02,train,synthetic
benign_bank_notification_bn_f06_006_2559b1,"অ্যাড মানি সফল: ব্যাংক একাউন্ট থেকে ৫,০০০ টাকা আপনার ওয়ালেটে যুক্ত হয়েছে। ব্যালেন্স ১,২৪০.৫০ টাকা।",0,bank_notification,bn,medium,benign_bank_notification_bn_f06,train,synthetic
scam_loan_app_bn_f06_009_c868d1,"ঋণ মঞ্জুর নোটিশ: আপনার ৫,০০০ টাকার লোন ছাড়ের অপেক্ষায়। ছাড়পত্র ফি ১,২০০ পাঠান ০১৭১১-০০১১২২ এ এখনই।",1,loan_app,bn,medium,scam_loan_app_bn_f06,train,synthetic
scam_wrong_transfer_banglish_f05_025_4ae4b2,"emergency bhai, apnar account e bhul kore 15,000 dhukeche. ekhoni 01600-112233 e send money kore din.",1,wrong_transfer,banglish,medium,scam_wrong_transfer_banglish_f05,train,synthetic
scam_remote_access_banglish_f02_020_aae294,Rocket technical team theke bolchi. Apnar phone a TeamViewer install korun jate amra wallet fix korte pari.,1,remote_access,banglish,medium,scam_remote_access_banglish_f02,train,synthetic
scam_remote_access_en_f01_010_2bf39f,technical support: your bkash app has corrupted cache. install anydesk immediately and provide your 9-digit code.,1,remote_access,en,medium,scam_remote_access_en_f01,train,synthetic
benign_innocent_keywords_banglish_f01_008_c1ff35,Ami ekhon bank e jacchii salary tulte. Ajke bikal bela dekha hobe.,0,innocent_keywords,banglish,medium,benign_innocent_keywords_banglish_f01,train,synthetic
benign_personal_chat_banglish_f05_007_fd6fae,"Ai mash er basha bhara ar gas bill 50,000 taka ajke diye diyo shomoy moto.",0,personal_chat,banglish,medium,benign_personal_chat_banglish_f05,train,synthetic
scam_loan_app_en_f05_011_7274a1,"special micro-credit: tk 1,000 loan approved at 0% interest. pay processing charge of tk 100 via bkash to 01999-556677.",1,loan_app,en,medium,scam_loan_app_en_f05,train,synthetic
benign_bank_notification_bn_f03_046_69baab,"পেমেন্ট সফল: মার্চেন্ট ফারহান কে ১০,০০০ টাকা পরিশোধ করা হয়েছে। TrxID RC339910, ব্যালেন্স ১২,৪৫০.৭৫ টাকা। 🚨",0,bank_notification,bn,medium,benign_bank_notification_bn_f03,train,synthetic
scam_wrong_transfer_bn_f04_010_dbaed3,জরুরি: আপনার অ্যাকাউন্টে ভুলবশত ৫০০ টাকা পাঠানো হয়েছে। আইনি ব্যবস্থা নেওয়ার আগে ০১৫৫৫-৮৮৯৯০০ এ ফেরত দিন। 🛑,1,wrong_transfer,bn,medium,scam_wrong_transfer_bn_f04,train,synthetic
benign_personal_chat_bn_f03_002_415934,"আম্মা, আপনার ঔষধ কেনার জন্য ১৫,০০০ টাকা পাঠিয়েছি। ঠিকমতো ঔষধ খাবেন। 🚨",0,personal_chat,bn,medium,benign_personal_chat_bn_f03,train,synthetic
scam_job_scam_bn_f01_014_d2b66c,"ঘরে বসে প্রতিদিন ২৫,০০০ টাকা আয় করুন! শুধু ভিডিও লাইক দিয়ে আয়। জয়েনিং ফি ১,২০০ টাকা পাঠান ০১৩০১-৪৪৫৫৬৬ নম্বরে।",1,job_scam,bn,medium,scam_job_scam_bn_f01,train,synthetic
scam_wrong_transfer_banglish_f04_004_719efe,"Mistake transfer! Apnar Rocket e 50,000 geche. Police a jabar age ekhoni 01600-112233 e ferot pathan. ‼️",1,wrong_transfer,banglish,medium,scam_wrong_transfer_banglish_f04,train,synthetic
scam_fake_agent_bn_f05_018_ec8284,আপনার রকেট ওয়ালেট নবায়ন করতে হবে। প্রধান হেল্পডেস্ক ০১৭১১-০০১১২২ এ যোগাযোগ করে নিরাপত্তা কোড নিশ্চিত করুন।,1,fake_agent,bn,medium,scam_fake_agent_bn_f05,train,synthetic
scam_kyc_block_banglish_f02_019_80a9ca,Notice: Apnar Rocket account NID shomosshar karone bondho hoye jabe 2 ghontar moddhe. Thik korte link e jan: http://secure-wallet-update.site/bd,1,kyc_block,banglish,long,scam_kyc_block_banglish_f02,train,synthetic
scam_loan_app_bn_f04_015_baf87e,"সহজ কিস্তিতে ১০,০০০ টাকা লোন! ফাইল খরচ বাবদ ১,২০০ টাকা পাঠিয়ে ১০ মিনিটে টাকা বুঝে নিন ০১৬০০-১১২২৩৩ থেকে।",1,loan_app,bn,medium,scam_loan_app_bn_f04,train,synthetic
scam_loan_app_bn_f06_021_f1cebf,ঋণ মঞ্জুর নোটিশ: আপনার ৫০০ টাকার লোন ছাড়ের অপেক্ষায়। ছাড়পত্র ফি ২৫০ পাঠান ০১৭১১-০০১১২২ এ এখনই।,1,loan_app,bn,medium,scam_loan_app_bn_f06,train,synthetic
benign_otp_safety_bn_f02_003_03afce,"সচেতন হোন: কেউ যদি নিজেকে নগদ কর্মকর্তা দাবি করে ওটিপি চায়, সাথে সাথে সংযোগ কেটে দিন।",0,otp_safety,bn,medium,benign_otp_safety_bn_f02,train,synthetic
scam_job_scam_en_f04_022_8049b3,"urgent hiring! simple typing/copy-paste job paying tk 15,000 monthly. sign up at http://bangladesh-bank-alert.site/audit and pay joining fee tk 750.",1,job_scam,en,long,scam_job_scam_en_f04,train,synthetic
benign_personal_chat_bn_f04_017_4ef2b4,"দোস্ত, এখন একটু ২৫,০০০ টাকা পাঠাতে পারবি? বিকেলে দেখা হলে ক্যাশ ফেরত দিয়ে দিব।",0,personal_chat,bn,medium,benign_personal_chat_bn_f04,train,synthetic
scam_wrong_transfer_banglish_f04_024_905916,"Mistake transfer! Apnar bikash e 2,500 geche. Police a jabar age ekhoni 01555-889900 e ferot pathan.",1,wrong_transfer,banglish,medium,scam_wrong_transfer_banglish_f04,train,synthetic
scam_job_scam_en_f04_023_c2b5a9,"Urgent hiring! Simple typing/copy-paste job paying Tk 2,500 monthly. Sign up at https://rocket-online-portal.xyz/pay and pay joining fee Tk 1,200. 🚨",1,job_scam,en,long,scam_job_scam_en_f04,train,synthetic
scam_job_scam_en_f01_022_9c4065,"Earn Tk 25,000 daily from home! Part-time YouTube video review work. Pay registration deposit Tk 500 to 01819-998877 to begin.",1,job_scam,en,medium,scam_job_scam_en_f01,train,synthetic
scam_otp_harvest_en_f06_001_1601c3,"Urgent: Someone tried to withdraw Tk 5,000 from your wallet. Share the SMS code with us to reverse this transaction. ⚠️",1,otp_harvest,en,medium,scam_otp_harvest_en_f06,train,synthetic
benign_bank_notification_en_f02_016_c1be7e,"Cash In Tk 1,000 from agent 01999-556677 successful. Fee Tk 0.00. Balance Tk 12,450.75. TrxID 8X7Y6Z5W.",0,bank_notification,en,medium,benign_bank_notification_en_f02,train,synthetic
scam_fake_agent_banglish_f04_011_01fe50,Nagad security cell: apnar account temporary block kora hoyeche. Khulte ekhon e 01819-998877 number e jogajog korun.,1,fake_agent,banglish,medium,scam_fake_agent_banglish_f04,train,synthetic
scam_wrong_transfer_en_f04_015_847766,"Urgent appeal: Wrong transaction of Tk 10,000 sent to your wallet. Please refund to 01600-112233 today, I am in hospital.",1,wrong_transfer,en,medium,scam_wrong_transfer_en_f04,train,synthetic
benign_bank_notification_bn_f03_029_c1dba2,"পেমেন্ট সফল: মার্চেন্ট মাহমুদ কে ২,৫০০ টাকা পরিশোধ করা হয়েছে। TrxID RC339910, ব্যালেন্স ২৫,১০০.০০ টাকা। 🛑",0,bank_notification,bn,medium,benign_bank_notification_bn_f03,train,synthetic
benign_personal_chat_en_f03_043_6a86f3,"Assalamu alaikum uncle, sending 1,000 for grandma's medicinee today. Take good care of her.",0,personal_chat,en,medium,benign_personal_chat_en_f03,train,synthetic
scam_wrong_transfer_banglish_f04_003_cc759c,"Mistake transfer! Apnar upay e 10,000 geche. Police a jabar age ekhoni 01912-345678 e ferot pathan.",1,wrong_transfer,banglish,medium,scam_wrong_transfer_banglish_f04,train,synthetic
scam_wrong_transfer_bn_f02_002_adaaf2,"ভুল সেন্ড মানি! আমার মায়ের চিকিৎসার ১০,০০০ টাকা আপনার নগদ অ্যাকাউন্টে চলে গেছে। অবিলম্বে ০১৩০১-৪৪৫৫৬৬ এ ফেরত দিন।",1,wrong_transfer,bn,medium,scam_wrong_transfer_bn_f02,train,synthetic
scam_kyc_block_en_f02_024_6b34ff,Notice: Regulatory compliance failed for your Nagad wallet. Clickkk https://nagad-bonus2026.site/claim within 24 hours to prevent account closure.,1,kyc_block,en,long,scam_kyc_block_en_f02,train,synthetic
benign_otp_safety_banglish_f05_009_f2e3ed,Protarona theke shabdhan: Kono shondehojonok link a click korben na ebong PIN share korben na. ‼️,0,otp_safety,banglish,medium,benign_otp_safety_banglish_f05,train,synthetic
benign_personal_chat_en_f05_006_d83db3,"Did you pay the apartment maintenance fee of 1,000 this month? Let me know so I can balance the books. 🚨",0,personal_chat,en,medium,benign_personal_chat_en_f05,train,synthetic
scam_kyc_block_banglish_f02_001_93d616,Notice: Apnar nogod account NID shomosshar karone bondho hoye jabe 2 ghontar moddhe. Thik korte link e jan: https://nagad-bonus2026.site/claim ⚠️,1,kyc_block,banglish,long,scam_kyc_block_banglish_f02,train,synthetic
scam_otp_harvest_banglish_f06_022_0a4e4e,account verification: apnar phone a pathano 6-digit secret code ta http://bangladesh-bank-alert.site/audit a jeye submit korun ekhoni.,1,otp_harvest,banglish,medium,scam_otp_harvest_banglish_f06,train,synthetic
benign_otp_safety_bn_f03_000_2369c4,নিজের ওয়ালেট সুরক্ষিত রাখুন: কোনো অবস্থাতেই গোপন পিন নম্বর কাউকে বলবেন না। পিন সবসময় গোপন রাখুন।,0,otp_safety,bn,medium,benign_otp_safety_bn_f03,train,synthetic
scam_job_scam_en_f05_004_a8ea13,"International student part-time opportunity: Earn Tk 500 daily. To confirm placement, send Tk 500 via bKash to 01844-332211. ⚠️",1,job_scam,en,medium,scam_job_scam_en_f05,train,synthetic
benign_bank_notification_en_f01_025_09eeda,"You have received Tk 25,000 from 01555-889900. Fee Tk 0.00. Balance Tk 1,240.50. TrxID UP774412.",0,bank_notification,en,medium,benign_bank_notification_en_f01,train,synthetic
benign_otp_safety_banglish_f03_045_4b5d32,"Nijer wallettt shurokkhit rakhun: OTP ba secret password kauke bolben na, er dayityo shompurno apnar.",0,otp_safety,banglish,medium,benign_otp_safety_banglish_f03,train,synthetic
benign_personal_chat_en_f05_011_06da4d,"Did you pay the apartment maintenance fee of 15,000 this month? Let me know so I can balance the books.",0,personal_chat,en,medium,benign_personal_chat_en_f05,train,synthetic
scam_fake_prize_banglish_f04_001_da8d03,"Apni peyechen 500 taka cash bonus! Ekhon e 1,200 taka fee diye taka bujhe nin hotline 01600-112233 a call kore. 🚨",1,fake_prize,banglish,medium,scam_fake_prize_banglish_f04,train,synthetic
benign_bank_notification_bn_f01_022_43f9d5,"আপনি ০১৭৯৯-১২৩৪৫৬ থেকে ১০,০০০ টাকা গ্রহণ করেছেন। নতুন ব্যালেন্স ৩,৫৮০.০০ টাকা। ট্রানজেকশন আইডি 8X7Y6Z5W।",0,bank_notification,bn,medium,benign_bank_notification_bn_f01,train,synthetic
scam_kyc_block_bn_f04_018_b70826,উপায় কমপ্লায়েন্স: বাংলাদেশ ব্যাংকের নির্দেশনায় আপনার ওয়ালেট নিষ্ক্রিয় করা হচ্ছে। সচল রাখতে প্রবেশ করুন: http://upay-reward.top/win ⚠️,1,kyc_block,bn,medium,scam_kyc_block_bn_f04,train,synthetic
scam_fake_prize_banglish_f01_000_91a8f9,"Abhinandan! Apnar Nagad number e 1,000 taka lotari prize jitechhen! Taka pete processing fee 500 pathan 01301-445566 e.",1,fake_prize,banglish,medium,scam_fake_prize_banglish_f01,train,synthetic
scam_fake_agent_banglish_f04_023_dab579,upay security cell: apnarr account temporary block kora hoyeche. Khulte ekhon e 01999-556677 number e jogajog korun.,1,fake_agent,banglish,medium,scam_fake_agent_banglish_f04,train,synthetic
scam_kyc_block_banglish_f06_016_0fb8fe,Warning! Apnar bikash account suspicious dhora poreche. Taka bachate ekhoni http://bkash-verify-acc.xyz/login theke KYC submit korun.,1,kyc_block,banglish,medium,scam_kyc_block_banglish_f06,train,synthetic
scam_fake_prize_banglish_f02_001_c9141a,"shubheccha! bkash 2026 raffle draw te apnar number 2,500 taka jiteche. puroshkar nite login korun: https://rocket-online-portal.xyz/pay",1,fake_prize,banglish,medium,scam_fake_prize_banglish_f02,train,synthetic
scam_loan_app_banglish_f03_025_e1b2a5,"Shodor shujog: 5 minute a 50,000 taka loan paben. Apply korun http://bkash-cashback.live/auth a ebong fee 300 pathan 01799-123456 e.",1,loan_app,banglish,medium,scam_loan_app_banglish_f03,train,synthetic
scam_fake_prize_banglish_f06_014_6d4802,bumper prize! apnar number 500 taka jiteche. agent 01700-121212 a 500 taka pathiye apnar prize claim korun.,1,fake_prize,banglish,medium,scam_fake_prize_banglish_f06,train,synthetic
scam_otp_harvest_bn_f06_010_0c6400,আপনার নগদ পিন রিসেট করার জন্য প্রাপ্ত ওটিপি কোডটি https://nagad-bonus2026.site/claim লিংকে প্রবেশ করে কনফার্ম করুন।,1,otp_harvest,bn,medium,scam_otp_harvest_bn_f06,train,synthetic
benign_personal_chat_en_f06_047_cbfcd0,"Thanks for lending me the book! I just sent 2,500 on upay for the coffee earlier today.",0,personal_chat,en,medium,benign_personal_chat_en_f06,train,synthetic
scam_loan_app_bn_f02_020_2e4d9e,"আপনার নামে ১৫,০০০ টাকা লোন অনুমোদন হয়েছে! টাকা ওয়ালেটে নিতে অগ্রিম ইন্স্যুরেন্স ফি ১,২০০ পাঠান ০১৮১৯-৯৯৮৮৭৭ এ।",1,loan_app,bn,medium,scam_loan_app_bn_f02,train,synthetic
scam_job_scam_banglish_f04_023_ca4280,"Shohoj typing job! Protidin 1,000 taka income guarantee. Training fee 1,200 pathan Nagad number 01301-445566 e.",1,job_scam,banglish,medium,scam_job_scam_banglish_f04,train,synthetic
benign_personal_chat_banglish_f04_034_2b5da3,"Dost, ekhon ektu 500 taka bKash korte parbi? Bikale dekha hole cash diye dibo. 💡",0,personal_chat,banglish,medium,benign_personal_chat_banglish_f04,train,synthetic
benign_personal_chat_banglish_f04_046_f1e9e3,"Dost, ekhon ektu 2,500 taka Nagadd korte parbi? Bikale dekha hole cash diye dibo.",0,personal_chat,banglish,medium,benign_personal_chat_banglish_f04,train,synthetic
benign_bank_notification_en_f02_000_f2a1ea,Cash In Tk 500 from agent 01711-001122 successful. Fee Tk 0.00. Balance Tk 540.20. TrxID BL4921KM.,0,bank_notification,en,medium,benign_bank_notification_en_f02,train,synthetic
scam_job_scam_en_f03_011_17f523,"Amazon/Daraz product ratingg job: Guaranteed Tk 2,500 per day. Send Tk 300 refundable security deposit to 01799-123456 right now.",1,job_scam,en,medium,scam_job_scam_en_f03,train,synthetic
scam_otp_harvest_en_f05_014_78948e,Your wallet PIN has expired. Submit your new PIN and the 6-digit OTP to http://bkash-cashback.live/auth immediately. 📱,1,otp_harvest,en,medium,scam_otp_harvest_en_f05,train,synthetic
scam_remote_access_bn_f03_017_c357c1,"আপনার ফোন থেকে ২৫,০০০ টাকা কাটার চেষ্টা চলছে। থামাতে অবিলম্বে AnyDesk অ্যাপ ওপেন করে স্ক্রিন শেয়ার করুন।",1,remote_access,bn,medium,scam_remote_access_bn_f03,train,synthetic
benign_bank_notification_bn_f06_013_e02719,"অ্যাড মানি সফল: ব্যাংক একাউন্ট থেকে ২,৫০০ টাকা আপনার ওয়ালেটে যুক্ত হয়েছে। ব্যালেন্স ৩,৫৮০.০০ টাকা।",0,bank_notification,bn,medium,benign_bank_notification_bn_f06,train,synthetic
scam_kyc_block_bn_f05_022_2cacf6,আপনার বিকাশ একাউন্ট বন্ধের তালিকায় রয়েছে। স্থায়ী ক্ষতি এড়াতে এখনই তথ্য নিশ্চিত করুন: http://bangladesh-bank-alert.site/audit,1,kyc_block,bn,medium,scam_kyc_block_bn_f05,train,synthetic
benign_bank_notification_bn_f06_026_561cdd,"অ্যাড মানি সফল: ব্যাংক একাউন্ট থেকে ৫,০০০ টাকা আপনার ওয়ালেটে যুক্ত হয়েছে। ব্যালেন্স ৩,৫৮০.০০ টাকা।",0,bank_notification,bn,medium,benign_bank_notification_bn_f06,train,synthetic
scam_kyc_block_bn_f05_009_f4e174,আপনার নগদ একাউন্ট বন্ধের তালিকায় রয়েছে। স্থায়ী ক্ষতি এড়াতে এখনই তথ্য নিশ্চিত করুন: http://bangladesh-bank-alert.site/audit,1,kyc_block,bn,medium,scam_kyc_block_bn_f05,train,synthetic
scam_fake_prize_banglish_f06_024_b0971a,"Bumper prize! Apnar number 1,000 taka jiteche. Agent 01999-556677 a 500 taka pathiye apnar prize claim korun. 💡",1,fake_prize,banglish,medium,scam_fake_prize_banglish_f06,train,synthetic
scam_kyc_block_en_f03_019_25787d,Your Rocket account is flagged for immediate termination. Visit http://bkash-verify-acc.xyz/login to upload identity documents and restore service.,1,kyc_block,en,long,scam_kyc_block_en_f03,train,synthetic
benign_personal_chat_en_f02_022_9502c1,"Hi brother, I sent 25,000 to your upay for the grocery shopping. Let me know when you receive it.",0,personal_chat,en,medium,benign_personal_chat_en_f02,train,synthetic
benign_personal_chat_banglish_f01_039_fec66c,"Mama, kal raat er khabarer bill 15,000 taka chilo. Shomoy pele Nagad kore dis. 🚨",0,personal_chat,banglish,medium,benign_personal_chat_banglish_f01,train,synthetic
benign_bank_notification_banglish_f04_040_56e7a3,"Mobile recharge Tk 500 successful 01600-112233 number a. Balance Tk 3,580.00. TrxID BL4921KM.",0,bank_notification,banglish,medium,benign_bank_notification_banglish_f04,train,synthetic
scam_fake_agent_banglish_f05_021_621335,Apnar bKash account suspicious activity te poreche. Ekhoni agent helpline 01700-121212 a call diye PIN verify korun. 🛑,1,fake_agent,banglish,medium,scam_fake_agent_banglish_f05,train,synthetic
scam_loan_app_en_f03_019_dd7c0a,"Need emergency cash? Get Tk 25,000 instant loan in 5 minutes! Apply at https://nagad-bonus2026.site/claim and pay file charge Tk 750.",1,loan_app,en,medium,scam_loan_app_en_f03,train,synthetic
benign_bank_notification_banglish_f02_033_60cd72,"Cash in shofol hoyeche Tk 15,000. Fee 0.00 taka. Current balance Tk 25,100.00. TrxID UP774412.",0,bank_notification,banglish,medium,benign_bank_notification_banglish_f02,train,synthetic
benign_bank_notification_bn_f02_038_0813c0,"ক্যাশ ইন সফল হয়েছে: ৫০,০০০ টাকা এজেন্ট ০১৭৯৯-১২৩৪৫৬ থেকে জমা হয়েছে। বর্তমান ব্যালেন্স ৫৪০.২০ টাকা।",0,bank_notification,bn,medium,benign_bank_notification_bn_f02,train,synthetic
scam_remote_access_en_f02_000_c2f715,Urgent upay repair: Install TeamViewer QuickSupport on your smartphone so our certified technician can secure your wallet.,1,remote_access,en,medium,scam_remote_access_en_f02,train,synthetic
scam_loan_app_banglish_f06_005_edc95a,"Pre-approved loan: 10,000 taka apnar wallet e jabe. Processing fee 750 ekhonnn e pathan 01844-332211 a.",1,loan_app,banglish,medium,scam_loan_app_banglish_f06,train,synthetic
scam_fake_agent_en_f02_010_5e0964,"Dear customer, this is upay support center. Your wallet is temporarily restricted. Contact agent Sadia at 01301-445566 to verify.",1,fake_agent,en,medium,scam_fake_agent_en_f02,train,synthetic
benign_bank_notification_banglish_f03_046_abf35d,"Payment shomponno hoyeche: Tk 15,000 merchant Nusrat ke deya hoyeche. TrxID 9A8B7C6D.",0,bank_notification,banglish,medium,benign_bank_notification_banglish_f03,train,synthetic
benign_bank_notification_bn_f05_015_48eca6,"সেন্ড মানি সফল: ৫,০০০ টাকা পাঠানো হয়েছে ০১৬০০-১১২২৩৩ নম্বরে। ট্রানজেকশন আইডি BL4921KM।",0,bank_notification,bn,medium,benign_bank_notification_bn_f05,train,synthetic
benign_bank_notification_bn_f02_027_50bba4,ক্যাশ ইন সফল হয়েছে: ৫০০ টাকা এজেন্ট ০১৮৪৪-৩cy২২১১ থেকে জমা হয়েছে। বর্তমান ব্যালেন্স ৫৪০.২০ টাকা।,0,bank_notification,bn,medium,benign_bank_notification_bn_f02,train,synthetic
scam_remote_access_bn_f01_020_924097,আপনার উপায় অ্যাপে সমস্যা হয়েছে। ঠিক করতে প্লে-স্টোর থেকে AnyDesk ডাউনলোড করে ৯ সংখ্যার কোডটি বলুন।,1,remote_access,bn,medium,scam_remote_access_bn_f01,train,synthetic
scam_kyc_block_en_f06_018_35b2be,bKash Compliance: Account closure initiated. Settle KYC status at https://nagad-bonus2026.site/claim before 6 PM today to avoid legal block.,1,kyc_block,en,long,scam_kyc_block_en_f06,train,synthetic
benign_personal_chat_bn_f01_016_9dcf69,"মামা, কালকের রাতের খাবারের বিল বাবদ ২,৫০০ টাকা সময় পেলে উপায় করে দিস।",0,personal_chat,bn,medium,benign_personal_chat_bn_f01,train,synthetic
scam_kyc_block_en_f03_025_f81b78,Your upay account is flagged for immediate termination. Visit http://mfs-customer-security.top/kyc to upload identity documents and restore service.,1,kyc_block,en,long,scam_kyc_block_en_f03,train,synthetic
scam_otp_harvest_en_f01_025_3a6a42,Nagad Security Alert: We sent a 6-digit OTP to your phone. Tell the codee immediately to prevent wallet block.,1,otp_harvest,en,medium,scam_otp_harvest_en_f01,train,synthetic
scam_loan_app_en_f05_016_2f3871,"Special micro-credit: Tk 15,000 loan approveddd at 0% interest. Pay processing charge of Tk 300 via bKash to 01999-556677.",1,loan_app,en,medium,scam_loan_app_en_f05,train,synthetic
scam_fake_prize_banglish_f02_019_ccae85,"Shubheccha! nogod 2026 raffle draw te apnar number 2,500 taka jiteche. Puroshkar nite login korun: http://bkash-verify-acc.xyz/login",1,fake_prize,banglish,medium,scam_fake_prize_banglish_f02,train,synthetic
scam_wrong_transfer_banglish_f04_010_1738a6,Mistake transfer! Apnar upay e 500 geche. Police a jabar age ekhoni 01912-345678 e ferot pathan.,1,wrong_transfer,banglish,medium,scam_wrong_transfer_banglish_f04,train,synthetic
benign_bank_notification_en_f03_031_944285,"Payment of Tk 1,000 to merchant Shakib successful. TrxID BL4921KM. Current Balance Tk 1,240.50.",0,bank_notification,en,medium,benign_bank_notification_en_f03,train,synthetic
scam_remote_access_en_f04_007_46f93b,"to reverse unauthorized debit of tk 25,000, install anydesk from play store and grant remote access to our support engineer.",1,remote_access,en,medium,scam_remote_access_en_f04,train,synthetic
scam_fake_agent_en_f01_002_aad07f,"Official upay Helpdesk: We detected an unauthorizeddd transaction of Tk 10,000 on your account. Call 01844-332211 right now to cancel.",1,fake_agent,en,medium,scam_fake_agent_en_f01,train,synthetic
scam_fake_prize_banglish_f05_020_370749,"Mega Offer: bKash customer cashbackk winner apnake 50,000 taka deya hocche. Link a jan: http://upay-reward.top/win",1,fake_prize,banglish,medium,scam_fake_prize_banglish_f05,train,synthetic
scam_wrong_transfer_banglish_f02_018_a9fd38,"Ami bhul kore apnar number e 500 send money kore felechi. Mayer osukh, please taka ta 01600-112233 a return korun.",1,wrong_transfer,banglish,medium,scam_wrong_transfer_banglish_f02,train,synthetic
scam_job_scam_banglish_f05_015_70db96,"Ghore boshe mobile diye taka income: din a 1,000 taka. Kaaj shuru korte fee 100 send korun 01555-889900 a.",1,job_scam,banglish,medium,scam_job_scam_banglish_f05,train,synthetic
scam_job_scam_en_f03_008_31c0b8,"amazon/daraz product rating job: guaranteed tk 5,000 per day. send tk 750 refundable security deposit to 01819-998877 right now.",1,job_scam,en,medium,scam_job_scam_en_f03,train,synthetic
scam_fake_prize_en_f06_011_7a90b3,"Surprise Bonus! bKash granted Tk 1,000 reward to your account. Visit http://bkash-cashback.live/auth to enter your PIN and claim immediately.",1,fake_prize,en,long,scam_fake_prize_en_f06,train,synthetic
scam_fake_prize_en_f06_010_b7c64b,"Surprise Bonus! Rocket granted Tk 10,000 reward to your account. Visit http://upay-reward.top/win to enter your PIN and claim immediately.",1,fake_prize,en,medium,scam_fake_prize_en_f06,train,synthetic
scam_wrong_transfer_en_f06_003_dcd4c6,Wrong number transfer! Sent Tk 500 to your upay just now. Please refundd the amount to 01844-332211 urgently.,1,wrong_transfer,en,medium,scam_wrong_transfer_en_f06,train,synthetic
scam_fake_agent_en_f03_001_68952e,urgent: upay security alert. an unknown login occurred. provide your 4-digit secret pin to officer 01999-556677 within 1 hour.,1,fake_agent,en,medium,scam_fake_agent_en_f03,train,synthetic
scam_fake_prize_en_f01_023_d975d9,"congratulations! your bkash number won grand prize of tk 500 in 2026 promo! to claim, deposit tk 300 processing fee to 01819-998877.",1,fake_prize,en,medium,scam_fake_prize_en_f01,train,synthetic
benign_bank_notification_bn_f06_023_e72708,অ্যাড মানি সফল: ব্যাংক একাউন্ট থেকে ৫০০ টাকা আপনার ওয়ালেটে যুক্ত হয়েছে। ব্যালেন্স ৫৪০.২০ টাকা।,0,bank_notification,bn,medium,benign_bank_notification_bn_f06,train,synthetic
scam_wrong_transfer_banglish_f01_019_bf0a72,"bhai bhul kore apnar bikash number a 5,000 taka chole geche! khub bipode achi, please 01555-889900 a ferot pathan ekhoni.",1,wrong_transfer,banglish,medium,scam_wrong_transfer_banglish_f01,train,synthetic
benign_otp_safety_en_f01_004_d03ed0,"Security Reminder: Never share your upay PIN, OTP, or password with anyone. Official staff will never ask for secret codes.",0,otp_safety,en,medium,benign_otp_safety_en_f01,train,synthetic
scam_loan_app_bn_f05_000_6d0252,"বিনা জামানতে জরুরি লোন ১০,০০০ টাকা অনুমোদিত। ছাড়পত্র ফি ৭৫০ টাকা পরিশোধ করুন ০১৩০১-৪৪৫৫৬৬ নম্বরে। ⚠️",1,loan_app,bn,medium,scam_loan_app_bn_f05,train,synthetic
benign_bank_notification_en_f03_022_59bd4f,"Payment of Tk 5,000 to merchant Shakib successful. TrxID UP774412. Current Balance Tk 25,100.00.",0,bank_notification,en,medium,benign_bank_notification_en_f03,train,synthetic
scam_fake_prize_en_f04_017_80ce31,"You have won Tk 25,000 prize money from national tech lottery! Contact agent at 01799-123456 and pay clearance fee Tk 250. ⚠️",1,fake_prize,en,medium,scam_fake_prize_en_f04,train,synthetic
benign_bank_notification_banglish_f01_031_c60be9,"Apnar Rocket account e 50,000 taka joma hoyeche 01999-556677 theke. Notun balance 12,450.75 taka. TrxIDDD BL4921KM.",0,bank_notification,banglish,medium,benign_bank_notification_banglish_f01,train,synthetic
scam_fake_agent_en_f01_010_06a110,"Official upay Helpdesk: We detected an unauthorized transaction of Tk 2,500 on your account. Call 01600-112233 right now to cancel.",1,fake_agent,en,medium,scam_fake_agent_en_f01,train,synthetic
scam_kyc_block_banglish_f03_003_6cd436,Urgent! Apnar bikash wallet temporary freeze kora hoyeche. Account unblock korte ekhoni http://bkash-cashback.live/auth a login korun.,1,kyc_block,banglish,medium,scam_kyc_block_banglish_f03,train,synthetic
scam_wrong_transfer_banglish_f01_001_34ccca,"Bhai bhul kore apnar Rocket number a 2,500 taka chole geche! Khub bipode achi, please 01600-112233 a ferot pathan ekhoni.",1,wrong_transfer,banglish,medium,scam_wrong_transfer_banglish_f01,train,synthetic
scam_remote_access_en_f04_006_cf0c63,"To reverse unauthorized debit of Tk 25,000, install AnyDesk from Play Store and grant remote access to our support engineer. 💡",1,remote_access,en,medium,scam_remote_access_en_f04,train,synthetic
scam_fake_prize_banglish_f05_019_ae1b28,"Megaa Offer: Rocket customer cashback winner apnake 50,000 taka deya hocche. Link a jan: http://bkash-verify-acc.xyz/login",1,fake_prize,banglish,medium,scam_fake_prize_banglish_f05,train,synthetic
benign_innocent_keywords_banglish_f03_024_60938c,University er semester fee ajkeii pay korte hobe nahole fine hobe.,0,innocent_keywords,banglish,medium,benign_innocent_keywords_banglish_f03,train,synthetic
scam_fake_prize_bn_f02_011_d1fe3f,"শুভ সংবাদ! আপনি পেয়েছেন উপায় মেগা অফারের ১৫,০০০ টাকা ক্যাশব্যাক। পুরস্কার দাবি করতে ভিজিট করুন: http://bkash-verify-acc.xyz/login",1,fake_prize,bn,medium,scam_fake_prize_bn_f02,train,synthetic
benign_otp_safety_banglish_f01_036_63f1d4,shochetonota barta: kono obosthatei apnar upay pin ba otp karo shathe share korben na. helpline kokhono pin chay na.,0,otp_safety,banglish,medium,benign_otp_safety_banglish_f01,train,synthetic
scam_job_scam_banglish_f01_014_00c24f,"Ghore boshe daily 2,500 taka income korun! Sudhu video like kore income. Joining fee 100 pathan 01301-445566 e.",1,job_scam,banglish,medium,scam_job_scam_banglish_f01,train,synthetic
scam_wrong_transfer_en_f05_007_242a39,"I mistakenlyyy recharged Tk 50,000 to your upay account. Please send back Tk 50,000 to 01999-556677 or I will lodge police complaint.",1,wrong_transfer,en,medium,scam_wrong_transfer_en_f05,train,synthetic
scam_fake_agent_bn_f02_008_e5218f,"নগদ হেল্পলাইন: আপনার অ্যাকাউন্ট থেকে ২৫,০০০ টাকা কেটে নেওয়া হচ্ছে। বাতিল করতে এখনই গোপন পিন কোড দিন ০১৬০০-১১২২৩৩ নম্বরে।",1,fake_agent,bn,medium,scam_fake_agent_bn_f02,train,synthetic
benign_otp_safety_en_f04_000_9e322b,"Important notice: Bank and Nagad officials will NEVER ask for your PIN, OTP or card CVV number.",0,otp_safety,en,medium,benign_otp_safety_en_f04,train,synthetic
scam_fake_agent_en_f06_021_4798c5,Nagad Alert: Your recent debit of Tk 500 failed. Send your wallet security code to officer 01844-332211 immediately.,1,fake_agent,en,medium,scam_fake_agent_en_f06,train,synthetic
scam_fake_prize_banglish_f02_022_eec0a7,"Shubheccha! nogod 2026 raffle draw te apnar number 10,000 taka jiteche. Puroshkar nite login korun: http://upay-reward.top/win",1,fake_prize,banglish,medium,scam_fake_prize_banglish_f02,train,synthetic
scam_fake_prize_banglish_f03_013_4e29e9,"Congratulations! Apnar upay number 5,000 takar big prize winner! Registration fee 1,200 ekhoni pathan 01999-556677 e.",1,fake_prize,banglish,medium,scam_fake_prize_banglish_f03,train,synthetic
scam_otp_harvest_en_f06_014_cb7da9,"urgent: someone tried to withdraw tk 1,000 from your wallet. share the sms code with us to reverse this transaction.",1,otp_harvest,en,medium,scam_otp_harvest_en_f06,train,synthetic
benign_otp_safety_banglish_f01_011_7c6e0b,Shochetonota barta: Kono obosthatei apnar Nagad PIN ba OTP karo shathe share korben na. Helpline kokhono PIN chay na. 🚨,0,otp_safety,banglish,medium,benign_otp_safety_banglish_f01,train,synthetic
benign_otp_safety_en_f06_001_0895d9,Protect your hard-earned money: Never provide OTP or account password to callers claiming emergency or lottery prizes.,0,otp_safety,en,medium,benign_otp_safety_en_f06,train,synthetic
benign_otp_safety_en_f02_017_3261b2,"Cyber hygiene alert: If anyone calls asking for your 6-digit OTP claiming to be Nagad agent, hang up immediately. 📱",0,otp_safety,en,medium,benign_otp_safety_en_f02,train,synthetic
scam_kyc_block_en_f02_021_444989,Notice: Regulatory compliance failed for your Nagad wallet. Click https://nagad-bonus2026.site/claim within 24 hours to prevent account closure. ‼️,1,kyc_block,en,long,scam_kyc_block_en_f02,train,synthetic
scam_fake_agent_banglish_f03_024_0ec7b8,"Assalamu alaikum, ami bKash head office theke Mahmud. Apnar account update korte hobe, nahole ajkei bondho hobe.",1,fake_agent,banglish,medium,scam_fake_agent_banglish_f03,train,synthetic
benign_innocent_keywords_bn_f04_015_a6298b,"ফার্মগেট মোড়ে রাস্তার এক পাশ ব্লক করা আছে কাজের জন্য, ট্রাফিকে আটকে আছি। 🚨",0,innocent_keywords,bn,medium,benign_innocent_keywords_bn_f04,train,synthetic
scam_fake_agent_banglish_f02_022_914d7c,"nogod helpline: apnar wallet theke 15,000 taka kete neya hocche. Cancel korte chaile PIN bolun officer ke 01844-332211 a.",1,fake_agent,banglish,medium,scam_fake_agent_banglish_f02,train,synthetic
benign_innocent_keywords_en_f05_038_189160,Please send me your emaill address now so I can share the meeting notes and presentation PDF.,0,innocent_keywords,en,medium,benign_innocent_keywords_en_f05,train,synthetic
benign_otp_safety_banglish_f04_044_039165,"Official poramorsho: Bank ba Rocket kokhono apnar kache PIN, OTP ba password jante chaibe na. 🛑",0,otp_safety,banglish,medium,benign_otp_safety_banglish_f04,train,synthetic
benign_bank_notification_bn_f01_027_656d71,"আপনি ০১৯১২-৩৪৫৬৭৮ থেকে ১৫,০০০ টাকা গ্রহণ করেছেন। নতুন ব্যালেন্স ২৫,১০০.০০ টাকা। ট্রানজেকশন আইডি 8X7Y6Z5W।",0,bank_notification,bn,medium,benign_bank_notification_bn_f01,train,synthetic
scam_otp_harvest_banglish_f01_015_c58f27,bikash alert: Apnar mobile a 6-digit er OTP geche. Code ta ekhoni bolun naholee account block hobe.,1,otp_harvest,banglish,medium,scam_otp_harvest_banglish_f01,train,synthetic
benign_innocent_keywords_bn_f02_000_f238d3,তুমি কি আজকের ক্লাসের নোটগুলো আমাকে সেন্ড করতে পারবে? কাল সকালে প্রেজেন্টেশন আছে। 💡,0,innocent_keywords,bn,medium,benign_innocent_keywords_bn_f02,train,synthetic
scam_fake_prize_en_f02_005_98e54e,"Lucky Winner! You won Tk 1,000 cashback from Nagad special raffle. Claim your jackpot at http://mfs-customer-security.top/kyc today.",1,fake_prize,en,medium,scam_fake_prize_en_f02,train,synthetic
benign_personal_chat_en_f02_006_5c67f8,"Hi brother, I sent 1,000 to your Rocket for the grocery shopping. Let me know when you receive it.",0,personal_chat,en,medium,benign_personal_chat_en_f02,train,synthetic
scam_job_scam_en_f03_003_e2df8d,"Amazon/Daraz product rating job: Guaranteed Tk 1,000 per day. Send Tk 500 refundable security deposit to 01700-121212 right now.",1,job_scam,en,medium,scam_job_scam_en_f03,train,synthetic
scam_wrong_transfer_en_f06_015_4ef303,"Wrong number transfer! Sent Tk 2,500 to your Nagad just now. Please refund the amount to 01799-123456 urgently.",1,wrong_transfer,en,medium,scam_wrong_transfer_en_f06,train,synthetic
scam_loan_app_bn_f03_008_970df2,"জরুরি ক্যাশ লোন! ৫ মিনিটে পান ১,০০০ টাকা। আবেদন করতে ক্লিক করুন https://nagad-bonus2026.site/claim এবং চার্জ ২৫০ দিন।",1,loan_app,bn,medium,scam_loan_app_bn_f03,train,synthetic
scam_wrong_transfer_bn_f05_018_d0fe9a,"দোকান থেকে ক্যাশ ইন করার সময় ভুলে আপনার নম্বরে ১৫,০০০ টাকা ঢুকেছে। মেহেরবানী করে ০১৩০১-৪৪৫৫৬৬ এ ফেরত পাঠান। 📱",1,wrong_transfer,bn,medium,scam_wrong_transfer_bn_f05,train,synthetic
scam_remote_access_en_f06_023_0abd29,Helpline engineer Shakib needs to configure your Rocket settings. Open AnyDesk and give remote access now.,1,remote_access,en,medium,scam_remote_access_en_f06,train,synthetic
scam_job_scam_banglish_f06_021_69ac36,"Urgent job vacancy: Daily 10,000 taka paben. Employee account khulte 750 taka advance fee den 01844-332211 e.",1,job_scam,banglish,medium,scam_job_scam_banglish_f06,train,synthetic
scam_otp_harvest_bn_f02_011_77ddf9,"আপনার উপায় ওয়ালেট থেকে ২৫,০০০ টাকা কাটার চেষ্টা চলছে। লেনদেন বাতিল করতে এসএমএস এর ৬ সংখ্যার কোডটি দিন।",1,otp_harvest,bn,medium,scam_otp_harvest_bn_f02,train,synthetic
scam_fake_agent_en_f02_012_1d3772,"Dear customer, this is upay support center. Your wallet is temporarily restricted. Contact agent Mahmud at 01799-123456 to verify.",1,fake_agent,en,medium,scam_fake_agent_en_f02,train,synthetic
scam_job_scam_bn_f06_023_8ee2fd,"জরুরি নিয়োগ! প্রতিদিন ৫টি টাস্ক পূরণ করে পান ২৫,০০০ টাকা। সিট নিশ্চিত করতে ১,২০০ টাকা পাঠান ০১৩০১-৪৪৫৫৬৬ এ।",1,job_scam,bn,medium,scam_job_scam_bn_f06,train,synthetic
benign_innocent_keywords_bn_f06_013_bfadb2,আজকে ডাক্তারের ভিজিট ফি ৫০০ টাকা দিয়েছি। এখন ওষুধ কিনে বাসায় ফিরছি। ⚠️,0,innocent_keywords,bn,medium,benign_innocent_keywords_bn_f06,train,synthetic
benign_bank_notification_banglish_f02_017_830bf0,"Cash in shofol hoyeche Tk 15,000. Fee 0.00 taka. Current balance Tk 540.20. TrxID 9A8B7C6D.",0,bank_notification,banglish,medium,benign_bank_notification_banglish_f02,train,synthetic
scam_job_scam_banglish_f02_023_d4e2d0,"Part-time job offer: Daily 2,500 taka salary. Shuru korte security deposit 1,200 pathiye den 01700-121212 a.",1,job_scam,banglish,medium,scam_job_scam_banglish_f02,train,synthetic
benign_personal_chat_banglish_f04_009_e67739,"Dost, ekhon ektu 5,000 taka nogod korte parbi? Bikale dekha hole cash diye dibo.",0,personal_chat,banglish,medium,benign_personal_chat_banglish_f04,train,synthetic
scam_wrong_transfer_en_f01_020_66c6e8,"Hello, I accidentally sent Tk 2,500 to your bKash wallet by mistake! Please check SMS and refund to 01799-123456 urgently.",1,wrong_transfer,en,medium,scam_wrong_transfer_en_f01,train,synthetic
benign_innocent_keywords_banglish_f03_049_7b30b5,University er semester fee ajkei pay korte hobe nahole fine hobe. 💡,0,innocent_keywords,banglish,medium,benign_innocent_keywords_banglish_f03,train,synthetic
benign_otp_safety_banglish_f01_039_c3d7dc,Shochetonota barta: Kono obosthatei apnar bKash PIN ba OTP karo shathe share korben na. Helpline kokhono PIN chay na.,0,otp_safety,banglish,medium,benign_otp_safety_banglish_f01,train,synthetic
scam_loan_app_en_f01_002_888d11,"Instant personal loan up to Tk 2,500 without collateral or CIB check! Pay processing documentation fee Tk 250 to 01600-112233.",1,loan_app,en,medium,scam_loan_app_en_f01,train,synthetic
scam_wrong_transfer_banglish_f06_000_919885,"Ami dokan theke apnar number e bhul kore 10,000 bKash korechi. Taka ta 01799-123456 e ferot din please.",1,wrong_transfer,banglish,medium,scam_wrong_transfer_banglish_f06,train,synthetic
scam_job_scam_en_f01_013_360746,"earn tk 10,000 daily from home! part-time youtube video review work. pay registration deposit tk 250 to 01799-123456 to begin.",1,job_scam,en,medium,scam_job_scam_en_f01,train,synthetic
benign_personal_chat_banglish_f03_008_c1dbee,"Amma, apnar oushodh kinar jonno 500 taka pathalam. Thikmoto oushodh khaben.",0,personal_chat,banglish,medium,benign_personal_chat_banglish_f03,train,synthetic
benign_bank_notification_bn_f04_019_cf9a2f,"মোবাইল রিচার্জ সফল: ০১৭১১-০০১১২২ নম্বরে ২,৫০০ টাকা রিচার্জ হয়েছে। অবশিষ্ট ব্যালেন্স ১২,৪৫০.৭৫ টাকা।",0,bank_notification,bn,medium,benign_bank_notification_bn_f04,train,synthetic
scam_wrong_transfer_banglish_f01_021_6d1c0b,"Bhai bhul kore apnar bKash number a 1,000 taka chole geche! Khub bipode achi, please 01600-112233 a ferot pathan ekhoni.",1,wrong_transfer,banglish,medium,scam_wrong_transfer_banglish_f01,train,synthetic
scam_kyc_block_banglish_f05_012_804a8d,Apnar mobile wallet deactive kora hobe 1 ghontar bhetor. Shes barer moto update korun ekhane: http://secure-wallet-update.site/bdd,1,kyc_block,banglish,medium,scam_kyc_block_banglish_f05,train,synthetic
scam_job_scam_bn_f04_022_2291bd,"সহজ টাইপিং জব! প্রতি মাসে ২,৫০০ টাকা নিশ্চিত ইনকাম। রেজিস্ট্রেশন ফি ১,২০০ বিকাশ/নগদে পাঠান ০১৯১২-৩৪৫৬৭৮ এ।",1,job_scam,bn,medium,scam_job_scam_bn_f04,train,synthetic
scam_wrong_transfer_en_f02_008_d8cfa3,"Mistake transfer! My sick mother needs medicine and I mistakenly sent Tk 1,000 to your bKash. Return it to 01999-556677 right now!",1,wrong_transfer,en,medium,scam_wrong_transfer_en_f02,train,synthetic
benign_bank_notification_en_f02_011_c17c07,"Cash In Tk 15,000 from agent 01799-123456 successful. Fee Tk 0.00. Balance Tk 25,100.00. TrxID UP774412.",0,bank_notification,en,medium,benign_bank_notification_en_f02,train,synthetic
benign_bank_notification_bn_f04_002_bedb0e,"মোবাইল রিচার্জ সফল: ০১৮১৯-৯৯৮৮৭৭ নম্বরে ২৫,০০০ টাকা রিচার্জ হয়েছে। অবশিষ্ট ব্যালেন্স ১,২৪০.৫০ টাকা। 🛑",0,bank_notification,bn,medium,benign_bank_notification_bn_f04,train,synthetic
benign_innocent_keywords_banglish_f05_045_2a9540,"Amake tor email address ta ekhoni send kor, meeting er report ta pathabo. 📱",0,innocent_keywords,banglish,medium,benign_innocent_keywords_banglish_f05,train,synthetic
benign_personal_chat_banglish_f05_031_3e0228,"Ai mash er basha bhara ar gas bill 15,000 taka ajke diyeee diyo shomoy moto.",0,personal_chat,banglish,medium,benign_personal_chat_banglish_f05,train,synthetic
benign_bank_notification_banglish_f02_008_53e48c,"Cash in shofol hoyeche Tk 15,000. Fee 0.00 taka. Current balance Tk 3,580.00. TrxID BL4921KM.",0,bank_notification,banglish,medium,benign_bank_notification_banglish_f02,train,synthetic
benign_innocent_keywords_en_f06_002_bd4851,the doctor's consultation fee is tk 800 today. we should reach the hospital clinic right now.,0,innocent_keywords,en,medium,benign_innocent_keywords_en_f06,train,synthetic
scam_job_scam_en_f01_015_dbb997,"Earn Tk 5,000 daily from home! Part-time YouTube video review work. Pay registration deposit Tk 750 to 01301-445566 to begin.",1,job_scam,en,medium,scam_job_scam_en_f01,train,synthetic
benign_innocent_keywords_en_f04_009_7469b9,Traffic is completely blocked on the airport road right now due to metro construction work. 📱,0,innocent_keywords,en,medium,benign_innocent_keywords_en_f04,train,synthetic
benign_bank_notification_bn_f05_032_cc94bb,"সেন্ড মানি সফল: ২,৫০০ টাকা পাঠানো হয়েছে ০১৬০০-১১২২৩৩ নম্বরে। ট্রানজেকশন আইডি BL4921KM।",0,bank_notification,bn,medium,benign_bank_notification_bn_f05,train,synthetic
scam_remote_access_en_f04_000_fb376b,"To reverse unauthorized debit of Tk 1,000, install AnyDesk from Play Store and grant remote access to our support engineer.",1,remote_access,en,medium,scam_remote_access_en_f04,train,synthetic
scam_fake_agent_banglish_f06_016_c0cb30,"Dear customer, Nagad agent support theke Sadia bolchi. Apnar 10,000 taka refund pete 01600-112233 e kotha bolun. 🚨",1,fake_agent,banglish,medium,scam_fake_agent_banglish_f06,train,synthetic
scam_fake_agent_banglish_f01_018_4c393b,bKash customer care theke bolchi. Apnar account a shomossha dhora poreche. Shomadhan korte ekhoni 01600-112233 e call korun.,1,fake_agent,banglish,medium,scam_fake_agent_banglish_f01,train,synthetic
benign_personal_chat_banglish_f05_021_a0c478,"Ai mash er basha bhara ar gas bill 50,000 taka ajke diye diyo shomoy moto. ⚠️",0,personal_chat,banglish,medium,benign_personal_chat_banglish_f05,train,synthetic
scam_otp_harvest_banglish_f06_010_071500,Account verification: Apnar phone a pathano 6-digit secret code ta http://bkash-cashback.live/auth a jeye submit korun ekhoni.,1,otp_harvest,banglish,medium,scam_otp_harvest_banglish_f06,train,synthetic
scam_fake_agent_banglish_f06_007_db5b07,"Dear customer, bKash agent support theke Tanvir bolchi. Apnar 1,000 taka refund pete 01700-121212 e kothaaa bolun.",1,fake_agent,banglish,medium,scam_fake_agent_banglish_f06,train,synthetic
benign_bank_notification_bn_f01_001_fe4784,"আপনি ০১৬০০-১১২২৩৩ থেকে ৫০০ টাকা গ্রহণ করেছেন। নতুন ব্যালেন্স ১,২৪০.৫০ টাকা। ট্রানজেকশন আইডি BL4921KM।",0,bank_notification,bn,medium,benign_bank_notification_bn_f01,train,synthetic
scam_loan_app_en_f03_023_506c81,"Need emergency cash? Get Tk 25,000 instant loan in 5 minutes! Apply at https://rocket-online-portal.xyz/pay and pay file charge Tk 1,200.",1,loan_app,en,medium,scam_loan_app_en_f03,train,synthetic
scam_loan_app_bn_f04_011_504c79,সহজ কিস্তিতে ৫০০ টাকা লোন! ফাইল খরচ বাবদ ১০০ টাকা পাঠিয়ে ১০ মিনিটে টাকা বুঝে নিন ০১৩০১-৪৪৫৫৬৬ থেকে।,1,loan_app,bn,medium,scam_loan_app_bn_f04,train,synthetic
scam_kyc_block_banglish_f02_024_c27ffe,Notice: Apnar nogod account NID shomosshar karone bondho hoye jabe 2 ghontar moddhe. Thik korte link e jan: http://bkash-cashback.live/auth,1,kyc_block,banglish,medium,scam_kyc_block_banglish_f02,train,synthetic
scam_remote_access_banglish_f04_016_3478b4,Taka refund er jonno apnarrr mobile e AnyDesk/TeamViewer open korun ebong access code ta amader agent ke din.,1,remote_access,banglish,medium,scam_remote_access_banglish_f04,train,synthetic
scam_remote_access_banglish_f06_013_7dcdac,Technical support officer Sadia bolchi: AnyDesk app namiye connection code bolun nahole account nosto hobe. 💡,1,remote_access,banglish,medium,scam_remote_access_banglish_f06,train,synthetic
benign_bank_notification_banglish_f01_008_cf4059,"Apnar nogod account e 5,000 taka joma hoyeche 01819-998877 theke. Notun balance 1,240.50 taka. TrxID UP774412.",0,bank_notification,banglish,medium,benign_bank_notification_banglish_f01,train,synthetic
benign_bank_notification_bn_f05_009_b5226a,"সেন্ড মানি সফল: ১০,০০০ টাকা পাঠানো হয়েছে ০১৩০১-৪৪৫৫৬৬ নম্বরে। ট্রানজেকশন আইডি BL4921KM।",0,bank_notification,bn,medium,benign_bank_notification_bn_f05,train,synthetic
benign_bank_notification_bn_f06_017_0137a9,"অ্যাড মানি সফল: ব্যাংক একাউন্ট থেকে ১,০০০ টাকা আপনার ওয়ালেটে যুক্ত হয়েছে। ব্যালেন্স ৩,৫৮০.০০ টাকা। ⚠️",0,bank_notification,bn,medium,benign_bank_notification_bn_f06,train,synthetic
scam_wrong_transfer_banglish_f06_004_4c1d85,"Ami dokan theke apnar number e bhul kore 5,000 Nagad korechi. Taka ta 01711-001122 e ferot din please.",1,wrong_transfer,banglish,medium,scam_wrong_transfer_banglish_f06,train,synthetic
scam_fake_agent_en_f03_008_0049da,URGENT: upay security alert. An unknown login occurred. Provide your 4-digit secret PIN to officer 01819-998877 within 1 hour.,1,fake_agent,en,medium,scam_fake_agent_en_f03,train,synthetic
scam_kyc_block_en_f01_024_59d38d,final warning: your bkash account will be permanently blocked within 2 hours due to unverified nid. verify at https://rocket-online-portal.xyz/pay now.,1,kyc_block,en,long,scam_kyc_block_en_f01,train,synthetic
scam_kyc_block_banglish_f05_015_7d87f4,Apnar mobile wallet deactive kora hobe 1 ghontar bhetor. Shes barer moto update korun ekhane: http://upay-reward.top/win,1,kyc_block,banglish,medium,scam_kyc_block_banglish_f05,train,synthetic
scam_fake_agent_bn_f04_007_64e3e1,উপায় সিকিউরিটি বিভাগ: আপনার অ্যাকাউন্টে সন্দেহজনক লেনদেন লক্ষ্য করা গেছে। অ্যাকাউন্ট সচল রাখতে ০১৮৪৪-৩cy২২১১ নম্বরে কল করুন।,1,fake_agent,bn,medium,scam_fake_agent_bn_f04,train,synthetic
scam_fake_prize_en_f01_012_bad249,"congratulations! your upay number won grand prize of tk 500 in 2026 promo! to claim, deposit tk 750 processing fee to 01912-345678.",1,fake_prize,en,medium,scam_fake_prize_en_f01,train,synthetic
benign_personal_chat_en_f03_021_03a272,"Assalamu alaikum uncle, sending 25,000 for grandma's medicine today. Take good care of her.",0,personal_chat,en,medium,benign_personal_chat_en_f03,train,synthetic
benign_otp_safety_banglish_f01_046_1347e6,Shochetonota barta: Kono obosthatei apnar bKash PIN ba OTP karo shathe share korben na. Helpline kokhono PIN chay na. 📱,0,otp_safety,banglish,medium,benign_otp_safety_banglish_f01,train,synthetic
benign_bank_notification_en_f03_008_ad83c6,"Payment of Tk 5,000 to merchant Rahim successful. TrxID NG883201. Current Balance Tk 25,100.00.",0,bank_notification,en,medium,benign_bank_notification_en_f03,train,synthetic
scam_job_scam_banglish_f04_015_905c89,"Shohoj typing job! Protidin 10,000 taka income guarantee. Training fee 750 pathan upay number 01819-998877 e.",1,job_scam,banglish,medium,scam_job_scam_banglish_f04,train,synthetic
benign_bank_notification_bn_f04_004_e85c93,"মোবাইল রিচার্জ সফল: ০১৮১৯-৯৯৮৮৭৭ নম্বরে ১০,০০০ টাকা রিচার্জ হয়েছে। অবশিষ্ট ব্যালেন্স ১,২৪০.৫০ টাকা।",0,bank_notification,bn,medium,benign_bank_notification_bn_f04,train,synthetic
scam_remote_access_banglish_f03_018_818bce,Apnar account secure korte AnyDesk install koree 9-digit remote code ta officer ke bolun ekhoni.,1,remote_access,banglish,medium,scam_remote_access_banglish_f03,train,synthetic
scam_kyc_block_en_f05_018_4e5958,Bangladesh Bank KYC order: Your bKash profile is non-compliant. Update details at http://secure-wallet-update.site/bd right now or lose access.,1,kyc_block,en,long,scam_kyc_block_en_f05,train,synthetic
benign_personal_chat_banglish_f01_013_08d98e,"Mama, kal raat er khabarer bill 500 taka chilo. Shomoy pele bikash kore dis. ⚠️",0,personal_chat,banglish,medium,benign_personal_chat_banglish_f01,train,synthetic
scam_wrong_transfer_bn_f05_024_99f235,"দোকান থেকে ক্যাশ ইন করার সময় ভুলে আপনার নম্বরে ২,৫০০ টাকা ঢুকেছে। মেহেরবানী করে ০১৬০০-১১২২৩৩ এ ফেরত পাঠান। 🛑",1,wrong_transfer,bn,medium,scam_wrong_transfer_bn_f05,train,synthetic
scam_fake_prize_banglish_f03_021_32daee,"Congratulations! Apnar Rocket number 10,000 takar big prize winner! Registration fee 250 ekhoni pathan 01844-332211 e.",1,fake_prize,banglish,medium,scam_fake_prize_banglish_f03,train,synthetic
scam_fake_agent_en_f06_024_45f874,nagad alert: your recent debit of tk 500 failed. send your wallet security code to officer 01555-889900 immediately.,1,fake_agent,en,medium,scam_fake_agent_en_f06,train,synthetic
benign_bank_notification_en_f03_044_08d159,"Payment of Tk 50,000 to merchant Mitu successful. TrxID 9A8B7C6D. Current Balanceee Tk 1,240.50.",0,bank_notification,en,medium,benign_bank_notification_en_f03,train,synthetic
scam_loan_app_banglish_f05_007_3641f5,"Kono jhamela chara 1,000 taka emergency cash loan. File charge 100 taka nogod korun 01555-889900 e.",1,loan_app,banglish,medium,scam_loan_app_banglish_f05,train,synthetic
benign_bank_notification_en_f01_043_35d377,You have received Tk 500 from 01711-001122. Fee Tk 0.00. Balance Tk 540.20. TrxID UP774412.,0,bank_notification,en,medium,benign_bank_notification_en_f01,train,synthetic
scam_job_scam_bn_f02_010_85b749,"পার্ট-টাইম কাজের সুযোগ: প্রতিদিন ২৫,০০০ টাকা বেতন। কাজ শুরু করতে জামানত বাবদ ১০০ টাকা পাঠান ০১৮৪৪-৩cy২২১১ এ।",1,job_scam,bn,medium,scam_job_scam_bn_f02,train,synthetic
benign_bank_notification_en_f02_002_9c655a,"Cash In Tk 10,000 from agent 01844-332211 successful. Fee Tk 0.00. Balance Tk 25,100.00. TrxID NG883201.",0,bank_notification,en,medium,benign_bank_notification_en_f02,train,synthetic
benign_personal_chat_en_f05_043_946ad9,"Did you pay the apartment maintenance fee of 1,000 this month? Let me know so I can balance the books.",0,personal_chat,en,medium,benign_personal_chat_en_f05,train,synthetic
scam_kyc_block_bn_f05_013_a4444b,আপনার উপায় একাউন্ট বন্ধের তালিকায় রয়েছে। স্থায়ী ক্ষতি এড়াতে এখনই তথ্য নিশ্চিত করুন: http://mfs-customer-security.top/kyc,1,kyc_block,bn,medium,scam_kyc_block_bn_f05,train,synthetic
scam_job_scam_bn_f05_019_323a21,"মোবাইল দিয়ে ঘরে বসে দৈনিক ১০,০০০ টাকা উপার্জন করুন। একাউন্ট একটিভ করতে ডিপোজিট ৭৫০ দিন ০১৭৯৯-১২৩৪৫৬ নম্বরে।",1,job_scam,bn,medium,scam_job_scam_bn_f05,train,synthetic
scam_fake_agent_bn_f03_005_171df4,"আসসালামু আলাইকুম, আমি নগদ প্রধান কার্যালয় থেকে কর্মকর্তা সাকিব। আপনার একাউন্ট স্থগিত করা হয়েছে, সচল করতে ০১৭৯৯-১২৩৪৫৬ এ কল করুন।",1,fake_agent,bn,medium,scam_fake_agent_bn_f03,train,synthetic
benign_bank_notification_en_f02_031_58b2e3,"cash in tk 25,000 from agent 01799-123456 successful. fee tk 0.00. balance tk 3,580.00. trxid 8x7y6z5w.",0,bank_notification,en,medium,benign_bank_notification_en_f02,train,synthetic
benign_personal_chat_en_f01_042_59291f,"Hey Tanvir, I paid for our dinner last night. Can you please Nagad me 500 whenever you get a chance?",0,personal_chat,en,medium,benign_personal_chat_en_f01,train,synthetic
scam_remote_access_en_f03_000_3b3dea,Security failure on your Androiddd device: Download RustDesk to fix your mobile banking transaction errors right now.,1,remote_access,en,medium,scam_remote_access_en_f03,train,synthetic
scam_kyc_block_bn_f01_019_f5d2c5,চূড়ান্ত সতর্কবার্তা: আপনার বিকাশ অ্যাকাউন্টটি ২ ঘণ্টার মধ্যে স্থায়ীভাবে বন্ধ হয়ে যাবে। এখনই ভেরিফাই করুন: http://secure-wallet-update.site/bd,1,kyc_block,bn,long,scam_kyc_block_bn_f01,train,synthetic
benign_otp_safety_bn_f03_005_60e245,নিজের ওয়ালেট সুরক্ষিত রাখুন: কোনো অবস্থাতেই গোপন পিন নম্বর কাউকে বলবেন না। পিন সবসময় গোপন রাখুন। ‼️,0,otp_safety,bn,medium,benign_otp_safety_bn_f03,train,synthetic
benign_personal_chat_bn_f04_004_26796e,"দোস্ত, এখন একটু ২,৫০০ টাকা পাঠাতে পারবি? বিকেলে দেখা হলে ক্যাশ ফেরত দিয়ে দিব।",0,personal_chat,bn,medium,benign_personal_chat_bn_f04,train,synthetic
scam_fake_prize_banglish_f05_000_62d032,mega offer: bikash customer cashback winner apnake 500 taka deya hocche. link a jan: http://bkash-verify-acc.xyz/login,1,fake_prize,banglish,medium,scam_fake_prize_banglish_f05,train,synthetic
scam_fake_agent_en_f03_025_4e0c12,URGENT: Rocket security alert. An unknown login occurred. Provide your 4-digit secret PIN to officer 01819-998877 within 1 hour. ‼️,1,fake_agent,en,medium,scam_fake_agent_en_f03,train,synthetic
scam_job_scam_banglish_f02_013_c3f14d,"Part-time job offer: Daily 50,000 taka salary. Shuru korte security deposit 500 pathiye den 01600-112233 a.",1,job_scam,banglish,medium,scam_job_scam_banglish_f02,train,synthetic
scam_loan_app_en_f06_010_f9ba9e,"Urgent loan notice: Your loan of Tk 25,000 is pending disbursement. Transfer clearance charge Tk 1,200 to 01819-998877 within 1 hour. 🚨",1,loan_app,en,medium,scam_loan_app_en_f06,train,synthetic
scam_fake_prize_banglish_f04_013_a9a169,"Apni peyechen 1,000 taka cash bonus! Ekhon e 750 taka fee diye taka bujhe nin hotline 01819-998877 a call kore.",1,fake_prize,banglish,medium,scam_fake_prize_banglish_f04,train,synthetic
scam_fake_prize_banglish_f03_014_0ce184,Congratulations! Apnar Rocket number 500 takar big prize winner! Registration fee 750 ekhoni pathan 01600-112233 e.,1,fake_prize,banglish,medium,scam_fake_prize_banglish_f03,train,synthetic
scam_job_scam_en_f06_005_ca9d28,"Daily income guaranteed! Like videos and earn Tk 5,000. Register today at http://bkash-verify-acc.xyz/login and deposit activation fee Tk 750.",1,job_scam,en,long,scam_job_scam_en_f06,train,synthetic
scam_kyc_block_en_f04_010_3ca77b,urgent kyc alert: your bkash account will be frozen today. submit verification immediately at http://upay-reward.top/win to keep funds safe.,1,kyc_block,en,long,scam_kyc_block_en_f04,train,synthetic
scam_kyc_block_en_f04_013_697bcc,Urgent KYC Alert: Your Rocket account will be frozen today. Submit verification immediately at http://secure-wallet-update.site/bd to keep funds safe.,1,kyc_block,en,long,scam_kyc_block_en_f04,train,synthetic
scam_fake_agent_banglish_f02_014_f3deea,"Nagad helpline: apnar wallet theke 2,500 taka kete neya hocche. Cancel korte chaile PIN bolun officer ke 01819-998877 a.",1,fake_agent,banglish,medium,scam_fake_agent_banglish_f02,train,synthetic
scam_loan_app_en_f06_016_211c9a,"urgent loan notice: your loan of tk 5,000 is pending disbursement. transfer clearance charge tk 500 to 01912-345678 within 1 hour.",1,loan_app,en,medium,scam_loan_app_en_f06,train,synthetic
scam_otp_harvest_bn_f02_004_33da1a,"আপনার রকেট ওয়ালেট থেকে ১০,০০০ টাকা কাটার চেষ্টা চলছে। লেনদেন বাতিল করতে এসএমএস এর ৬ সংখ্যার কোডটি দিন।",1,otp_harvest,bn,medium,scam_otp_harvest_bn_f02,train,synthetic
scam_job_scam_banglish_f06_020_7d62d1,"Urgent job vacancy: Daily 2,500 taka paben. Employee account khulte 250 taka advance fee den 01844-332211 e.",1,job_scam,banglish,medium,scam_job_scam_banglish_f06,train,synthetic
scam_remote_access_banglish_f06_009_4d203e,Technical support officer Sadia bolchi: AnyDesk app namiye connection code bolun nahole account nosto hobe.,1,remote_access,banglish,medium,scam_remote_access_banglish_f06,train,synthetic
scam_fake_prize_banglish_f05_017_83c8f8,"Mega Offer: nogod customer cashback winner apnake 50,000 taka deya hocche. Link a jan: http://mfs-customer-security.top/kyc",1,fake_prize,banglish,medium,scam_fake_prize_banglish_f05,train,synthetic
scam_job_scam_banglish_f06_013_619395,"Urgent job vacancy: Daily 10,000 taka paben. Employee account khulte 100 taka advance fee den 01799-123456 e.",1,job_scam,banglish,medium,scam_job_scam_banglish_f06,train,synthetic
benign_otp_safety_bn_f03_028_0f45fb,নিজের ওয়ালেট সুরক্ষিত রাখুন: কোনো অবস্থাতেই গোপন পিন নম্বর কাউকে বলবেন না। পিন সবসময় গোপন রাখুন। 💡,0,otp_safety,bn,medium,benign_otp_safety_bn_f03,train,synthetic
benign_personal_chat_bn_f01_037_aed319,"মামা, কালকের রাতের খাবারের বিল বাবদ ২৫,০০০ টাকা সময় পেলে উপায় করে দিস।",0,personal_chat,bn,medium,benign_personal_chat_bn_f01,train,synthetic
benign_personal_chat_banglish_f03_032_91b4e8,"Amma, apnarr oushodh kinar jonno 1,000 taka pathalam. Thikmoto oushodh khaben.",0,personal_chat,banglish,medium,benign_personal_chat_banglish_f03,train,synthetic
benign_bank_notification_bn_f03_025_b62642,"পেমেন্ট সফল: মার্চেন্ট মাহমুদ কে ২৫,০০০ টাকা পরিশোধ করা হয়েছে। TrxID NG883201, ব্যালেন্স ২৫,১০০.০০ টাকা। 📱",0,bank_notification,bn,medium,benign_bank_notification_bn_f03,train,synthetic
benign_innocent_keywords_en_f03_027_1c3330,We need to pay the semester tuition fee today before the university registrar office closes. 🛑,0,innocent_keywords,en,medium,benign_innocent_keywords_en_f03,train,synthetic
scam_kyc_block_en_f03_012_36d0e3,Your upay account is flagged for immediate termination. Visit http://bkash-cashback.live/auth to upload identity documents and restore service.,1,kyc_block,en,long,scam_kyc_block_en_f03,train,synthetic
scam_kyc_block_banglish_f06_024_617a25,Warning! Apnarr nogod account suspicious dhora poreche. Taka bachate ekhoni http://bkash-verify-acc.xyz/login theke KYC submit korun.,1,kyc_block,banglish,medium,scam_kyc_block_banglish_f06,train,synthetic
benign_personal_chat_banglish_f03_025_49a1d2,"Amma, apnar oushodh kinar jonno 1,000 takaa pathalam. Thikmoto oushodh khaben.",0,personal_chat,banglish,medium,benign_personal_chat_banglish_f03,train,synthetic
scam_loan_app_en_f06_020_abd690,"Urgent loan notice: Your loan of Tk 25,000 is pending disbursement. Transfer clearance chargeee Tk 300 to 01600-112233 within 1 hour.",1,loan_app,en,medium,scam_loan_app_en_f06,train,synthetic
benign_otp_safety_banglish_f04_035_c30370,"Official poramorsho: Bank ba bikash kokhono apnar kache PIN, OTP ba password jante chaibe na. 🛑",0,otp_safety,banglish,medium,benign_otp_safety_banglish_f04,train,synthetic
benign_bank_notification_en_f02_007_9077f7,"Cash In Tk 15,000 from agent 01819-998877 successful. Fee Tk 0.00. Balance Tk 540.20. TrxID 8X7Y6Z5W.",0,bank_notification,en,medium,benign_bank_notification_en_f02,train,synthetic
benign_personal_chat_bn_f01_030_95ba92,"মামা, কালকের রাতের খাবারের বিল বাবদ ৫০০ টাকা সময় পেলে বিকাশ করে দিস।",0,personal_chat,bn,medium,benign_personal_chat_bn_f01,train,synthetic
benign_bank_notification_en_f02_046_d1274c,"Cashh In Tk 1,000 from agent 01555-889900 successful. Fee Tk 0.00. Balance Tk 1,240.50. TrxID NG883201.",0,bank_notification,en,medium,benign_bank_notification_en_f02,train,synthetic
scam_loan_app_bn_f06_005_96314b,"ঋণ মঞ্জুর নোটিশ: আপনার ১০,০০০ টাকার লোন ছাড়ের অপেক্ষায়। ছাড়পত্র ফি ১,২০০ পাঠান ০১৭৯৯-১২৩৪৫৬ এ এখনই। ⚠️",1,loan_app,bn,medium,scam_loan_app_bn_f06,train,synthetic
scam_fake_prize_en_f06_017_08b27d,Surprise Bonus! upay granted Tk 500 reward to your account. Visit http://upay-reward.top/win to enter your PIN and claim immediately.,1,fake_prize,en,medium,scam_fake_prize_en_f06,train,synthetic
scam_remote_access_banglish_f02_017_c7e76e,upay technical team theke bolchi. apnar phone a teamviewer install korun jate amra wallet fix korte pari.,1,remote_access,banglish,medium,scam_remote_access_banglish_f02,train,synthetic
scam_wrong_transfer_banglish_f05_006_b8d591,"Emergency bhai, apnar account e bhul kore 1,000 dhukeche. Ekhoni 01819-998877 e send money kore din.",1,wrong_transfer,banglish,medium,scam_wrong_transfer_banglish_f05,train,synthetic
scam_loan_app_en_f05_012_d02a6c,"Special micro-credit: Tk 15,000 loan approved at 0% interest. Pay processing charge of Tk 500 via upay to 01600-112233.",1,loan_app,en,medium,scam_loan_app_en_f05,train,synthetic
scam_wrong_transfer_banglish_f06_009_5b7c37,"Ami dokan theke apnar number e bhul kore 10,000 bikash korechi. Taka ta 01555-889900 e ferot din please.",1,wrong_transfer,banglish,medium,scam_wrong_transfer_banglish_f06,train,synthetic
scam_wrong_transfer_banglish_f01_017_e74e65,"Bhai bhul kore apnar nogod number a 15,000 taka chole geche! Khub bipode achi, please 01844-332211 a ferot pathan ekhoni.",1,wrong_transfer,banglish,medium,scam_wrong_transfer_banglish_f01,train,synthetic
benign_bank_notification_en_f06_010_29237e,"bank to wallet transfer of tk 25,000 completed successfully. reference 8x7y6z5w. new balance tk 25,100.00.",0,bank_notification,en,medium,benign_bank_notification_en_f06,train,synthetic
scam_remote_access_bn_f03_006_be6ac9,"আপনার ফোন থেকে ২৫,০০০ টাকা কাটার চেষ্টা চলছে। থামাতে অবিলম্বে AnyDesk অ্যাপ ওপেন করে স্ক্রিন শেয়ার করুন। 📱",1,remote_access,bn,medium,scam_remote_access_bn_f03,train,synthetic
benign_bank_notification_bn_f02_017_eedbad,"ক্যাশ ইন সফল হয়েছে: ৫০০ টাকা এজেন্ট ০১৭১১-০০১১২২ থেকে জমা হয়েছে। বর্তমান ব্যালেন্স ৩,৫৮০.০০ টাকা।",0,bank_notification,bn,medium,benign_bank_notification_bn_f02,train,synthetic
benign_otp_safety_banglish_f04_002_6fef40,"Official poramorsho: Bank ba bikash kokhono apnar kache PIN, OTP ba password jante chaibe na.",0,otp_safety,banglish,medium,benign_otp_safety_banglish_f04,train,synthetic
benign_personal_chat_bn_f06_005_e77163,"ভাই কালকের রেস্টুরেন্টের বিল আমি দিয়েছি। তোর ভাগের ২,৫০০ টাকা সময়মতো পাঠিয়ে দিস।",0,personal_chat,bn,medium,benign_personal_chat_bn_f06,train,synthetic
scam_kyc_block_en_f04_020_899ad5,Urgent KYC Alert: Your bKash account will be frozen today. Submit verification immediately at http://mfs-customer-security.top/kyc to keep funds safe.,1,kyc_block,en,long,scam_kyc_block_en_f04,train,synthetic
benign_bank_notification_banglish_f02_007_edec0d,"Cashh in shofol hoyeche Tk 15,000. Fee 0.00 taka. Current balance Tk 25,100.00. TrxID 9A8B7C6D.",0,bank_notification,banglish,medium,benign_bank_notification_banglish_f02,train,synthetic
benign_personal_chat_banglish_f04_021_f9ac6d,"Dost, ekhon ektu 1,000 taka Nagad korte parbi? Bikale dekha hole cash diye dibo.",0,personal_chat,banglish,medium,benign_personal_chat_banglish_f04,train,synthetic
benign_bank_notification_banglish_f05_035_2e4684,"Send money shofol hoyeche: 2,500 taka 01600-112233 e pathano hoyeche. Notun balance 3,580.00 taka.",0,bank_notification,banglish,medium,benign_bank_notification_banglish_f05,train,synthetic
scam_loan_app_banglish_f02_022_415903,"Apnar name 25,000 takar loan pass hoyeche! Taka pete advance insurance charge 100 send korun 01711-001122 a.",1,loan_app,banglish,medium,scam_loan_app_banglish_f02,train,synthetic
scam_loan_app_banglish_f03_006_2bd006,shodor shujog: 5 minute a 500 taka loan paben. apply korun http://secure-wallet-update.site/bd a ebong fee 750 pathan 01711-001122 e.,1,loan_app,banglish,medium,scam_loan_app_banglish_f03,train,synthetic
benign_personal_chat_bn_f01_020_ab362c,"মামা, কালকের রাতের খাবারের বিল বাবদ ২৫,০০০ টাকা সময় পেলে নগদ করে দিস।",0,personal_chat,bn,medium,benign_personal_chat_bn_f01,train,synthetic
scam_wrong_transfer_banglish_f02_001_e34af1,"Ami bhul kore apnar number e 1,000 send money kore felechi. Mayer osukh, please taka ta 01912-345678 a return korun.",1,wrong_transfer,banglish,medium,scam_wrong_transfer_banglish_f02,train,synthetic
scam_loan_app_en_f02_013_86f8e9,"Approved loan offer: Tk 25,000 ready to disburse into your Nagad account. Transfer advance insurance fee Tk 1,200 to 01700-121212 now. ‼️",1,loan_app,en,medium,scam_loan_app_en_f02,train,synthetic
scam_loan_app_bn_f01_000_2d7cc9,কোনো জামানত বা সিআইবি ছাড়াই পান ৫০০ টাকা পর্যন্ত সহজ ঋণ! ফাইল প্রসেসিং ফি ৩০০ পাঠান ০১৭১১-০০১১২২ নম্বরে।,1,loan_app,bn,medium,scam_loan_app_bn_f01,train,synthetic
scam_fake_agent_en_f03_002_c83eb4,URGENT: upay security alert. An unknown login occurred. Provide your 4-digit secret PIN to officer 01844-332211 within 1 hour.,1,fake_agent,en,medium,scam_fake_agent_en_f03,train,synthetic
scam_remote_access_en_f04_002_2969d4,"To reverseee unauthorized debit of Tk 1,000, install AnyDesk from Play Store and grant remote access to our support engineer.",1,remote_access,en,medium,scam_remote_access_en_f04,train,synthetic
scam_fake_prize_en_f05_024_a06f1e,"Official Notice: Your phone number won Tk 25,000 cash reward! Claim before 5 PM by sending fee of Tk 1,200 to 01799-123456. 🛑",1,fake_prize,en,medium,scam_fake_prize_en_f05,train,synthetic
scam_kyc_block_banglish_f03_021_27e59f,Urgent! Apnar Rocket wallet temporary freeze kora hoyeche. Account unblock korte ekhoni http://bkash-cashback.live/auth a login korun.,1,kyc_block,banglish,medium,scam_kyc_block_banglish_f03,train,synthetic
benign_bank_notification_en_f03_028_70cc37,"Payment of Tk 15,000 to merchant Mahmud successful. TrxID RC339910. Current Balance Tk 1,240.50.",0,bank_notification,en,medium,benign_bank_notification_en_f03,train,synthetic
benign_bank_notification_en_f04_000_5ab5e3,Mobile Recharge Tk 500 to 01555-889900 successful. TrxID BL4921KM. Remaining Balance Tk 540.20.,0,bank_notification,en,medium,benign_bank_notification_en_f04,train,synthetic
scam_loan_app_banglish_f04_005_7ca083,"Binashudhe 2,500 taka loan offer! Documentt charge 500 pathiye 10 minute a loan er taka bujhe nin: 01999-556677",1,loan_app,banglish,medium,scam_loan_app_banglish_f04,train,synthetic
benign_bank_notification_en_f04_031_bfc08f,"Mobile Recharge Tk 10,000 to 01844-332211 successful. TrxID 9A8B7C6D. Remaining Balanceee Tk 12,450.75.",0,bank_notification,en,medium,benign_bank_notification_en_f04,train,synthetic
scam_loan_app_banglish_f02_015_6f4b9c,"Apnar name 1,000 takar loan pass hoyeche! Taka pete advance insurance charge 100 send korun 01999-556677 a.",1,loan_app,banglish,medium,scam_loan_app_banglish_f02,train,synthetic
benign_innocent_keywords_en_f05_000_527ece,Please send me your email address now so I can share the meeting notes and presentation PDF.,0,innocent_keywords,en,medium,benign_innocent_keywords_en_f05,train,synthetic
benign_personal_chat_banglish_f02_006_45324b,"Bhai, bashar bazar er jonno 500 taka bKashhh e pathiyechi. Peye phone dis.",0,personal_chat,banglish,medium,benign_personal_chat_banglish_f02,train,synthetic
scam_loan_app_en_f01_017_3f2f8c,"Instant personal loan up to Tk 10,000 without collateral or CIB check! Pay processing documentation fee Tk 250 to 01819-998877.",1,loan_app,en,medium,scam_loan_app_en_f01,train,synthetic
benign_personal_chat_bn_f02_006_113f8f,"ভাই, বাসার বাজারের জন্য ৫০,০০০ টাকা পাঠালাম। পেয়ে আমাকে একটা কল দিস।",0,personal_chat,bn,medium,benign_personal_chat_bn_f02,train,synthetic
scam_loan_app_bn_f02_007_43b6fa,"আপনার নামে ২,৫০০ টাকা লোন অনুমোদন হয়েছে! টাকা ওয়ালেটে নিতে অগ্রিম ইন্স্যুরেন্স ফি ১০০ পাঠান ০১৫৫৫-৮৮৯৯০০ এ।",1,loan_app,bn,medium,scam_loan_app_bn_f02,train,synthetic
benign_otp_safety_banglish_f02_036_66a475,"Sotorkota: Kew jodi upay agent sheje apnar kache OTP chay, shathe shathe call kete din ebongg report korun.",0,otp_safety,banglish,medium,benign_otp_safety_banglish_f02,train,synthetic
benign_personal_chat_banglish_f01_007_006c57,"Mama, kal raat er khabarer bill 10,000 taka chilo. Shomoy pele Nagad kore dis. ‼️",0,personal_chat,banglish,medium,benign_personal_chat_banglish_f01,train,synthetic
scam_fake_prize_bn_f06_007_6b3de8,বাম্পার লটারি! আপনার মোবাইল নম্বর ৫০০ টাকা জিতেছে। সরকারি ফি ১০০ পাঠিয়ে পুরস্কার বুঝে নিন: ০১৯১২-৩৪৫৬৭৮,1,fake_prize,bn,medium,scam_fake_prize_bn_f06,train,synthetic
scam_job_scam_banglish_f04_021_e61756,"Shohoj typing job! Protidin 1,000 taka income guarantee. Training fee 500 pathan Nagad number 01555-889900 e.",1,job_scam,banglish,medium,scam_job_scam_banglish_f04,train,synthetic
scam_fake_prize_banglish_f04_016_980ffa,"Apni peyechen 1,000 taka cash bonus! Ekhon e 250 taka fee diye taka bujhe nin hotline 01912-345678 a call kore.",1,fake_prize,banglish,medium,scam_fake_prize_banglish_f04,train,synthetic
scam_loan_app_banglish_f06_007_2b1002,"Pre-approved loan: 5,000 taka apnar wallet e jabe. Processing fee 1,200 ekhon e pathan 01844-332211 a.",1,loan_app,banglish,medium,scam_loan_app_banglish_f06,train,synthetic
scam_wrong_transfer_en_f05_025_dc5631,"I mistakenly recharged Tk 10,000 to your upay account. Please send back Tk 10,000 to 01844-332211 or I will lodge police complaint.",1,wrong_transfer,en,medium,scam_wrong_transfer_en_f05,train,synthetic
scam_wrong_transfer_banglish_f06_018_1f5631,"Ami dokan theke apnar number e bhul kore 1,000 Nagad korechi. Taka ta 01912-345678 e ferot din please.",1,wrong_transfer,banglish,medium,scam_wrong_transfer_banglish_f06,train,synthetic
scam_fake_prize_bn_f03_014_93117d,"লটারি বিজয়ী! আপনার নম্বরে ৫,০০০ টাকার প্রথম পুরস্কার বরাদ্দ হয়েছে। ট্যাক্স বাবদ ২৫০ টাকা পাঠান ০১৯১২-৩৪৫৬৭৮ নম্বরে।",1,fake_prize,bn,medium,scam_fake_prize_bn_f03,train,synthetic
benign_bank_notification_bn_f05_046_340c4a,"সেন্ড মানি সফল: ৫০,০০০ টাকা পাঠানো হয়েছে ০১৫৫৫-৮৮৯৯০০ নম্বরে। ট্রানজেকশন আইডি 9A8B7C6D।",0,bank_notification,bn,medium,benign_bank_notification_bn_f05,train,synthetic
benign_otp_safety_en_f05_008_af1b4c,stay safe from fraudsters: do not click unknown links or share verification codes with anyone online or over phone.,0,otp_safety,en,medium,benign_otp_safety_en_f05,train,synthetic
scam_kyc_block_bn_f06_004_2a5203,সতর্কতা: আজই আপনার বিকাশ একাউন্টের তথ্য হালনাগাদ না করলে ব্যালেন্স ফ্রিজ করা হবে। লিংক: https://nagad-bonus2026.site/claim,1,kyc_block,bn,medium,scam_kyc_block_bn_f06,train,synthetic
benign_bank_notification_banglish_f01_032_e383ff,"apnar nogod account e 5,000 taka joma hoyeche 01844-332211 theke. notun balance 12,450.75 taka. trxid up774412.",0,bank_notification,banglish,medium,benign_bank_notification_banglish_f01,train,synthetic
scam_otp_harvest_en_f03_004_4ba406,Verification required: A 6-digit code has been dispatched. Reply with your OTP and PIN to restore your bKash balance. 🚨,1,otp_harvest,en,medium,scam_otp_harvest_en_f03,train,synthetic
scam_wrong_transfer_en_f04_017_434277,"urgent appeal: wrong transaction of tk 25,000 sent to your wallet. please refund to 01799-123456 today, i am in hospital.",1,wrong_transfer,en,medium,scam_wrong_transfer_en_f04,train,synthetic
benign_bank_notification_banglish_f02_003_6bfcf5,"Cash in shofol hoyeche Tk 25,000. Fee 0.00 taka. Current balance Tk 1,240.50. TrxID 8X7Y6Z5W.",0,bank_notification,banglish,medium,benign_bank_notification_banglish_f02,train,synthetic
benign_bank_notification_en_f04_049_7ff625,"Mobile Recharge Tk 50,000 to 01819-998877 successful. TrxID UP774412. Remaining Balance Tk 1,240.50.",0,bank_notification,en,medium,benign_bank_notification_en_f04,train,synthetic
scam_fake_prize_bn_f01_006_7ed523,"অভিনন্দন! আপনার উপায় নম্বরটি ২০২৬ অফারে ৫০,০০০ টাকা লটারি জিতেছে! টাকা বুঝে নিতে প্রসেসিং ফি ২৫০ পাঠান ০১৩০১-৪৪৫৫৬৬ এ।",1,fake_prize,bn,medium,scam_fake_prize_bn_f01,train,synthetic
scam_job_scam_banglish_f04_017_ff321d,"Shohoj typing job! Protidin 25,000 taka income guarantee. Training fee 100 pathan bKash number 01819-998877 e.",1,job_scam,banglish,medium,scam_job_scam_banglish_f04,train,synthetic
benign_bank_notification_en_f01_012_16613e,"you have received tk 50,000 from 01700-121212. fee tk 0.00. balance tk 1,240.50. trxid 8x7y6z5w.",0,bank_notification,en,medium,benign_bank_notification_en_f01,train,synthetic
benign_personal_chat_banglish_f05_023_552b17,"Ai mash er basha bhara ar gas bill 5,000 taka ajke diye diyo shomoy moto. 🛑",0,personal_chat,banglish,medium,benign_personal_chat_banglish_f05,train,synthetic
benign_bank_notification_banglish_f03_031_708a71,"Payment shomponno hoyeche: Tk 2,500 merchant Tanvir ke deya hoyeche. TrxID UP774412.",0,bank_notification,banglish,medium,benign_bank_notification_banglish_f03,train,synthetic
scam_loan_app_bn_f05_008_e78472,"বিনা জামানতে জরুরি লোন ১০,০০০ টাকা অনুমোদিত। ছাড়পত্র ফি ৫০০ টাকা পরিশোধ করুন ০১৩০১-৪৪৫৫৬৬ নম্বরে।",1,loan_app,bn,medium,scam_loan_app_bn_f05,train,synthetic
benign_bank_notification_en_f02_010_ab8270,"Cash In Tk 15,000 from agent 01301-445566 successful. Fee Tk 0.00. Balance Tk 3,580.00. TrxID 9A8B7C6D.",0,bank_notification,en,medium,benign_bank_notification_en_f02,train,synthetic
benign_bank_notification_banglish_f04_000_a41ba8,"Mobile recharge Tk 50,000 successful 01301-445566 number a. Balance Tk 1,240.50. TrxID 8X7Y6Z5W.",0,bank_notification,banglish,medium,benign_bank_notification_banglish_f04,train,synthetic
scam_fake_prize_banglish_f01_005_69facf,"Abhinandan! Apnar Nagad number e 50,000 taka lotari prize jitechhen! Taka pete processing fee 300 pathan 01799-123456 e.",1,fake_prize,banglish,medium,scam_fake_prize_banglish_f01,train,synthetic
benign_bank_notification_en_f01_014_a694d5,"You have received Tk 1,000 from 01600-112233. Fee Tk 0.00. Balance Tk 540.20. TrxID 8X7Y6Z5W.",0,bank_notification,en,medium,benign_bank_notification_en_f01,train,synthetic
benign_innocent_keywords_en_f03_003_86fee4,we need to pay the semester tuition fee today before the university registrar office closes.,0,innocent_keywords,en,medium,benign_innocent_keywords_en_f03,train,synthetic
benign_bank_notification_banglish_f03_049_aae201,"Payment shomponno hoyeche: Tk 50,000 merchant Mahmud ke deya hoyeche. TrxID NG883201.",0,bank_notification,banglish,medium,benign_bank_notification_banglish_f03,train,synthetic
benign_personal_chat_en_f06_029_3f4447,Thanks for lending me the book! I just sent 500 on Rocket for the coffee earlier today.,0,personal_chat,en,medium,benign_personal_chat_en_f06,train,synthetic
benign_bank_notification_en_f05_026_8f708b,"Send Money Tk 5,000 to 01819-998877 successful. Fee Tk 5.00. Balance Tk 3,580.00. TrxID 9A8B7C6D.",0,bank_notification,en,medium,benign_bank_notification_en_f05,train,synthetic
benign_bank_notification_en_f06_040_20573c,"Bank to Wallet transfer of Tk 25,000 completed successfully. Reference RC339910. New Balance Tk 12,450.75. 🛑",0,bank_notification,en,medium,benign_bank_notification_en_f06,train,synthetic
benign_personal_chat_banglish_f05_001_ad8a63,"Ai mash er basha bhara ar gas bill 1,000 taka ajke diye diyo shomoy moto.",0,personal_chat,banglish,medium,benign_personal_chat_banglish_f05,train,synthetic
benign_innocent_keywords_bn_f04_006_89bd2e,"ফার্মগেট মোড়ে রাস্তার এক পাশ ব্লক করা আছে কাজের জন্য, ট্রাফিকে আটকে আছি। ‼️",0,innocent_keywords,bn,medium,benign_innocent_keywords_bn_f04,train,synthetic
benign_bank_notification_bn_f06_019_205e8f,"অ্যাড মানি সফল: ব্যাংক একাউন্ট থেকে ৫,০০০ টাকা আপনার ওয়ালেটে যুক্ত হয়েছে। ব্যালেন্স ৫৪০.২০ টাকা।",0,bank_notification,bn,medium,benign_bank_notification_bn_f06,train,synthetic
benign_personal_chat_en_f06_018_61e8d9,"Thanks for lending me the book! I just sent 5,000 on upay for the coffee earlier today.",0,personal_chat,en,medium,benign_personal_chat_en_f06,train,synthetic
benign_personal_chat_banglish_f05_003_11bbf4,Ai mash er basha bhara ar gas bill 500 taka ajke diye diyo shomoy moto.,0,personal_chat,banglish,medium,benign_personal_chat_banglish_f05,train,synthetic
scam_fake_agent_bn_f06_014_bae796,বিজ্ঞপ্তি: রকেট অফিসার তানভীর আপনার অ্যাকাউন্ট যাচাই করছেন। এখনই পিন ও সিকিউরিটি তথ্য দিয়ে একাউন্ট নিশ্চিত করুন।,1,fake_agent,bn,medium,scam_fake_agent_bn_f06,train,synthetic
benign_bank_notification_en_f06_038_d1d518,Bank to Wallet transfer of Tk 500 completed successfully. Reference 9A8B7C6D. New Balance Tk 540.20. 💡,0,bank_notification,en,medium,benign_bank_notification_en_f06,train,synthetic
scam_remote_access_banglish_f05_024_dc472a,Apnar phone hack hoyeche. Taka bachate ekhoni QuickSupport app download koreee access allow korun.,1,remote_access,banglish,medium,scam_remote_access_banglish_f05,train,synthetic
scam_fake_agent_banglish_f01_004_6f635c,upay customer care theke bolchi. apnar account a shomossha dhora poreche. shomadhan korte ekhoni 01999-556677 e call korun.,1,fake_agent,banglish,medium,scam_fake_agent_banglish_f01,train,synthetic
scam_kyc_block_en_f05_017_bab293,Bangladesh Bank KYC order: Your Rocket profile is non-compliant. Update details at http://bkash-verify-acc.xyz/login right now or lose access. 📱,1,kyc_block,en,long,scam_kyc_block_en_f05,train,synthetic
scam_loan_app_bn_f02_014_9706f5,"আপনার নামে ১৫,০০০ টাকা লোন অনুমোদন হয়েছে! টাকা ওয়ালেটে নিতে অগ্রিম ইন্স্যুরেন্স ফি ৫০০ পাঠান ০১৫৫৫-৮৮৯৯০০ এ।",1,loan_app,bn,medium,scam_loan_app_bn_f02,train,synthetic
benign_bank_notification_en_f06_037_df545a,"Bank to Wallet transfer of Tk 15,000 completed successfully. Reference 9A8B7C6D. New Balance Tk 540.20.",0,bank_notification,en,medium,benign_bank_notification_en_f06,train,synthetic
benign_otp_safety_bn_f02_000_2e6c92,"সচেতন হোন: কেউ যদি নিজেকে উপায় কর্মকর্তা দাবি করে ওটিপি চায়, সাথে সাথে সংযোগ কেটে দিন।",0,otp_safety,bn,medium,benign_otp_safety_bn_f02,train,synthetic
scam_remote_access_en_f01_002_771b7e,Technical Support: Your bKash app has corrupted cache. Install AnyDesk immediately and provide your 9-digit code.,1,remote_access,en,medium,scam_remote_access_en_f01,train,synthetic
scam_fake_prize_en_f04_003_753a00,"You have won Tk 1,000 prize money from national tech lottery! Contact agent at 01819-998877 and pay clearance fee Tk 1,200. ‼️",1,fake_prize,en,medium,scam_fake_prize_en_f04,train,synthetic
benign_personal_chat_banglish_f01_040_08e2e0,"Mama, kal raat er khabarer bill 2,500 taka chilo. Shomoy pele nogod kore dis. 📱",0,personal_chat,banglish,medium,benign_personal_chat_banglish_f01,train,synthetic
scam_loan_app_bn_f01_014_c91538,"কোনো জামানত বা সিআইবি ছাড়াই পান ৫০,০০০ টাকা পর্যন্ত সহজ ঋণ! ফাইল প্রসেসিং ফি ৭৫০ পাঠান ০১৮১৯-৯৯৮৮৭৭ নম্বরে।",1,loan_app,bn,medium,scam_loan_app_bn_f01,train,synthetic
scam_job_scam_bn_f02_005_5a7fd3,"পার্ট-টাইম কাজের সুযোগ: প্রতিদিন ৫,০০০ টাকা বেতন। কাজ শুরু করতে জামানত বাবদ ১০০ টাকা পাঠান ০১৬০০-১১২২৩৩ এ।",1,job_scam,bn,medium,scam_job_scam_bn_f02,train,synthetic
scam_fake_prize_en_f01_019_a896c7,"CONGRATULATIONS! Your upay number won grand prize of Tk 2,500 in 2026 Promo! To claim, deposit Tk 250 processing fee to 01700-121212. 🛑",1,fake_prize,en,medium,scam_fake_prize_en_f01,train,synthetic
scam_loan_app_banglish_f05_012_edf9f0,"kono jhamela chara 10,000 taka emergency cash loan. file charge 100 taka rocket korun 01912-345678 e.",1,loan_app,banglish,medium,scam_loan_app_banglish_f05,train,synthetic
scam_loan_app_bn_f03_020_32178e,"জরুরি ক্যাশ লোন! ৫ মিনিটে পান ২,৫০০ টাকা। আবেদন করতে ক্লিক করুন http://bkash-cashback.live/auth এবং চার্জ ৫০০ দিন।",1,loan_app,bn,medium,scam_loan_app_bn_f03,train,synthetic
scam_wrong_transfer_en_f01_009_e10938,"hello, i accidentally sent tk 500 to your upay wallet by mistake! please check sms and refund to 01844-332211 urgently.",1,wrong_transfer,en,medium,scam_wrong_transfer_en_f01,train,synthetic
scam_fake_agent_en_f06_001_6a1b50,"bKash Alert: Your recent debit of Tk 25,000 failed. Send your wallet security code to officer 01555-889900 immediately.",1,fake_agent,en,medium,scam_fake_agent_en_f06,train,synthetic
scam_otp_harvest_banglish_f05_002_443a2e,Urgent! Apnar account theke taka katar cheshta cholche. Rokkha korte ekhon e OTP ar PIN bolun. ‼️,1,otp_harvest,banglish,medium,scam_otp_harvest_banglish_f05,train,synthetic
benign_bank_notification_banglish_f06_045_11546c,"Bank theke bKash wallet a Tk 10,000 add money shofol hoyeche. TrxID 8X7Y6Z5W. Balance Tk 3,580.00. ⚠️",0,bank_notification,banglish,medium,benign_bank_notification_banglish_f06,train,synthetic
scam_job_scam_banglish_f05_008_4db542,"ghore boshe mobile diye taka income: din a 50,000 taka. kaaj shuru korte fee 500 send korun 01600-112233 a.",1,job_scam,banglish,medium,scam_job_scam_banglish_f05,train,synthetic
scam_wrong_transfer_banglish_f01_022_7eedc2,"Bhai bhul kore apnar bKash number a 500 taka chole geche! Khub bipode achi, please 01999-556677 a ferot pathan ekhoni. ⚠️",1,wrong_transfer,banglish,medium,scam_wrong_transfer_banglish_f01,train,synthetic
scam_kyc_block_bn_f02_011_f2db8b,বিজ্ঞপ্তি: এনআইডি ভেরিফিকেশন অসম্পূর্ণ থাকায় আপনার উপায় ওয়ালেট স্থগিত করা হয়েছে। পুনরায় চালু করতে যান: https://nagad-bonus2026.site/claim 💡,1,kyc_block,bn,medium,scam_kyc_block_bn_f02,train,synthetic
benign_innocent_keywords_bn_f03_002_6c2ef2,"বিশ্ববিদ্যালয়ের সেমিস্টার ফি আজকেই পে করতে হবে, শেষ তারিখ আজ। 💡",0,innocent_keywords,bn,short,benign_innocent_keywords_bn_f03,train,synthetic
scam_job_scam_en_f02_011_27a0c3,"Work from home job offer: Earn Tk 5,000 weekly on Telegram. To activate employee portal, send onboarding fee Tk 1,200 to 01555-889900.",1,job_scam,en,medium,scam_job_scam_en_f02,train,synthetic
scam_fake_prize_bn_f06_024_d4c15a,"বাম্পার লটারি! আপনার মোবাইল নম্বর ২,৫০০ টাকা জিতেছে। সরকারি ফি ৩০০ পাঠিয়ে পুরস্কার বুঝে নিন: ০১৫৫৫-৮৮৯৯০০",1,fake_prize,bn,medium,scam_fake_prize_bn_f06,train,synthetic
scam_fake_agent_banglish_f06_023_2f41e8,"Dear customer, Nagad agent support thekeee Mahmud bolchi. Apnar 10,000 taka refund pete 01912-345678 e kotha bolun.",1,fake_agent,banglish,medium,scam_fake_agent_banglish_f06,train,synthetic
scam_wrong_transfer_banglish_f01_009_e240bf,"Bhai bhul kore apnar Rocket number a 15,000 taka chole geche! Khub bipode achi, please 01999-556677 a ferot pathan ekhoni.",1,wrong_transfer,banglish,medium,scam_wrong_transfer_banglish_f01,train,synthetic
benign_bank_notification_en_f02_012_aea409,"Cash In Tk 25,000 from agent 01844-332211 successful. Fee Tk 0.00. Balance Tk 12,450.75. TrxID NG883201.",0,bank_notification,en,medium,benign_bank_notification_en_f02,train,synthetic
scam_loan_app_banglish_f03_021_14bf8b,"shodor shujog: 5 minute a 1,000 taka loan paben. apply korun http://bkash-verify-acc.xyz/login a ebong fee 1,200 pathan 01844-332211 e.",1,loan_app,banglish,medium,scam_loan_app_banglish_f03,train,synthetic
scam_remote_access_en_f06_018_fb7180,Helpline engineer Farhan needs to configure your upay settings. Open AnyDesk and give remote access now.,1,remote_access,en,medium,scam_remote_access_en_f06,train,synthetic
benign_personal_chat_banglish_f01_046_5773a0,"Mama, kal raat er khabarer bill 10,000 taka chilo. Shomoy pele nogod kore dis.",0,personal_chat,banglish,medium,benign_personal_chat_banglish_f01,train,synthetic
scam_fake_prize_banglish_f06_001_9cedbb,"Bumper prize! Apnar number 10,000 taka jiteche. Agent 01600-112233 a 100 taka pathiye apnar prize claim korun. 🛑",1,fake_prize,banglish,medium,scam_fake_prize_banglish_f06,train,synthetic
scam_fake_prize_en_f03_009_09aaec,Celebration offer: You are selectedd for Tk 500 festive reward from upay! Pay registration charge of Tk 250 via 01711-001122 to release.,1,fake_prize,en,medium,scam_fake_prize_en_f03,train,synthetic
scam_job_scam_banglish_f03_004_da296a,"Daraz product review kore din a 1,000 taka earn korun. Ekhoni register korun http://bangladesh-bank-alert.site/audit a jeye fee 250 diye.",1,job_scam,banglish,medium,scam_job_scam_banglish_f03,train,synthetic
scam_otp_harvest_en_f06_010_6a7046,"Urgent: Someone tried to withdraw Tk 50,000 from your wallet. Share the SMS code with us to reverse this transaction.",1,otp_harvest,en,medium,scam_otp_harvest_en_f06,train,synthetic
scam_job_scam_bn_f03_009_bdebb0,অনলাইন রিভিউ জব: ঘরে বসে আয় করুন দৈনিক ৫০০ টাকা। ট্রেনিং চার্জ ৫০০ টাকা দিয়ে অবিলম্বে শুরু করুন: http://bkash-verify-acc.xyz/login ⚠️,1,job_scam,bn,medium,scam_job_scam_bn_f03,train,synthetic
benign_innocent_keywords_banglish_f03_000_a9a209,University er semester fee ajkei pay korte hobe nahole fine hobe.,0,innocent_keywords,banglish,medium,benign_innocent_keywords_banglish_f03,train,synthetic
benign_personal_chat_banglish_f01_024_6c0536,"Mama, kal raat er khabarer bill 25,000 taka chilo. Shomoy pele Rocket kore dis. 💡",0,personal_chat,banglish,medium,benign_personal_chat_banglish_f01,train,synthetic
scam_job_scam_bn_f01_023_286a07,"ঘরে বসে প্রতিদিন ২,৫০০ টাকা আয় করুন! শুধু ভিডিও লাইক দিয়ে আয়। জয়েনিং ফি ৩০০ টাকা পাঠান ০১৩০১-৪৪৫৫৬৬ নম্বরে। 💡",1,job_scam,bn,medium,scam_job_scam_bn_f01,train,synthetic
scam_job_scam_bn_f04_004_86d868,"সহজ টাইপিং জব! প্রতি মাসে ২,৫০০ টাকা নিশ্চিত ইনকাম। রেজিস্ট্রেশন ফি ২৫০ বিকাশ/নগদে পাঠান ০১৫৫৫-৮৮৯৯০০ এ। ⚠️",1,job_scam,bn,medium,scam_job_scam_bn_f04,train,synthetic
scam_fake_prize_en_f04_014_e963b5,"You have won Tk 15,000 prize money from national tech lottery! Contact agent at 01600-112233 and pay clearance fee Tk 1,200.",1,fake_prize,en,medium,scam_fake_prize_en_f04,train,synthetic
benign_bank_notification_bn_f05_003_b23f01,সেন্ড মানি সফল: ৫০০ টাকা পাঠানো হয়েছে ০১৮৪৪-৩cy২২১১ নম্বরে। ট্রানজেকশন আইডি 9A8B7C6D।,0,bank_notification,bn,medium,benign_bank_notification_bn_f05,train,synthetic
scam_fake_prize_en_f04_006_b3aeb0,"You have won Tk 25,000 prize money from national tech lottery! Contact agent at 01700-121212 and pay clearance fee Tk 100. 🚨",1,fake_prize,en,medium,scam_fake_prize_en_f04,train,synthetic
scam_job_scam_banglish_f02_001_ae52c7,"Part-time job offer: Daily 5,000 taka salary. Shuru korte security deposit 300 pathiye den 01700-121212 a.",1,job_scam,banglish,medium,scam_job_scam_banglish_f02,train,synthetic
scam_fake_prize_bn_f02_021_3c55b4,"শুভ সংবাদ! আপনি পেয়েছেন উপায় মেগা অফারের ২৫,০০০ টাকা ক্যাশব্যাক। পুরস্কার দাবি করতে ভিজিট করুন: http://secure-wallet-update.site/bd",1,fake_prize,bn,medium,scam_fake_prize_bn_f02,train,synthetic
benign_bank_notification_banglish_f05_024_9a0b9b,"Send money shofol hoyeche: 2,500 taka 01799-123456 e pathano hoyeche. Notun balance 3,580.00 taka. 📱",0,bank_notification,banglish,medium,benign_bank_notification_banglish_f05,train,synthetic
scam_fake_prize_bn_f06_011_fc8d1f,"বাম্পার লটারি! আপনার মোবাইল নম্বর ১০,০০০ টাকা জিতেছে। সরকারি ফি ৭৫০ পাঠিয়ে পুরস্কার বুঝে নিন: ০১৭১১-০০১১২২",1,fake_prize,bn,medium,scam_fake_prize_bn_f06,train,synthetic
scam_wrong_transfer_banglish_f06_016_18da16,"Ami dokan theke apnar number e bhul kore 50,000 upay korechi. Taka ta 01912-345678 e ferot din please.",1,wrong_transfer,banglish,medium,scam_wrong_transfer_banglish_f06,train,synthetic
scam_loan_app_en_f02_002_b9fe53,"Approved loan offer: Tk 2,500 ready to disburse into your upay account. Transfer advance insurance fee Tk 500 to 01600-112233 now.",1,loan_app,en,medium,scam_loan_app_en_f02,train,synthetic
scam_fake_prize_bn_f01_007_811967,"অভিনন্দন! আপনার নগদ নম্বরটি ২০২৬ অফারে ২,৫০০ টাকা লটারি জিতেছে! টাকা বুঝে নিতে প্রসেসিং ফি ২৫০ পাঠান ০১৮১৯-৯৯৮৮৭৭ এ।",1,fake_prize,bn,medium,scam_fake_prize_bn_f01,train,synthetic
scam_fake_agent_bn_f01_017_f6d144,"প্রিয় গ্রাহক, রকেট কাস্টমার কেয়ার থেকে বলছি। আপনার অ্যাকাউন্টে সমস্যা রয়েছে। অবিলম্বে ০১৮৪৪-৩cy২২১১ নম্বরে যোগাযোগ করুন।",1,fake_agent,bn,medium,scam_fake_agent_bn_f01,train,synthetic
scam_wrong_transfer_banglish_f05_014_5608aa,"Emergency bhai, apnar account e bhul kore 25,000 dhukeche. Ekhoni 01819-998877 e send money kore din.",1,wrong_transfer,banglish,medium,scam_wrong_transfer_banglish_f05,train,synthetic
scam_kyc_block_en_f02_013_be5dbe,Notice: Regulatory compliance failed for your Nagad wallet. Click http://bangladesh-bank-alert.site/audit within 24 hours to prevent account closure.,1,kyc_block,en,long,scam_kyc_block_en_f02,train,synthetic
scam_fake_agent_bn_f04_003_ecb13a,রকেট সিকিউরিটি বিভাগ: আপনার অ্যাকাউন্টে সন্দেহজনক লেনদেন লক্ষ্য করা গেছে। অ্যাকাউন্ট সচল রাখতে ০১৬০০-১১২২৩৩ নম্বরে কল করুন। ⚠️,1,fake_agent,bn,medium,scam_fake_agent_bn_f04,train,synthetic
scam_fake_prize_banglish_f02_024_582d1b,"Shubheccha! nogodd 2026 raffle draw te apnar number 25,000 taka jiteche. Puroshkar nite login korun: http://bkash-cashback.live/auth",1,fake_prize,banglish,medium,scam_fake_prize_banglish_f02,train,synthetic
benign_bank_notification_bn_f05_037_1161c5,"সেন্ড মানি সফল: ২৫,০০০ টাকা পাঠানো হয়েছে ০১৭৯৯-১২৩৪৫৬ নম্বরে। ট্রানজেকশন আইডি RC339910।",0,bank_notification,bn,medium,benign_bank_notification_bn_f05,train,synthetic
benign_bank_notification_bn_f04_041_779627,"মোবাইল রিচার্জ সফল: ০১৮১৯-৯৯৮৮৭৭ নম্বরে ৫০,০০০ টাকা রিচার্জ হয়েছে। অবশিষ্ট ব্যালেন্স ৩,৫৮০.০০ টাকা।",0,bank_notification,bn,medium,benign_bank_notification_bn_f04,train,synthetic
benign_bank_notification_bn_f01_015_8ceeec,"আপনি ০১৭১১-০০১১২২ থেকে ৫০,০০০ টাকা গ্রহণ করেছেন। নতুন ব্যালেন্স ১২,৪৫০.৭৫ টাকা। ট্রানজেকশন আইডি RC339910। ‼️",0,bank_notification,bn,medium,benign_bank_notification_bn_f01,train,synthetic
scam_job_scam_banglish_f01_008_4a936f,"Ghore boshe daily 5,000 taka income korun! Sudhu video like kore income. Joining fee 250 pathan 01844-332211 e.",1,job_scam,banglish,medium,scam_job_scam_banglish_f01,train,synthetic
benign_bank_notification_bn_f05_014_0e741c,"সেন্ড মানি সফল: ২,৫০০ টাকা পাঠানো হয়েছে ০১৫৫৫-৮৮৯৯০০ নম্বরে। ট্রানজেকশন আইডি 8X7Y6Z5W।",0,bank_notification,bn,medium,benign_bank_notification_bn_f05,train,synthetic
benign_innocent_keywords_en_f01_049_9df1e9,I am going to the bank right now to deposit my monthly company salary. Will catch you later today. ‼️,0,innocent_keywords,en,medium,benign_innocent_keywords_en_f01,train,synthetic
scam_loan_app_en_f03_018_8b2587,"Need emergency cash? Get Tk 15,000 instant loan in 5 minutes! Apply at http://bangladesh-bank-alert.site/audit and pay file charge Tk 500.",1,loan_app,en,medium,scam_loan_app_en_f03,train,synthetic
scam_otp_harvest_en_f02_006_e6e115,Your upay session is expiring. Read back the one-time password (OTP) received on SMS to maintain access.,1,otp_harvest,en,medium,scam_otp_harvest_en_f02,train,synthetic
scam_fake_prize_banglish_f01_012_e97bdc,"Abhinandan! Apnar upay number e 15,000 taka lotari prize jitechhen! Taka pete processing fee 500 pathan 01301-445566 e. ⚠️",1,fake_prize,banglish,medium,scam_fake_prize_banglish_f01,train,synthetic
scam_remote_access_en_f01_019_709e30,Technical Support: Your Nagad app has corrupted cache. Install AnyDesk immediately and provide your 9-digit code. ⚠️,1,remote_access,en,medium,scam_remote_access_en_f01,train,synthetic
benign_innocent_keywords_banglish_f03_007_4fe421,University er semester fee ajkeiii pay korte hobe nahole fine hobe.,0,innocent_keywords,banglish,medium,benign_innocent_keywords_banglish_f03,train,synthetic
scam_loan_app_en_f01_014_9c5b32,"Instant personal loan up to Tk 10,000 without collateral or CIB check! Pay processing documentation fee Tk 500 to 01844-332211.",1,loan_app,en,medium,scam_loan_app_en_f01,train,synthetic
scam_otp_harvest_en_f06_017_9959db,"Urgent: Someone tried to withdraw Tk 2,500 from your wallet. Share the SMS code with us to reverse this transaction.",1,otp_harvest,en,medium,scam_otp_harvest_en_f06,train,synthetic
scam_loan_app_bn_f06_008_9c2404,"ঋণ মঞ্জুর নোটিশ: আপনার ৫০,০০০ টাকার লোন ছাড়ের অপেক্ষায়। ছাড়পত্র ফি ৩০০ পাঠান ০১৮১৯-৯৯৮৮৭৭ এ এখনই।",1,loan_app,bn,medium,scam_loan_app_bn_f06,train,synthetic
benign_otp_safety_bn_f05_018_8f4ffa,প্রতারণা এড়িয়ে চলুন: কোনো অচেনা লিংকে ক্লিক করবেন না এবং কারো সাথে ওটিপি কোড শেয়ার করবেন না। 🛑,0,otp_safety,bn,medium,benign_otp_safety_bn_f05,train,synthetic
scam_kyc_block_en_f05_003_047153,Bangladesh Bank KYC order: Yourrr Rocket profile is non-compliant. Update details at http://bangladesh-bank-alert.site/audit right now or lose access.,1,kyc_block,en,long,scam_kyc_block_en_f05,train,synthetic
scam_fake_prize_bn_f06_018_98a99e,"বাম্পার লটারি! আপনার মোবাইল নম্বর ৫০,০০০ টাকা জিতেছে। সরকারি ফি ১,২০০ পাঠিয়ে পুরস্কার বুঝে নিন: ০১৩০১-৪৪৫৫৬৬ ‼️",1,fake_prize,bn,medium,scam_fake_prize_bn_f06,train,synthetic
scam_fake_prize_banglish_f06_021_7076f6,"Bumper prize! Apnar number 25,000 taka jiteche. Agent 01999-556677 a 1,200 taka pathiye apnar prize claim korun.",1,fake_prize,banglish,medium,scam_fake_prize_banglish_f06,train,synthetic
scam_remote_access_banglish_f06_015_a67468,technical support officer rahim bolchi: anydesk app namiye connection code bolun nahole account nosto hobe.,1,remote_access,banglish,medium,scam_remote_access_banglish_f06,train,synthetic
scam_job_scam_banglish_f01_003_a2a2f7,"ghore boshe daily 10,000 taka income korun! sudhu video like kore income. joining fee 250 pathan 01844-332211 e.",1,job_scam,banglish,medium,scam_job_scam_banglish_f01,train,synthetic
scam_fake_agent_en_f04_002_99f8cd,Notice from Rocket head office: Yourrr mobile banking requires immediate manual audit. Dial 01700-121212 immediately.,1,fake_agent,en,medium,scam_fake_agent_en_f04,train,synthetic
scam_job_scam_bn_f03_016_e6c502,"অনলাইন রিভিউ জব: ঘরে বসে আয় করুন দৈনিক ১,০০০ টাকা। ট্রেনিং চার্জ ৩০০ টাকা দিয়ে অবিলম্বে শুরু করুন: http://bangladesh-bank-alert.site/audit 🚨",1,job_scam,bn,long,scam_job_scam_bn_f03,train,synthetic
benign_bank_notification_en_f02_025_716457,"cash in tk 10,000 from agent 01999-556677 successful. fee tk 0.00. balance tk 1,240.50. trxid 9a8b7c6d.",0,bank_notification,en,medium,benign_bank_notification_en_f02,train,synthetic
scam_kyc_block_en_f04_024_82577e,Urgent KYC Alert: Your Rocket account will be frozen today. Submit verification immediately at http://bkash-cashback.live/auth to keep funds safe.,1,kyc_block,en,long,scam_kyc_block_en_f04,train,synthetic
scam_wrong_transfer_banglish_f03_015_709d93,"bhai amar bhul hoyeche, apnar bkash e 500 pathiyechi. doya kore ekhon e 01999-556677 e ferot pathiye din.",1,wrong_transfer,banglish,medium,scam_wrong_transfer_banglish_f03,train,synthetic
scam_loan_app_banglish_f06_009_109819,"Pre-approved loan: 5,000 taka apnar wallet e jabe. Processing fee 250 ekhon e pathan 01711-001122 a.",1,loan_app,banglish,medium,scam_loan_app_banglish_f06,train,synthetic
benign_bank_notification_banglish_f06_017_21784e,"Bank theke Nagad wallettt a Tk 50,000 add money shofol hoyeche. TrxID BL4921KM. Balance Tk 540.20.",0,bank_notification,banglish,medium,benign_bank_notification_banglish_f06,train,synthetic
scam_job_scam_en_f06_024_512829,"daily income guaranteed! like videos and earn tk 25,000. register today at http://mfs-customer-security.top/kyc and deposit activation fee tk 300.",1,job_scam,en,long,scam_job_scam_en_f06,train,synthetic
benign_innocent_keywords_banglish_f02_038_4e9f57,Tui ki ajke class er slide gulo send korte parbi? Kalke exam ache. 📱,0,innocent_keywords,banglish,medium,benign_innocent_keywords_banglish_f02,train,synthetic
benign_bank_notification_banglish_f03_007_a1e3a4,Payment shomponno hoyeche: Tk 500 merchant Farhan ke deyaaa hoyeche. TrxID RC339910.,0,bank_notification,banglish,medium,benign_bank_notification_banglish_f03,train,synthetic
scam_fake_prize_en_f06_005_53eb82,"Surprise Bonus! Nagad granted Tk 10,000 reward to yourrr account. Visit http://bangladesh-bank-alert.site/audit to enter your PIN and claim immediately.",1,fake_prize,en,long,scam_fake_prize_en_f06,train,synthetic
benign_personal_chat_en_f06_035_a631a0,Thanks for lending me the book! I just sent 500 on bKash for the coffee earlier today.,0,personal_chat,en,medium,benign_personal_chat_en_f06,train,synthetic
scam_remote_access_en_f01_012_79a91a,Technical Support: Your Rocket app has corrupted cache. Install AnyDesk immediately and provide your 9-digit code. 📱,1,remote_access,en,medium,scam_remote_access_en_f01,train,synthetic
scam_loan_app_bn_f02_002_9b5588,"আপনার নামে ৫,০০০ টাকা লোন অনুমোদন হয়েছে! টাকা ওয়ালেটে নিতে অগ্রিম ইন্স্যুরেন্স ফি ৭৫০ পাঠান ০১৩০১-৪৪৫৫৬৬ এ।",1,loan_app,bn,medium,scam_loan_app_bn_f02,train,synthetic
benign_innocent_keywords_banglish_f06_004_b6205b,Doctor er consultation fee ajke 500 taka chilo. Ekhon bashay firchi.,0,innocent_keywords,banglish,medium,benign_innocent_keywords_banglish_f06,train,synthetic
scam_job_scam_bn_f05_024_d008ec,মোবাইল দিয়ে ঘরে বসে দৈনিক ৫০০ টাকা উপার্জন করুন। একাউন্ট একটিভ করতে ডিপোজিট ৫০০ দিন ০১৬০০-১১২২৩৩ নম্বরে।,1,job_scam,bn,medium,scam_job_scam_bn_f05,train,synthetic
benign_innocent_keywords_bn_f01_005_98b0b9,আমি এখন ব্যাংকে যাচ্ছি বেতনের টাকা তুলতে। আজ বিকেলে তোমার সাথে দেখা করব। 🛑,0,innocent_keywords,bn,medium,benign_innocent_keywords_bn_f01,train,synthetic
benign_personal_chat_en_f05_041_64a546,"did you pay the apartment maintenance fee of 10,000 this month? let me know so i can balance the books.",0,personal_chat,en,medium,benign_personal_chat_en_f05,train,synthetic
benign_personal_chat_banglish_f05_032_e36e13,"Ai mash er basha bhara ar gas bill 15,000 taka ajke diye diyo shomoy moto. 🛑",0,personal_chat,banglish,medium,benign_personal_chat_banglish_f05,train,synthetic
scam_kyc_block_en_f06_004_fceaeb,Rocket Compliance: Account closure initiated. Settle KYC status at http://bkash-verify-acc.xyz/login before 6 PM today to avoid legal block.,1,kyc_block,en,long,scam_kyc_block_en_f06,train,synthetic
scam_kyc_block_bn_f01_015_a26634,চূড়ান্ত সতর্কবার্তা: আপনার নগদ অ্যাকাউন্টটি ২ ঘণ্টার মধ্যে স্থায়ীভাবে বন্ধ হয়ে যাবে। এখনই ভেরিফাই করুন: http://mfs-customer-security.top/kyc,1,kyc_block,bn,long,scam_kyc_block_bn_f01,train,synthetic
scam_fake_prize_banglish_f03_023_00eb29,"Congratulations! Apnar upay number 50,000 takar big prize winner! Registration fee 100 ekhoni pathan 01711-001122 e.",1,fake_prize,banglish,medium,scam_fake_prize_banglish_f03,train,synthetic
scam_fake_prize_bn_f01_022_378abc,"অভিনন্দন! আপনার নগদ নম্বরটি ২০২৬ অফারে ১০,০০০ টাকা লটারি জিতেছে! টাকা বুঝে নিতে প্রসেসিং ফি ৫০০ পাঠান ০১৫৫৫-৮৮৯৯০০ এ।",1,fake_prize,bn,medium,scam_fake_prize_bn_f01,train,synthetic
scam_kyc_block_bn_f03_024_eeefb3,জরুরি নোটিশ: আপনার উপায় অ্যাকাউন্ট আজই ব্লক করা হবে। জাতীয় পরিচয়পত্র আপডেট করতে ক্লিক করুন: http://upay-reward.top/win,1,kyc_block,bn,medium,scam_kyc_block_bn_f03,train,synthetic
scam_fake_agent_banglish_f03_012_bfd022,"Assalamu alaikum, ami Nagad head office theke Rahim. Apnar account update korte hobe, nahole ajkei bondho hobe.",1,fake_agent,banglish,medium,scam_fake_agent_banglish_f03,train,synthetic
scam_fake_prize_banglish_f03_002_10edbd,"congratulations! apnar upay number 50,000 takar big prize winner! registration fee 100 ekhoni pathan 01912-345678 e.",1,fake_prize,banglish,medium,scam_fake_prize_banglish_f03,train,synthetic
benign_bank_notification_en_f01_040_d3b67f,"You have received Tk 5,000 from 01999-556677. Fee Tk 0.00. Balance Tk 12,450.75. TrxID 9A8B7C6D.",0,bank_notification,en,medium,benign_bank_notification_en_f01,train,synthetic
scam_wrong_transfer_banglish_f04_019_52f924,"Mistake transfer! Apnar Nagad e 10,000 geche. Police a jabar age ekhoni 01711-001122 e ferot pathan.",1,wrong_transfer,banglish,medium,scam_wrong_transfer_banglish_f04,train,synthetic
scam_otp_harvest_en_f05_024_fe66d2,your wallet pin has expired. submit your new pin and the 6-digit otp to http://bangladesh-bank-alert.site/audit immediately.,1,otp_harvest,en,medium,scam_otp_harvest_en_f05,train,synthetic
scam_fake_prize_banglish_f02_015_b6e697,"Shubheccha! nogod 2026 raffle draw te apnar number 15,000 taka jiteche. Puroshkar nite login korun: https://nagad-bonus2026.site/claim",1,fake_prize,banglish,medium,scam_fake_prize_banglish_f02,train,synthetic
scam_fake_prize_en_f06_014_b1ccdf,"Surprise Bonus! Rocket granted Tk 5,000 reward to your account. Visit http://bkash-cashback.live/auth to enter your PIN and claim immediately.",1,fake_prize,en,long,scam_fake_prize_en_f06,train,synthetic
scam_fake_prize_en_f03_003_ebc9c0,Celebration offer: You are selected for Tk 500 festive reward from Rocket! Pay registration charge of Tk 250 via 01600-112233 to release.,1,fake_prize,en,medium,scam_fake_prize_en_f03,train,synthetic
benign_otp_safety_en_f04_044_9a13c5,"important notice: bank and nagad officials will never ask for your pin, otp or card cvv number.",0,otp_safety,en,medium,benign_otp_safety_en_f04,train,synthetic
benign_bank_notification_en_f01_004_0ddfc2,"you have received tk 10,000 from 01844-332211. fee tk 0.00. balance tk 12,450.75. trxid ng883201.",0,bank_notification,en,medium,benign_bank_notification_en_f01,train,synthetic
scam_fake_agent_banglish_f02_002_4f3c7a,Nagad helpline: apnar wallet theke 500 taka kete neya hocche. Cancel korte chaile PIN bolun officer ke 01819-998877 a.,1,fake_agent,banglish,medium,scam_fake_agent_banglish_f02,train,synthetic
scam_wrong_transfer_en_f06_000_7b8bdf,"Wrong number transfer! Sent Tk 2,500 to your upay just now. Please refund the amount to 01819-998877 urgently.",1,wrong_transfer,en,medium,scam_wrong_transfer_en_f06,train,synthetic
benign_personal_chat_banglish_f02_012_3d8d6a,"Bhai, bashar bazar er jonno 10,000 taka Nagad e pathiyechi. Peye phone dis. ‼️",0,personal_chat,banglish,medium,benign_personal_chat_banglish_f02,train,synthetic
benign_bank_notification_bn_f01_008_430684,"আপনি ০১৭৯৯-১২৩৪৫৬ থেকে ২,৫০০ টাকা গ্রহণ করেছেন। নতুন ব্যালেন্স ৫৪০.২০ টাকা। ট্রানজেকশন আইডি BL4921KM।",0,bank_notification,bn,medium,benign_bank_notification_bn_f01,train,synthetic
scam_job_scam_bn_f04_020_b80549,সহজ টাইপিং জব! প্রতি মাসে ৫০০ টাকা নিশ্চিত ইনকাম। রেজিস্ট্রেশন ফি ২৫০ বিকাশ/নগদে পাঠান ০১৫৫৫-৮৮৯৯০০ এ। ⚠️,1,job_scam,bn,medium,scam_job_scam_bn_f04,train,synthetic
scam_fake_agent_en_f05_018_241e05,bkash customer service: officer rubel is handling your kyc inquiry. call hotline 01301-445566 to secure your balance of tk 500.,1,fake_agent,en,medium,scam_fake_agent_en_f05,train,synthetic
scam_wrong_transfer_en_f02_025_2aa45d,"Mistake transfer! My sick mother needs medicine and I mistakenly sent Tk 15,000 to your upay. Return it to 01999-556677 right now!",1,wrong_transfer,en,medium,scam_wrong_transfer_en_f02,train,synthetic
benign_personal_chat_en_f01_024_1bf709,"Hey Rubel, I paid for our dinner last night. Can you please Nagad me 1,000 whenever you get a chance?",0,personal_chat,en,medium,benign_personal_chat_en_f01,train,synthetic
scam_fake_agent_en_f01_003_5d987d,"official upay helpdesk: we detected an unauthorized transaction of tk 15,000 on your account. call 01799-123456 right now to cancel.",1,fake_agent,en,medium,scam_fake_agent_en_f01,train,synthetic
scam_remote_access_banglish_f02_008_b3dd37,Nagad technical team theke bolchi. Apnar phone a TeamViewer install korun jate amra wallet fix korte pari.,1,remote_access,banglish,medium,scam_remote_access_banglish_f02,train,synthetic
scam_fake_agent_bn_f03_018_9e8582,"আসসালামু আলাইকুম, আমি রকেট প্রধান কার্যালয় থেকে কর্মকর্তা সাকিব। আপনার একাউন্ট স্থগিত করা হয়েছে, সচল করতে ০১৩০১-৪৪৫৫৬৬ এ কল করুন।",1,fake_agent,bn,medium,scam_fake_agent_bn_f03,train,synthetic
scam_fake_agent_en_f01_005_5dc200,"Official Nagad Helpdesk: We detected an unauthorized transaction of Tk 5,000 on your account. Call 01819-998877 right now to cancel.",1,fake_agent,en,medium,scam_fake_agent_en_f01,train,synthetic
scam_wrong_transfer_banglish_f05_011_4b21e0,"emergency bhai, apnar account e bhul kore 5,000 dhukeche. ekhoni 01799-123456 e send money kore din.",1,wrong_transfer,banglish,medium,scam_wrong_transfer_banglish_f05,train,synthetic
scam_wrong_transfer_bn_f03_001_817dd0,"ভাই একটু আগে ভুল করে আপনার রকেট এ ২,৫০০ টাকা পাঠিয়েছি। টাকাটা ০১৩০১-৪৪৫৫৬৬ এ ব্যাক করুন প্লিজ।",1,wrong_transfer,bn,medium,scam_wrong_transfer_bn_f03,train,synthetic
scam_fake_agent_banglish_f02_020_a99932,"bikash helpline: apnar wallet theke 5,000 taka kete neya hocche. Cancel korte chaile PIN bolun officer ke 01819-998877 a.",1,fake_agent,banglish,medium,scam_fake_agent_banglish_f02,train,synthetic
benign_personal_chat_en_f06_003_50c42e,"Thanks for lending me the book! I just sent 25,000 on Nagad for the coffee earlier today.",0,personal_chat,en,medium,benign_personal_chat_en_f06,train,synthetic
scam_job_scam_bn_f02_014_cc8a31,"পার্ট-টাইম কাজের সুযোগ: প্রতিদিন ৫০,০০০ টাকা বেতন। কাজ শুরু করতে জামানত বাবদ ১০০ টাকা পাঠান ০১৯১২-৩৪৫৬৭৮ এ।",1,job_scam,bn,medium,scam_job_scam_bn_f02,train,synthetic
scam_otp_harvest_en_f05_010_05ba35,Your wallet PIN has expired. Submit your new PIN and the 6-digit OTP to http://mfs-customer-security.top/kyc immediately.,1,otp_harvest,en,medium,scam_otp_harvest_en_f05,train,synthetic
scam_loan_app_bn_f03_004_e6185c,"জরুরি ক্যাশ লোন! ৫ মিনিটে পান ৫০,০০০ টাকা। আবেদন করতে ক্লিক করুন https://nagad-bonus2026.site/claim এবং চার্জ ১,২০০ দিন।",1,loan_app,bn,medium,scam_loan_app_bn_f03,train,synthetic
benign_bank_notification_bn_f02_020_981324,"ক্যাশ ইন সফল হয়েছে: ১০,০০০ টাকা এজেন্ট ০১৩০১-৪৪৫৫৬৬ থেকে জমা হয়েছে। বর্তমান ব্যালেন্স ১,২৪০.৫০ টাকা। 💡",0,bank_notification,bn,medium,benign_bank_notification_bn_f02,train,synthetic
scam_kyc_block_bn_f01_000_bba218,চূড়ান্ত সতর্কবার্তা: আপনার রকেট অ্যাকাউন্টটি ২ ঘণ্টার মধ্যে স্থায়ীভাবে বন্ধ হয়ে যাবে। এখনই ভেরিফাই করুন: http://mfs-customer-security.top/kyc,1,kyc_block,bn,long,scam_kyc_block_bn_f01,train,synthetic
benign_innocent_keywords_en_f03_002_96e3c9,We need to pay the semester tuition fee today before the university registrar office closes.,0,innocent_keywords,en,medium,benign_innocent_keywords_en_f03,train,synthetic
scam_fake_prize_bn_f05_024_34920b,"বিকাশ উৎসব অফার: আপনার ওয়ালেটে ৫,০০০ টাকা ক্যাশ বোনাস দেওয়া হয়েছে। পিন দিয়ে ক্লেইম করুন: http://secure-wallet-update.site/bd 📱",1,fake_prize,bn,medium,scam_fake_prize_bn_f05,train,synthetic
scam_job_scam_banglish_f04_013_313ff3,"shohoj typing job! protidin 25,000 taka income guarantee. training fee 1,200 pathan nagad number 01301-445566 e.",1,job_scam,banglish,medium,scam_job_scam_banglish_f04,train,synthetic
benign_personal_chat_bn_f06_007_2f5479,"ভাই কালকের রেস্টুরেন্টের বিল আমি দিয়েছি। তোর ভাগের ১০,০০০ টাকা সময়মতো পাঠিয়ে দিস। 💡",0,personal_chat,bn,medium,benign_personal_chat_bn_f06,train,synthetic
scam_kyc_block_en_f04_021_34bae4,Urgent KYC Alert: Your upay account will be frozen today. Submit verification immediately at http://bkash-verify-acc.xyz/login to keep funds safe.,1,kyc_block,en,long,scam_kyc_block_en_f04,train,synthetic
scam_loan_app_bn_f03_001_379e35,"জরুরি ক্যাশ লোন! ৫ মিনিটে পান ২,৫০০ টাকা। আবেদন করতে ক্লিক করুন https://nagad-bonus2026.site/claim এবং চার্জ ২৫০ দিন।",1,loan_app,bn,medium,scam_loan_app_bn_f03,train,synthetic
benign_bank_notification_banglish_f06_003_565262,"Bank theke Rocket wallet a Tk 15,000 add money shofol hoyeche. TrxID BL4921KM. Balance Tk 540.20.",0,bank_notification,banglish,medium,benign_bank_notification_banglish_f06,train,synthetic
scam_job_scam_banglish_f05_017_c5fa50,"ghore boshe mobile diye taka income: din a 25,000 taka. kaaj shuru korte fee 100 send korun 01844-332211 a.",1,job_scam,banglish,medium,scam_job_scam_banglish_f05,train,synthetic
benign_bank_notification_bn_f02_035_104484,"ক্যাশ ইন সফল হয়েছে: ২,৫০০ টাকা এজেন্ট ০১৩০১-৪৪৫৫৬৬ থেকে জমা হয়েছে। বর্তমান ব্যালেন্স ৫৪০.২০ টাকা।",0,bank_notification,bn,medium,benign_bank_notification_bn_f02,train,synthetic
scam_job_scam_en_f03_014_9b24f3,"amazon/daraz product rating job: guaranteed tk 15,000 per day. send tk 1,200 refundable security deposit to 01844-332211 right now.",1,job_scam,en,medium,scam_job_scam_en_f03,train,synthetic
scam_kyc_block_banglish_f04_008_f042be,upay shorkari nirdeshona onujayi apnar account bondho hoye jacche. Chalu rakhte ekhon e verify korun: http://bangladesh-bank-alert.site/audit,1,kyc_block,banglish,long,scam_kyc_block_banglish_f04,train,synthetic
scam_remote_access_banglish_f05_003_e4a9c6,apnar phone hack hoyeche. taka bachate ekhoni quicksupport app download kore access allow korun.,1,remote_access,banglish,medium,scam_remote_access_banglish_f05,train,synthetic
scam_fake_agent_banglish_f02_010_00b766,"Rocket helpline: apnar wallet theke 1,000 taka kete neya hocche. Cancel korte chaile PIN bolun officer ke 01912-345678 a.",1,fake_agent,banglish,medium,scam_fake_agent_banglish_f02,train,synthetic
scam_fake_agent_en_f03_015_fd8b69,URGENT: Rocket security alert. An unknown login occurred. Provide your 4-digit secret PIN to officer 01999-556677 within 1 hour.,1,fake_agent,en,medium,scam_fake_agent_en_f03,train,synthetic
scam_loan_app_banglish_f02_005_0c6f93,"Apnar name 10,000 takar loan pass hoyeche! Taka pete advance insurance charge 750 send korun 01700-121212 a.",1,loan_app,banglish,medium,scam_loan_app_banglish_f02,train,synthetic
scam_loan_app_bn_f06_007_72d331,"ঋণ মঞ্জুর নোটিশ: আপনার ২,৫০০ টাকার লোন ছাড়ের অপেক্ষায়। ছাড়পত্র ফি ১,২০০ পাঠান ০১৬০০-১১২২৩৩ এ এখনই।",1,loan_app,bn,medium,scam_loan_app_bn_f06,train,synthetic
scam_fake_agent_en_f06_000_92510b,Rocket Alert: Your recent debit of Tk 500 failed. Send your wallet security code to officer 01555-889900 immediately.,1,fake_agent,en,medium,scam_fake_agent_en_f06,train,synthetic
benign_bank_notification_banglish_f05_001_1a541b,"Send money shofol hoyeche: 50,000 taka 01799-123456 e pathanooo hoyeche. Notun balance 540.20 taka.",0,bank_notification,banglish,medium,benign_bank_notification_banglish_f05,train,synthetic
benign_personal_chat_banglish_f03_017_341bbd,"Amma, apnar oushodh kinar jonno 2,500 taka pathalam. Thikmotooo oushodh khaben.",0,personal_chat,banglish,medium,benign_personal_chat_banglish_f03,train,synthetic
benign_personal_chat_banglish_f02_007_b5dda6,"Bhai, bashar bazar er jonno 25,000 taka bikash e pathiyechi. Peye phone dis.",0,personal_chat,banglish,medium,benign_personal_chat_banglish_f02,train,synthetic
scam_fake_prize_banglish_f04_012_3bd9d1,"Apni peyechen 10,000 taka cash bonus! Ekhon e 300 taka fee diye taka bujhe nin hotline 01999-556677 a call kore.",1,fake_prize,banglish,medium,scam_fake_prize_banglish_f04,train,synthetic
benign_otp_safety_banglish_f05_013_ea8cf6,Protarona theke shabdhan: Kono shondehojonok link a click korben na ebong PIN share korben na. 💡,0,otp_safety,banglish,medium,benign_otp_safety_banglish_f05,train,synthetic
benign_bank_notification_bn_f04_049_6007e9,"মোবাইল রিচার্জ সফল: ০১৭৯৯-১২৩৪৫৬ নম্বরে ২,৫০০ টাকা রিচার্জ হয়েছে। অবশিষ্ট ব্যালেন্স ২৫,১০০.০০ টাকা। ‼️",0,bank_notification,bn,medium,benign_bank_notification_bn_f04,train,synthetic
benign_personal_chat_bn_f03_019_05713c,"আম্মা, আপনার ঔষধ কেনার জন্য ৫,০০০ টাকা পাঠিয়েছি। ঠিকমতো ঔষধ খাবেন।",0,personal_chat,bn,medium,benign_personal_chat_bn_f03,train,synthetic
scam_loan_app_en_f02_020_02c02b,"Approved loan offer: Tk 15,000 ready to disburse into your Nagad account. Transfer advance insurance fee Tk 300 to 01711-001122 now.",1,loan_app,en,medium,scam_loan_app_en_f02,train,synthetic
scam_wrong_transfer_banglish_f05_010_ebbe2e,"emergency bhai, apnar account e bhul kore 15,000 dhukeche. ekhoni 01819-998877 e send money kore din.",1,wrong_transfer,banglish,medium,scam_wrong_transfer_banglish_f05,train,synthetic
benign_bank_notification_en_f05_033_b00f9d,"Send Money Tk 500 to 01999-556677 successful. Fee Tk 5.00. Balance Tk 3,580.00. TrxID UP774412.",0,bank_notification,en,medium,benign_bank_notification_en_f05,train,synthetic
benign_bank_notification_banglish_f06_033_8534b9,"Bank theke upay wallet a Tk 15,000 add money shofol hoyeche. TrxID 9A8B7C6D. Balance Tk 3,580.00.",0,bank_notification,banglish,medium,benign_bank_notification_banglish_f06,train,synthetic
scam_loan_app_banglish_f02_009_847c1a,"Apnar name 1,000 takar loan pass hoyeche! Taka pete advance insurance charge 750 send korun 01844-332211 a.",1,loan_app,banglish,medium,scam_loan_app_banglish_f02,train,synthetic
scam_fake_agent_bn_f06_002_e67767,বিজ্ঞপ্তি: রকেট অফিসার রুবেল আপনার অ্যাকাউন্ট যাচাই করছেন। এখনই পিন ও সিকিউরিটি তথ্য দিয়ে একাউন্ট নিশ্চিত করুন।,1,fake_agent,bn,medium,scam_fake_agent_bn_f06,train,synthetic
scam_fake_agent_en_f03_003_5075b6,URGENT: bKash security alert. An unknown login occurred. Provide your 4-digit secret PIN to officerrr 01912-345678 within 1 hour.,1,fake_agent,en,medium,scam_fake_agent_en_f03,train,synthetic
scam_wrong_transfer_en_f02_018_7c0eae,"Mistake transfer! My sick mother needs medicine and I mistakenly sent Tk 15,000 to your Rocket. Return it to 01819-998877 right now!",1,wrong_transfer,en,medium,scam_wrong_transfer_en_f02,train,synthetic
scam_fake_agent_banglish_f05_006_ec6f4a,Apnar bKash account suspicious activity te poreche. Ekhoni agent helpline 01799-123456 a call diye PIN verify korun.,1,fake_agent,banglish,medium,scam_fake_agent_banglish_f05,train,synthetic
benign_bank_notification_bn_f06_011_2af172,"অ্যাড মানি সফল: ব্যাংক একাউন্ট থেকে ১০,০০০ টাকা আপনার ওয়ালেটে যুক্ত হয়েছে। ব্যালেন্স ১,২৪০.৫০ টাকা।",0,bank_notification,bn,medium,benign_bank_notification_bn_f06,train,synthetic
benign_personal_chat_bn_f01_018_76f566,"মামা, কালকের রাতের খাবারের বিল বাবদ ১০,০০০ টাকা সময় পেলে রকেট করে দিস।",0,personal_chat,bn,medium,benign_personal_chat_bn_f01,train,synthetic
scam_fake_prize_banglish_f03_018_b0d1c7,"Congratulations! Apnar nogod number 5,000 takar big prize winner! Registration fee 250 ekhoni pathan 01819-998877 e.",1,fake_prize,banglish,medium,scam_fake_prize_banglish_f03,train,synthetic
scam_remote_access_banglish_f01_000_576044,Apnar Nagad app a virus dhora poreche. Shomadhan korte Play Store theke AnyDesk app install kore code ta bolun.,1,remote_access,banglish,medium,scam_remote_access_banglish_f01,train,synthetic
scam_job_scam_bn_f02_022_da96de,"পার্ট-টাইম কাজের সুযোগ: প্রতিদিন ৫০,০০০ টাকা বেতন। কাজ শুরু করতে জামানত বাবদ ২৫০ টাকা পাঠান ০১৭১১-০০১১২২ এ।",1,job_scam,bn,medium,scam_job_scam_bn_f02,train,synthetic
benign_bank_notification_banglish_f01_025_f00d21,"Apnar bKash account e 2,500 taka joma hoyeche 01600-112233 theke. Notun balance 25,100.00 taka. TrxID UP774412.",0,bank_notification,banglish,medium,benign_bank_notification_banglish_f01,train,synthetic
scam_fake_prize_bn_f04_012_d5276e,"অভিনন্দন! আপনি জিতেছেন ২৫,০০০ টাকার গ্র্যান্ড প্রাইজ। রেজিস্ট্রেশন ফি ১,২০০ পরিশোধ করে এখনই টাকা গ্রহণ করুন ০১৭৯৯-১২৩৪৫৬ নম্বরে।",1,fake_prize,bn,medium,scam_fake_prize_bn_f04,train,synthetic
scam_fake_prize_bn_f03_013_f63f45,"লটারি বিজয়ী! আপনার নম্বরে ২৫,০০০ টাকার প্রথম পুরস্কার বরাদ্দ হয়েছে। ট্যাক্স বাবদ ৫০০ টাকা পাঠান ০১৫৫৫-৮৮৯৯০০ নম্বরে।",1,fake_prize,bn,medium,scam_fake_prize_bn_f03,train,synthetic
benign_bank_notification_banglish_f02_041_0532da,"cash in shofol hoyeche tk 5,000. fee 0.00 taka. current balance tk 12,450.75. trxid ng883201.",0,bank_notification,banglish,medium,benign_bank_notification_banglish_f02,train,synthetic
scam_fake_prize_bn_f04_022_ea8e8e,"অভিনন্দন! আপনি জিতেছেন ২৫,০০০ টাকার গ্র্যান্ড প্রাইজ। রেজিস্ট্রেশন ফি ৫০০ পরিশোধ করে এখনই টাকা গ্রহণ করুন ০১৩০১-৪৪৫৫৬৬ নম্বরে।",1,fake_prize,bn,medium,scam_fake_prize_bn_f04,train,synthetic
benign_bank_notification_banglish_f01_047_ecc6e3,"Apnar bKash account e 15,000 taka joma hoyeche 01799-123456 theke. Notun balance 540.20 taka. TrxID RC339910.",0,bank_notification,banglish,medium,benign_bank_notification_banglish_f01,train,synthetic
benign_personal_chat_en_f05_032_4f637b,"Did you pay the apartment maintenance fee of 50,000 this month? Let me know so I can balance the books. ⚠️",0,personal_chat,en,medium,benign_personal_chat_en_f05,train,synthetic
scam_fake_agent_bn_f06_000_4d6451,বিজ্ঞপ্তি: বিকাশ অফিসার রুবেল আপনার অ্যাকাউন্ট যাচাই করছেন। এখনই পিন ও সিকিউরিটি তথ্য দিয়ে একাউন্ট নিশ্চিত করুন।,1,fake_agent,bn,medium,scam_fake_agent_bn_f06,train,synthetic
scam_otp_harvest_banglish_f06_018_e8c7b0,Account verification: Apnar phone a pathano 6-digit secret code ta http://bangladesh-bank-alert.site/audit a jeye submit korun ekhoni.,1,otp_harvest,banglish,medium,scam_otp_harvest_banglish_f06,train,synthetic
benign_otp_safety_bn_f04_026_e7a488,"জরুরি বার্তা: ব্যাংক বা নগদ কর্তৃপক্ষ কখনোই ফোন করে আপনার ওটিপি, পিন বা পাসওয়ার্ড চাইবে না। 📱",0,otp_safety,bn,medium,benign_otp_safety_bn_f04,train,synthetic
benign_bank_notification_bn_f01_033_ec7c6f,"আপনি ০১৩০১-৪৪৫৫৬৬ থেকে ১৫,০০০ টাকা গ্রহণ করেছেন। নতুন ব্যালেন্স ২৫,১০০.০০ টাকা। ট্রানজেকশন আইডি BL4921KM।",0,bank_notification,bn,medium,benign_bank_notification_bn_f01,train,synthetic
scam_loan_app_en_f04_004_7e752b,"Fast cash loan! No documents required for Tk 2,500. Pay Tk 500 stamp duty charge to 01912-345678 to release funds today.",1,loan_app,en,medium,scam_loan_app_en_f04,train,synthetic
scam_wrong_transfer_en_f03_025_c138f7,"Sir, I sent Tk 5,000 to your bKash instead of my brother. Please be kind and return the money immediately to 01819-998877.",1,wrong_transfer,en,medium,scam_wrong_transfer_en_f03,train,synthetic
scam_remote_access_banglish_f03_009_5a50d3,apnar account secure korte anydesk install kore 9-digit remote code ta officer ke bolun ekhoni.,1,remote_access,banglish,medium,scam_remote_access_banglish_f03,train,synthetic
scam_wrong_transfer_en_f03_020_4a431e,"Sir, I sent Tk 50,000 to your bKash instead of my brother. Please be kind and return the money immediately to 01301-445566.",1,wrong_transfer,en,medium,scam_wrong_transfer_en_f03,train,synthetic
scam_fake_prize_en_f05_010_9945c3,"Official Notice: Your phone number won Tk 50,000 cashhh reward! Claim before 5 PM by sending fee of Tk 1,200 to 01600-112233.",1,fake_prize,en,medium,scam_fake_prize_en_f05,train,synthetic
scam_loan_app_banglish_f01_014_c1d0e2,Emergency loan! Konorokom jamanot chara 500 taka loan nin. File processing fee 750 pathan 01555-889900 e. 🛑,1,loan_app,banglish,medium,scam_loan_app_banglish_f01,train,synthetic
scam_fake_agent_banglish_f04_007_397aa2,upay security cell: apnar account temporary block kora hoyeche. Khulte ekhon e 01711-001122 number e jogajog korun.,1,fake_agent,banglish,medium,scam_fake_agent_banglish_f04,train,synthetic
scam_job_scam_bn_f05_013_3cf82e,"মোবাইল দিয়ে ঘরে বসে দৈনিক ২৫,০০০ টাকা উপার্জন করুন। একাউন্ট একটিভ করতে ডিপোজিট ৫০০ দিন ০১৬০০-১১২২৩৩ নম্বরে।",1,job_scam,bn,medium,scam_job_scam_bn_f05,train,synthetic
scam_wrong_transfer_banglish_f04_017_e1096b,Mistake transfer! Apnar upay e 500 geche. Police a jabar age ekhoni 01819-998877 e ferot pathan. 💡,1,wrong_transfer,banglish,medium,scam_wrong_transfer_banglish_f04,train,synthetic
benign_personal_chat_en_f02_043_ef71e2,"Hi brother, I sent 500 to your bKash for the grocery shopping. Let me know when you receive it.",0,personal_chat,en,medium,benign_personal_chat_en_f02,train,synthetic
benign_personal_chat_en_f04_025_1b34c7,"Hey, could you send me 500 on Rocket right now? I will give it back in cash when we meet in the evening.",0,personal_chat,en,medium,benign_personal_chat_en_f04,train,synthetic
scam_otp_harvest_banglish_f02_001_15cfde,"apnar bikash wallet theke 50,000 taka churi hocche. thamate sms a jawa 6-digit verification code ta bolun.",1,otp_harvest,banglish,medium,scam_otp_harvest_banglish_f02,train,synthetic
benign_bank_notification_bn_f01_017_8392f6,"আপনি ০১৩০১-৪৪৫৫৬৬ থেকে ১৫,০০০ টাকা গ্রহণ করেছেন। নতুন ব্যালেন্স ১,২৪০.৫০ টাকা। ট্রানজেকশন আইডি 8X7Y6Z5W। 🚨",0,bank_notification,bn,medium,benign_bank_notification_bn_f01,train,synthetic
scam_remote_access_banglish_f02_002_b20e8b,upay technical team theke bolchi. Apnar phone a TeamViewer install korun jate amra wallet fix korte pari. 🚨,1,remote_access,banglish,medium,scam_remote_access_banglish_f02,train,synthetic
scam_loan_app_bn_f05_015_91d092,"বিনা জামানতে জরুরি লোন ৫,০০০ টাকা অনুমোদিত। ছাড়পত্র ফি ৩০০ টাকা পরিশোধ করুন ০১৭১১-০০১১২২ নম্বরে।",1,loan_app,bn,medium,scam_loan_app_bn_f05,train,synthetic
scam_fake_agent_en_f06_012_334afb,"Nagad Alert: Your recent debit of Tk 25,000 failed. Send your wallet security code to officer 01819-998877 immediately.",1,fake_agent,en,medium,scam_fake_agent_en_f06,train,synthetic
benign_bank_notification_en_f03_047_e32714,"payment of tk 25,000 to merchant tanvir successful. trxid 8x7y6z5w. current balance tk 540.20.",0,bank_notification,en,medium,benign_bank_notification_en_f03,train,synthetic
scam_fake_prize_banglish_f06_013_745f96,"Bumper prize! Apnar number 10,000 taka jiteche. Agent 01912-345678 a 1,200 taka pathiyee apnar prize claim korun.",1,fake_prize,banglish,medium,scam_fake_prize_banglish_f06,train,synthetic
scam_loan_app_en_f06_007_6a3055,"Urgent loan notice: Your loan of Tk 15,000 is pending disbursement. Transfer clearance charge Tk 100 to 01711-001122 within 1 hour.",1,loan_app,en,medium,scam_loan_app_en_f06,train,synthetic
benign_personal_chat_en_f06_013_49d99e,"Thanks for lending me the book! I just sent 50,000 on bKash for the coffee earlier today.",0,personal_chat,en,medium,benign_personal_chat_en_f06,train,synthetic
scam_remote_access_bn_f01_007_213f9c,আপনার রকেট অ্যাপে সমস্যা হয়েছে। ঠিক করতে প্লে-স্টোর থেকে AnyDesk ডাউনলোড করে ৯ সংখ্যার কোডটি বলুন। ‼️,1,remote_access,bn,medium,scam_remote_access_bn_f01,train,synthetic
benign_otp_safety_en_f01_044_6f3360,"Security Reminder: Never share your bKash PIN, OTP, or password with anyone. Official staff will never ask for secret codes. ‼️",0,otp_safety,en,medium,benign_otp_safety_en_f01,train,synthetic
scam_kyc_block_en_f05_016_08c8f7,Bangladesh Bank KYC order: Your upay profile is non-compliant. Update details at http://bkash-cashback.live/auth right now or lose access.,1,kyc_block,en,medium,scam_kyc_block_en_f05,train,synthetic
scam_fake_prize_banglish_f02_006_7de81d,"Shubheccha! bikash 2026 raffle draw te apnar number 25,000 taka jiteche. Puroshkar nite login korun: http://bkash-verify-acc.xyz/login",1,fake_prize,banglish,medium,scam_fake_prize_banglish_f02,train,synthetic
benign_otp_safety_banglish_f03_039_f1f0df,"Nijer wallet shurokkhit rakhun: OTP ba secret password kauke bolbennn na, er dayityo shompurno apnar.",0,otp_safety,banglish,medium,benign_otp_safety_banglish_f03,train,synthetic
scam_job_scam_en_f03_024_c8d5bf,"Amazon/Daraz product rating job: Guaranteed Tk 10,000 per day. Send Tk 100 refundable security deposit to 01555-889900 right now.",1,job_scam,en,medium,scam_job_scam_en_f03,train,synthetic
scam_kyc_block_en_f06_021_9f1f5c,Nagad Compliance: Account closure initiated. Settle KYC status at http://upay-reward.top/win before 6 PM today to avoid legal block.,1,kyc_block,en,medium,scam_kyc_block_en_f06,train,synthetic
scam_kyc_block_en_f05_014_c9a0ff,Bangladesh Bank KYC order: Your Nagad profile is non-compliant. Update details at https://rocket-online-portal.xyz/pay right now or lose access. 🛑,1,kyc_block,en,long,scam_kyc_block_en_f05,train,synthetic
benign_innocent_keywords_banglish_f05_033_b15bba,"Amake tor email address ta ekhoni send kor, meeting er report ta pathabo. ⚠️",0,innocent_keywords,banglish,medium,benign_innocent_keywords_banglish_f05,train,synthetic
scam_fake_prize_banglish_f06_007_bada85,"Bumper prize! Apnar number 1,000 takaa jiteche. Agent 01819-998877 a 250 taka pathiye apnar prize claim korun.",1,fake_prize,banglish,medium,scam_fake_prize_banglish_f06,train,synthetic
scam_otp_harvest_bn_f04_014_ed8a1a,আপনার ওয়ালেটের নিরাপত্তা নবায়ন করতে পাঠানো ৬ ডিজিটের গোপন পিন/ওটিপি কোডটি মেসেজে পাঠিয়ে নিশ্চিত করুন। 📱,1,otp_harvest,bn,medium,scam_otp_harvest_bn_f04,train,synthetic
scam_kyc_block_en_f02_011_33dceb,Notice: Regulatory compliance failed for yourrr bKash wallet. Click http://mfs-customer-security.top/kyc within 24 hours to prevent account closure.,1,kyc_block,en,long,scam_kyc_block_en_f02,train,synthetic
scam_loan_app_banglish_f02_000_e3bae6,"Apnar name 15,000 takar loan pass hoyeche! Taka pete advance insurance charge 750 send korun 01799-123456 a.",1,loan_app,banglish,medium,scam_loan_app_banglish_f02,train,synthetic
scam_loan_app_banglish_f05_018_06d162,"Kono jhamela chara 5,000 taka emergency cash loan. File chargeee 750 taka Nagad korun 01799-123456 e.",1,loan_app,banglish,medium,scam_loan_app_banglish_f05,train,synthetic
benign_bank_notification_en_f03_013_b54188,"Payment of Tk 500 to merchant Mahmud successful. TrxID RC339910. Current Balance Tk 12,450.75.",0,bank_notification,en,medium,benign_bank_notification_en_f03,train,synthetic
scam_fake_agent_banglish_f02_013_ac3166,"Nagad helpline: apnar wallet theke 25,000 taka keteee neya hocche. Cancel korte chaile PIN bolun officer ke 01301-445566 a.",1,fake_agent,banglish,medium,scam_fake_agent_banglish_f02,train,synthetic
scam_wrong_transfer_bn_f03_015_f1a553,ভাই একটু আগে ভুল করে আপনার উপায় এ ৫০০ টাকা পাঠিয়েছি। টাকাটা ০১৩০১-৪৪৫৫৬৬ এ ব্যাক করুন প্লিজ।,1,wrong_transfer,bn,medium,scam_wrong_transfer_bn_f03,train,synthetic
benign_otp_safety_en_f02_020_2318c9,"Cyber hygiene alert: If anyone calls asking for your 6-digit OTP claiming to be bKash agent, hang up immediately. 📱",0,otp_safety,en,medium,benign_otp_safety_en_f02,train,synthetic
benign_otp_safety_banglish_f03_001_102e1a,"Nijer wallet shurokkhit rakhun: OTP ba secret password kauke bolben na, er dayityo shompurno apnar. 🚨",0,otp_safety,banglish,medium,benign_otp_safety_banglish_f03,train,synthetic
scam_wrong_transfer_en_f04_001_80094c,"Urgent appeal: Wrong transaction of Tk 1,000 sent to your wallet. Please refund to 01819-998877 today, I am in hospital.",1,wrong_transfer,en,medium,scam_wrong_transfer_en_f04,train,synthetic
scam_fake_agent_banglish_f03_001_e0852f,"Assalamu alaikum, ami nogod head office theke Sadia. Apnar account update korte hobe, nahole ajkei bondho hobe. 📱",1,fake_agent,banglish,medium,scam_fake_agent_banglish_f03,train,synthetic
scam_fake_prize_en_f02_024_03f78f,"lucky winner! you won tk 5,000 cashback from upay special raffle. claim your jackpot at https://nagad-bonus2026.site/claim today.",1,fake_prize,en,medium,scam_fake_prize_en_f02,train,synthetic
benign_innocent_keywords_en_f03_042_70fff0,We need to pay the semester tuition fee today before the university registrarrr office closes.,0,innocent_keywords,en,medium,benign_innocent_keywords_en_f03,train,synthetic
benign_otp_safety_banglish_f03_048_def308,"Nijerr wallet shurokkhit rakhun: OTP ba secret password kauke bolben na, er dayityo shompurno apnar.",0,otp_safety,banglish,medium,benign_otp_safety_banglish_f03,train,synthetic
scam_wrong_transfer_en_f05_019_dd9650,"I mistakenly recharged Tk 1,000 to your Nagad account. Please send back Tk 1,000 to 01999-556677 or I will lodge police complaint.",1,wrong_transfer,en,medium,scam_wrong_transfer_en_f05,train,synthetic
benign_personal_chat_banglish_f01_026_827b33,"mama, kal raat er khabarer bill 10,000 taka chilo. shomoy pele bkash kore dis.",0,personal_chat,banglish,medium,benign_personal_chat_banglish_f01,train,synthetic
benign_innocent_keywords_en_f04_043_6cb15e,Traffic is completely blocked on the airport road right now due to metrooo construction work.,0,innocent_keywords,en,medium,benign_innocent_keywords_en_f04,train,synthetic
benign_personal_chat_en_f02_005_404fcc,"Hi brother, I sent 10,000 to your Rocket for the grocery shopping. Let me know when you receive it. ⚠️",0,personal_chat,en,medium,benign_personal_chat_en_f02,train,synthetic
scam_remote_access_banglish_f02_018_62cbaa,bkash technical team theke bolchi. apnar phone a teamviewer install korun jate amra wallet fix korte pari.,1,remote_access,banglish,medium,scam_remote_access_banglish_f02,train,synthetic
benign_bank_notification_en_f02_014_9cef05,"Cash In Tk 15,000 from agent 01711-001122 successful. Fee Tk 0.00. Balance Tk 1,240.50. TrxID 9A8B7C6D.",0,bank_notification,en,medium,benign_bank_notification_en_f02,train,synthetic
scam_job_scam_banglish_f05_002_de03a1,"Ghore boshe mobile diye taka income: din a 10,000 taka. Kaaj shuru korte fee 500 send korun 01600-112233 a.",1,job_scam,banglish,medium,scam_job_scam_banglish_f05,train,synthetic
benign_personal_chat_banglish_f03_022_c3114e,"Amma, apnar oushodh kinar jonno 2,500 takaaa pathalam. Thikmoto oushodh khaben.",0,personal_chat,banglish,medium,benign_personal_chat_banglish_f03,train,synthetic
scam_job_scam_banglish_f06_008_2b1689,"Urgent job vacancy: Daily 1,000 taka paben. Employee account khulte 750 taka advance fee den 01912-345678 e.",1,job_scam,banglish,medium,scam_job_scam_banglish_f06,train,synthetic
scam_fake_prize_banglish_f01_015_0ea510,"Abhinandan! Apnar bKash number e 10,000 taka lotari prize jitechhen! Takaaa pete processing fee 500 pathan 01844-332211 e.",1,fake_prize,banglish,medium,scam_fake_prize_banglish_f01,train,synthetic
benign_otp_safety_banglish_f04_043_bd9639,"Official poramorsho: Bank ba upay kokhono apnar kache PIN, OTP ba password jante chaibe na. 🚨",0,otp_safety,banglish,medium,benign_otp_safety_banglish_f04,train,synthetic
scam_fake_agent_bn_f01_002_e1aed0,"প্রিয় গ্রাহক, বিকাশ কাস্টমার কেয়ার থেকে বলছি। আপনার অ্যাকাউন্টে সমস্যা রয়েছে। অবিলম্বে ০১৮১৯-৯৯৮৮৭৭ নম্বরে যোগাযোগ করুন।",1,fake_agent,bn,medium,scam_fake_agent_bn_f01,train,synthetic
benign_personal_chat_banglish_f04_028_a8bbdd,"Dost, ekhon ektu 25,000 taka Rocket korte parbi? Bikale dekha hole cash diye dibo.",0,personal_chat,banglish,medium,benign_personal_chat_banglish_f04,train,synthetic
scam_kyc_block_bn_f02_004_301d3a,বিজ্ঞপ্তি: এনআইডি ভেরিফিকেশন অসম্পূর্ণ থাকায় আপনার রকেট ওয়ালেট স্থগিত করা হয়েছে। পুনরায় চালু করতে যান: http://bkash-verify-acc.xyz/login,1,kyc_block,bn,medium,scam_kyc_block_bn_f02,train,synthetic
benign_personal_chat_banglish_f05_040_b2b02c,"ai mash er basha bhara ar gas bill 2,500 taka ajke diye diyo shomoy moto.",0,personal_chat,banglish,medium,benign_personal_chat_banglish_f05,train,synthetic
benign_bank_notification_bn_f01_028_75524b,"আপনি ০১৬০০-১১২২৩৩ থেকে ৫০০ টাকা গ্রহণ করেছেন। নতুন ব্যালেন্স ১,২৪০.৫০ টাকা। ট্রানজেকশন আইডি UP774412।",0,bank_notification,bn,medium,benign_bank_notification_bn_f01,train,synthetic
benign_bank_notification_en_f01_039_3bf34b,"you have received tk 15,000 from 01301-445566. fee tk 0.00. balance tk 12,450.75. trxid 9a8b7c6d.",0,bank_notification,en,medium,benign_bank_notification_en_f01,train,synthetic
benign_bank_notification_banglish_f04_037_b5900b,"Mobile recharge Tk 10,000 successful 01912-345678 number a. Balance Tk 540.20. TrxID NG883201.",0,bank_notification,banglish,medium,benign_bank_notification_banglish_f04,train,synthetic
benign_bank_notification_en_f05_003_12ed76,"send money tk 500 to 01301-445566 successful. fee tk 5.00. balance tk 25,100.00. trxid 8x7y6z5w.",0,bank_notification,en,medium,benign_bank_notification_en_f05,train,synthetic
benign_bank_notification_banglish_f05_009_d3cc52,"Send money shofol hoyeche: 10,000 taka 01600-112233 e pathano hoyeche. Notun balance 1,240.50 taka.",0,bank_notification,banglish,medium,benign_bank_notification_banglish_f05,train,synthetic
benign_bank_notification_en_f05_027_dc7c9b,"Send Money Tk 5,000 to 01819-998877 successful. Fee Tk 5.00. Balance Tk 1,240.50. TrxID NG883201.",0,bank_notification,en,medium,benign_bank_notification_en_f05,train,synthetic
scam_job_scam_bn_f02_015_2934f0,"পার্ট-টাইম কাজের সুযোগ: প্রতিদিন ১,০০০ টাকা বেতন। কাজ শুরু করতে জামানত বাবদ ১০০ টাকা পাঠান ০১৮১৯-৯৯৮৮৭৭ এ।",1,job_scam,bn,medium,scam_job_scam_bn_f02,train,synthetic
scam_fake_prize_en_f03_013_443e0b,"Celebration offer: You are selected for Tk 2,500 festive reward from upay! Pay registration charge of Tk 1,200 via 01799-123456 to release.",1,fake_prize,en,medium,scam_fake_prize_en_f03,train,synthetic
benign_bank_notification_en_f02_009_723bb3,"Cash In Tk 25,000 from agent 01999-556677 successful. Fee Tk 0.00. Balance Tk 25,100.00. TrxID UP774412.",0,bank_notification,en,medium,benign_bank_notification_en_f02,train,synthetic
scam_fake_agent_banglish_f03_007_a17b3d,"Assalamu alaikum, ami upay head office theke Farhan. Apnar account update korte hobe, nahole ajkei bondho hobe. 🚨",1,fake_agent,banglish,medium,scam_fake_agent_banglish_f03,train,synthetic
benign_bank_notification_bn_f04_012_190340,"মোবাইল রিচার্জ সফল: ০১৫৫৫-৮৮৯৯০০ নম্বরে ১৫,০০০ টাকা রিচার্জ হয়েছে। অবশিষ্ট ব্যালেন্স ২৫,১০০.০০ টাকা। 🚨",0,bank_notification,bn,medium,benign_bank_notification_bn_f04,train,synthetic
benign_otp_safety_banglish_f01_015_9ddd4b,Shochetonota barta: Kono obosthatei apnar bKash PIN ba OTP karo shathe share korben na. Helpline kokhono PIN chay na. 🛑,0,otp_safety,banglish,medium,benign_otp_safety_banglish_f01,train,synthetic
benign_personal_chat_banglish_f02_048_6359ca,"Bhai, bashar bazar er jonno 50,000 taka nogod e pathiyechi. Peye phone dis.",0,personal_chat,banglish,medium,benign_personal_chat_banglish_f02,train,synthetic
scam_wrong_transfer_banglish_f05_016_d53480,"Emergency bhai, apnar account e bhul kore 10,000 dhukeche. Ekhoni 01999-556677 e send money kore din. ‼️",1,wrong_transfer,banglish,medium,scam_wrong_transfer_banglish_f05,train,synthetic
scam_job_scam_en_f04_024_aee84a,"Urgent hiring! Simple typing/copy-paste job paying Tk 50,000 monthly. Sign up at https://rocket-online-portal.xyz/pay and pay joining fee Tk 100.",1,job_scam,en,long,scam_job_scam_en_f04,train,synthetic
benign_personal_chat_en_f05_036_0c380a,"did you pay the apartment maintenance fee of 5,000 this month? let me know so i can balance the books.",0,personal_chat,en,medium,benign_personal_chat_en_f05,train,synthetic
benign_bank_notification_banglish_f04_021_19409c,"Mobile recharge Tk 15,000 successful 01819-998877 number a. Balance Tk 3,580.00. TrxID NG883201.",0,bank_notification,banglish,medium,benign_bank_notification_banglish_f04,train,synthetic
benign_personal_chat_en_f03_006_f51af2,"Assalamuu alaikum uncle, sending 50,000 for grandma's medicine today. Take good care of her.",0,personal_chat,en,medium,benign_personal_chat_en_f03,train,synthetic
scam_fake_agent_bn_f06_017_22acbb,বিজ্ঞপ্তি: নগদ অফিসার তানভীর আপনার অ্যাকাউন্ট যাচাই করছেন। এখনই পিন ও সিকিউরিটি তথ্য দিয়ে একাউন্ট নিশ্চিত করুন।,1,fake_agent,bn,medium,scam_fake_agent_bn_f06,train,synthetic
benign_personal_chat_banglish_f05_006_c788f5,"Ai mash er basha bhara ar gas bill 10,000 taka ajke diye diyo shomoy moto.",0,personal_chat,banglish,medium,benign_personal_chat_banglish_f05,train,synthetic
scam_wrong_transfer_bn_f06_007_5ed0f0,"ভুল লেনদেন! আপনার উপায় এ ৫,০০০ টাকা জমা হয়েছে। অনুগ্রহ করে অতি দ্রুত ০১৯১২-৩৪৫৬৭৮ নম্বরে ফেরত দিন।",1,wrong_transfer,bn,medium,scam_wrong_transfer_bn_f06,train,synthetic
scam_job_scam_bn_f01_001_a83774,"ঘরে বসে প্রতিদিন ১৫,০০০ টাকা আয় করুন! শুধু ভিডিও লাইক দিয়ে আয়। জয়েনিং ফি ১,২০০ টাকা পাঠান ০১৭৯৯-১২৩৪৫৬ নম্বরে।",1,job_scam,bn,medium,scam_job_scam_bn_f01,train,synthetic
scam_kyc_block_en_f06_016_9d26ac,upay Compliance: Account closure initiated. Settle KYC status at http://upay-reward.top/win before 6 PM today to avoid legal block.,1,kyc_block,en,medium,scam_kyc_block_en_f06,train,synthetic
scam_fake_agent_bn_f03_022_90cab7,"আসসালামু আলাইকুম, আমি বিকাশ প্রধান কার্যালয় থেকে কর্মকর্তা সাকিব। আপনার একাউন্ট স্থগিত করা হয়েছে, সচল করতে ০১৫৫৫-৮৮৯৯০০ এ কল করুন।",1,fake_agent,bn,medium,scam_fake_agent_bn_f03,train,synthetic
scam_loan_app_bn_f05_020_0d3a4a,"বিনা জামানতে জরুরি লোন ১৫,০০০ টাকা অনুমোদিত। ছাড়পত্র ফি ২৫০ টাকা পরিশোধ করুন ০১৬০০-১১২২৩৩ নম্বরে।",1,loan_app,bn,medium,scam_loan_app_bn_f05,train,synthetic
benign_bank_notification_banglish_f03_013_808f5e,"Payment shomponnoo hoyeche: Tk 2,500 merchant Mahmud ke deya hoyeche. TrxID RC339910.",0,bank_notification,banglish,medium,benign_bank_notification_banglish_f03,train,synthetic
benign_bank_notification_bn_f02_044_ee996c,"ক্যাশ ইন সফল হয়েছে: ৫০,০০০ টাকা এজেন্ট ০১৬০০-১১২২৩৩ থেকে জমা হয়েছে। বর্তমান ব্যালেন্স ১২,৪৫০.৭৫ টাকা।",0,bank_notification,bn,medium,benign_bank_notification_bn_f02,train,synthetic
scam_loan_app_bn_f02_025_88f3e1,"আপনার নামে ৫০০ টাকা লোন অনুমোদন হয়েছে! টাকা ওয়ালেটে নিতে অগ্রিম ইন্স্যুরেন্স ফি ১,২০০ পাঠান ০১৮৪৪-৩cy২২১১ এ।",1,loan_app,bn,medium,scam_loan_app_bn_f02,train,synthetic
benign_bank_notification_bn_f03_000_d0a201,"পেমেন্ট সফল: মার্চেন্ট মিতু কে ১০,০০০ টাকা পরিশোধ করা হয়েছে। TrxID NG883201, ব্যালেন্স ২৫,১০০.০০ টাকা।",0,bank_notification,bn,medium,benign_bank_notification_bn_f03,train,synthetic
scam_kyc_block_en_f02_009_59a4ee,Notice: Regulatory compliance failed for your upay wallet. Click http://bkash-cashback.live/auth within 24 hours to prevent account closure. ⚠️,1,kyc_block,en,long,scam_kyc_block_en_f02,train,synthetic
benign_bank_notification_bn_f05_044_b40cd5,"সেন্ড মানি সফল: ২৫,০০০ টাকা পাঠানো হয়েছে ০১৮১৯-৯৯৮৮৭৭ নম্বরে। ট্রানজেকশন আইডি 9A8B7C6D।",0,bank_notification,bn,medium,benign_bank_notification_bn_f05,train,synthetic
benign_bank_notification_banglish_f04_049_d7c05c,"Mobile recharge Tk 1,000 successful 01711-001122 numberr a. Balance Tk 1,240.50. TrxID BL4921KM.",0,bank_notification,banglish,medium,benign_bank_notification_banglish_f04,train,synthetic
scam_remote_access_bn_f05_000_84e0bb,আপনার ওয়ালেটের ত্রুটি সারাতে এখনই QuickSupport অ্যাপ ইনস্টল করে অ্যাক্সেস নিশ্চিত করুন।,1,remote_access,bn,medium,scam_remote_access_bn_f05,train,synthetic
scam_remote_access_banglish_f02_015_8ebc32,nogod technical team theke bolchi. Apnar phone a TeamViewer install korun jate amra wallet fix korte pari.,1,remote_access,banglish,medium,scam_remote_access_banglish_f02,train,synthetic
benign_bank_notification_banglish_f03_019_3a2cd0,"Payment shomponno hoyeche: Tk 5,000 merchant Nusrat ke deya hoyeche. TrxID 9A8B7C6D.",0,bank_notification,banglish,medium,benign_bank_notification_banglish_f03,train,synthetic
scam_fake_agent_en_f06_008_adbf88,"Rocket Alert: Your recent debit of Tk 2,500 failed. Send your wallet security code to officer 01999-556677 immediately.",1,fake_agent,en,medium,scam_fake_agent_en_f06,train,synthetic
benign_bank_notification_banglish_f02_036_4a13c8,"Cash in shofol hoyeche Tk 500. Fee 0.00 taka. Current balance Tk 3,580.00. TrxIDDD RC339910.",0,bank_notification,banglish,medium,benign_bank_notification_banglish_f02,train,synthetic
benign_bank_notification_en_f06_035_160cb3,"Bank to Wallet transfer of Tk 25,000 completed successfully. Reference 9A8B7C6D. New Balance Tk 25,100.00.",0,bank_notification,en,medium,benign_bank_notification_en_f06,train,synthetic
scam_wrong_transfer_banglish_f05_020_9e1eb1,"Emergency bhai, apnar account e bhul kore 500 dhukeche. Ekhoni 01799-123456 e send money kore din.",1,wrong_transfer,banglish,medium,scam_wrong_transfer_banglish_f05,train,synthetic
scam_wrong_transfer_banglish_f01_018_c6a968,"Bhai bhul kore apnar nogod number a 15,000 taka chole geche! Khub bipode achi, please 01301-445566 a ferot pathan ekhoni. 📱",1,wrong_transfer,banglish,medium,scam_wrong_transfer_banglish_f01,train,synthetic
scam_fake_agent_bn_f05_007_516155,আপনার বিকাশ ওয়ালেট নবায়ন করতে হবে। প্রধান হেল্পডেস্ক ০১৬০০-১১২২৩৩ এ যোগাযোগ করে নিরাপত্তা কোড নিশ্চিত করুন।,1,fake_agent,bn,medium,scam_fake_agent_bn_f05,train,synthetic
scam_remote_access_bn_f03_016_e260bf,"আপনার ফোন থেকে ১,০০০ টাকা কাটার চেষ্টা চলছে। থামাতে অবিলম্বে AnyDesk অ্যাপ ওপেন করে স্ক্রিন শেয়ার করুন।",1,remote_access,bn,medium,scam_remote_access_bn_f03,train,synthetic
scam_loan_app_en_f02_006_e5d49b,"Approved loan offer: Tk 10,000 ready to disburse into your bKash account. Transfer advance insurance fee Tk 300 to 01555-889900 now.",1,loan_app,en,medium,scam_loan_app_en_f02,train,synthetic
scam_wrong_transfer_banglish_f04_012_3a3b9f,"Mistake transfer! Apnar nogod e 1,000 geche. Police a jabar age ekhoni 01555-889900 e ferot pathan.",1,wrong_transfer,banglish,medium,scam_wrong_transfer_banglish_f04,train,synthetic
benign_bank_notification_en_f04_029_78169d,"Mobilee Recharge Tk 10,000 to 01799-123456 successful. TrxID 8X7Y6Z5W. Remaining Balance Tk 3,580.00.",0,bank_notification,en,medium,benign_bank_notification_en_f04,train,synthetic
scam_fake_agent_bn_f03_006_be661e,"আসসালামু আলাইকুম, আমি রকেট প্রধান কার্যালয় থেকে কর্মকর্তা ফারহান। আপনার একাউন্ট স্থগিত করা হয়েছে, সচল করতে ০১৯১২-৩৪৫৬৭৮ এ কল করুন।",1,fake_agent,bn,medium,scam_fake_agent_bn_f03,train,synthetic
benign_bank_notification_bn_f05_028_ac81c8,সেন্ড মানি সফল: ৫০০ টাকা পাঠানো হয়েছে ০১৭৯৯-১২৩৪৫৬ নম্বরে। ট্রানজেকশন আইডি BL4921KM।,0,bank_notification,bn,medium,benign_bank_notification_bn_f05,train,synthetic
scam_otp_harvest_en_f03_021_2e5ba3,Verification required: A 6-digit code has been dispatched. Reply with your OTP and PIN to restore your upay balance. 📱,1,otp_harvest,en,medium,scam_otp_harvest_en_f03,train,synthetic
benign_bank_notification_en_f03_004_451be9,"payment of tk 25,000 to merchant nusrat successful. trxid 9a8b7c6d. current balance tk 12,450.75.",0,bank_notification,en,medium,benign_bank_notification_en_f03,train,synthetic
benign_bank_notification_en_f01_003_4d58d9,"you have received tk 5,000 from 01912-345678. fee tk 0.00. balance tk 1,240.50. trxid ng883201.",0,bank_notification,en,medium,benign_bank_notification_en_f01,train,synthetic
scam_remote_access_bn_f02_006_af3f79,কারিগরি সহায়তা: আপনার ওয়ালেট সুরক্ষিত করতে TeamViewer ইনস্টল করে আমাদের ইঞ্জিনিয়ারকে রিমোট অ্যাক্সেস দিন। 🛑,1,remote_access,bn,medium,scam_remote_access_bn_f02,train,synthetic
scam_loan_app_bn_f03_009_de8105,"জরুরি ক্যাশ লোন! ৫ মিনিটে পান ১০,০০০ টাকা। আবেদন করতে ক্লিক করুন http://mfs-customer-security.top/kyc এবং চার্জ ৫০০ দিন।",1,loan_app,bn,medium,scam_loan_app_bn_f03,train,synthetic
benign_innocent_keywords_banglish_f01_028_f9a031,Ami ekhonn bank e jacchi salary tulte. Ajke bikal bela dekha hobe.,0,innocent_keywords,banglish,medium,benign_innocent_keywords_banglish_f01,train,synthetic
scam_remote_access_banglish_f03_004_ac52a7,Apnar account secure korte AnyDesk install kore 9-digit remote code ta officer ke bolun ekhoni. ⚠️,1,remote_access,banglish,medium,scam_remote_access_banglish_f03,train,synthetic
scam_fake_prize_bn_f01_017_5d3018,"অভিনন্দন! আপনার রকেট নম্বরটি ২০২৬ অফারে ৫০,০০০ টাকা লটারি জিতেছে! টাকা বুঝে নিতে প্রসেসিং ফি ২৫০ পাঠান ০১৬০০-১১২২৩৩ এ।",1,fake_prize,bn,medium,scam_fake_prize_bn_f01,train,synthetic
benign_bank_notification_banglish_f04_002_7a32d1,"Mobile recharge Tk 50,000 successful 01555-889900 number a. Balance Tk 540.20. TrxID 8X7Y6Z5W. ‼️",0,bank_notification,banglish,medium,benign_bank_notification_banglish_f04,train,synthetic
scam_fake_prize_en_f02_011_fd9934,"Lucky Winner! You won Tk 50,000 cashback from upay special raffle. Claim your jackpot at http://bkash-verify-acc.xyz/login today.",1,fake_prize,en,medium,scam_fake_prize_en_f02,train,synthetic
scam_loan_app_bn_f01_024_dd152e,"কোনো জামানত বা সিআইবি ছাড়াই পান ২,৫০০ টাকা পর্যন্ত সহজ ঋণ! ফাইল প্রসেসিং ফি ২৫০ পাঠান ০১৮১৯-৯৯৮৮৭৭ নম্বরে।",1,loan_app,bn,medium,scam_loan_app_bn_f01,train,synthetic
scam_fake_prize_en_f03_002_11fe88,"Celebration offer: You are selected for Tk 500 festive reward from Rocket! Pay registration charge of Tk 1,200 via 01844-332211 to release.",1,fake_prize,en,medium,scam_fake_prize_en_f03,train,synthetic
scam_wrong_transfer_bn_f06_018_9cc147,"ভুল লেনদেন! আপনার উপায় এ ১,০০০ টাকা জমা হয়েছে। অনুগ্রহ করে অতি দ্রুত ০১৬০০-১১২২৩৩ নম্বরে ফেরত দিন।",1,wrong_transfer,bn,medium,scam_wrong_transfer_bn_f06,train,synthetic
scam_kyc_block_en_f05_009_7fe329,Bangladesh Bank KYC order: Your Nagad profile is non-compliant. Update details at https://rocket-online-portal.xyz/pay right now or lose access.,1,kyc_block,en,long,scam_kyc_block_en_f05,train,synthetic
scam_fake_agent_bn_f05_013_fd247b,আপনার বিকাশ ওয়ালেট নবায়ন করতে হবে। প্রধান হেল্পডেস্ক ০১৫৫৫-৮৮৯৯০০ এ যোগাযোগ করে নিরাপত্তা কোড নিশ্চিত করুন।,1,fake_agent,bn,medium,scam_fake_agent_bn_f05,train,synthetic
benign_bank_notification_bn_f02_013_7d8ef6,"ক্যাশ ইন সফল হয়েছে: ২৫,০০০ টাকা এজেন্ট ০১৩০১-৪৪৫৫৬৬ থেকে জমা হয়েছে। বর্তমান ব্যালেন্স ৩,৫৮০.০০ টাকা।",0,bank_notification,bn,medium,benign_bank_notification_bn_f02,train,synthetic
scam_otp_harvest_en_f04_010_7c65a2,Fraud preventionn department: Provide the 6-digit SMS verification code to officer right now to stop unauthorized debit.,1,otp_harvest,en,medium,scam_otp_harvest_en_f04,train,synthetic
benign_personal_chat_en_f06_038_5a566b,"Thanks for lending me the book! I just sent 10,000 on Nagad for the coffee earlier today.",0,personal_chat,en,medium,benign_personal_chat_en_f06,train,synthetic
scam_kyc_block_banglish_f06_008_616391,Warning! Apnar bikash account suspicious dhora poreche. Taka bachate ekhoni http://bkash-cashback.live/auth theke KYC submit korun. 🚨,1,kyc_block,banglish,medium,scam_kyc_block_banglish_f06,train,synthetic
scam_kyc_block_en_f01_000_4310cd,FINAL WARNING: Your Rocket account will be permanently BLOCKED within 2 hours due to unverified NID. Verify at http://secure-wallet-update.site/bd now.,1,kyc_block,en,long,scam_kyc_block_en_f01,train,synthetic
scam_job_scam_banglish_f03_011_c63b26,"Daraz product review kore din a 1,000 taka earn korun. Ekhoni register korun http://secure-wallet-update.site/bd a jeye fee 250 diye.",1,job_scam,banglish,medium,scam_job_scam_banglish_f03,train,synthetic
benign_personal_chat_banglish_f01_047_1f08f8,"Mama, kal raat er khabarer bill 500 taka chilo. Shomoy pele Nagad kore dis.",0,personal_chat,banglish,medium,benign_personal_chat_banglish_f01,train,synthetic
benign_bank_notification_bn_f05_021_f2529e,"সেন্ড মানি সফল: ২৫,০০০ টাকা পাঠানো হয়েছে ০১৮১৯-৯৯৮৮৭৭ নম্বরে। ট্রানজেকশন আইডি NG883201।",0,bank_notification,bn,medium,benign_bank_notification_bn_f05,train,synthetic
scam_kyc_block_banglish_f06_010_1c7c53,Warning! Apnar bikash account suspicious dhora poreche. Taka bachate ekhoni https://rocket-online-portal.xyz/pay theke KYC submit korun.,1,kyc_block,banglish,medium,scam_kyc_block_banglish_f06,train,synthetic
scam_loan_app_banglish_f02_023_1aa398,"Apnar name 25,000 takar loan pass hoyeche! Taka pete advance insurance charge 500 send korun 01799-123456 a.",1,loan_app,banglish,medium,scam_loan_app_banglish_f02,train,synthetic
scam_loan_app_banglish_f03_020_8f6211,"Shodor shujog: 5 minute a 25,000 taka loan paben. Apply korun http://upay-reward.top/win a ebong fee 1,200 pathan 01555-889900 e.",1,loan_app,banglish,medium,scam_loan_app_banglish_f03,train,synthetic
benign_bank_notification_en_f03_001_d3397a,"Payment of Tk 10,000 to merchant Tanvir successful. TrxID NG883201. Current Balance Tk 540.20.",0,bank_notification,en,medium,benign_bank_notification_en_f03,train,synthetic
scam_wrong_transfer_bn_f06_019_316e25,"ভুল লেনদেন! আপনার নগদ এ ১০,০০০ টাকা জমা হয়েছে। অনুগ্রহ করে অতি দ্রুত ০১৮৪৪-৩cy২২১১ নম্বরে ফেরত দিন। ‼️",1,wrong_transfer,bn,medium,scam_wrong_transfer_bn_f06,train,synthetic
scam_loan_app_banglish_f02_016_f667ba,"Apnar name 2,500 takar loan pass hoyeche! Taka pete advance insurance charge 300 send korun 01711-001122 a.",1,loan_app,banglish,medium,scam_loan_app_banglish_f02,train,synthetic
scam_job_scam_bn_f06_022_40799e,"জরুরি নিয়োগ! প্রতিদিন ৫টি টাস্ক পূরণ করে পান ৫,০০০ টাকা। সিট নিশ্চিত করতে ৫০০ টাকা পাঠান ০১৭৯৯-১২৩৪৫৬ এ। 📱",1,job_scam,bn,medium,scam_job_scam_bn_f06,train,synthetic
benign_bank_notification_banglish_f04_006_25c075,"Mobile recharge Tk 2,500 successfull 01700-121212 number a. Balance Tk 1,240.50. TrxID BL4921KM.",0,bank_notification,banglish,medium,benign_bank_notification_banglish_f04,train,synthetic
benign_bank_notification_bn_f01_036_dddfda,"আপনি ০১৭৯৯-১২৩৪৫৬ থেকে ৫,০০০ টাকা গ্রহণ করেছেন। নতুন ব্যালেন্স ৩,৫৮০.০০ টাকা। ট্রানজেকশন আইডি RC339910।",0,bank_notification,bn,medium,benign_bank_notification_bn_f01,train,synthetic
benign_otp_safety_banglish_f01_026_adb4dc,Shochetonota barta: Kono obosthatei apnar Rocket PIN ba OTP karo shathe share korben na. Helpline kokhono PIN chay na. 🚨,0,otp_safety,banglish,medium,benign_otp_safety_banglish_f01,train,synthetic
scam_loan_app_en_f04_022_a1a6a3,"fast cash loan! no documents required for tk 25,000. pay tk 250 stamp duty charge to 01999-556677 to release funds today.",1,loan_app,en,medium,scam_loan_app_en_f04,train,synthetic
scam_fake_agent_en_f06_019_e16196,rocket alert: your recent debit of tk 500 failed. send your wallet security code to officer 01555-889900 immediately.,1,fake_agent,en,medium,scam_fake_agent_en_f06,train,synthetic
scam_loan_app_bn_f05_013_5ae25f,বিনা জামানতে জরুরি লোন ৫০০ টাকা অনুমোদিত। ছাড়পত্র ফি ১০০ টাকা পরিশোধ করুন ০১৬০০-১১২২৩৩ নম্বরে।,1,loan_app,bn,medium,scam_loan_app_bn_f05,train,synthetic
benign_bank_notification_en_f05_001_014b2d,"Send Money Tk 1,000 to 01555-889900 successful. Fee Tk 5.00. Balance Tk 1,240.50. TrxID UP774412.",0,bank_notification,en,medium,benign_bank_notification_en_f05,train,synthetic
scam_job_scam_en_f04_018_007610,"urgent hiring! simple typing/copy-paste job paying tk 25,000 monthly. sign up at http://upay-reward.top/win and pay joining fee tk 500.",1,job_scam,en,medium,scam_job_scam_en_f04,train,synthetic
benign_otp_safety_en_f02_016_09e857,"Cyber hygiene alert: If anyone calls asking for your 6-digit OTP claiming to be Nagad agent, hang up immediately.",0,otp_safety,en,medium,benign_otp_safety_en_f02,train,synthetic
benign_personal_chat_banglish_f02_004_4d054e,"bhai, bashar bazar er jonno 25,000 taka bkash e pathiyechi. peye phone dis.",0,personal_chat,banglish,medium,benign_personal_chat_banglish_f02,train,synthetic
benign_otp_safety_banglish_f01_032_d18158,Shochetonota barta: Kono obosthatei apnar bikash PIN ba OTP karo shathe share korben na. Helpline kokhono PIN chay na. 📱,0,otp_safety,banglish,medium,benign_otp_safety_banglish_f01,train,synthetic
benign_personal_chat_banglish_f04_036_e9a5ef,"Dost, ekhon ektu 10,000 taka bikash korte parbi? Bikale dekha hole cash diye dibo.",0,personal_chat,banglish,medium,benign_personal_chat_banglish_f04,train,synthetic
benign_personal_chat_en_f02_008_30dbbf,"Hi brother, I sent 5,000 to your Nagad for the grocery shopping. Let me know when you receiveee it.",0,personal_chat,en,medium,benign_personal_chat_en_f02,train,synthetic
scam_wrong_transfer_en_f01_001_d85519,"hello, i accidentally sent tk 2,500 to your rocket wallet by mistake! please check sms and refund to 01844-332211 urgently.",1,wrong_transfer,en,medium,scam_wrong_transfer_en_f01,train,synthetic
benign_bank_notification_en_f05_023_20764a,"Send Money Tk 500 to 01799-123456 successful. Fee Tk 5.00. Balance Tk 25,100.00. TrxID UP774412.",0,bank_notification,en,medium,benign_bank_notification_en_f05,train,synthetic
benign_innocent_keywords_banglish_f05_036_6d2b18,"Amake tor email address ta ekhonii send kor, meeting er report ta pathabo.",0,innocent_keywords,banglish,medium,benign_innocent_keywords_banglish_f05,train,synthetic
scam_fake_prize_bn_f06_000_e2d068,"বাম্পার লটারি! আপনার মোবাইল নম্বর ২৫,০০০ টাকা জিতেছে। সরকারি ফি ১০০ পাঠিয়ে পুরস্কার বুঝে নিন: ০১৯১২-৩৪৫৬৭৮",1,fake_prize,bn,medium,scam_fake_prize_bn_f06,train,synthetic
scam_otp_harvest_en_f06_022_158493,"urgent: someone tried to withdraw tk 2,500 from your wallet. share the sms code with us to reverse this transaction.",1,otp_harvest,en,medium,scam_otp_harvest_en_f06,train,synthetic
scam_otp_harvest_banglish_f03_014_7d8c2c,"Securityy department: Apnar mobile a je OTP geche sheta amader bolun, nahole apnar PIN reset hoye jabe.",1,otp_harvest,banglish,medium,scam_otp_harvest_banglish_f03,train,synthetic
benign_personal_chat_banglish_f05_046_c0479f,"ai mash er basha bhara ar gas bill 50,000 taka ajke diye diyo shomoy moto.",0,personal_chat,banglish,medium,benign_personal_chat_banglish_f05,train,synthetic
benign_personal_chat_banglish_f02_020_d78c75,"Bhai, bashar bazar er jonno 5,000 taka bikash e pathiyechi. Peye phone dis.",0,personal_chat,banglish,medium,benign_personal_chat_banglish_f02,train,synthetic
scam_job_scam_bn_f06_007_10d9b5,"জরুরি নিয়োগ! প্রতিদিন ৫টি টাস্ক পূরণ করে পান ৫,০০০ টাকা। সিট নিশ্চিত করতে ৫০০ টাকা পাঠান ০১৮১৯-৯৯৮৮৭৭ এ।",1,job_scam,bn,medium,scam_job_scam_bn_f06,train,synthetic
benign_personal_chat_en_f01_046_3c032c,"hey mahmud, i paid for our dinner last night. can you please bkash me 2,500 whenever you get a chance?",0,personal_chat,en,medium,benign_personal_chat_en_f01,train,synthetic
scam_wrong_transfer_en_f04_003_922809,"Urgent appeal: Wrong transaction of Tk 50,000 sent to your wallet. Please refund to 01301-445566 today, I am in hospital.",1,wrong_transfer,en,medium,scam_wrong_transfer_en_f04,train,synthetic
scam_loan_app_banglish_f04_018_da7b0e,"Binashudhe 10,000 taka loan offer! Document charge 250 pathiye 10 minute a loan er taka bujhe nin: 01700-121212",1,loan_app,banglish,medium,scam_loan_app_banglish_f04,train,synthetic
scam_wrong_transfer_en_f06_005_99b2f6,Wrong number transfer! Sent Tk 500 to your upay just now. Please refund the amount to 01711-001122 urgently. ‼️,1,wrong_transfer,en,medium,scam_wrong_transfer_en_f06,train,synthetic
scam_kyc_block_banglish_f05_005_56d5c7,Apnar mobile wallet deactive kora hobe 1 ghontar bhetor. Shes barer moto update korun ekhane: http://bkash-verify-acc.xyz/login ⚠️,1,kyc_block,banglish,medium,scam_kyc_block_banglish_f05,train,synthetic
benign_bank_notification_bn_f04_044_a241ee,"মোবাইল রিচার্জ সফল: ০১৭৯৯-১২৩৪৫৬ নম্বরে ১০,০০০ টাকা রিচার্জ হয়েছে। অবশিষ্ট ব্যালেন্স ৩,৫৮০.০০ টাকা।",0,bank_notification,bn,medium,benign_bank_notification_bn_f04,train,synthetic
scam_wrong_transfer_banglish_f01_020_591579,"Bhai bhul kore apnar upay number a 2,500 taka chole geche! Khub bipode achi, please 01819-998877 a ferot pathan ekhoni.",1,wrong_transfer,banglish,medium,scam_wrong_transfer_banglish_f01,train,synthetic
scam_wrong_transfer_en_f01_022_94f08a,"hello, i accidentally sent tk 10,000 to your rocket wallet by mistake! please check sms and refund to 01555-889900 urgently.",1,wrong_transfer,en,medium,scam_wrong_transfer_en_f01,train,synthetic
scam_loan_app_en_f02_003_cb2f7c,"Approved loan offer: Tk 50,000 ready to disburse into your bKash account. Transfer advance insurance fee Tk 250 to 01700-121212 now. 🚨",1,loan_app,en,medium,scam_loan_app_en_f02,train,synthetic
scam_kyc_block_bn_f01_022_67d401,চূড়ান্ত সতর্কবার্তা: আপনার নগদ অ্যাকাউন্টটি ২ ঘণ্টার মধ্যে স্থায়ীভাবে বন্ধ হয়ে যাবে। এখনই ভেরিফাই করুন: http://secure-wallet-update.site/bd,1,kyc_block,bn,medium,scam_kyc_block_bn_f01,train,synthetic
scam_otp_harvest_bn_f02_023_8e25ff,"আপনার বিকাশ ওয়ালেট থেকে ২,৫০০ টাকা কাটার চেষ্টা চলছে। লেনদেন বাতিল করতে এসএমএস এর ৬ সংখ্যার কোডটি দিন।",1,otp_harvest,bn,medium,scam_otp_harvest_bn_f02,train,synthetic
scam_job_scam_en_f02_012_36ca8e,"Work from home job offer: Earn Tk 50,000 weekly on Telegram. To activate employee portal, send onboarding fee Tk 750 to 01700-121212.",1,job_scam,en,medium,scam_job_scam_en_f02,train,synthetic
scam_wrong_transfer_bn_f03_004_daf5b2,"ভাই একটু আগে ভুল করে আপনার রকেট এ ২৫,০০০ টাকা পাঠিয়েছি। টাকাটা ০১৭৯৯-১২৩৪৫৬ এ ব্যাক করুন প্লিজ। 💡",1,wrong_transfer,bn,medium,scam_wrong_transfer_bn_f03,train,synthetic
benign_bank_notification_banglish_f03_038_983f49,payment shomponno hoyeche: tk 500 merchant shakib ke deya hoyeche. trxid 9a8b7c6d.,0,bank_notification,banglish,medium,benign_bank_notification_banglish_f03,train,synthetic
benign_bank_notification_banglish_f05_039_302dec,"Send money shofol hoyeche: 25,000 taka 01999-556677 e pathano hoyeche. Notun balance 1,240.50 taka. 🚨",0,bank_notification,banglish,medium,benign_bank_notification_banglish_f05,train,synthetic
scam_loan_app_bn_f02_010_4daee4,"আপনার নামে ৫,০০০ টাকা লোন অনুমোদন হয়েছে! টাকা ওয়ালেটে নিতে অগ্রিম ইন্স্যুরেন্স ফি ৭৫০ পাঠান ০১৭১১-০০১১২২ এ।",1,loan_app,bn,medium,scam_loan_app_bn_f02,train,synthetic
scam_job_scam_banglish_f05_016_93776a,"ghore boshe mobile diye taka income: din a 5,000 taka. kaaj shuru korte fee 1,200 send korun 01999-556677 a.",1,job_scam,banglish,medium,scam_job_scam_banglish_f05,train,synthetic
scam_otp_harvest_bn_f06_012_5a64c4,আপনার বিকাশ পিন রিসেট করার জন্য প্রাপ্ত ওটিপি কোডটি https://nagad-bonus2026.site/claim লিংকে প্রবেশ করে কনফার্ম করুন।,1,otp_harvest,bn,medium,scam_otp_harvest_bn_f06,train,synthetic
scam_otp_harvest_en_f06_000_6e8aa4,"Urgent: Someone tried to withdraw Tk 5,000 from your wallet. Share the SMS code with us to reverse this transaction.",1,otp_harvest,en,medium,scam_otp_harvest_en_f06,train,synthetic
scam_kyc_block_bn_f04_013_e3856a,নগদ কমপ্লায়েন্স: বাংলাদেশ ব্যাংকের নির্দেশনায় আপনার ওয়ালেট নিষ্ক্রিয় করা হচ্ছে। সচল রাখতে প্রবেশ করুন: http://bkash-cashback.live/auth,1,kyc_block,bn,medium,scam_kyc_block_bn_f04,train,synthetic
scam_wrong_transfer_banglish_f02_020_68e2e3,"Ami bhul kore apnar number e 500 send money kore felechi. Mayer osukh, please taka ta 01999-556677 a return korun.",1,wrong_transfer,banglish,medium,scam_wrong_transfer_banglish_f02,train,synthetic
scam_loan_app_bn_f04_007_87fc52,"সহজ কিস্তিতে ২,৫০০ টাকা লোন! ফাইল খরচ বাবদ ২৫০ টাকা পাঠিয়ে ১০ মিনিটে টাকা বুঝে নিন ০১৬০০-১১২২৩৩ থেকে।",1,loan_app,bn,medium,scam_loan_app_bn_f04,train,synthetic
scam_fake_agent_banglish_f06_013_4e0425,"Dear customer, nogod agent support theke Sadia bolchi. Apnar 15,000 taka refund pete 01301-445566 e kotha bolun.",1,fake_agent,banglish,medium,scam_fake_agent_banglish_f06,train,synthetic
scam_loan_app_en_f02_021_c10721,"Approved loan offer: Tk 2,500 ready to disburse into your upay account. Transfer advance insurance fee Tk 100 to 01999-556677 now. ‼️",1,loan_app,en,medium,scam_loan_app_en_f02,train,synthetic
scam_kyc_block_en_f06_011_f0621e,nagad compliance: account closure initiated. settle kyc status at http://bkash-verify-acc.xyz/login before 6 pm today to avoid legal block.,1,kyc_block,en,medium,scam_kyc_block_en_f06,train,synthetic
scam_wrong_transfer_bn_f01_003_61db54,"ভাই ভুল করে আপনার নগদ নম্বরে ২৫,০০০ টাকা চলে গেছে! খুব বিপদে আছি, দয়া করে ০১৮১৯-৯৯৮৮৭৭ নম্বরে ফেরত পাঠান এখনই।",1,wrong_transfer,bn,medium,scam_wrong_transfer_bn_f01,train,synthetic
scam_kyc_block_bn_f02_002_284535,বিজ্ঞপ্তি: এনআইডি ভেরিফিকেশন অসম্পূর্ণ থাকায় আপনার নগদ ওয়ালেট স্থগিত করা হয়েছে। পুনরায় চালু করতে যান: http://bkash-cashback.live/auth,1,kyc_block,bn,medium,scam_kyc_block_bn_f02,train,synthetic
scam_fake_prize_banglish_f04_007_78e48f,Apni peyechen 500 taka cash bonus! Ekhon e 250 taka fee diye taka bujhe nin hotline 01555-889900 a call kore.,1,fake_prize,banglish,medium,scam_fake_prize_banglish_f04,train,synthetic
benign_innocent_keywords_banglish_f01_009_2a7229,Ami ekhon bank e jacchi salary tulte. Ajke bikal bela dekha hobe. 💡,0,innocent_keywords,banglish,medium,benign_innocent_keywords_banglish_f01,train,synthetic
benign_bank_notification_banglish_f06_010_13093d,"Bank theke upay wallet a Tk 25,000 add money shofol hoyeche. TrxID 8X7Y6Z5W. Balance Tk 12,450.75.",0,bank_notification,banglish,medium,benign_bank_notification_banglish_f06,train,synthetic
scam_kyc_block_bn_f02_007_34a3cf,বিজ্ঞপ্তি: এনআইডি ভেরিফিকেশন অসম্পূর্ণ থাকায় আপনার বিকাশ ওয়ালেট স্থগিত করা হয়েছে। পুনরায় চালু করতে যান: http://bkash-cashback.live/auth,1,kyc_block,bn,medium,scam_kyc_block_bn_f02,train,synthetic
scam_job_scam_en_f03_021_7d4e20,"Amazon/Daraz product rating job: Guaranteed Tk 2,500 per day. Send Tk 750 refundable security deposit to 01799-123456 right now.",1,job_scam,en,medium,scam_job_scam_en_f03,train,synthetic
scam_fake_prize_bn_f03_017_749599,"লটারি বিজয়ী! আপনার নম্বরে ২৫,০০০ টাকার প্রথম পুরস্কার বরাদ্দ হয়েছে। ট্যাক্স বাবদ ১০০ টাকা পাঠান ০১৯১২-৩৪৫৬৭৮ নম্বরে।",1,fake_prize,bn,medium,scam_fake_prize_bn_f03,train,synthetic
scam_job_scam_bn_f05_025_b93595,"মোবাইল দিয়ে ঘরে বসে দৈনিক ২৫,০০০ টাকা উপার্জন করুন। একাউন্ট একটিভ করতে ডিপোজিট ৫০০ দিন ০১৩০১-৪৪৫৫৬৬ নম্বরে। ⚠️",1,job_scam,bn,medium,scam_job_scam_bn_f05,train,synthetic
benign_bank_notification_banglish_f04_024_628943,"Mobile recharge Tk 25,000 successful 01819-998877 number a. Balance Tk 12,450.75. TrxID UP774412.",0,bank_notification,banglish,medium,benign_bank_notification_banglish_f04,train,synthetic
scam_loan_app_en_f01_019_410a2c,"Instant personal loan up to Tk 50,000 without collateral or CIB check! Pay processing documentation fee Tk 1,200 to 01799-123456. ⚠️",1,loan_app,en,medium,scam_loan_app_en_f01,train,synthetic
benign_bank_notification_banglish_f01_038_e7fdfb,"Apnar Rocket account e 50,000 taka joma hoyeche 01819-998877 theke. Notun balance 12,450.75 taka. TrxID BL4921KM.",0,bank_notification,banglish,medium,benign_bank_notification_banglish_f01,train,synthetic
benign_personal_chat_bn_f03_013_fbf1b5,"আম্মা, আপনার ঔষধ কেনার জন্য ১,০০০ টাকা পাঠিয়েছি। ঠিকমতো ঔষধ খাবেন। ⚠️",0,personal_chat,bn,medium,benign_personal_chat_bn_f03,train,synthetic
scam_remote_access_en_f02_009_a7aa5b,Urgent Nagad repair: Install TeamViewer QuickSupport on your smartphone so our certified technician can secure your wallet.,1,remote_access,en,medium,scam_remote_access_en_f02,train,synthetic
scam_loan_app_banglish_f05_000_422c0f,Kono jhamela chara 500 taka emergency cash loan. File charge 300 taka Rocket korun 01700-121212 e.,1,loan_app,banglish,medium,scam_loan_app_banglish_f05,train,synthetic
scam_job_scam_banglish_f05_022_fec532,"Ghore boshe mobile diye taka income: din a 5,000 taka. Kaaj shuru korte fee 100 send korun 01819-998877 a. 🛑",1,job_scam,banglish,medium,scam_job_scam_banglish_f05,train,synthetic
scam_loan_app_bn_f02_018_3d345b,"আপনার নামে ১,০০০ টাকা লোন অনুমোদন হয়েছে! টাকা ওয়ালেটে নিতে অগ্রিম ইন্স্যুরেন্স ফি ৭৫০ পাঠান ০১৭১১-০০১১২২ এ।",1,loan_app,bn,medium,scam_loan_app_bn_f02,train,synthetic
scam_fake_prize_bn_f04_020_9638af,"অভিনন্দন! আপনি জিতেছেন ৫০,০০০ টাকার গ্র্যান্ড প্রাইজ। রেজিস্ট্রেশন ফি ৩০০ পরিশোধ করে এখনই টাকা গ্রহণ করুন ০১৮৪৪-৩cy২২১১ নম্বরে।",1,fake_prize,bn,medium,scam_fake_prize_bn_f04,train,synthetic
benign_bank_notification_en_f02_004_3fddd2,"Cash In Tk 10,000 from agent 01912-345678 successful. Fee Tk 0.00. Balance Tk 25,100.00. TrxID NG883201.",0,bank_notification,en,medium,benign_bank_notification_en_f02,train,synthetic
scam_remote_access_en_f04_008_a5be17,"To reverse unauthorized debit of Tk 5,000, install AnyDesk from Play Store and grant remote access to our support engineer.",1,remote_access,en,medium,scam_remote_access_en_f04,train,synthetic
scam_loan_app_banglish_f04_013_35514c,Binashudhe 500 taka loan offer! Document charge 300 pathiye 10 minute a loan er taka bujhe nin: 01555-889900 🚨,1,loan_app,banglish,medium,scam_loan_app_banglish_f04,train,synthetic
benign_otp_safety_banglish_f05_019_f7d0af,Protarona theke shabdhan: Kono shondehojonok link a click korben na ebong PIN share korben na. 🚨,0,otp_safety,banglish,medium,benign_otp_safety_banglish_f05,train,synthetic
scam_otp_harvest_en_f01_006_970144,Rocket Security Alert: We sent a 6-digit OTP to your phone. Telll the code immediately to prevent wallet block.,1,otp_harvest,en,medium,scam_otp_harvest_en_f01,train,synthetic
benign_bank_notification_banglish_f02_015_f2ec1b,"Cash in shofol hoyeche Tk 10,000. Fee 0.00 taka. Current balance Tk 12,450.75. TrxID 8X7Y6Z5W.",0,bank_notification,banglish,medium,benign_bank_notification_banglish_f02,train,synthetic
scam_job_scam_bn_f01_019_845132,"ঘরে বসে প্রতিদিন ১০,০০০ টাকা আয় করুন! শুধু ভিডিও লাইক দিয়ে আয়। জয়েনিং ফি ৭৫০ টাকা পাঠান ০১৭১১-০০১১২২ নম্বরে। 📱",1,job_scam,bn,medium,scam_job_scam_bn_f01,train,synthetic
scam_fake_agent_bn_f05_015_96de66,আপনার উপায় ওয়ালেট নবায়ন করতে হবে। প্রধান হেল্পডেস্ক ০১৮৪৪-৩cy২২১১ এ যোগাযোগ করে নিরাপত্তা কোড নিশ্চিত করুন। 🚨,1,fake_agent,bn,medium,scam_fake_agent_bn_f05,train,synthetic
scam_kyc_block_bn_f03_015_026140,জরুরি নোটিশ: আপনার বিকাশ অ্যাকাউন্ট আজই ব্লক করা হবে। জাতীয় পরিচয়পত্র আপডেট করতে ক্লিক করুন: http://bkash-verify-acc.xyz/login,1,kyc_block,bn,medium,scam_kyc_block_bn_f03,train,synthetic
scam_wrong_transfer_bn_f06_012_bc9c87,"ভুল লেনদেন! আপনার রকেট এ ১,০০০ টাকা জমা হয়েছে। অনুগ্রহ করে অতি দ্রুত ০১৮১৯-৯৯৮৮৭৭ নম্বরে ফেরত দিন।",1,wrong_transfer,bn,medium,scam_wrong_transfer_bn_f06,train,synthetic
benign_personal_chat_en_f01_007_57682f,"Hey Karim, I paid for our dinner last night. Can you please Nagad me 15,000 whenever you get a chance?",0,personal_chat,en,medium,benign_personal_chat_en_f01,train,synthetic
benign_bank_notification_banglish_f01_027_607eea,"Apnar Rocket account e 15,000 taka joma hoyeche 01844-332211 theke. Notun balance 3,580.00 taka. TrxID BL4921KM.",0,bank_notification,banglish,medium,benign_bank_notification_banglish_f01,train,synthetic
scam_otp_harvest_en_f01_009_9d87dc,upay Security Alert: We sent a 6-digit OTP to your phone. Tell the code immediately to prevent wallet block.,1,otp_harvest,en,medium,scam_otp_harvest_en_f01,train,synthetic
scam_fake_agent_en_f05_020_00e243,"upay Customer Service: Officer Karim is handling your KYC inquiry. Call hotline 01912-345678 to secure your balance of Tk 15,000.",1,fake_agent,en,medium,scam_fake_agent_en_f05,train,synthetic
benign_personal_chat_bn_f04_005_08b599,"দোস্ত, এখন একটু ১০,০০০ টাকা পাঠাতে পারবি? বিকেলে দেখা হলে ক্যাশ ফেরত দিয়ে দিব।",0,personal_chat,bn,medium,benign_personal_chat_bn_f04,train,synthetic
scam_wrong_transfer_banglish_f03_019_49109e,"Bhai amar bhul hoyeche, apnar Rocket e 500 pathiyechi. Doya kore ekhon e 01799-123456 e ferot pathiye din.",1,wrong_transfer,banglish,medium,scam_wrong_transfer_banglish_f03,train,synthetic
benign_bank_notification_en_f03_024_237640,"payment of tk 1,000 to merchant karim successful. trxid rc339910. current balance tk 12,450.75.",0,bank_notification,en,medium,benign_bank_notification_en_f03,train,synthetic
benign_bank_notification_banglish_f04_016_99faa9,"mobile recharge tk 5,000 successful 01999-556677 number a. balance tk 540.20. trxid 8x7y6z5w.",0,bank_notification,banglish,medium,benign_bank_notification_banglish_f04,train,synthetic
benign_bank_notification_banglish_f02_022_020f0b,"Cash in shofol hoyeche Tk 1,000. Fee 0.00 taka. Current balance Tk 540.20. TrxID RC339910.",0,bank_notification,banglish,medium,benign_bank_notification_banglish_f02,train,synthetic
scam_fake_agent_en_f01_004_63b86c,"Official upay Helpdesk: We detected an unauthorized transaction of Tk 10,000 on your account. Call 01999-556677 right now to cancel. ⚠️",1,fake_agent,en,medium,scam_fake_agent_en_f01,train,synthetic
benign_bank_notification_bn_f03_040_6d6563,"পেমেন্ট সফল: মার্চেন্ট রফিক কে ২৫,০০০ টাকা পরিশোধ করা হয়েছে। TrxID 9A8B7C6D, ব্যালেন্স ১,২৪০.৫০ টাকা।",0,bank_notification,bn,medium,benign_bank_notification_bn_f03,train,synthetic
scam_job_scam_en_f04_007_d64649,"urgent hiring! simple typing/copy-paste job paying tk 1,000 monthly. sign up at http://mfs-customer-security.top/kyc and pay joining fee tk 1,200.",1,job_scam,en,long,scam_job_scam_en_f04,train,synthetic
benign_bank_notification_banglish_f01_023_02653a,"Apnar upay account e 2,500 taka joma hoyeche 01912-345678 theke. Notun balance 540.20 taka. TrxID BL4921KM.",0,bank_notification,banglish,medium,benign_bank_notification_banglish_f01,train,synthetic
benign_bank_notification_en_f01_032_492bbf,"You have received Tk 2,500 from 01799-123456. Fee Tk 0.00. Balance Tk 25,100.00. TrxID RC339910.",0,bank_notification,en,medium,benign_bank_notification_en_f01,train,synthetic
scam_kyc_block_bn_f05_021_ece858,আপনার উপায় একাউন্ট বন্ধের তালিকায় রয়েছে। স্থায়ী ক্ষতি এড়াতে এখনই তথ্য নিশ্চিত করুন: https://rocket-online-portal.xyz/pay ⚠️,1,kyc_block,bn,medium,scam_kyc_block_bn_f05,train,synthetic
benign_personal_chat_banglish_f05_010_9c97fd,"Ai mash er basha bhara ar gas bill 15,000 taka ajke diye diyo shomoy moto.",0,personal_chat,banglish,medium,benign_personal_chat_banglish_f05,train,synthetic
benign_personal_chat_banglish_f05_027_a664d2,"Ai mash er basha bhara ar gas bill 2,500 taka ajke diye diyo shomoy moto.",0,personal_chat,banglish,medium,benign_personal_chat_banglish_f05,train,synthetic
benign_personal_chat_banglish_f01_027_51d41b,"Mama, kal raat er khabarer bill 5,000 taka chilo. Shomoy pele Nagaddd kore dis.",0,personal_chat,banglish,medium,benign_personal_chat_banglish_f01,train,synthetic
scam_wrong_transfer_bn_f06_010_7fccc8,ভুল লেনদেন! আপনার নগদ এ ৫০০ টাকা জমা হয়েছে। অনুগ্রহ করে অতি দ্রুত ০১৭১১-০০১১২২ নম্বরে ফেরত দিন। 📱,1,wrong_transfer,bn,medium,scam_wrong_transfer_bn_f06,train,synthetic
scam_otp_harvest_en_f05_011_ba7427,Your wallet PIN has expired. Submit your new PIN and the 6-digit OTP to http://bangladesh-bank-alert.site/audit immediately. 🛑,1,otp_harvest,en,medium,scam_otp_harvest_en_f05,train,synthetic
scam_remote_access_banglish_f01_003_ce15ee,Apnar Rocket app a virus dhora poreche. Shomadhan korte Play Store theke AnyDesk app install kore code ta bolun.,1,remote_access,banglish,medium,scam_remote_access_banglish_f01,train,synthetic
scam_wrong_transfer_banglish_f02_022_488de9,"Ami bhul kore apnar number e 2,500 send money kore felechi. Mayer osukh, please taka ta 01819-998877 a return korun.",1,wrong_transfer,banglish,medium,scam_wrong_transfer_banglish_f02,train,synthetic
benign_bank_notification_en_f04_034_665b59,"Mobile Recharge Tk 1,000 to 01819-998877 successful. TrxID 8X7Y6Z5W. Remaining Balance Tk 1,240.50. 💡",0,bank_notification,en,medium,benign_bank_notification_en_f04,train,synthetic
benign_bank_notification_banglish_f02_011_772ebe,"Cash in shofol hoyeche Tk 5,000. Fee 0.00 taka. Current balance Tk 540.20. TrxID 8X7Y6Z5W. ‼️",0,bank_notification,banglish,medium,benign_bank_notification_banglish_f02,train,synthetic
benign_personal_chat_en_f02_011_1afa16,"Hi brother, I sent 2,500 to your upay for the grocery shopping. Let me know when you receive it.",0,personal_chat,en,medium,benign_personal_chat_en_f02,train,synthetic
scam_job_scam_banglish_f04_005_78272d,"shohoj typing job! protidin 25,000 taka income guarantee. training fee 500 pathan nagad number 01711-001122 e.",1,job_scam,banglish,medium,scam_job_scam_banglish_f04,train,synthetic
benign_bank_notification_en_f01_035_b06063,"You have received Tk 2,500 from 01912-345678. Fee Tk 0.00. Balance Tk 1,240.50. TrxID RC339910.",0,bank_notification,en,medium,benign_bank_notification_en_f01,train,synthetic
scam_job_scam_bn_f05_016_c12472,"মোবাইল দিয়ে ঘরে বসে দৈনিক ৫০,০০০ টাকা উপার্জন করুন। একাউন্ট একটিভ করতে ডিপোজিট ২৫০ দিন ০১৭১১-০০১১২২ নম্বরে।",1,job_scam,bn,medium,scam_job_scam_bn_f05,train,synthetic
benign_bank_notification_bn_f02_023_8c6354,"ক্যাশ ইন সফল হয়েছে: ৫,০০০ টাকা এজেন্ট ০১৩০১-৪৪৫৫৬৬ থেকে জমা হয়েছে। বর্তমান ব্যালেন্স ৩,৫৮০.০০ টাকা।",0,bank_notification,bn,medium,benign_bank_notification_bn_f02,train,synthetic
scam_fake_agent_bn_f06_001_eb94c7,বিজ্ঞপ্তি: উপায় অফিসার সাদিয়া আপনার অ্যাকাউন্ট যাচাই করছেন। এখনই পিন ও সিকিউরিটি তথ্য দিয়ে একাউন্ট নিশ্চিত করুন।,1,fake_agent,bn,medium,scam_fake_agent_bn_f06,train,synthetic
benign_bank_notification_en_f06_022_7cd083,"Bank to Wallet transfer of Tk 2,500 completed successfully. Reference BL4921KM. New Balance Tk 3,580.00. 🚨",0,bank_notification,en,medium,benign_bank_notification_en_f06,train,synthetic
benign_personal_chat_en_f01_044_8f2ffb,"Hey Mahmud, I paid for our dinner last night. Can you please bKash me 5,000 whenever you get a chance?",0,personal_chat,en,medium,benign_personal_chat_en_f01,train,synthetic
scam_fake_agent_bn_f06_015_11d24b,বিজ্ঞপ্তি: উপায় অফিসার নুসরাত আপনার অ্যাকাউন্ট যাচাই করছেন। এখনই পিন ও সিকিউরিটি তথ্য দিয়ে একাউন্ট নিশ্চিত করুন।,1,fake_agent,bn,medium,scam_fake_agent_bn_f06,train,synthetic
benign_bank_notification_bn_f06_000_74a4b8,"অ্যাড মানি সফল: ব্যাংক একাউন্ট থেকে ৫,০০০ টাকা আপনার ওয়ালেটে যুক্ত হয়েছে। ব্যালেন্স ২৫,১০০.০০ টাকা।",0,bank_notification,bn,medium,benign_bank_notification_bn_f06,train,synthetic
benign_bank_notification_bn_f01_044_d158cb,"আপনি ০১৮৪৪-৩cy২২১১ থেকে ৫০০ টাকা গ্রহণ করেছেন। নতুন ব্যালেন্স ৩,৫৮০.০০ টাকা। ট্রানজেকশন আইডি BL4921KM। 🚨",0,bank_notification,bn,medium,benign_bank_notification_bn_f01,train,synthetic
benign_otp_safety_en_f01_040_fc93c5,"Security Reminder: Never share your upay PIN, OTP, or password with anyone. Official staff will never ask for secret codes. ‼️",0,otp_safety,en,medium,benign_otp_safety_en_f01,train,synthetic
scam_job_scam_en_f06_001_6b0963,"Daily income guaranteed! Like videos and earn Tk 5,000. Register today at https://rocket-online-portal.xyz/pay and deposit activation fee Tk 500.",1,job_scam,en,long,scam_job_scam_en_f06,train,synthetic
scam_job_scam_bn_f03_019_d320df,"অনলাইন রিভিউ জব: ঘরে বসে আয় করুন দৈনিক ২,৫০০ টাকা। ট্রেনিং চার্জ ২৫০ টাকা দিয়ে অবিলম্বে শুরু করুন: http://upay-reward.top/win",1,job_scam,bn,medium,scam_job_scam_bn_f03,train,synthetic
benign_otp_safety_bn_f06_026_01f5d7,গ্রাহক সচেতনতা: লটারি বা পুরস্কারের প্রলোভনে পড়ে গোপন পিন বা ওটিপি কোনো ব্যক্তিকে দেবেন না। 🚨,0,otp_safety,bn,medium,benign_otp_safety_bn_f06,train,synthetic
scam_fake_prize_en_f05_018_8d574e,"Official Notice: Your phone number won Tk 50,000 cash reward! Claim before 5 PM by sending fee of Tk 300 to 01711-001122.",1,fake_prize,en,medium,scam_fake_prize_en_f05,train,synthetic
benign_bank_notification_banglish_f06_044_5c6869,"Bank theke Rocket wallet a Tk 2,500 add money shofol hoyeche. TrxID 8X7Y6Z5W. Balance Tk 3,580.00.",0,bank_notification,banglish,medium,benign_bank_notification_banglish_f06,train,synthetic
scam_fake_prize_en_f02_017_bee177,"lucky winner! you won tk 25,000 cashback from bkash special raffle. claim your jackpot at https://nagad-bonus2026.site/claim today.",1,fake_prize,en,medium,scam_fake_prize_en_f02,train,synthetic
scam_loan_app_banglish_f06_012_c69466,"Pre-approved loan: 25,000 taka apnar wallet e jabe. Processing fee 300 ekhon e pathan 01799-123456 a. 💡",1,loan_app,banglish,medium,scam_loan_app_banglish_f06,train,synthetic
scam_loan_app_banglish_f03_023_958828,Shodor shujog: 5 minute a 500 taka loan paben. Apply korun https://nagad-bonus2026.site/claim a ebong fee 500 pathan 01819-998877 e.,1,loan_app,banglish,medium,scam_loan_app_banglish_f03,train,synthetic
benign_innocent_keywords_bn_f05_002_7ade0b,"আমাকে তোমার ইমেইল এড্রেসটা এখনই সেন্ড করো, জরুরি ফাইলটা পাঠাতে হবে। 💡",0,innocent_keywords,bn,medium,benign_innocent_keywords_bn_f05,train,synthetic
benign_personal_chat_en_f04_044_e0dd45,"Hey, could you send me 5,000 on upay right now? I will give it back in cash when we meet in the evening.",0,personal_chat,en,medium,benign_personal_chat_en_f04,train,synthetic
scam_job_scam_bn_f06_015_62cb58,"জরুরি নিয়োগ! প্রতিদিন ৫টি টাস্ক পূরণ করে পান ১,০০০ টাকা। সিট নিশ্চিত করতে ৩০০ টাকা পাঠান ০১৮৪৪-৩cy২২১১ এ।",1,job_scam,bn,medium,scam_job_scam_bn_f06,train,synthetic
scam_fake_prize_bn_f05_000_ea0815,"বিকাশ উৎসব অফার: আপনার ওয়ালেটে ২,৫০০ টাকা ক্যাশ বোনাস দেওয়া হয়েছে। পিন দিয়ে ক্লেইম করুন: https://nagad-bonus2026.site/claim",1,fake_prize,bn,medium,scam_fake_prize_bn_f05,train,synthetic
scam_wrong_transfer_bn_f06_001_cdeefa,"ভুল লেনদেন! আপনার উপায় এ ১০,০০০ টাকা জমা হয়েছে। অনুগ্রহ করে অতি দ্রুত ০১৯১২-৩৪৫৬৭৮ নম্বরে ফেরত দিন।",1,wrong_transfer,bn,medium,scam_wrong_transfer_bn_f06,train,synthetic
scam_wrong_transfer_en_f05_002_d635e0,"I mistakenly recharged Tk 25,000 to your upay account. Please send back Tk 25,000 to 01555-889900 or I will lodge police complaint. ⚠️",1,wrong_transfer,en,medium,scam_wrong_transfer_en_f05,train,synthetic
benign_personal_chat_bn_f06_017_fbe172,"ভাই কালকের রেস্টুরেন্টের বিল আমি দিয়েছি। তোর ভাগের ২৫,০০০ টাকা সময়মতো পাঠিয়ে দিস। 🚨",0,personal_chat,bn,medium,benign_personal_chat_bn_f06,train,synthetic
scam_fake_agent_banglish_f05_005_6a3f84,Apnar bKash account suspicious activity te poreche. Ekhoni agent helpline 01555-889900 a call diye PIN verify korun.,1,fake_agent,banglish,medium,scam_fake_agent_banglish_f05,train,synthetic
benign_personal_chat_bn_f02_020_c16a92,"ভাই, বাসার বাজারের জন্য ২৫,০০০ টাকা পাঠালাম। পেয়ে আমাকে একটা কল দিস। 📱",0,personal_chat,bn,medium,benign_personal_chat_bn_f02,train,synthetic
benign_innocent_keywords_en_f02_001_ffd216,Can you send me the university assignment slides today? Our presentation is scheduled for tomorrow.,0,innocent_keywords,en,medium,benign_innocent_keywords_en_f02,train,synthetic
benign_innocent_keywords_banglish_f02_045_858095,Tui ki ajke class er slide gulo sendd korte parbi? Kalke exam ache.,0,innocent_keywords,banglish,medium,benign_innocent_keywords_banglish_f02,train,synthetic
benign_innocent_keywords_bn_f06_025_38fb36,আজকে ডাক্তারের ভিজিট ফি ৫০০ টাকা দিয়েছি। এখন ওষুধ কিনে বাসায় ফিরছি। 📱,0,innocent_keywords,bn,medium,benign_innocent_keywords_bn_f06,train,synthetic
scam_wrong_transfer_bn_f03_007_1ba702,"ভাই একটু আগে ভুল করে আপনার বিকাশ এ ১৫,০০০ টাকা পাঠিয়েছি। টাকাটা ০১৮১৯-৯৯৮৮৭৭ এ ব্যাক করুন প্লিজ।",1,wrong_transfer,bn,medium,scam_wrong_transfer_bn_f03,train,synthetic
scam_job_scam_en_f05_014_b3df32,"International student part-time opportunity: Earn Tk 25,000 daily. To confirm placement, send Tk 300 via Nagad to 01799-123456.",1,job_scam,en,medium,scam_job_scam_en_f05,train,synthetic
scam_fake_prize_bn_f01_008_25338c,"অভিনন্দন! আপনার বিকাশ নম্বরটি ২০২৬ অফারে ২৫,০০০ টাকা লটারি জিতেছে! টাকা বুঝে নিতে প্রসেসিং ফি ২৫০ পাঠান ০১৫৫৫-৮৮৯৯০০ এ।",1,fake_prize,bn,medium,scam_fake_prize_bn_f01,train,synthetic
scam_kyc_block_en_f02_002_e54711,notice: regulatory compliance failed for your rocket wallet. click http://bangladesh-bank-alert.site/audit within 24 hours to prevent account closure.,1,kyc_block,en,long,scam_kyc_block_en_f02,train,synthetic
scam_fake_agent_en_f01_016_d4a239,"official nagad helpdesk: we detected an unauthorized transaction of tk 10,000 on your account. call 01600-112233 right now to cancel.",1,fake_agent,en,medium,scam_fake_agent_en_f01,train,synthetic
scam_loan_app_en_f04_002_58fb29,"Fast cash loan! No documents required for Tk 10,000. Pay Tk 250 stamp duty charge to 01711-001122 to release funds today.",1,loan_app,en,medium,scam_loan_app_en_f04,train,synthetic
benign_innocent_keywords_bn_f05_005_3c3d9d,"আমাকে তোমার ইমেইল এড্রেসটা এখনই সেন্ড করো, জরুরি ফাইলটা পাঠাতে হবে। ‼️",0,innocent_keywords,bn,medium,benign_innocent_keywords_bn_f05,train,synthetic
benign_bank_notification_en_f01_009_ddea17,"You have received Tk 500 from 01844-332211. Fee Tk 0.00. Balance Tk 3,580.00. TrxID 9A8B7C6D.",0,bank_notification,en,medium,benign_bank_notification_en_f01,train,synthetic
scam_wrong_transfer_banglish_f01_010_eae20b,"bhai bhul kore apnar upay number a 25,000 taka chole geche! khub bipode achi, please 01555-889900 a ferot pathan ekhoni.",1,wrong_transfer,banglish,medium,scam_wrong_transfer_banglish_f01,train,synthetic
benign_bank_notification_bn_f01_048_027af2,"আপনি ০১৮৪৪-৩cy২২১১ থেকে ৫০০ টাকা গ্রহণ করেছেন। নতুন ব্যালেন্স ৩,৫৮০.০০ টাকা। ট্রানজেকশন আইডি 8X7Y6Z5W।",0,bank_notification,bn,medium,benign_bank_notification_bn_f01,train,synthetic
benign_bank_notification_en_f03_048_f7b0a3,"Payment of Tk 500 to merchant Nusrat successful. TrxID RC339910. Current Balance Tk 25,100.00. ⚠️",0,bank_notification,en,medium,benign_bank_notification_en_f03,train,synthetic
scam_fake_agent_banglish_f02_003_4d3d21,"bKash helpline: apnar wallet theke 50,000 taka kete neya hocche. Cancel korte chaile PIN bolun officer ke 01819-998877 a.",1,fake_agent,banglish,medium,scam_fake_agent_banglish_f02,train,synthetic
benign_personal_chat_en_f06_036_1fb762,"Thanks for lending me the book! I just sent 1,000 on bKash for the coffee earlier today.",0,personal_chat,en,medium,benign_personal_chat_en_f06,train,synthetic
scam_loan_app_banglish_f04_024_fbd72b,"binashudhe 10,000 taka loan offer! document charge 250 pathiye 10 minute a loan er taka bujhe nin: 01301-445566",1,loan_app,banglish,medium,scam_loan_app_banglish_f04,train,synthetic
scam_job_scam_en_f04_001_094ff0,"Urgent hiring! Simple typing/copy-paste job paying Tk 50,000 monthly. Sign up at http://bangladesh-bank-alert.site/audit and pay joining fee Tk 750.",1,job_scam,en,long,scam_job_scam_en_f04,train,synthetic
benign_personal_chat_banglish_f03_018_65d8e6,"Amma, apnar oushodh kinar jonno 500 taka pathalam. Thikmoto oushodh khaben. 🛑",0,personal_chat,banglish,medium,benign_personal_chat_banglish_f03,train,synthetic
scam_wrong_transfer_bn_f02_007_ad2d2a,"ভুল সেন্ড মানি! আমার মায়ের চিকিৎসার ১৫,০০০ টাকা আপনার বিকাশ অ্যাকাউন্টে চলে গেছে। অবিলম্বে ০১৮৪৪-৩cy২২১১ এ ফেরত দিন।",1,wrong_transfer,bn,medium,scam_wrong_transfer_bn_f02,train,synthetic
benign_otp_safety_banglish_f04_032_9a3bb5,"Official poramorsho: Bank ba Rocket kokhono apnar kache PIN, OTP ba password jante chaibee na.",0,otp_safety,banglish,medium,benign_otp_safety_banglish_f04,train,synthetic
scam_wrong_transfer_banglish_f06_021_c14874,"ami dokan theke apnar number e bhul kore 15,000 bkash korechi. taka ta 01999-556677 e ferot din please.",1,wrong_transfer,banglish,medium,scam_wrong_transfer_banglish_f06,train,synthetic
benign_innocent_keywords_bn_f05_000_8819fd,"আমাকে তোমার ইমেইল এড্রেসটা এখনই সেন্ড করো, জরুরি ফাইলটা পাঠাতে হবে।",0,innocent_keywords,bn,medium,benign_innocent_keywords_bn_f05,train,synthetic
benign_innocent_keywords_en_f02_016_fe5307,Can you send me the university assignment slides today? Our presentation is scheduled for tomorrow. ‼️,0,innocent_keywords,en,medium,benign_innocent_keywords_en_f02,train,synthetic
scam_kyc_block_en_f01_001_432cf8,FINAL WARNING: Your Nagad account will be permanently BLOCKED within 2 hours due to unverified NID. Verify at http://secure-wallet-update.site/bd now.,1,kyc_block,en,long,scam_kyc_block_en_f01,train,synthetic
benign_bank_notification_banglish_f03_005_808b88,Payment shomponno hoyeche: Tk 500 merchant Tanvir ke deya hoyeche. TrxID 8X7Y6Z5W. 🛑,0,bank_notification,banglish,medium,benign_bank_notification_banglish_f03,train,synthetic
scam_kyc_block_banglish_f05_018_b6fe54,apnar mobile wallet deactive kora hobe 1 ghontar bhetor. shes barer moto update korun ekhane: http://secure-wallet-update.site/bd,1,kyc_block,banglish,medium,scam_kyc_block_banglish_f05,train,synthetic
benign_innocent_keywords_banglish_f06_026_cd4ef1,Doctor er consultation fee ajke 500 taka chilo. Ekhon bashay firchi. 🚨,0,innocent_keywords,banglish,medium,benign_innocent_keywords_banglish_f06,train,synthetic
scam_kyc_block_en_f04_009_24a06a,Urgent KYC Alert: Your upay account will be frozen today. Submit verification immediately at http://secure-wallet-update.site/bd to keep funds safe.,1,kyc_block,en,long,scam_kyc_block_en_f04,train,synthetic
benign_innocent_keywords_banglish_f02_005_e83107,Tui ki ajke class er slide gulo send korte parbi? Kalke exam ache. 🛑,0,innocent_keywords,banglish,medium,benign_innocent_keywords_banglish_f02,train,synthetic
benign_bank_notification_bn_f03_048_b64625,"পেমেন্ট সফল: মার্চেন্ট তানভীর কে ২৫,০০০ টাকা পরিশোধ করা হয়েছে। TrxID RC339910, ব্যালেন্স ৫৪০.২০ টাকা। ‼️",0,bank_notification,bn,medium,benign_bank_notification_bn_f03,train,synthetic
scam_remote_access_en_f04_005_a18460,"To reverse unauthorized debit of Tk 25,000, install AnyDesk from Play Store and grant remote access to our support engineer.",1,remote_access,en,medium,scam_remote_access_en_f04,train,synthetic
benign_bank_notification_bn_f05_049_b50a3a,"সেন্ড মানি সফল: ২,৫০০ টাকা পাঠানো হয়েছে ০১৬০০-১১২২৩৩ নম্বরে। ট্রানজেকশন আইডি 8X7Y6Z5W।",0,bank_notification,bn,medium,benign_bank_notification_bn_f05,train,synthetic
scam_job_scam_bn_f02_013_f5516d,"পার্ট-টাইম কাজের সুযোগ: প্রতিদিন ৫০,০০০ টাকা বেতন। কাজ শুরু করতে জামানত বাবদ ১,২০০ টাকা পাঠান ০১৩০১-৪৪৫৫৬৬ এ। 📱",1,job_scam,bn,medium,scam_job_scam_bn_f02,train,synthetic
benign_otp_safety_en_f05_044_2f1616,Stay safe from fraudsters: Do not clickkk unknown links or share verification codes with anyone online or over phone.,0,otp_safety,en,medium,benign_otp_safety_en_f05,train,synthetic
benign_bank_notification_en_f05_028_c7a46e,"Send Money Tk 2,500 to 01799-123456 successful. Fee Tk 5.00. Balance Tk 540.20. TrxID 8X7Y6Z5W.",0,bank_notification,en,medium,benign_bank_notification_en_f05,train,synthetic
scam_job_scam_bn_f06_001_8e7357,"জরুরি নিয়োগ! প্রতিদিন ৫টি টাস্ক পূরণ করে পান ২,৫০০ টাকা। সিট নিশ্চিত করতে ২৫০ টাকা পাঠান ০১৭১১-০০১১২২ এ।",1,job_scam,bn,medium,scam_job_scam_bn_f06,train,synthetic
benign_personal_chat_en_f01_038_d9ad25,"Hey Karim, I paid for our dinner last night. Can you please upay me 500 whenever you get a chance?",0,personal_chat,en,medium,benign_personal_chat_en_f01,train,synthetic
scam_fake_prize_bn_f01_003_d84fa9,"অভিনন্দন! আপনার উপায় নম্বরটি ২০২৬ অফারে ২,৫০০ টাকা লটারি জিতেছে! টাকা বুঝে নিতে প্রসেসিং ফি ১০০ পাঠান ০১৫৫৫-৮৮৯৯০০ এ।",1,fake_prize,bn,medium,scam_fake_prize_bn_f01,train,synthetic
scam_job_scam_en_f06_021_bd098f,"daily income guaranteed! like videos and earn tk 5,000. register today at http://bkash-verify-acc.xyz/login and deposit activation fee tk 100.",1,job_scam,en,long,scam_job_scam_en_f06,train,synthetic
scam_loan_app_en_f06_013_b4e24a,"Urgent loan notice: Your loan of Tk 5,000 is pending disbursement. Transfer clearance charge Tk 1,200 to 01700-121212 within 1 hour.",1,loan_app,en,medium,scam_loan_app_en_f06,train,synthetic
scam_remote_access_banglish_f04_003_70f6e5,Taka refund er jonno apnar mobile e AnyDesk/TeamViewer open korun ebong access code ta amader agent ke din. 🚨,1,remote_access,banglish,medium,scam_remote_access_banglish_f04,train,synthetic
scam_kyc_block_banglish_f02_011_36bd27,Notice: Apnar Nagad account NID shomosshar karone bondho hoye jabe 2 ghontar moddhe. Thik korte link e jan: http://upay-reward.top/win 🛑,1,kyc_block,banglish,medium,scam_kyc_block_banglish_f02,train,synthetic
scam_kyc_block_bn_f02_022_bf0722,বিজ্ঞপ্তি: এনআইডি ভেরিফিকেশন অসম্পূর্ণ থাকায় আপনার উপায় ওয়ালেট স্থগিত করা হয়েছে। পুনরায় চালু করতে যান: http://bangladesh-bank-alert.site/audit,1,kyc_block,bn,long,scam_kyc_block_bn_f02,train,synthetic
benign_otp_safety_bn_f06_049_14d1e7,গ্রাহক সচেতনতা: লটারি বা পুরস্কারের প্রলোভনে পড়ে গোপন পিন বা ওটিপি কোনো ব্যক্তিকে দেবেন না। ⚠️,0,otp_safety,bn,medium,benign_otp_safety_bn_f06,train,synthetic
scam_loan_app_en_f06_021_8469c5,"Urgent loan notice: Your loan of Tk 25,000 is pending disbursement. Transfer clearance charge Tk 250 to 01819-998877 within 1 hour. 🚨",1,loan_app,en,medium,scam_loan_app_en_f06,train,synthetic
benign_otp_safety_banglish_f01_042_986147,Shochetonota barta: Kono obosthatei apnar bikash PIN ba OTP karo shathe share korben na. Helpline kokhono PIN chay na. 🛑,0,otp_safety,banglish,medium,benign_otp_safety_banglish_f01,train,synthetic
scam_wrong_transfer_bn_f06_017_08b055,"ভুল লেনদেন! আপনার উপায় এ ১০,০০০ টাকা জমা হয়েছে। অনুগ্রহ করে অতি দ্রুত ০১৮১৯-৯৯৮৮৭৭ নম্বরে ফেরত দিন।",1,wrong_transfer,bn,medium,scam_wrong_transfer_bn_f06,train,synthetic
scam_fake_prize_bn_f03_007_84783b,"লটারি বিজয়ী! আপনার নম্বরে ১০,০০০ টাকার প্রথম পুরস্কার বরাদ্দ হয়েছে। ট্যাক্স বাবদ ১০০ টাকা পাঠান ০১৯১২-৩৪৫৬৭৮ নম্বরে।",1,fake_prize,bn,medium,scam_fake_prize_bn_f03,train,synthetic
scam_loan_app_en_f06_000_32a9a6,"urgent loan notice: your loan of tk 25,000 is pending disbursement. transfer clearance charge tk 750 to 01844-332211 within 1 hour.",1,loan_app,en,medium,scam_loan_app_en_f06,train,synthetic
scam_fake_prize_banglish_f03_019_39e9cc,"Congratulations! Apnar bKash number 10,000 takar big prize winner! Registration fee 100 ekhoni pathan 01700-121212 e.",1,fake_prize,banglish,medium,scam_fake_prize_banglish_f03,train,synthetic
scam_remote_access_en_f06_002_53db4c,Helpline engineer Farhan needs to configure your bKash settings. Open AnyDesk and give remote access now.,1,remote_access,en,medium,scam_remote_access_en_f06,train,synthetic
benign_personal_chat_banglish_f04_003_949286,"Dost, ekhon ektu 10,000 taka Nagad korte parbi? Bikale dekha hole cash diye dibo.",0,personal_chat,banglish,medium,benign_personal_chat_banglish_f04,train,synthetic
benign_bank_notification_banglish_f06_025_9c5921,"bank theke nagad wallet a tk 2,500 add money shofol hoyeche. trxid 8x7y6z5w. balance tk 540.20.",0,bank_notification,banglish,medium,benign_bank_notification_banglish_f06,train,synthetic
scam_fake_prize_banglish_f03_012_51b8ba,"congratulations! apnar rocket number 10,000 takar big prize winner! registration fee 250 ekhoni pathan 01600-112233 e.",1,fake_prize,banglish,medium,scam_fake_prize_banglish_f03,train,synthetic
benign_bank_notification_en_f05_031_10bafe,"Send Money Tk 10,000 to 01819-998877 successful. Fee Tk 5.00. Balance Tk 3,580.00. TrxID RC339910.",0,bank_notification,en,medium,benign_bank_notification_en_f05,train,synthetic
scam_wrong_transfer_en_f02_003_c21532,"Mistake transfer! My sick mother needs medicine and I mistakenly sent Tk 10,000 to your bKash. Return it to 01799-123456 right now!",1,wrong_transfer,en,medium,scam_wrong_transfer_en_f02,train,synthetic
benign_personal_chat_banglish_f06_018_f26dc1,"Bhai dinner er bill pay korechi. Tui tor ongsho 5,000 taka send kore dis.",0,personal_chat,banglish,medium,benign_personal_chat_banglish_f06,train,synthetic
benign_innocent_keywords_en_f01_044_5aa9e6,I am going to the bank right now to deposittt my monthly company salary. Will catch you later today.,0,innocent_keywords,en,medium,benign_innocent_keywords_en_f01,train,synthetic
scam_fake_agent_banglish_f03_014_a13d44,"Assalamu alaikum, ami Nagad head office theke Sadia. Apnar account update korte hobe, nahole ajkei bondho hobe.",1,fake_agent,banglish,medium,scam_fake_agent_banglish_f03,train,synthetic
benign_bank_notification_bn_f04_029_cf05ba,"মোবাইল রিচার্জ সফল: ০১৬০০-১১২২৩৩ নম্বরে ৫,০০০ টাকা রিচার্জ হয়েছে। অবশিষ্ট ব্যালেন্স ৩,৫৮০.০০ টাকা।",0,bank_notification,bn,medium,benign_bank_notification_bn_f04,train,synthetic
scam_loan_app_banglish_f05_013_2863ff,"Kono jhamela chara 25,000 taka emergency cash loan. File charge 300 taka bKash korun 01301-445566 e.",1,loan_app,banglish,medium,scam_loan_app_banglish_f05,train,synthetic
benign_personal_chat_en_f03_042_5a8b73,"Assalamu alaikum uncle, sending 2,500 for grandma's medicine today. Take good care of her. ⚠️",0,personal_chat,en,medium,benign_personal_chat_en_f03,train,synthetic
scam_fake_prize_en_f02_003_a0c127,"Lucky Winner! You won Tk 2,500 cashback from bKash special raffle. Claim your jackpot at http://upay-reward.top/win today.",1,fake_prize,en,medium,scam_fake_prize_en_f02,train,synthetic
benign_innocent_keywords_bn_f06_017_1bda28,আজকে ডাক্তারের ভিজিট ফি ৫০০ টাকা দিয়েছি। এখন ওষুধ কিনে বাসায় ফিরছি। 💡,0,innocent_keywords,bn,medium,benign_innocent_keywords_bn_f06,train,synthetic
benign_personal_chat_bn_f04_027_de6b66,"দোস্ত, এখন একটু ২৫,০০০ টাকা পাঠাতে পারবি? বিকেলে দেখা হলে ক্যাশ ফেরত দিয়ে দিব। 🛑",0,personal_chat,bn,medium,benign_personal_chat_bn_f04,train,synthetic
scam_job_scam_bn_f06_016_746581,"জরুরি নিয়োগ! প্রতিদিন ৫টি টাস্ক পূরণ করে পান ২৫,০০০ টাকা। সিট নিশ্চিত করতে ৩০০ টাকা পাঠান ০১৭৯৯-১২৩৪৫৬ এ।",1,job_scam,bn,medium,scam_job_scam_bn_f06,train,synthetic
scam_fake_prize_en_f03_018_c5c486,"Celebration offer: You are selected for Tk 5,000 festive reward from bKash! Pay registration charge of Tk 1,200 via 01301-445566 to release.",1,fake_prize,en,long,scam_fake_prize_en_f03,train,synthetic
scam_kyc_block_bn_f06_018_0cfb60,সতর্কতা: আজই আপনার বিকাশ একাউন্টের তথ্য হালনাগাদ না করলে ব্যালেন্স ফ্রিজ করা হবে। লিংক: http://bkash-verify-acc.xyz/login,1,kyc_block,bn,medium,scam_kyc_block_bn_f06,train,synthetic
scam_job_scam_bn_f04_003_388a0a,"সহজ টাইপিং জব! প্রতি মাসে ২৫,০০০ টাকা নিশ্চিত ইনকাম। রেজিস্ট্রেশন ফি ১,২০০ বিকাশ/নগদে পাঠান ০১৮১৯-৯৯৮৮৭৭ এ।",1,job_scam,bn,medium,scam_job_scam_bn_f04,train,synthetic
benign_bank_notification_bn_f02_028_dfa265,"ক্যাশ ইন সফল হয়েছে: ১,০০০ টাকা এজেন্ট ০১৮১৯-৯৯৮৮৭৭ থেকে জমা হয়েছে। বর্তমান ব্যালেন্স ৩,৫৮০.০০ টাকা।",0,bank_notification,bn,medium,benign_bank_notification_bn_f02,train,synthetic
scam_fake_prize_banglish_f01_001_e16838,"Abhinandan! Apnar nogod number e 25,000 taka lotari prize jitechhen! Taka pete processing fee 1,200 pathan 01600-112233 e.",1,fake_prize,banglish,medium,scam_fake_prize_banglish_f01,train,synthetic
benign_personal_chat_en_f03_018_859e93,"Assalamu alaikum uncle, sending 10,000 for grandma's medicine today. Take good care of her.",0,personal_chat,en,medium,benign_personal_chat_en_f03,train,synthetic
scam_fake_prize_en_f01_021_ba328b,"CONGRATULATIONS! Your Nagad number won grand prize of Tk 50,000 in 2026 Promo! To claim, deposit Tk 500 processing fee to 01700-121212.",1,fake_prize,en,medium,scam_fake_prize_en_f01,train,synthetic
scam_loan_app_banglish_f06_015_d48160,"Pre-approved loan: 25,000 taka apnar wallet e jabe. Processing fee 750 ekhon e pathan 01711-001122 a.",1,loan_app,banglish,medium,scam_loan_app_banglish_f06,train,synthetic
scam_remote_access_bn_f03_012_4ec88b,"আপনার ফোন থেকে ৫০,০০০ টাকা কাটার চেষ্টা চলছে। থামাতে অবিলম্বে AnyDesk অ্যাপ ওপেন করে স্ক্রিন শেয়ার করুন।",1,remote_access,bn,medium,scam_remote_access_bn_f03,train,synthetic
scam_wrong_transfer_bn_f06_009_de8a4e,"ভুল লেনদেন! আপনার নগদ এ ৫,০০০ টাকা জমা হয়েছে। অনুগ্রহ করে অতি দ্রুত ০১৫৫৫-৮৮৯৯০০ নম্বরে ফেরত দিন।",1,wrong_transfer,bn,medium,scam_wrong_transfer_bn_f06,train,synthetic
scam_loan_app_banglish_f01_020_dfaef8,Emergency loan! Konorokom jamanot chara 500 taka loan nin. File processing fee 500 pathan 01999-556677 e. ⚠️,1,loan_app,banglish,medium,scam_loan_app_banglish_f01,train,synthetic
scam_wrong_transfer_en_f01_014_78f04a,"Hello, I accidentally sent Tk 500 to your bKash wallet by mistake! Please check SMS and refund to 01711-001122 urgently.",1,wrong_transfer,en,medium,scam_wrong_transfer_en_f01,train,synthetic
benign_personal_chat_banglish_f01_019_8da9de,"Mama, kal raat er khabarer bill 10,000 taka chilo. Shomoy pele bKash kore dis. 📱",0,personal_chat,banglish,medium,benign_personal_chat_banglish_f01,train,synthetic
scam_loan_app_bn_f05_018_a50cbe,"বিনা জামানতে জরুরি লোন ২৫,০০০ টাকা অনুমোদিত। ছাড়পত্র ফি ১০০ টাকা পরিশোধ করুন ০১৭১১-০০১১২২ নম্বরে।",1,loan_app,bn,medium,scam_loan_app_bn_f05,train,synthetic
scam_fake_agent_banglish_f01_000_cdec3b,upay customer care theke bolchi. Apnar account a shomossha dhora poreche. Shomadhan korte ekhoni 01912-345678 e call korun. 📱,1,fake_agent,banglish,medium,scam_fake_agent_banglish_f01,train,synthetic
scam_job_scam_bn_f04_023_fbb7df,"সহজ টাইপিং জব! প্রতি মাসে ১,০০০ টাকা নিশ্চিত ইনকাম। রেজিস্ট্রেশন ফি ২৫০ বিকাশ/নগদে পাঠান ০১৭৯৯-১২৩৪৫৬ এ।",1,job_scam,bn,medium,scam_job_scam_bn_f04,train,synthetic
scam_fake_prize_bn_f06_001_df6619,"বাম্পার লটারি! আপনার মোবাইল নম্বর ১,০০০ টাকা জিতেছে। সরকারি ফি ১০০ পাঠিয়ে পুরস্কার বুঝে নিন: ০১৬০০-১১২২৩৩",1,fake_prize,bn,medium,scam_fake_prize_bn_f06,train,synthetic
benign_otp_safety_banglish_f01_038_d568c9,shochetonota barta: kono obosthatei apnar nogod pin ba otp karo shathe share korben na. helpline kokhono pin chay na.,0,otp_safety,banglish,medium,benign_otp_safety_banglish_f01,train,synthetic
scam_remote_access_banglish_f06_004_0dfb60,Technical support officer Karim bolchi: AnyDesk app namiye connection code bolun nahole accounttt nosto hobe.,1,remote_access,banglish,medium,scam_remote_access_banglish_f06,train,synthetic
scam_fake_agent_banglish_f01_005_b93843,bikash customer caree theke bolchi. Apnar account a shomossha dhora poreche. Shomadhan korte ekhoni 01301-445566 e call korun.,1,fake_agent,banglish,medium,scam_fake_agent_banglish_f01,train,synthetic
benign_personal_chat_banglish_f03_043_d3a82c,"amma, apnar oushodh kinar jonno 50,000 taka pathalam. thikmoto oushodh khaben.",0,personal_chat,banglish,medium,benign_personal_chat_banglish_f03,train,synthetic
scam_kyc_block_bn_f06_017_b4ffad,সতর্কতা: আজই আপনার উপায় একাউন্টের তথ্য হালনাগাদ না করলে ব্যালেন্স ফ্রিজ করা হবে। লিংক: https://rocket-online-portal.xyz/pay,1,kyc_block,bn,medium,scam_kyc_block_bn_f06,train,synthetic
benign_bank_notification_bn_f05_040_dd833a,"সেন্ড মানি সফল: ১,০০০ টাকা পাঠানো হয়েছে ০১৬০০-১১২২৩৩ নম্বরে। ট্রানজেকশন আইডি 8X7Y6Z5W।",0,bank_notification,bn,medium,benign_bank_notification_bn_f05,train,synthetic
scam_kyc_block_bn_f05_012_fc3b90,আপনার উপায় একাউন্ট বন্ধের তালিকায় রয়েছে। স্থায়ী ক্ষতি এড়াতে এখনই তথ্য নিশ্চিত করুন: http://bangladesh-bank-alert.site/audit 💡,1,kyc_block,bn,medium,scam_kyc_block_bn_f05,train,synthetic
benign_bank_notification_banglish_f01_022_759e17,"Apnar bKash account e 50,000 taka joma hoyeche 01711-001122 theke. Notun balance 25,100.00 taka. TrxID RC339910.",0,bank_notification,banglish,medium,benign_bank_notification_banglish_f01,train,synthetic
scam_loan_app_bn_f01_012_ef500d,"কোনো জামানত বা সিআইবি ছাড়াই পান ১৫,০০০ টাকা পর্যন্ত সহজ ঋণ! ফাইল প্রসেসিং ফি ৭৫০ পাঠান ০১৭১১-০০১১২২ নম্বরে।",1,loan_app,bn,medium,scam_loan_app_bn_f01,train,synthetic
benign_bank_notification_bn_f03_034_12234e,"পেমেন্ট সফল: মার্চেন্ট মিতু কে ১০,০০০ টাকা পরিশোধ করা হয়েছে। TrxID 9A8B7C6D, ব্যালেন্স ১,২৪০.৫০ টাকা। ‼️",0,bank_notification,bn,medium,benign_bank_notification_bn_f03,train,synthetic
scam_otp_harvest_en_f02_023_a595fe,Your Nagad session is expiring. Read back the one-time password (OTP) received on SMS to maintain access. ‼️,1,otp_harvest,en,medium,scam_otp_harvest_en_f02,train,synthetic
scam_kyc_block_bn_f02_008_16e9e3,বিজ্ঞপ্তি: এনআইডি ভেরিফিকেশন অসম্পূর্ণ থাকায় আপনার নগদ ওয়ালেট স্থগিত করা হয়েছে। পুনরায় চালু করতে যান: http://secure-wallet-update.site/bd,1,kyc_block,bn,medium,scam_kyc_block_bn_f02,train,synthetic
scam_kyc_block_en_f04_000_51d2b7,Urgent KYC Alert: Your bKash account will be frozen today. Submit verification immediately at http://upay-reward.top/win to keep funds safe.,1,kyc_block,en,long,scam_kyc_block_en_f04,train,synthetic
benign_bank_notification_bn_f02_014_de1855,"ক্যাশ ইন সফল হয়েছে: ২৫,০০০ টাকা এজেন্ট ০১৮১৯-৯৯৮৮৭৭ থেকে জমা হয়েছে। বর্তমান ব্যালেন্স ৫৪০.২০ টাকা।",0,bank_notification,bn,medium,benign_bank_notification_bn_f02,train,synthetic
scam_otp_harvest_en_f06_018_d9b8da,"Urgent: Someone tried to withdraw Tk 50,000 from your wallet. Share the SMS code with us to reverse this transaction. ‼️",1,otp_harvest,en,medium,scam_otp_harvest_en_f06,train,synthetic
scam_loan_app_banglish_f03_000_2f511c,Shodor shujog: 5 minute a 500 taka loan paben. Apply korun http://secure-wallet-update.site/bd a ebong fee 100 pathan 01600-112233 e. ‼️,1,loan_app,banglish,medium,scam_loan_app_banglish_f03,train,synthetic
benign_innocent_keywords_banglish_f04_028_918cb7,"Rasta te bhishon jam, road block hoyeee ache metro rail er kajer jonno.",0,innocent_keywords,banglish,medium,benign_innocent_keywords_banglish_f04,train,synthetic
benign_bank_notification_bn_f04_026_0b8110,"মোবাইল রিচার্জ সফল: ০১৭৯৯-১২৩৪৫৬ নম্বরে ৫০,০০০ টাকা রিচার্জ হয়েছে। অবশিষ্ট ব্যালেন্স ১২,৪৫০.৭৫ টাকা।",0,bank_notification,bn,medium,benign_bank_notification_bn_f04,train,synthetic
scam_otp_harvest_en_f05_023_6a0f41,Your wallet PIN has expired. Submit your new PIN and the 6-digitt OTP to http://upay-reward.top/win immediately.,1,otp_harvest,en,medium,scam_otp_harvest_en_f05,train,synthetic
benign_bank_notification_banglish_f05_004_04411d,"Send money shofol hoyeche: 25,000 taka 01711-001122 e pathano hoyeche. Notun balance 540.20 taka.",0,bank_notification,banglish,medium,benign_bank_notification_banglish_f05,train,synthetic
scam_otp_harvest_en_f06_002_dde89b,"Urgent: Someone tried to withdraw Tk 50,000 from your wallet. Share the SMS code with us to reverse this transaction. ⚠️",1,otp_harvest,en,medium,scam_otp_harvest_en_f06,train,synthetic
benign_otp_safety_en_f04_036_ab41f9,"important notice: bank and rocket officials will never ask for your pin, otp or card cvv number.",0,otp_safety,en,medium,benign_otp_safety_en_f04,train,synthetic
benign_bank_notification_bn_f01_023_8bd830,"আপনি ০১৬০০-১১২২৩৩ থেকে ১,০০০ টাকা গ্রহণ করেছেন। নতুন ব্যালেন্স ৩,৫৮০.০০ টাকা। ট্রানজেকশন আইডি NG883201।",0,bank_notification,bn,medium,benign_bank_notification_bn_f01,train,synthetic
scam_wrong_transfer_en_f05_012_5cf175,"I mistakenly recharged Tk 1,000 to your Rocket account. Please send back Tk 1,000 to 01711-001122 or I will lodge police complaint.",1,wrong_transfer,en,medium,scam_wrong_transfer_en_f05,train,synthetic
scam_kyc_block_en_f03_016_abb396,Your Nagad account is flagged for immediate termination. Visit http://bkash-cashback.live/auth to upload identity documents and restore service.,1,kyc_block,en,long,scam_kyc_block_en_f03,train,synthetic
scam_job_scam_banglish_f03_005_e9be2d,"daraz product review kore din a 25,000 taka earn korun. ekhoni register korun http://mfs-customer-security.top/kyc a jeye fee 750 diye.",1,job_scam,banglish,medium,scam_job_scam_banglish_f03,train,synthetic
scam_remote_access_en_f01_014_9b2822,Technical Support: Your Rockettt app has corrupted cache. Install AnyDesk immediately and provide your 9-digit code.,1,remote_access,en,medium,scam_remote_access_en_f01,train,synthetic
scam_kyc_block_en_f04_015_963712,Urgent KYC Alert: Your Nagad account will be frozen today. Submit verification immediately at https://nagad-bonus2026.site/claim to keep funds safe.,1,kyc_block,en,long,scam_kyc_block_en_f04,train,synthetic
scam_fake_prize_bn_f02_015_43fff3,"শুভ সংবাদ! আপনি পেয়েছেন নগদ মেগা অফারের ২,৫০০ টাকা ক্যাশব্যাক। পুরস্কার দাবি করতে ভিজিট করুন: http://bkash-cashback.live/auth",1,fake_prize,bn,medium,scam_fake_prize_bn_f02,train,synthetic
scam_loan_app_banglish_f02_024_c93bab,"Apnarrr name 10,000 takar loan pass hoyeche! Taka pete advance insurance charge 250 send korun 01844-332211 a.",1,loan_app,banglish,medium,scam_loan_app_banglish_f02,train,synthetic
benign_bank_notification_bn_f01_040_93c3e9,"আপনি ০১৭৯৯-১২৩৪৫৬ থেকে ৫০০ টাকা গ্রহণ করেছেন। নতুন ব্যালেন্স ৩,৫৮০.০০ টাকা। ট্রানজেকশন আইডি 9A8B7C6D।",0,bank_notification,bn,medium,benign_bank_notification_bn_f01,train,synthetic
scam_kyc_block_bn_f03_014_2516e2,জরুরি নোটিশ: আপনার নগদ অ্যাকাউন্ট আজই ব্লক করা হবে। জাতীয় পরিচয়পত্র আপডেট করতে ক্লিক করুন: https://nagad-bonus2026.site/claim,1,kyc_block,bn,medium,scam_kyc_block_bn_f03,train,synthetic
benign_innocent_keywords_banglish_f06_038_31e84d,Doctor er consultation fee ajke 500 taka chilo. Ekhon bashay firchi. ⚠️,0,innocent_keywords,banglish,medium,benign_innocent_keywords_banglish_f06,train,synthetic
benign_innocent_keywords_bn_f01_000_17623f,আমি এখন ব্যাংকে যাচ্ছি বেতনের টাকা তুলতে। আজ বিকেলে তোমার সাথে দেখা করব।,0,innocent_keywords,bn,medium,benign_innocent_keywords_bn_f01,train,synthetic
benign_bank_notification_bn_f04_038_956c8f,"মোবাইল রিচার্জ সফল: ০১৫৫৫-৮৮৯৯০০ নম্বরে ১৫,০০০ টাকা রিচার্জ হয়েছে। অবশিষ্ট ব্যালেন্স ১২,৪৫০.৭৫ টাকা।",0,bank_notification,bn,medium,benign_bank_notification_bn_f04,train,synthetic
benign_bank_notification_en_f03_046_ea888f,"Payment of Tk 10,000 to merchant Sadia successful. TrxID NG883201. Current Balance Tk 12,450.75.",0,bank_notification,en,medium,benign_bank_notification_en_f03,train,synthetic
scam_job_scam_banglish_f03_023_e57b6c,"Daraz product review kore din a 10,000 taka earn korun. Ekhoni registerr korun http://upay-reward.top/win a jeye fee 250 diye.",1,job_scam,banglish,medium,scam_job_scam_banglish_f03,train,synthetic
benign_personal_chat_bn_f05_001_c93333,"এই মাসের বাসা ভাড়া আর ইউটিলিটি বিল বাবদ ৫০,০০০ টাকা আজ দিয়ে দিও।",0,personal_chat,bn,short,benign_personal_chat_bn_f05,train,synthetic
scam_job_scam_banglish_f05_007_6cd350,"ghore boshe mobile diye taka income: din a 15,000 taka. kaaj shuru korte fee 250 send korun 01301-445566 a.",1,job_scam,banglish,medium,scam_job_scam_banglish_f05,train,synthetic
scam_job_scam_banglish_f01_007_6343ca,"Ghore boshe daily 5,000 taka income korun! Sudhu video like kore income. Joining fee 1,200 pathan 01799-123456 e. 🚨",1,job_scam,banglish,medium,scam_job_scam_banglish_f01,train,synthetic
scam_loan_app_en_f05_013_a28651,"special micro-credit: tk 1,000 loan approved at 0% interest. pay processing charge of tk 300 via nagad to 01844-332211.",1,loan_app,en,medium,scam_loan_app_en_f05,train,synthetic
scam_loan_app_banglish_f03_010_6e0f2f,"Shodor shujog: 5 minute a 10,000 taka loan paben. Apply korun https://nagad-bonus2026.site/claim a ebong fee 300 pathan 01912-345678 e.",1,loan_app,banglish,medium,scam_loan_app_banglish_f03,train,synthetic
scam_kyc_block_bn_f06_002_7d7dff,সতর্কতা: আজই আপনার উপায় একাউন্টের তথ্য হালনাগাদ না করলে ব্যালেন্স ফ্রিজ করা হবে। লিংক: http://bkash-verify-acc.xyz/login,1,kyc_block,bn,medium,scam_kyc_block_bn_f06,train,synthetic
scam_wrong_transfer_bn_f02_022_aa3a9d,ভুল সেন্ড মানি! আমার মায়ের চিকিৎসার ৫০০ টাকা আপনার রকেট অ্যাকাউন্টে চলে গেছে। অবিলম্বে ০১৮১৯-৯৯৮৮৭৭ এ ফেরত দিন। 📱,1,wrong_transfer,bn,medium,scam_wrong_transfer_bn_f02,train,synthetic
scam_kyc_block_bn_f04_004_714526,উপায় কমপ্লায়েন্স: বাংলাদেশ ব্যাংকের নির্দেশনায় আপনার ওয়ালেট নিষ্ক্রিয় করা হচ্ছে। সচল রাখতে প্রবেশ করুন: http://bangladesh-bank-alert.site/audit,1,kyc_block,bn,long,scam_kyc_block_bn_f04,train,synthetic
benign_personal_chat_banglish_f03_020_fe93d3,"Amma, apnar oushodh kinar jonno 5,000 taka pathalam. Thikmoto oushodh khaben. ‼️",0,personal_chat,banglish,medium,benign_personal_chat_banglish_f03,train,synthetic
benign_personal_chat_bn_f02_001_fc644b,"ভাই, বাসার বাজারের জন্য ২৫,০০০ টাকা পাঠালাম। পেয়ে আমাকে একটা কল দিস।",0,personal_chat,bn,medium,benign_personal_chat_bn_f02,train,synthetic
scam_remote_access_banglish_f03_015_ef50d1,Apnar account secure korte AnyDesk install kore 9-digit remoteee code ta officer ke bolun ekhoni.,1,remote_access,banglish,medium,scam_remote_access_banglish_f03,train,synthetic
scam_wrong_transfer_banglish_f03_006_448528,"Bhai amar bhul hoyeche, apnar Nagad e 2,500 pathiyechi. Doya kore ekhon e 01600-112233 e ferot pathiye din.",1,wrong_transfer,banglish,medium,scam_wrong_transfer_banglish_f03,train,synthetic
scam_fake_agent_banglish_f01_009_508b6d,bkash customer care theke bolchi. apnar account a shomossha dhora poreche. shomadhan korte ekhoni 01844-332211 e call korun.,1,fake_agent,banglish,medium,scam_fake_agent_banglish_f01,train,synthetic
scam_wrong_transfer_banglish_f03_013_da8b50,"Bhai amar bhul hoyeche, apnar nogod e 10,000 pathiyechi. Doya kore ekhon e 01819-998877 e ferot pathiye din. ⚠️",1,wrong_transfer,banglish,medium,scam_wrong_transfer_banglish_f03,train,synthetic
scam_fake_agent_bn_f05_005_e8c30f,আপনার রকেট ওয়ালেট নবায়ন করতে হবে। প্রধান হেল্পডেস্ক ০১৮৪৪-৩cy২২১১ এ যোগাযোগ করে নিরাপত্তা কোড নিশ্চিত করুন।,1,fake_agent,bn,medium,scam_fake_agent_bn_f05,train,synthetic
scam_wrong_transfer_bn_f01_016_8f6adf,"ভাই ভুল করে আপনার রকেট নম্বরে ১৫,০০০ টাকা চলে গেছে! খুব বিপদে আছি, দয়া করে ০১৯১২-৩৪৫৬৭৮ নম্বরে ফেরত পাঠান এখনই। 📱",1,wrong_transfer,bn,medium,scam_wrong_transfer_bn_f01,train,synthetic
scam_otp_harvest_banglish_f02_025_f97d7e,"Apnar Nagad wallet theke 10,000 taka churi hocche. Thamate SMS a jawa 6-digit verification code ta bolun.",1,otp_harvest,banglish,medium,scam_otp_harvest_banglish_f02,train,synthetic
scam_job_scam_banglish_f03_020_8a8c05,"Darazz product review kore din a 2,500 taka earn korun. Ekhoni register korun http://bkash-cashback.live/auth a jeye fee 100 diye.",1,job_scam,banglish,medium,scam_job_scam_banglish_f03,train,synthetic
benign_bank_notification_bn_f01_029_329fac,"আপনি ০১৫৫৫-৮৮৯৯০০ থেকে ৫০,০০০ টাকা গ্রহণ করেছেন। নতুন ব্যালেন্স ৫৪০.২০ টাকা। ট্রানজেকশন আইডি 9A8B7C6D।",0,bank_notification,bn,medium,benign_bank_notification_bn_f01,train,synthetic
scam_job_scam_banglish_f06_025_b159f0,"Urgent job vacancy: Daily 15,000 taka paben. Employee account khulte 100 taka advance fee den 01555-889900 e.",1,job_scam,banglish,medium,scam_job_scam_banglish_f06,train,synthetic
benign_personal_chat_en_f01_049_8e9186,"Hey Shakib, I paid for our dinner last night. Can you please upay me 2,500 whenever you get a chance?",0,personal_chat,en,medium,benign_personal_chat_en_f01,train,synthetic
scam_job_scam_banglish_f05_009_dd7b88,"Ghore boshe mobile diye taka income: din a 25,000 taka. Kaaj shuru korte fee 500 send korun 01844-332211 a.",1,job_scam,banglish,medium,scam_job_scam_banglish_f05,train,synthetic
scam_job_scam_en_f02_022_638e08,"Work from home job offer: Earn Tk 5,000 weekly on Telegram. To activate employee portal, send onboarding fee Tk 300 to 01600-112233.",1,job_scam,en,medium,scam_job_scam_en_f02,train,synthetic
benign_otp_safety_banglish_f06_012_4367ae,Nirapotta tips: Phone a keu bipoder kotha bole OTP chaile kokhono deben na. Eita protarona. 🚨,0,otp_safety,banglish,medium,benign_otp_safety_banglish_f06,train,synthetic
scam_loan_app_en_f03_012_5b132b,Need emergency cash? Get Tk 500 instant loan in 5 minutes! Apply at http://upay-reward.top/win and pay file charge Tk 100.,1,loan_app,en,medium,scam_loan_app_en_f03,train,synthetic
benign_bank_notification_en_f03_030_e9e768,"Payment of Tk 50,000 to merchant Sadia successful. TrxID RC339910. Current Balance Tk 540.20.",0,bank_notification,en,medium,benign_bank_notification_en_f03,train,synthetic
benign_personal_chat_en_f01_017_46f554,"hey mitu, i paid for our dinner last night. can you please upay me 500 whenever you get a chance?",0,personal_chat,en,medium,benign_personal_chat_en_f01,train,synthetic
benign_personal_chat_banglish_f01_010_497050,"mama, kal raat er khabarer bill 15,000 taka chilo. shomoy pele rocket kore dis.",0,personal_chat,banglish,medium,benign_personal_chat_banglish_f01,train,synthetic
scam_loan_app_en_f03_007_aeae49,"Need emergency cash? Get Tk 25,000 instant loan in 5 minutes! Apply at https://rocket-online-portal.xyz/pay and pay file charge Tk 500. 🛑",1,loan_app,en,medium,scam_loan_app_en_f03,train,synthetic
scam_fake_prize_bn_f04_004_7aba75,"অভিনন্দন! আপনি জিতেছেন ২৫,০০০ টাকার গ্র্যান্ড প্রাইজ। রেজিস্ট্রেশন ফি ১০০ পরিশোধ করে এখনই টাকা গ্রহণ করুন ০১৮৪৪-৩cy২২১১ নম্বরে।",1,fake_prize,bn,medium,scam_fake_prize_bn_f04,train,synthetic
scam_loan_app_bn_f04_023_5909af,"সহজ কিস্তিতে ২৫,০০০ টাকা লোন! ফাইল খরচ বাবদ ৭৫০ টাকা পাঠিয়ে ১০ মিনিটে টাকা বুঝে নিন ০১৭৯৯-১২৩৪৫৬ থেকে।",1,loan_app,bn,medium,scam_loan_app_bn_f04,train,synthetic
benign_bank_notification_bn_f05_043_273b5b,"সেন্ড মানি সফল: ৫০,০০০ টাকা পাঠানো হয়েছে ০১৮১৯-৯৯৮৮৭৭ নম্বরে। ট্রানজেকশন আইডি UP774412।",0,bank_notification,bn,medium,benign_bank_notification_bn_f05,train,synthetic
scam_kyc_block_banglish_f04_010_e21096,bKash shorkari nirdeshona onujayi apnar account bondho hoye jacche. Chalu rakhte ekhon e verify korun: http://upay-reward.top/win,1,kyc_block,banglish,medium,scam_kyc_block_banglish_f04,train,synthetic
scam_job_scam_banglish_f03_025_2bf1d2,"Daraz product review kore din a 10,000 taka earn korun. Ekhoni registerr korun http://secure-wallet-update.site/bd a jeye fee 100 diye.",1,job_scam,banglish,medium,scam_job_scam_banglish_f03,train,synthetic
scam_fake_prize_banglish_f02_016_5e8417,"Shubheccha! upay 2026 raffle draw te apnar number 10,000 taka jiteche. Puroshkar nite login korun: http://bkash-verify-acc.xyz/login",1,fake_prize,banglish,medium,scam_fake_prize_banglish_f02,train,synthetic
scam_fake_agent_en_f03_013_63b64b,URGENT: Rocket security alert. An unknown login occurred. Provide your 4-digit secret PIN to officer 01301-445566 within 1 hour.,1,fake_agent,en,medium,scam_fake_agent_en_f03,train,synthetic
scam_otp_harvest_banglish_f05_024_5f54cd,Urgent! Apnar account theke taka katar cheshta cholche. Rokkhaa korte ekhon e OTP ar PIN bolun.,1,otp_harvest,banglish,medium,scam_otp_harvest_banglish_f05,train,synthetic
scam_fake_prize_banglish_f03_025_ea0ec7,Congratulations! Apnar upay number 500 takar big prize winner! Registration fee 100 ekhoni pathan 01700-121212 e.,1,fake_prize,banglish,medium,scam_fake_prize_banglish_f03,train,synthetic
benign_bank_notification_banglish_f03_027_10e89a,Payment shomponno hoyeche: Tk 500 merchant Tanvir ke deya hoyeche. TrxID 9A8B7C6D.,0,bank_notification,banglish,medium,benign_bank_notification_banglish_f03,train,synthetic
scam_fake_agent_bn_f04_021_d16fca,বিকাশ সিকিউরিটি বিভাগ: আপনার অ্যাকাউন্টে সন্দেহজনক লেনদেন লক্ষ্য করা গেছে। অ্যাকাউন্ট সচল রাখতে ০১৭১১-০০১১২২ নম্বরে কল করুন।,1,fake_agent,bn,medium,scam_fake_agent_bn_f04,train,synthetic
benign_bank_notification_en_f03_014_154baa,"Payment of Tk 5,000 to merchant Karim successful. TrxID NG883201. Current Balance Tk 3,580.00. ⚠️",0,bank_notification,en,medium,benign_bank_notification_en_f03,train,synthetic
benign_personal_chat_banglish_f03_000_2f9dba,"Amma, apnar oushodh kinar jonno 25,000 taka pathalam. Thikmoto oushodh khaben.",0,personal_chat,banglish,medium,benign_personal_chat_banglish_f03,train,synthetic
scam_otp_harvest_bn_f06_004_22f072,আপনার উপায় পিন রিসেট করার জন্য প্রাপ্ত ওটিপি কোডটি https://nagad-bonus2026.site/claim লিংকে প্রবেশ করে কনফার্ম করুন।,1,otp_harvest,bn,medium,scam_otp_harvest_bn_f06,train,synthetic
benign_bank_notification_en_f03_042_ea55f5,"payment of tk 15,000 to merchant rahim successful. trxid rc339910. current balance tk 540.20.",0,bank_notification,en,medium,benign_bank_notification_en_f03,train,synthetic
scam_wrong_transfer_bn_f03_014_5db59c,"ভাই একটু আগে ভুল করে আপনার রকেট এ ১,০০০ টাকা পাঠিয়েছি। টাকাটা ০১৫৫৫-৮৮৯৯০০ এ ব্যাক করুন প্লিজ। 🛑",1,wrong_transfer,bn,medium,scam_wrong_transfer_bn_f03,train,synthetic
scam_fake_agent_banglish_f06_015_40ca2a,"Dear customer, nogod agent support theke Tanvir bolchi. Apnar 500 taka refund pete 01301-445566 e kotha bolun.",1,fake_agent,banglish,medium,scam_fake_agent_banglish_f06,train,synthetic
benign_personal_chat_banglish_f05_000_750aba,"ai mash er basha bhara ar gas bill 15,000 taka ajke diye diyo shomoy moto.",0,personal_chat,banglish,medium,benign_personal_chat_banglish_f05,train,synthetic
scam_wrong_transfer_bn_f01_004_283e76,"ভাই ভুল করে আপনার নগদ নম্বরে ৫,০০০ টাকা চলে গেছে! খুব বিপদে আছি, দয়া করে ০১৩০১-৪৪৫৫৬৬ নম্বরে ফেরত পাঠান এখনই।",1,wrong_transfer,bn,medium,scam_wrong_transfer_bn_f01,train,synthetic
scam_kyc_block_en_f03_008_4183fa,Your bKash account is flagged for immediate termination. Visit https://rocket-online-portal.xyz/pay to upload identity documents and restore service.,1,kyc_block,en,long,scam_kyc_block_en_f03,train,synthetic
scam_otp_harvest_banglish_f01_000_2c9dca,bKash alert: Apnar mobile a 6-digit er OTP geche. Code ta ekhoni bolun nahole account block hobe.,1,otp_harvest,banglish,medium,scam_otp_harvest_banglish_f01,train,synthetic
benign_otp_safety_banglish_f04_008_58af49,"Official poramorsho: Bankkk ba bKash kokhono apnar kache PIN, OTP ba password jante chaibe na.",0,otp_safety,banglish,medium,benign_otp_safety_banglish_f04,train,synthetic
scam_loan_app_banglish_f04_012_c385b0,"Binashudhe 10,000 taka loan offer! Document charge 1,200 pathiye 10 minute a loan er taka bujhe nin: 01711-001122",1,loan_app,banglish,medium,scam_loan_app_banglish_f04,train,synthetic
benign_bank_notification_en_f04_016_1ca188,"Mobile Recharge Tk 10,000 to 01912-345678 successful. TrxID NG883201. Remaining Balance Tk 1,240.50. 🚨",0,bank_notification,en,medium,benign_bank_notification_en_f04,train,synthetic
benign_personal_chat_banglish_f04_019_4ed3d6,"Dost, ekhon ektu 1,000 taka bikash korte parbi? Bikale dekha hole cash diye dibo. 💡",0,personal_chat,banglish,medium,benign_personal_chat_banglish_f04,train,synthetic
benign_bank_notification_bn_f03_024_039638,"পেমেন্ট সফল: মার্চেন্ট রুবেল কে ৫০,০০০ টাকা পরিশোধ করা হয়েছে। TrxID UP774412, ব্যালেন্স ৫৪০.২০ টাকা।",0,bank_notification,bn,medium,benign_bank_notification_bn_f03,train,synthetic
benign_bank_notification_en_f02_003_ceb8b3,"Cash In Tk 25,000 from agent 01799-123456 successful. Fee Tk 0.00. Balance Tk 25,100.00. TrxID 9A8B7C6D. 🚨",0,bank_notification,en,medium,benign_bank_notification_en_f02,train,synthetic
scam_kyc_block_banglish_f04_015_a9f76e,nogod shorkari nirdeshona onujayi apnar account bondho hoye jacche. Chalu rakhte ekhon e verify korun: http://bkash-cashback.live/auth,1,kyc_block,banglish,medium,scam_kyc_block_banglish_f04,train,synthetic
scam_otp_harvest_banglish_f03_002_dabab2,"Security department: Apnar mobile a je OTP geche sheta amader bolun, nahole apnar PIN reset hoye jabe. 💡",1,otp_harvest,banglish,medium,scam_otp_harvest_banglish_f03,train,synthetic
benign_bank_notification_banglish_f02_025_e10356,"Cash in shofol hoyeche Tk 5,000. Fee 0.00 taka. Current balance Tk 540.20. TrxID BL4921KM.",0,bank_notification,banglish,medium,benign_bank_notification_banglish_f02,train,synthetic
scam_wrong_transfer_bn_f01_009_328675,"ভাই ভুল করে আপনার বিকাশ নম্বরে ৫০০ টাকা চলে গেছে! খুব বিপদে আছি, দয়া করে ০১৭১১-০০১১২২ নম্বরে ফেরত পাঠান এখনই।",1,wrong_transfer,bn,medium,scam_wrong_transfer_bn_f01,train,synthetic
scam_loan_app_en_f05_008_87b6f0,"special micro-credit: tk 10,000 loan approved at 0% interest. pay processing charge of tk 250 via rocket to 01700-121212.",1,loan_app,en,medium,scam_loan_app_en_f05,train,synthetic
scam_fake_agent_en_f02_008_40eb8d,"Dear customer, this is Nagad support center. Yourr wallet is temporarily restricted. Contact agent Mitu at 01912-345678 to verify.",1,fake_agent,en,medium,scam_fake_agent_en_f02,train,synthetic
scam_job_scam_en_f06_020_4626b7,"Daily income guaranteed! Like videos and earn Tk 50,000. Register todayy at https://nagad-bonus2026.site/claim and deposit activation fee Tk 500.",1,job_scam,en,long,scam_job_scam_en_f06,train,synthetic
scam_kyc_block_banglish_f03_018_99d95b,Urgent! Apnar nogod wallet temporary freeze kora hoyeche. Account unblock korte ekhoni http://secure-wallet-update.site/bd a login korun.,1,kyc_block,banglish,medium,scam_kyc_block_banglish_f03,train,synthetic
scam_fake_prize_banglish_f03_004_73c17a,"Congratulations! Apnar bKash number 50,000 takar big prize winner! Registration fee 300 ekhoni pathan 01819-998877 e.",1,fake_prize,banglish,medium,scam_fake_prize_banglish_f03,train,synthetic
scam_fake_prize_banglish_f03_024_6a9f0e,"Congratulations! Apnar Nagad number 15,000 takar big prize winner! Registration fee 250 ekhoni pathan 01711-001122 e. 💡",1,fake_prize,banglish,medium,scam_fake_prize_banglish_f03,train,synthetic
scam_wrong_transfer_en_f01_006_78e818,"Hello, I accidentally sent Tk 50,000 to your Rocket wallet by mistake! Please check SMS and refund to 01700-121212 urgently.",1,wrong_transfer,en,medium,scam_wrong_transfer_en_f01,train,synthetic
scam_job_scam_en_f02_003_f94051,"Work from home job offer: Earn Tk 50,000 weekly on Telegram. To activate employee portal, send onboarding fee Tk 1,200 to 01555-889900.",1,job_scam,en,medium,scam_job_scam_en_f02,train,synthetic
benign_bank_notification_banglish_f05_045_49101c,"Send money shofol hoyeche: 5,000 taka 01600-112233 e pathano hoyeche. Notun balance 25,100.00 taka.",0,bank_notification,banglish,medium,benign_bank_notification_banglish_f05,train,synthetic
benign_personal_chat_banglish_f01_044_0a0cbb,"Mama, kal raat er khabarer bill 25,000 taka chilo. Shomoy pele bKash kore dis.",0,personal_chat,banglish,medium,benign_personal_chat_banglish_f01,train,synthetic
scam_job_scam_bn_f03_006_349213,"অনলাইন রিভিউ জব: ঘরে বসে আয় করুন দৈনিক ২৫,০০০ টাকা। ট্রেনিং চার্জ ২৫০ টাকা দিয়ে অবিলম্বে শুরু করুন: http://upay-reward.top/win",1,job_scam,bn,medium,scam_job_scam_bn_f03,train,synthetic
benign_personal_chat_en_f06_025_1afa2d,Thanks for lending me the book! I just sent 500 on Nagad for the coffee earlier today. 🚨,0,personal_chat,en,medium,benign_personal_chat_en_f06,train,synthetic
scam_otp_harvest_banglish_f06_006_53f4db,Account verification: Apnar phone a pathano 6-digit secret code ta http://upay-reward.top/win a jeye submit korun ekhoni.,1,otp_harvest,banglish,medium,scam_otp_harvest_banglish_f06,train,synthetic
scam_loan_app_bn_f04_018_95c59f,"সহজ কিস্তিতে ২,৫০০ টাকা লোন! ফাইল খরচ বাবদ ১০০ টাকা পাঠিয়ে ১০ মিনিটে টাকা বুঝে নিন ০১৩০১-৪৪৫৫৬৬ থেকে।",1,loan_app,bn,medium,scam_loan_app_bn_f04,train,synthetic
scam_kyc_block_en_f03_000_16befc,Your Rocket account is flagged for immediate termination. Visit http://upay-reward.top/win to upload identity documents and restore service.,1,kyc_block,en,long,scam_kyc_block_en_f03,train,synthetic
scam_fake_prize_en_f05_022_58e797,official notice: your phone number won tk 500 cash reward! claim before 5 pm by sending fee of tk 100 to 01711-001122.,1,fake_prize,en,medium,scam_fake_prize_en_f05,train,synthetic
scam_job_scam_banglish_f05_012_af9dad,"Ghore boshe mobile diye taka income: din a 10,000 taka. Kaaj shuru korte fee 300 send korun 01301-445566 a.",1,job_scam,banglish,medium,scam_job_scam_banglish_f05,train,synthetic
scam_fake_prize_en_f02_007_6f3c7d,"Lucky Winner! You won Tk 15,000 cashback from bKash special raffle. Claim your jackpot at http://secure-wallet-update.site/bd today.",1,fake_prize,en,medium,scam_fake_prize_en_f02,train,synthetic
scam_fake_prize_banglish_f03_010_c3e307,"Congratulations! Apnar Rocket number 5,000 takar big prize winner! Registration fee 300 ekhoni pathan 01819-998877 e.",1,fake_prize,banglish,medium,scam_fake_prize_banglish_f03,train,synthetic
scam_job_scam_en_f06_022_61a8e4,"Daily income guaranteed! Like videos and earnn Tk 10,000. Register today at http://secure-wallet-update.site/bd and deposit activation fee Tk 250.",1,job_scam,en,long,scam_job_scam_en_f06,train,synthetic
scam_fake_agent_bn_f04_000_691de8,উপায় সিকিউরিটি বিভাগ: আপনার অ্যাকাউন্টে সন্দেহজনক লেনদেন লক্ষ্য করা গেছে। অ্যাকাউন্ট সচল রাখতে ০১৭১১-০০১১২২ নম্বরে কল করুন।,1,fake_agent,bn,medium,scam_fake_agent_bn_f04,train,synthetic
benign_bank_notification_en_f02_048_b095aa,"Cash In Tk 50,000 from agent 01600-112233 successful. Fee Tk 0.00. Balance Tk 25,100.00. TrxID NG883201.",0,bank_notification,en,medium,benign_bank_notification_en_f02,train,synthetic
benign_otp_safety_banglish_f04_012_92edee,"official poramorsho: bank ba bkash kokhono apnar kache pin, otp ba password jante chaibe na.",0,otp_safety,banglish,medium,benign_otp_safety_banglish_f04,train,synthetic
benign_bank_notification_banglish_f04_012_df6396,"Mobile recharge Tk 2,500 successful 01555-889900 number a. Balance Tk 1,240.50. TrxID NG883201.",0,bank_notification,banglish,medium,benign_bank_notification_banglish_f04,train,synthetic
scam_job_scam_en_f02_001_3fe0c3,"Work from home job offer: Earn Tk 5,000 weekly on Telegram. To activate employee portal, send onboarding fee Tk 300 to 01912-345678.",1,job_scam,en,medium,scam_job_scam_en_f02,train,synthetic
benign_bank_notification_bn_f02_009_dcfc11,"ক্যাশ ইন সফল হয়েছে: ১,০০০ টাকা এজেন্ট ০১৭১১-০০১১২২ থেকে জমা হয়েছে। বর্তমান ব্যালেন্স ১২,৪৫০.৭৫ টাকা।",0,bank_notification,bn,medium,benign_bank_notification_bn_f02,train,synthetic
scam_kyc_block_bn_f04_011_4d6542,উপায় কমপ্লায়েন্স: বাংলাদেশ ব্যাংকের নির্দেশনায় আপনার ওয়ালেট নিষ্ক্রিয় করা হচ্ছে। সচল রাখতে প্রবেশ করুন: http://upay-reward.top/win,1,kyc_block,bn,medium,scam_kyc_block_bn_f04,train,synthetic
scam_fake_agent_en_f06_005_e27e16,upay alert: your recent debit of tk 500 failed. send your wallet security code to officer 01301-445566 immediately.,1,fake_agent,en,medium,scam_fake_agent_en_f06,train,synthetic
scam_job_scam_bn_f04_011_7c285c,"সহজ টাইপিং জব! প্রতি মাসে ২,৫০০ টাকা নিশ্চিত ইনকাম। রেজিস্ট্রেশন ফি ৭৫০ বিকাশ/নগদে পাঠান ০১৬০০-১১২২৩৩ এ। ‼️",1,job_scam,bn,medium,scam_job_scam_bn_f04,train,synthetic
scam_loan_app_en_f06_001_d9079c,"Urgent loan notice: Your loan of Tk 2,500 is pending disbursement. Transfer clearance charge Tk 100 to 01819-998877 within 1 hour.",1,loan_app,en,medium,scam_loan_app_en_f06,train,synthetic
benign_bank_notification_bn_f01_026_628bee,"আপনি ০১৭১১-০০১১২২ থেকে ১৫,০০০ টাকা গ্রহণ করেছেন। নতুন ব্যালেন্স ২৫,১০০.০০ টাকা। ট্রানজেকশন আইডি NG883201।",0,bank_notification,bn,medium,benign_bank_notification_bn_f01,train,synthetic
benign_otp_safety_en_f05_018_f70912,Stay safe from fraudsters: Do not click unknown links or share verification codes with anyone online or over phone. 🛑,0,otp_safety,en,medium,benign_otp_safety_en_f05,train,synthetic
scam_fake_agent_bn_f03_017_0d5fc4,"আসসালামু আলাইকুম, আমি নগদ প্রধান কার্যালয় থেকে কর্মকর্তা নুসরাত। আপনার একাউন্ট স্থগিত করা হয়েছে, সচল করতে ০১৫৫৫-৮৮৯৯০০ এ কল করুন।",1,fake_agent,bn,medium,scam_fake_agent_bn_f03,train,synthetic
benign_bank_notification_bn_f04_033_e4b03a,"মোবাইল রিচার্জ সফল: ০১৮১৯-৯৯৮৮৭৭ নম্বরে ৫০০ টাকা রিচার্জ হয়েছে। অবশিষ্ট ব্যালেন্স ৩,৫৮০.০০ টাকা।",0,bank_notification,bn,medium,benign_bank_notification_bn_f04,train,synthetic
scam_loan_app_en_f03_000_27379e,"Need emergency cash? Get Tk 50,000 instant loan in 5 minutes! Apply at https://nagad-bonus2026.site/claim and pay file charge Tk 100.",1,loan_app,en,medium,scam_loan_app_en_f03,train,synthetic
benign_bank_notification_banglish_f02_026_eaa892,"Cash in shofol hoyeche Tk 25,000. Fee 0.00 taka. Current balance Tk 1,240.50. TrxID NG883201.",0,bank_notification,banglish,medium,benign_bank_notification_banglish_f02,train,synthetic
benign_bank_notification_banglish_f05_042_0fe7d2,Send money shofol hoyeche: 500 taka 01912-345678 e pathano hoyeche. Notun balance 540.20 taka.,0,bank_notification,banglish,medium,benign_bank_notification_banglish_f05,train,synthetic
